Field,Career,GPA,Extracurricular_Activities,Internships,Projects,Leadership_Positions,Field_Specific_Courses,Research_Experience,Coding_Skills,Communication_Skills,Problem_Solving_Skills,Teamwork_Skills,Analytical_Skills,Presentation_Skills,Networking_Skills,Industry_Certifications
Engineering,Biomedical Engineer,2.82,5,0,2,0,3,1,4,4,7,2,10,0,1,1
Chemistry,Analytical Chemist,3.21,1,2,0,0,8,1,3,4,0,3,0,3,0,1
Engineering,Fluid Mechanics Engineer,3.71,1,0,0,0,5,0,1,1,7,2,7,3,4,1
Physics,Nuclear Physicist,3.24,3,1,3,0,1,0,4,1,3,1,2,1,2,0
Law,Legal Consultant,3.87,0,2,4,0,0,0,4,9,3,4,4,3,2,0
Marketing,Digital Marketing Specialist,3.22,2,0,0,1,2,0,0,9,4,3,1,2,4,1
Medicine,Nurse,3.9330880728874678,4,0,1,1,0,1,1,2,4,2,2,3,0,0
Computer Science,Web Developer,3.5,2,1,0,0,0,0,10,3,3,4,4,2,4,0
Education,Education Administrator,2.94,3,2,0,1,3,0,0,0,1,0,2,3,3,1
Medicine,Physician Assistant,3.5282057895135504,5,2,2,1,7,0,2,4,4,4,0,3,2,1
Business,Construction Manager,3.19,0,2,1,1,5,1,2,10,1,3,0,0,4,1
Education,Principal,3.86,5,1,1,1,5,1,1,1,4,2,4,0,2,0
Engineering,Fluid Mechanics Engineer,2.02,4,2,3,1,4,1,1,3,7,3,10,1,2,0
Chemistry,Chemist,2.8,4,2,4,0,7,0,2,1,2,1,4,2,2,0
Engineering,Chemical Engineer,2.44,0,0,0,1,0,0,3,0,8,0,8,0,3,0
Architecture,Architectural Technologist,3.91,3,2,1,1,1,1,2,2,1,0,1,3,2,1
Chemistry,Inorganic Chemist,2.28,0,2,3,1,0,0,2,3,2,3,4,2,3,0
Law,Lawyer,2.66,0,2,3,0,7,0,2,7,4,3,1,3,0,1
Music,Composer,2.29,7,1,1,1,0,1,2,2,1,3,4,3,1,1
Medicine,Doctor,3.5233328316068078,6,2,2,0,4,1,1,2,3,3,3,3,1,1
Marketing,Market Research Analyst,3.74,4,0,4,0,3,1,1,10,3,1,0,1,2,1
Physics,Nuclear Physicist,3.24,1,0,2,1,6,1,2,0,0,3,0,0,4,0
Biology,Ecologist,2.47,7,0,0,1,6,0,4,3,0,2,1,1,3,1
Computer Science,AI Researcher,2.63,2,1,2,0,8,1,9,0,3,1,1,4,2,0
Finance,Financial Advisor,3.53,8,0,4,0,8,1,3,0,0,1,9,1,4,1
Chemistry,Inorganic Chemist,3.93,1,2,3,0,9,1,0,0,4,1,0,3,0,0
Architecture,Landscape Architect,3.68,1,1,4,1,8,0,1,0,2,3,4,3,2,1
Biology,Biologist,2.3,6,2,1,0,3,1,0,4,1,0,1,0,3,1
Medicine,Nurse,3.9299702033681605,8,2,0,0,7,1,1,4,2,0,1,2,1,1
Music,Sound Engineer,2.93,5,0,0,1,8,0,1,1,2,3,0,3,1,0
Computer Science,Cybersecurity Analyst,2.07,0,2,4,1,6,1,10,2,1,0,2,2,4,1
Chemistry,Chemist,2.73,7,1,1,1,5,1,0,0,1,2,0,2,2,0
Chemistry,Inorganic Chemist,4.0,2,0,4,0,5,1,0,0,2,3,1,4,0,0
Marketing,Marketing Specialist,2.58,1,1,4,1,1,0,4,8,0,1,1,4,2,1
Architecture,Urban Planner,2.43,5,1,1,1,5,1,1,2,2,3,1,2,0,0
Psychology,School Counselor,3.65,1,0,4,0,0,0,4,0,4,1,4,0,2,0
Art,Graphic Designer,2.55,5,0,3,0,6,1,2,3,4,0,2,3,3,1
Engineering,Mechanical Engineer,2.34,1,2,4,0,4,1,1,3,10,1,10,3,0,1
Music,Musician,3.03,8,1,3,0,8,1,2,1,2,4,4,1,2,0
Law,Legal Analyst,3.66,9,0,0,0,9,0,0,10,2,4,3,3,0,0
Law,Judge,2.76,5,2,3,0,3,0,3,8,0,3,0,1,0,1
Physics,Physicist,2.43,7,1,3,0,5,1,1,3,4,1,0,4,4,1
Marketing,Market Research Analyst,2.71,3,0,2,0,1,0,3,8,2,0,2,4,1,0
Marketing,Market Research Analyst,3.23,2,0,4,1,5,0,1,8,1,2,3,3,3,1
Architecture,Urban Planner,2.23,3,0,3,1,3,1,3,2,3,2,2,2,2,1
Education,Special Education Teacher,2.44,3,2,1,0,7,0,2,4,0,4,2,0,3,0
Medicine,Physician Assistant,3.515656646227779,6,2,1,0,5,0,4,2,1,4,2,0,0,1
Chemistry,Organic Chemist,2.51,8,2,3,0,0,0,3,1,3,3,0,3,4,0
Music,Music Teacher,3.34,8,1,3,1,8,0,1,3,2,2,4,3,1,0
Chemistry,Organic Chemist,3.37,0,1,4,1,9,1,4,1,3,3,0,0,3,1
Computer Science,Cybersecurity Analyst,2.9,0,0,0,1,5,0,8,1,4,3,0,2,4,0
Business,Construction Manager,2.21,1,1,2,0,4,0,0,8,0,3,2,4,4,1
Physics,Nuclear Physicist,3.0,7,2,2,1,2,0,3,1,1,1,3,1,4,1
Education,Special Education Teacher,2.8,4,2,4,1,8,1,2,0,1,4,2,0,2,0
Engineering,Civil Engineer,2.34,0,0,2,1,3,1,2,1,10,1,8,3,1,0
Medicine,Dentist,3.694338644844741,6,2,2,1,6,0,1,4,2,1,4,2,3,0
Biology,Microbiologist,3.12,9,0,3,1,8,1,2,3,1,1,2,0,4,1
Chemistry,Physical Chemist,3.1,6,1,4,1,8,0,3,4,4,2,3,1,3,0
Finance,Risk Analyst,3.0,1,2,1,1,0,1,3,0,3,0,8,2,0,1
Law,Lawyer,2.81,6,1,2,1,6,1,1,10,3,0,1,4,4,1
Art,Illustrator,3.64,3,0,3,1,5,0,1,0,0,2,0,2,1,0
Medicine,Surgeon,3.648136752852041,4,0,0,1,1,1,0,0,0,3,2,1,1,1
Law,Legal Analyst,2.87,4,2,4,1,0,1,3,7,2,1,4,2,0,1
Psychology,School Counselor,2.85,5,1,1,1,1,1,0,0,2,3,1,0,3,0
Education,Teacher,2.79,7,1,4,1,7,1,0,0,2,1,2,4,3,1
Law,Lawyer,2.45,0,0,3,0,6,1,0,10,0,0,1,1,3,1
Marketing,Digital Marketing Specialist,3.51,8,0,3,1,2,0,2,9,2,1,2,4,3,0
Marketing,Brand Manager,2.06,0,0,4,1,4,0,2,7,0,0,2,0,0,0
Physics,Quantum Physicist,2.45,7,0,3,0,7,0,1,3,4,1,3,1,2,0
Chemistry,Analytical Chemist,3.14,0,2,1,1,5,1,2,3,4,3,0,0,1,0
Music,Composer,2.44,5,0,1,0,1,0,0,4,4,0,0,4,0,0
Finance,Investment Banker,2.71,0,1,3,1,4,1,2,0,3,3,7,1,1,0
Marketing,Social Media Manager,3.72,3,2,3,0,3,0,2,9,3,4,1,4,0,0
Chemistry,Organic Chemist,2.02,1,1,0,0,7,0,3,1,1,1,3,4,4,0
Physics,Physicist,3.74,2,2,4,1,3,0,4,0,0,3,1,4,0,1
Art,Illustrator,2.78,1,0,5,1,2,0,2,4,1,2,3,0,0,0
Chemistry,Chemist,3.37,1,0,2,0,7,0,2,3,4,3,4,2,3,1
Medicine,Pharmacist,3.6654490124263246,9,2,0,0,5,1,1,0,0,2,0,4,4,0
Art,Animator,3.72,6,0,5,0,8,0,1,0,2,2,4,0,1,1
Education,Special Education Teacher,3.11,6,1,0,0,7,0,3,4,0,4,2,0,3,1
Chemistry,Analytical Chemist,2.25,9,0,2,0,4,0,1,2,3,4,1,0,1,0
Psychology,School Psychologist,3.18,0,0,3,1,2,0,0,0,3,2,0,1,3,0
Law,Lawyer,2.31,3,0,2,1,6,0,3,9,1,1,0,4,3,1
Law,Legal Analyst,2.51,0,1,1,0,4,0,1,9,2,2,0,0,3,0
Finance,Financial Advisor,2.03,9,1,1,0,3,0,3,3,2,1,9,1,2,1
Medicine,Surgeon,3.8608647605824364,6,1,4,0,3,1,0,3,2,4,3,3,0,0
Engineering,Biomedical Engineer,2.58,5,0,1,1,1,1,0,1,8,0,9,2,1,0
Medicine,Nurse,3.761366414690997,2,1,4,0,9,0,3,0,2,3,1,3,4,1
Computer Science,Cybersecurity Analyst,2.82,2,0,0,0,0,0,8,2,2,4,4,3,3,0
Marketing,Market Research Analyst,3.53,9,1,2,1,5,1,1,7,3,4,2,2,0,1
Law,Judge,3.9,5,1,0,0,2,0,3,9,0,1,4,1,3,1
Architecture,Architect,3.84,3,0,4,0,0,0,1,2,1,1,2,3,3,0
Architecture,Landscape Architect,3.18,4,2,2,0,1,0,3,0,2,0,0,0,3,0
Engineering,Acoustics Specialist,3.24,0,0,3,0,3,0,0,3,10,3,10,3,3,1
Finance,Financial Advisor,2.47,8,0,1,0,4,0,1,3,4,0,7,2,1,1
Business,Human Resources Specialist,2.21,3,1,3,1,7,0,0,9,2,2,0,2,1,0
Marketing,Advertising Manager,2.21,2,2,0,1,6,1,2,9,3,0,1,0,1,0
Marketing,Brand Manager,3.14,1,0,3,1,2,0,0,7,1,3,1,1,3,1
Computer Science,Web Developer,2.62,6,2,1,0,0,0,7,0,0,2,0,3,4,1
Chemistry,Analytical Chemist,3.15,9,1,2,0,2,1,3,1,2,0,0,2,3,1
Chemistry,Analytical Chemist,3.65,9,2,1,1,5,1,0,3,1,2,1,0,1,1
Music,Musician,2.76,6,2,4,1,3,0,2,1,3,4,4,3,4,0
Business,Entrepreneur,3.13,2,0,0,0,7,1,0,7,1,3,0,2,2,0
Psychology,School Counselor,2.78,9,0,3,1,0,1,4,0,0,3,3,2,0,1
Marketing,Advertising Manager,3.49,7,1,3,1,4,0,1,8,4,1,4,1,1,1
Architecture,Landscape Architect,2.32,8,2,2,1,0,1,4,1,3,4,3,1,4,1
Physics,Quantum Physicist,3.45,2,0,1,0,1,0,3,2,4,2,3,1,3,1
Chemistry,Inorganic Chemist,3.27,7,0,1,1,5,1,4,1,3,4,1,4,0,1
Computer Science,Web Developer,3.61,8,2,1,0,5,1,10,1,0,0,4,0,4,0
Engineering,Aerospace Engineer,2.37,3,1,3,0,8,1,1,2,9,0,8,1,1,1
Engineering,Fluid Mechanics Engineer,2.73,6,2,3,0,7,0,1,2,9,2,8,0,1,0
Marketing,Market Research Analyst,3.26,5,1,3,0,5,0,0,7,0,0,4,0,2,0
Medicine,Physician Assistant,3.5550259622638385,3,0,1,1,4,0,1,4,3,1,3,2,4,1
Engineering,Civil Engineer,3.26,8,1,3,0,2,0,4,0,8,4,9,4,3,1
Marketing,Marketing Manager,2.31,4,1,2,0,8,0,2,10,2,0,1,2,3,1
Music,Sound Engineer,2.52,5,1,3,1,1,1,3,1,0,0,0,1,1,0
Architecture,Interior Designer,3.56,8,0,2,1,6,1,1,2,1,2,3,0,0,1
Finance,Credit Analyst,3.84,1,2,4,0,6,0,4,1,2,2,8,2,0,1
Business,Construction Manager,3.2,8,2,1,0,6,1,0,9,4,0,2,3,2,1
Business,Manager,3.66,5,1,1,1,1,0,2,8,0,1,0,3,4,1
Biology,Biotechnologist,2.51,2,0,2,0,1,1,1,4,1,3,3,0,0,1
Finance,Accountant,3.53,9,1,2,1,2,1,0,1,0,1,9,4,3,0
Marketing,Social Media Manager,2.18,3,1,2,1,6,0,4,10,0,0,4,2,4,1
Business,Construction Manager,3.99,3,1,2,1,5,1,3,9,0,0,4,4,3,0
Architecture,Interior Designer,2.32,7,2,0,1,1,1,3,1,2,1,0,2,0,1
Art,Art Director,2.66,1,0,3,0,5,1,4,2,3,2,0,1,4,1
Architecture,Architect,2.98,4,1,3,1,2,0,0,1,1,3,2,2,2,1
Business,Entrepreneur,2.92,3,0,4,0,1,1,0,10,4,2,1,3,3,0
Biology,Biochemist,3.74,1,0,4,0,4,0,4,1,3,4,1,2,3,0
Finance,Financial Advisor,2.83,2,2,4,1,5,0,1,3,3,2,9,1,3,0
Marketing,Social Media Manager,3.08,4,1,3,0,9,1,1,9,3,1,2,2,4,0
Education,Teacher,2.95,7,2,2,1,9,1,0,3,2,3,1,4,2,1
Engineering,Acoustics Specialist,2.32,4,1,3,0,9,0,0,4,10,0,7,2,4,0
Music,Conductor,2.86,7,1,0,0,6,1,4,4,4,0,2,1,4,0
Art,Art Director,2.24,2,2,4,0,2,0,1,1,2,1,2,0,4,0
Medicine,Doctor,3.7055185066591156,0,1,3,0,7,1,0,0,3,3,4,1,4,1
Business,Human Resources Specialist,2.49,6,0,1,1,7,1,4,7,1,4,1,4,0,0
Architecture,Architect,3.29,7,1,3,1,9,0,2,0,0,1,0,2,2,0
Psychology,Psychologist,3.97,0,1,2,0,9,0,4,4,1,4,1,1,1,0
Chemistry,Analytical Chemist,3.84,2,0,2,1,6,0,1,0,1,4,1,2,1,0
Finance,Financial Advisor,2.16,5,0,3,1,8,1,2,3,1,3,8,3,2,1
Marketing,Advertising Manager,2.51,9,1,2,1,5,0,3,10,3,2,0,4,4,0
Psychology,Music Therapist,3.98,1,0,3,0,5,1,3,1,1,0,0,2,0,1
Medicine,Pharmacist,3.5404266631663575,9,0,3,1,7,1,0,0,1,1,1,1,2,0
Medicine,Nurse,3.6210799691387128,9,0,0,1,6,1,1,3,0,3,1,0,0,1
Medicine,Physician Assistant,3.683891566359627,7,1,0,1,3,0,0,1,3,4,1,0,3,1
Finance,Actuary,2.66,5,0,0,1,3,0,2,0,4,1,8,2,3,1
Education,Education Administrator,3.55,5,1,2,0,9,1,3,1,0,3,3,3,0,1
Finance,Credit Analyst,3.59,5,0,2,0,5,1,4,1,0,0,10,4,3,1
Chemistry,Chemist,2.48,9,0,1,1,4,1,2,0,1,1,3,0,4,0
Engineering,Civil Engineer,2.52,0,1,1,1,3,0,4,4,9,1,10,1,4,0
Psychology,Music Therapist,3.96,3,1,3,1,1,1,1,0,0,1,2,4,3,0
Law,Legal Analyst,2.35,8,2,4,1,4,0,0,9,3,3,2,0,3,0
Computer Science,Web Developer,2.85,5,1,1,1,4,0,10,4,3,3,4,4,3,1
Psychology,Clinical Psychologist,3.87,6,2,1,1,0,0,4,4,3,1,0,0,2,1
Chemistry,Analytical Chemist,3.83,0,2,4,0,1,1,4,2,4,0,1,0,4,1
Music,Music Teacher,3.88,7,2,1,0,5,1,4,2,2,3,0,0,0,1
Business,Human Resources Specialist,2.19,2,2,0,0,3,0,1,9,3,4,1,3,1,1
Law,Paralegal,2.29,9,1,1,1,8,1,3,10,0,4,1,2,2,1
Finance,Credit Analyst,2.27,2,0,0,0,0,1,1,2,4,0,10,1,0,0
Medicine,Surgeon,3.845468869051233,9,1,1,0,5,1,1,1,3,3,0,1,0,0
Art,Graphic Designer,3.46,7,1,3,0,5,1,4,4,4,4,4,4,3,1
Computer Science,Data Scientist,3.42,4,2,2,1,8,0,10,1,4,3,4,0,3,1
Marketing,Marketing Manager,3.14,0,2,3,1,7,1,4,7,2,2,3,1,3,0
Marketing,Social Media Manager,3.82,4,0,2,0,5,0,2,9,1,1,4,0,3,1
Music,Music Teacher,2.18,7,1,0,0,3,1,4,2,3,1,4,4,3,0
Chemistry,Inorganic Chemist,3.38,9,2,3,0,6,0,2,1,3,0,3,4,2,0
Engineering,Fluid Mechanics Engineer,3.46,5,0,2,0,1,1,1,0,10,2,8,3,2,1
Biology,Biologist,2.28,5,2,2,0,0,0,2,3,0,0,1,4,0,0
Education,Special Education Teacher,3.89,3,0,1,0,5,0,2,4,4,2,0,3,0,0
Finance,Actuary,3.39,8,1,2,0,0,0,2,2,2,3,7,3,2,1
Computer Science,Cybersecurity Analyst,2.06,1,0,3,1,1,0,7,0,3,0,2,2,2,0
Medicine,Physician Assistant,3.9486078789766634,3,1,4,1,5,1,4,2,0,2,3,2,4,1
Psychology,Art Therapist,2.14,3,2,0,1,4,0,0,0,0,1,0,3,2,0
Architecture,Interior Designer,3.93,6,0,3,1,2,1,2,1,3,3,0,1,2,0
Biology,Zoologist,2.32,0,0,2,0,9,1,0,0,4,3,3,4,0,0
Biology,Biologist,2.69,7,2,3,0,6,0,1,0,3,4,3,4,0,0
Architecture,Architect,3.37,8,0,0,0,6,0,0,2,1,4,4,3,0,1
Chemistry,Analytical Chemist,2.17,7,1,0,0,9,1,1,4,2,2,4,1,1,0
Psychology,School Psychologist,3.85,6,0,2,1,0,1,0,4,2,3,2,3,3,0
Medicine,Nurse,3.928162145939046,2,1,2,1,8,0,3,2,0,0,0,0,3,0
Law,Legal Secretary,2.77,5,1,3,0,2,1,2,10,2,4,2,4,0,0
Biology,Biologist,2.07,6,0,0,1,9,1,0,1,3,3,2,3,0,0
Biology,Biochemist,2.81,3,1,2,1,8,0,4,3,3,3,1,3,4,1
Art,Artist,3.58,5,1,3,1,3,1,2,3,2,0,0,3,2,0
Computer Science,Web Developer,2.6,8,0,1,0,7,0,8,4,0,4,3,0,0,0
Physics,Quantum Physicist,3.89,1,1,3,0,4,0,1,3,1,3,3,3,3,0
Medicine,Pharmacist,3.790343310718227,8,2,2,0,0,0,0,1,2,1,4,1,4,0
Music,Conductor,3.39,7,0,3,0,4,1,4,3,0,0,0,3,3,0
Biology,Biologist,2.06,4,2,3,0,5,0,2,3,3,3,4,2,3,0
Marketing,Advertising Manager,3.73,4,2,2,0,8,0,3,8,3,3,1,3,1,1
Chemistry,Organic Chemist,3.37,8,2,4,1,0,0,3,1,3,3,2,4,0,1
Chemistry,Organic Chemist,3.93,5,1,3,0,7,0,0,4,3,3,4,4,4,1
Physics,Astronomer,3.98,4,2,4,1,4,0,0,3,3,0,4,3,3,0
Engineering,Electrical Engineer,4.0,7,1,4,1,7,1,1,2,7,1,10,4,4,1
Biology,Biologist,3.46,1,2,1,0,9,0,0,0,0,3,0,0,4,1
Psychology,Clinical Psychologist,3.16,9,0,4,1,9,1,0,0,0,3,4,3,2,0
Chemistry,Chemist,3.05,4,1,3,1,1,1,3,0,1,3,1,3,4,0
Finance,Actuary,2.61,8,0,2,0,1,1,2,2,4,0,7,2,2,0
Medicine,Physician Assistant,3.662699849079634,5,0,3,1,6,1,4,3,4,0,1,1,3,0
Medicine,Pharmacist,3.68323439229143,0,0,4,1,7,0,3,0,2,1,2,0,2,0
Art,Artist,2.53,8,1,3,1,7,1,2,1,3,3,2,0,0,0
Physics,Quantum Physicist,3.91,1,2,4,0,9,0,0,2,1,0,3,3,2,1
Art,Art Director,2.93,4,1,5,1,9,0,1,1,1,4,3,0,4,0
Law,Judge,2.81,4,2,4,0,4,1,3,8,1,3,3,1,4,0
Psychology,Forensic Psychologist,3.25,5,1,4,0,8,1,3,1,2,4,4,0,1,1
Marketing,Marketing Specialist,2.21,0,2,4,0,5,0,0,8,0,0,3,1,1,1
Art,Animator,2.78,4,0,5,0,6,1,3,4,4,4,4,2,0,0
Psychology,Music Therapist,2.31,7,2,3,0,9,1,1,2,4,3,4,2,4,1
Physics,Quantum Physicist,3.79,5,2,4,0,4,1,0,2,3,3,1,3,1,0
Law,Judge,3.73,2,0,2,0,8,1,4,9,4,0,3,4,0,0
Finance,Financial Analyst,2.31,1,2,0,1,5,0,4,4,3,2,7,4,4,0
Architecture,Architect,3.34,4,1,2,1,1,1,1,3,2,3,2,4,3,1
Medicine,Pharmacist,3.83446202983155,3,0,1,1,8,1,0,1,1,2,3,0,2,1
Education,Teacher,3.0,8,0,1,0,6,1,2,0,3,2,4,0,4,0
Education,Curriculum Developer,3.76,8,0,3,1,3,1,0,4,1,4,0,0,4,1
Engineering,Chemical Engineer,2.87,3,1,1,0,3,0,4,1,10,2,7,4,3,1
Law,Judge,2.5,3,2,1,1,0,1,4,10,4,2,4,3,0,0
Computer Science,Data Scientist,3.36,7,1,3,0,7,1,10,3,1,1,2,3,0,0
Biology,Biologist,3.24,6,2,2,1,6,1,3,4,0,1,0,4,0,1
Psychology,Psychologist,3.53,9,2,4,0,7,0,4,2,4,3,3,3,3,1
Medicine,Pharmacist,3.970229292176457,5,2,2,0,8,1,3,4,0,0,4,3,1,0
Art,Animator,2.28,8,0,4,0,8,1,2,3,0,1,4,3,2,1
Music,Sound Engineer,3.46,10,2,1,1,5,0,0,2,4,2,4,1,2,1
Biology,Geneticist,3.4,3,0,0,1,9,0,0,3,0,3,3,2,0,1
Business,Construction Manager,3.09,4,2,3,0,8,0,2,7,4,2,2,1,1,1
Medicine,Dentist,3.964159281293863,8,0,3,0,0,1,4,2,4,4,1,1,2,0
Biology,Biologist,3.99,5,1,2,1,7,1,1,2,4,4,0,4,0,0
Law,Legal Secretary,3.57,8,2,2,0,2,1,3,7,2,0,1,3,1,0
Biology,Zoologist,3.55,5,2,0,1,5,1,3,2,0,2,3,0,4,0
Music,Composer,3.7,8,1,1,0,8,0,4,1,3,4,0,1,4,1
Finance,Accountant,3.21,3,0,0,1,7,1,2,1,3,0,10,0,2,0
Computer Science,Game Developer,3.7,8,2,2,1,1,0,7,2,2,2,1,1,2,0
Biology,Zoologist,3.29,5,2,2,0,4,1,4,1,3,4,2,4,3,0
Medicine,Surgeon,3.658461002578139,0,0,1,1,1,1,2,1,2,0,0,4,4,0
Chemistry,Organic Chemist,2.92,3,2,0,1,2,0,1,3,0,3,0,4,3,0
Music,Conductor,2.24,6,2,1,0,2,1,0,3,1,2,1,2,3,0
Business,Human Resources Specialist,3.07,6,1,4,0,0,0,1,8,4,3,4,1,2,0
Marketing,Social Media Manager,3.77,6,2,0,1,0,0,2,9,1,3,4,4,2,0
Architecture,Urban Planner,3.92,4,1,2,0,1,1,3,4,2,2,2,3,1,1
Finance,Risk Analyst,3.33,3,0,3,1,8,1,4,0,2,3,9,4,1,0
Medicine,Physician Assistant,3.679323390648082,1,0,4,1,0,0,2,1,2,4,4,3,2,1
Education,Education Administrator,3.73,6,2,1,1,1,1,3,1,0,0,3,1,3,0
Law,Legal Consultant,2.45,3,1,3,1,9,1,2,8,3,3,2,4,4,1
Education,Principal,2.25,3,0,4,1,6,1,0,4,3,4,1,3,2,0
Finance,Accountant,3.34,4,1,0,0,2,1,1,4,4,2,10,4,4,0
Biology,Biologist,2.46,9,0,2,1,8,0,2,0,0,3,0,4,0,0
Marketing,Marketing Manager,3.59,1,0,4,1,0,1,4,9,4,1,1,2,2,0
Education,Curriculum Developer,2.89,6,1,4,1,4,1,4,4,4,4,0,4,0,0
Psychology,Forensic Psychologist,3.14,2,1,4,0,2,1,0,2,2,4,3,1,4,1
Business,Entrepreneur,2.32,5,0,3,1,7,1,2,9,3,2,3,2,0,1
Art,Graphic Designer,3.33,1,0,3,0,3,0,0,2,1,0,2,1,0,1
Music,Sound Engineer,3.96,8,2,0,0,9,1,1,4,3,0,2,2,1,0
Art,Graphic Designer,3.61,3,1,5,1,8,0,0,1,1,4,2,1,3,0
Psychology,School Counselor,2.33,7,1,4,0,4,0,4,2,3,0,3,4,2,1
Medicine,Pharmacist,3.8991475894833876,8,1,2,1,6,0,2,3,4,1,3,2,1,0
Physics,Physicist,3.72,1,1,1,0,9,1,3,0,0,1,0,4,0,0
Art,Illustrator,3.66,4,2,5,0,9,1,1,1,4,3,1,1,1,0
Engineering,Biomedical Engineer,3.48,6,2,2,1,4,0,1,4,10,3,9,1,1,0
Psychology,Counselor,3.41,0,0,0,0,7,1,1,0,3,2,3,0,4,1
Finance,Financial Analyst,3.48,7,2,0,0,9,1,4,2,0,4,10,3,3,1
Law,Legal Secretary,2.04,0,2,3,0,4,0,3,9,1,2,2,1,2,0
Law,Lawyer,3.73,8,1,0,0,8,0,4,8,4,1,4,1,3,1
Chemistry,Physical Chemist,2.47,2,1,3,0,2,0,4,2,4,2,0,3,4,1
Medicine,Physician Assistant,3.7954166302845054,8,2,4,0,1,0,0,4,4,3,4,2,2,0
Computer Science,AI Researcher,2.49,4,1,2,0,3,1,7,0,0,3,3,2,4,0
Chemistry,Inorganic Chemist,2.51,1,2,2,1,7,1,1,1,3,3,0,2,4,0
Chemistry,Organic Chemist,2.38,8,2,1,1,0,0,4,2,4,1,4,0,0,1
Chemistry,Analytical Chemist,3.76,0,2,1,0,2,1,3,0,1,2,3,4,4,1
Art,Illustrator,2.36,9,2,3,1,0,0,1,0,3,3,3,0,2,0
Psychology,Psychologist,3.52,5,0,4,0,9,0,4,2,0,1,3,3,0,1
Physics,Quantum Physicist,3.96,6,1,1,1,3,0,2,4,2,0,2,3,3,0
Biology,Biotechnologist,2.54,6,2,4,1,1,1,0,4,3,4,1,4,2,0
Art,Illustrator,2.74,7,0,3,0,1,1,3,1,2,3,2,3,3,0
Business,Human Resources Specialist,2.25,2,0,0,1,6,0,2,10,3,1,4,4,4,0
Psychology,Music Therapist,3.36,8,0,4,0,3,0,0,2,1,2,3,0,1,0
Education,Curriculum Developer,2.43,5,1,1,1,6,1,0,1,1,4,4,2,4,1
Marketing,Market Research Analyst,2.52,1,1,3,0,9,1,3,8,1,0,0,4,0,0
Chemistry,Analytical Chemist,3.68,6,1,4,1,2,1,4,3,4,4,3,4,2,1
Art,Illustrator,2.48,6,2,3,0,1,0,2,0,1,3,0,4,2,1
Business,Entrepreneur,2.79,6,1,2,1,1,0,2,10,4,0,2,2,3,1
Marketing,Social Media Manager,2.68,4,0,0,1,7,1,3,8,0,4,3,0,0,1
Education,Education Administrator,3.71,9,2,1,1,7,1,4,4,3,0,2,3,0,1
Medicine,Surgeon,3.6994104507223975,6,1,0,0,4,1,2,3,1,0,2,2,4,1
Engineering,Electrical Engineer,3.31,6,0,2,0,0,1,2,0,8,4,10,1,2,1
Biology,Zoologist,2.47,4,0,3,0,6,0,1,1,2,3,4,1,3,1
Physics,Astronomer,3.69,0,0,3,0,0,1,4,3,4,0,2,3,2,1
Medicine,Dentist,3.592166837165685,1,0,3,0,7,0,4,3,0,1,4,0,4,0
Law,Legal Secretary,2.96,5,0,1,0,5,1,2,9,2,3,4,3,0,0
Biology,Zoologist,3.31,8,2,2,1,3,1,0,0,3,2,1,4,1,1
Engineering,Civil Engineer,2.54,4,0,0,0,1,1,3,0,7,3,10,3,1,1
Biology,Biologist,3.62,6,1,2,0,3,0,3,4,0,2,1,3,2,0
Computer Science,Cybersecurity Analyst,2.27,2,1,1,1,6,1,8,2,1,2,0,4,0,1
Engineering,Civil Engineer,2.77,4,1,2,1,2,1,4,2,8,1,9,1,0,1
Chemistry,Chemist,3.66,4,2,4,1,6,1,1,0,3,3,4,3,3,1
Music,Sound Engineer,2.1,9,1,0,1,8,1,0,2,2,3,0,0,0,1
Biology,Biologist,3.12,8,0,0,0,2,1,2,3,2,1,3,4,1,1
Chemistry,Physical Chemist,3.56,8,0,2,0,2,0,0,3,2,1,2,4,0,1
Finance,Credit Analyst,3.33,7,0,3,1,1,0,1,3,0,3,10,4,4,0
Computer Science,Game Developer,2.97,4,0,1,0,8,1,8,2,1,3,4,1,4,0
Medicine,Dentist,3.709800031213895,1,0,1,0,3,1,2,2,1,2,0,0,4,0
Finance,Actuary,2.3,1,1,3,1,9,0,4,4,1,1,8,0,0,1
Computer Science,Data Scientist,2.3,5,0,3,1,3,1,7,2,4,0,0,1,2,1
Chemistry,Chemist,2.9,4,2,4,0,7,1,1,2,3,3,3,1,4,0
Law,Legal Analyst,3.07,5,1,1,1,5,1,3,8,3,3,2,2,2,0
Psychology,Art Therapist,3.83,7,2,0,1,6,0,0,0,0,0,0,2,1,1
Architecture,Architect,2.78,5,2,3,1,2,0,4,4,3,4,1,2,3,0
Physics,Astronomer,2.84,4,0,0,0,4,1,1,0,0,3,4,1,3,0
Marketing,Marketing Specialist,2.56,4,2,1,1,0,1,0,8,0,0,0,0,4,0
Biology,Biochemist,2.72,2,0,1,1,6,1,1,0,3,4,0,4,4,1
Music,Sound Engineer,3.35,8,1,3,0,8,0,3,4,4,4,1,2,4,0
Psychology,Art Therapist,2.74,7,1,0,0,0,0,2,2,1,4,2,2,1,1
Biology,Zoologist,3.22,0,1,0,1,4,1,2,1,4,0,1,1,4,1
Computer Science,Web Developer,3.3,1,0,4,0,8,0,7,1,0,1,1,1,2,1
Business,Entrepreneur,2.23,8,2,2,1,0,1,4,8,3,4,4,3,2,0
Biology,Biotechnologist,3.39,2,1,1,0,6,1,3,2,3,3,4,3,1,1
Law,Legal Consultant,2.53,8,2,3,0,4,0,3,8,2,4,4,0,1,0
Architecture,Architectural Technologist,2.39,6,2,1,0,8,1,1,3,4,0,4,2,0,0
Art,Illustrator,3.97,7,1,4,0,0,1,3,0,3,1,0,2,3,0
Biology,Biochemist,2.59,4,2,1,1,1,0,3,4,3,0,4,2,0,0
Finance,Credit Analyst,2.44,7,2,1,0,8,1,2,3,0,3,8,4,0,0
Finance,Financial Analyst,2.12,0,1,4,1,8,0,4,2,4,1,9,2,3,1
Law,Legal Consultant,2.85,9,2,2,1,8,1,4,10,0,0,4,2,2,1
Architecture,Architect,2.53,3,0,2,1,1,1,4,2,3,2,2,3,0,1
Medicine,Dentist,3.8419818846990705,1,2,2,1,6,0,2,1,3,3,4,3,3,1
Marketing,Digital Marketing Specialist,3.59,2,0,1,0,3,1,0,8,0,2,3,2,4,0
Chemistry,Chemist,2.67,0,1,1,1,4,0,1,3,4,3,3,4,0,0
Marketing,Market Research Analyst,3.27,7,2,3,1,6,0,0,10,1,2,4,4,2,0
Education,Education Administrator,2.93,4,2,2,0,8,0,4,1,3,1,2,4,4,1
Medicine,Pharmacist,3.7877370889379396,2,0,1,1,2,0,2,2,1,0,0,2,0,1
Art,Graphic Designer,3.03,2,1,5,0,7,0,4,4,1,4,0,0,2,0
Art,Illustrator,3.07,2,0,3,0,9,0,2,2,4,0,3,4,1,1
Finance,Accountant,3.02,9,2,3,1,7,1,0,4,4,1,7,3,3,0
Marketing,Brand Manager,3.56,2,0,0,0,7,0,4,9,3,3,2,0,1,0
Education,Curriculum Developer,3.92,9,1,1,1,1,1,0,0,2,2,1,1,2,1
Biology,Biochemist,2.23,2,1,1,1,8,1,3,0,2,2,2,1,0,0
Computer Science,Data Scientist,3.94,7,1,0,1,1,1,7,3,2,3,4,0,4,0
Engineering,Civil Engineer,3.88,5,0,1,0,1,0,3,4,8,2,10,1,1,1
Finance,Investment Banker,3.36,6,1,4,1,3,0,1,0,1,1,10,3,3,1
Psychology,Counselor,2.73,2,2,1,0,6,0,2,4,3,4,3,4,3,0
Medicine,Dentist,3.547221480377964,4,1,2,0,4,1,1,3,3,4,1,4,1,1
Finance,Investment Banker,3.69,3,2,3,0,0,0,4,2,1,2,9,1,0,0
Art,Art Director,3.47,9,2,4,1,8,0,3,3,2,4,0,2,2,1
Computer Science,Game Developer,2.38,3,2,1,0,6,1,8,0,0,0,1,3,1,0
Music,Music Teacher,3.7,6,1,4,0,5,0,4,2,2,4,0,4,0,0
Education,Principal,2.66,2,2,2,0,1,1,1,3,1,1,1,3,4,1
Computer Science,Data Scientist,3.28,2,2,3,1,6,0,7,4,4,3,4,2,1,1
Architecture,Landscape Architect,2.33,1,1,1,1,7,1,0,4,4,0,2,1,2,0
Business,Entrepreneur,2.25,7,0,3,1,7,0,1,7,1,1,2,0,1,0
Engineering,Mechanical Engineer,3.15,6,0,4,0,6,1,3,3,9,0,7,3,2,1
Law,Legal Analyst,2.73,0,1,2,1,0,1,0,10,2,3,0,4,4,1
Architecture,Landscape Architect,2.61,8,0,3,0,1,0,1,2,4,2,4,3,4,1
Biology,Biologist,3.79,3,1,2,1,9,0,1,1,4,3,3,3,1,1
Business,Manager,2.78,1,0,1,0,8,0,4,7,0,0,2,4,3,0
Computer Science,Software Developer,3.51,9,1,1,0,3,0,10,3,2,1,1,0,4,1
Psychology,Art Therapist,2.7,5,1,0,0,4,1,3,1,4,1,0,0,1,1
Physics,Physicist,3.77,1,0,0,1,5,1,3,4,3,0,4,0,1,0
Biology,Geneticist,2.43,7,2,1,0,7,1,0,0,1,3,1,3,4,1
Medicine,Surgeon,3.86582387764982,4,0,1,1,9,0,4,0,4,0,4,4,2,1
Marketing,Market Research Analyst,3.11,9,0,2,1,3,1,1,8,3,1,2,4,0,1
Architecture,Architect,2.83,1,0,0,0,3,0,1,3,4,2,2,1,4,0
Psychology,Forensic Psychologist,3.52,5,0,2,0,3,0,4,1,3,2,3,3,1,0
Education,Curriculum Developer,3.11,9,1,3,1,4,1,3,0,1,2,4,1,3,0
Architecture,Landscape Architect,2.95,1,0,3,1,5,0,0,0,2,3,4,1,1,1
Computer Science,Software Developer,2.81,9,1,1,1,0,0,9,3,2,2,1,3,3,1
Physics,Physicist,3.46,1,1,4,0,8,1,4,0,3,1,4,0,4,0
Music,Conductor,3.7,7,0,4,0,2,0,3,0,1,2,0,0,0,1
Medicine,Surgeon,3.688864443088147,1,2,2,1,5,1,0,1,4,3,3,3,2,1
Medicine,Surgeon,3.7526261862239285,5,1,1,1,2,0,2,4,1,4,0,3,2,0
Medicine,Surgeon,3.660024800515306,4,1,0,0,3,1,1,2,1,2,3,4,3,1
Physics,Nuclear Physicist,2.2,3,1,0,0,7,0,3,4,3,0,1,2,2,0
Business,Human Resources Specialist,2.6,9,1,1,0,7,0,1,7,3,0,1,3,3,1
Art,Illustrator,3.06,0,1,3,1,5,0,4,3,3,3,4,3,2,1
Education,Teacher,3.13,7,2,1,0,8,1,3,4,4,3,4,2,2,1
Architecture,Interior Designer,2.74,3,1,1,1,4,1,3,4,2,1,3,1,1,1
Law,Paralegal,2.6,1,1,1,1,3,0,1,7,1,0,1,3,1,1
Art,Illustrator,2.63,2,1,4,0,8,1,3,4,1,1,1,0,3,0
Chemistry,Inorganic Chemist,2.8,6,1,4,0,3,1,2,2,4,3,2,1,3,0
Psychology,School Psychologist,2.95,5,0,2,0,0,0,0,3,2,1,3,2,4,1
Music,Music Teacher,3.04,9,1,2,0,8,0,3,3,3,2,1,2,4,1
Psychology,Art Therapist,2.22,0,2,4,1,8,0,4,4,2,1,4,3,4,0
Computer Science,Data Scientist,3.78,2,1,2,0,6,0,10,0,1,2,2,0,0,1
Engineering,Civil Engineer,2.63,0,0,3,1,9,1,3,2,9,3,10,2,3,0
Marketing,Advertising Manager,3.43,3,1,2,0,7,1,4,10,3,4,2,4,4,1
Art,Animator,2.99,0,0,5,1,8,0,0,0,1,2,4,3,4,0
Music,Conductor,3.44,9,0,4,1,4,0,0,4,4,2,1,0,4,0
Finance,Financial Controller,3.13,7,2,2,0,5,1,4,0,4,0,8,2,2,1
Marketing,Social Media Manager,3.83,2,1,4,0,2,1,3,9,2,3,1,4,0,1
Art,Graphic Designer,3.14,9,0,3,1,5,0,2,0,3,4,1,1,2,0
Computer Science,Data Scientist,2.37,1,0,4,0,6,1,9,4,1,1,0,3,3,0
Psychology,Counselor,3.39,1,2,1,0,4,1,4,0,4,4,1,1,4,1
Engineering,Biomedical Engineer,3.56,4,1,1,1,7,1,2,1,7,2,10,1,1,0
Medicine,Doctor,3.918481937118687,8,0,4,0,3,1,4,2,0,0,1,3,3,1
Biology,Biologist,3.72,8,1,2,1,4,1,1,2,4,3,3,0,2,1
Art,Animator,3.8,4,0,4,1,9,1,4,2,1,0,4,2,2,1
Marketing,Digital Marketing Specialist,3.76,4,2,2,0,4,0,4,8,1,0,4,2,1,1
Psychology,Industrial-Organizational Psychologist,3.16,7,1,2,1,7,0,1,1,0,0,4,1,2,1
Music,Music Teacher,3.66,5,2,3,1,5,1,0,2,4,0,0,0,4,0
Art,Graphic Designer,2.63,4,1,5,1,0,0,2,0,4,2,0,4,3,0
Business,Entrepreneur,2.77,0,2,4,0,7,0,2,8,4,4,3,0,1,1
Medicine,Dentist,3.7566630843461963,9,2,3,0,1,1,1,1,2,4,2,0,0,1
Architecture,Interior Designer,3.99,9,1,3,1,4,0,1,1,3,4,3,1,4,1
Finance,Risk Analyst,3.43,9,1,1,1,6,1,0,0,3,3,10,3,2,0
Finance,Financial Controller,3.01,0,0,1,0,4,1,3,0,3,2,7,4,3,1
Chemistry,Inorganic Chemist,2.88,3,2,3,1,6,0,0,4,2,3,2,2,4,0
Biology,Biologist,3.11,4,1,0,0,1,0,0,0,2,2,1,0,2,1
Education,Teacher,3.98,5,0,3,1,3,1,3,3,1,3,2,2,1,0
Computer Science,Game Developer,2.41,5,0,1,1,9,0,10,2,2,1,0,2,3,0
Music,Musician,2.44,10,0,1,1,3,1,2,1,1,1,4,3,3,1
Engineering,Chemical Engineer,2.93,9,2,1,1,6,1,2,3,9,1,9,4,0,1
Architecture,Architectural Technologist,2.16,6,2,3,0,8,1,4,0,1,1,0,1,0,0
Chemistry,Inorganic Chemist,3.6,6,1,0,0,9,0,3,2,0,3,3,1,4,1
Finance,Financial Advisor,2.37,7,2,2,1,9,0,2,3,2,3,9,3,3,1
Psychology,School Psychologist,2.73,1,0,2,0,0,0,3,4,3,3,0,1,0,1
Physics,Nuclear Physicist,2.52,5,2,3,1,9,0,3,1,3,0,1,3,2,0
Biology,Ecologist,2.07,9,2,3,1,1,1,0,3,2,0,4,3,2,1
Psychology,School Psychologist,3.29,4,2,3,0,5,0,0,0,2,1,2,4,2,0
Biology,Biotechnologist,2.78,2,1,1,1,7,0,4,4,4,1,2,1,2,0
Music,Sound Engineer,3.93,6,1,2,1,5,1,0,0,2,0,4,1,2,0
Architecture,Landscape Architect,2.65,9,1,3,1,9,1,3,4,4,3,1,1,4,1
Medicine,Physician Assistant,3.5281516378409186,4,2,2,1,7,0,1,1,4,1,0,4,4,0
Biology,Biochemist,2.65,0,2,4,0,7,0,4,2,2,2,3,3,2,1
Medicine,Dentist,3.9113951759383467,5,1,2,1,0,1,2,0,4,4,0,3,1,0
Music,Conductor,2.99,7,2,0,0,8,1,3,0,4,0,0,4,2,1
Finance,Financial Controller,3.67,0,1,3,1,0,0,2,1,4,0,10,4,1,0
Physics,Astronomer,3.21,1,2,3,0,5,1,2,0,2,3,3,0,1,1
Engineering,Civil Engineer,3.99,0,0,4,1,7,1,1,1,10,1,9,2,3,1
Biology,Biologist,2.42,5,2,0,0,5,0,3,4,1,3,1,3,3,1
Engineering,Civil Engineer,2.48,0,1,4,0,0,1,3,1,7,3,10,0,3,1
Biology,Ecologist,2.99,7,2,0,0,6,1,4,3,4,2,0,1,3,1
Psychology,Art Therapist,3.01,3,2,3,0,8,1,0,0,4,2,0,0,2,1
Education,Principal,3.0,9,0,0,0,7,0,4,4,4,4,1,0,3,0
Marketing,Market Research Analyst,2.25,5,0,0,1,7,0,0,7,0,3,0,2,1,0
Business,Construction Manager,2.02,6,2,3,0,0,1,0,7,1,2,2,1,3,0
Medicine,Dentist,3.6613431941387917,7,0,4,0,3,0,0,3,3,4,1,2,4,0
Physics,Quantum Physicist,2.11,0,0,1,0,3,1,0,3,2,1,3,4,4,1
Psychology,Music Therapist,3.12,8,0,3,1,7,1,1,2,0,2,3,3,0,0
Music,Sound Engineer,2.44,7,2,0,0,6,1,4,4,0,2,0,0,4,1
Finance,Actuary,3.17,0,0,3,1,1,0,3,3,1,1,7,4,1,1
Law,Paralegal,2.99,6,1,4,1,3,1,4,9,4,3,0,3,2,0
Architecture,Interior Designer,3.76,8,1,1,0,6,0,4,2,2,2,0,2,2,0
Engineering,Chemical Engineer,3.99,2,0,1,1,0,1,4,1,8,1,7,0,2,0
Medicine,Surgeon,3.6084045532932456,9,0,4,0,8,1,3,0,2,4,2,1,2,1
Architecture,Architect,2.36,0,2,2,1,9,0,0,4,0,1,0,3,3,0
Architecture,Architectural Technologist,2.39,1,2,0,1,0,0,2,2,3,0,1,2,2,0
Computer Science,AI Researcher,2.88,0,2,3,1,8,1,8,3,0,1,0,0,0,0
Medicine,Nurse,3.9505790052454945,8,0,0,1,6,0,4,3,1,3,4,2,0,0
Education,Teacher,2.28,1,0,3,1,0,0,3,1,4,0,2,4,3,1
Education,Education Administrator,3.25,9,1,0,1,0,0,1,0,4,2,0,4,4,0
Finance,Actuary,3.98,7,0,3,0,4,0,0,2,4,1,8,4,4,0
Medicine,Physician Assistant,3.7278283763928566,1,0,1,1,2,1,4,3,4,2,2,0,4,1
Music,Musician,2.04,9,1,4,1,0,0,3,3,2,3,4,2,0,0
Biology,Microbiologist,3.36,0,2,1,1,9,1,1,4,1,2,4,3,3,1
Architecture,Landscape Architect,3.28,3,2,1,0,8,0,3,4,4,4,1,2,3,0
Medicine,Pharmacist,3.731849202469991,0,2,2,0,7,1,0,2,0,0,0,0,2,1
Music,Music Teacher,2.19,8,1,1,1,5,0,2,3,4,2,3,1,4,1
Education,Principal,3.05,8,1,3,1,3,1,4,3,0,3,1,2,1,1
Psychology,Art Therapist,2.38,5,1,4,1,3,1,2,4,4,3,0,4,0,1
Chemistry,Chemist,3.68,6,2,0,0,1,0,3,2,4,1,1,3,2,0
Music,Musician,2.94,7,2,1,0,9,0,1,3,1,4,3,2,4,1
Music,Conductor,3.19,5,1,3,1,5,0,1,3,0,0,0,1,3,1
Law,Lawyer,2.37,6,0,0,0,0,0,1,7,4,3,3,1,0,0
Engineering,Chemical Engineer,3.48,4,1,2,0,1,0,1,0,10,4,7,2,0,1
Music,Sound Engineer,3.23,9,2,3,0,3,0,1,3,2,4,0,4,3,1
Education,Education Administrator,2.22,4,0,3,0,6,1,3,1,3,3,1,2,1,0
Business,Manager,3.16,3,1,0,1,4,0,2,8,1,2,4,3,1,1
Biology,Microbiologist,3.36,4,1,4,0,9,0,4,3,1,0,3,1,2,1
Chemistry,Analytical Chemist,2.91,9,0,4,0,0,0,1,3,4,4,4,4,3,1
Education,Curriculum Developer,2.1,3,2,0,0,5,1,3,2,4,0,2,0,2,0
Music,Conductor,3.02,6,1,0,0,1,0,3,2,1,4,0,1,1,0
Art,Graphic Designer,3.1,1,2,4,0,6,1,4,2,3,3,3,4,1,0
Chemistry,Organic Chemist,3.62,0,0,0,0,3,1,0,3,0,3,1,4,0,0
Architecture,Interior Designer,2.19,4,2,3,1,5,1,2,3,2,3,2,2,4,0
Psychology,Art Therapist,3.28,7,0,1,0,4,1,2,4,4,1,2,4,3,0
Art,Art Director,3.9,5,0,4,1,8,0,4,2,2,1,4,1,2,0
Architecture,Architect,3.74,8,2,1,1,6,1,4,3,1,3,4,3,3,0
Medicine,Doctor,3.993638064657472,9,0,1,1,9,1,2,3,3,4,4,4,2,1
Finance,Accountant,2.1,3,2,0,1,1,1,0,3,1,4,9,0,2,1
Architecture,Architectural Technologist,2.49,6,0,3,0,4,0,4,3,1,1,0,2,4,1
Psychology,School Counselor,2.96,3,2,3,1,3,0,0,0,3,2,3,1,0,1
Computer Science,AI Researcher,3.57,9,1,3,0,1,0,9,3,3,3,4,2,1,1
Engineering,Electrical Engineer,2.71,1,1,4,1,3,1,1,0,7,4,7,2,0,0
Physics,Physicist,2.54,2,0,2,0,7,1,2,0,4,2,3,3,0,1
Education,Principal,3.78,6,0,3,0,8,1,4,3,4,4,3,2,2,0
Business,Manager,3.34,7,2,3,0,3,1,4,9,0,4,1,0,3,0
Business,Human Resources Specialist,2.39,3,1,3,0,1,1,1,7,2,4,0,0,4,1
Psychology,Art Therapist,2.93,7,1,4,1,8,0,0,3,3,4,0,2,2,0
Law,Legal Secretary,3.8,0,2,4,1,5,1,4,10,3,2,4,2,3,1
Engineering,Civil Engineer,3.99,1,2,4,0,5,0,0,1,9,4,7,4,0,0
Engineering,Acoustics Specialist,2.32,1,2,0,0,6,1,0,3,9,1,8,3,3,0
Law,Legal Analyst,3.78,7,1,3,1,9,0,0,9,2,3,0,3,3,1
Business,Manager,2.88,8,1,2,0,8,0,0,7,2,2,0,3,2,0
Music,Sound Engineer,3.07,6,2,0,1,2,1,1,3,1,0,2,3,3,0
Music,Music Teacher,2.66,7,2,3,0,4,0,1,1,0,1,2,4,0,0
Education,Teacher,2.85,4,2,0,1,2,0,3,0,4,1,0,0,2,0
Chemistry,Physical Chemist,3.54,9,0,3,0,8,0,2,0,4,2,0,1,0,1
Computer Science,AI Researcher,2.76,8,2,4,0,2,1,7,1,2,1,4,1,3,1
Music,Conductor,3.45,7,0,0,0,4,1,4,3,3,0,3,0,1,0
Engineering,Acoustics Specialist,3.16,4,0,1,1,3,1,2,1,10,0,7,4,0,1
Biology,Ecologist,2.99,6,1,0,1,6,0,3,2,2,0,1,2,1,0
Architecture,Architect,2.37,1,1,3,0,0,1,2,2,2,4,1,1,3,1
Chemistry,Chemist,2.55,0,2,2,0,2,1,1,4,3,3,2,3,0,0
Business,Construction Manager,3.06,3,1,4,1,8,0,0,10,3,0,0,4,1,1
Finance,Financial Analyst,2.49,3,2,1,1,3,1,2,2,4,2,10,4,3,0
Law,Legal Consultant,3.03,0,1,1,1,9,1,4,8,3,0,0,0,3,1
Architecture,Urban Planner,2.94,9,2,4,0,2,0,0,4,2,2,0,3,1,1
Medicine,Physician Assistant,3.88615919586782,4,2,3,1,8,0,0,0,3,0,1,2,4,1
Law,Judge,2.3,3,1,3,0,0,1,0,8,0,3,0,0,4,1
Computer Science,Web Developer,2.87,1,1,4,1,4,1,7,2,4,3,4,3,4,1
Business,Entrepreneur,3.37,7,0,2,0,4,0,4,10,2,1,0,1,3,0
Music,Sound Engineer,3.9,10,2,0,1,5,0,4,0,0,0,0,4,3,1
Architecture,Interior Designer,3.86,4,0,0,1,8,1,2,4,2,0,0,2,4,1
Finance,Accountant,3.64,3,1,1,1,7,1,1,3,1,2,7,2,0,1
Finance,Risk Analyst,2.94,7,2,3,1,8,0,4,2,3,4,9,1,1,0
Law,Legal Analyst,3.54,0,0,1,1,3,0,3,7,1,0,1,2,0,1
Music,Music Teacher,2.29,7,0,0,1,2,1,2,2,2,3,0,1,1,0
Computer Science,Data Scientist,3.19,1,2,1,1,4,1,9,0,4,2,2,2,2,1
Education,Special Education Teacher,2.81,3,1,3,0,4,1,3,0,1,3,4,1,3,0
Marketing,Social Media Manager,3.36,7,2,1,0,8,1,3,8,1,1,3,1,0,0
Art,Graphic Designer,2.24,7,0,4,0,7,0,4,1,3,1,2,0,0,1
Chemistry,Organic Chemist,2.85,2,1,2,0,0,0,4,4,0,0,1,1,0,0
Chemistry,Analytical Chemist,3.44,9,1,3,0,0,1,2,0,4,4,1,3,0,1
Law,Judge,2.03,3,0,3,1,9,0,3,9,3,1,4,1,0,1
Finance,Financial Analyst,2.28,8,1,0,0,7,1,0,0,4,0,10,4,4,1
Engineering,Civil Engineer,2.1,9,0,3,1,2,0,4,1,7,3,8,4,0,1
Art,Illustrator,2.05,1,1,4,1,1,0,2,0,0,2,2,2,3,1
Computer Science,Cybersecurity Analyst,3.24,3,1,1,0,3,1,9,4,1,2,4,1,4,0
Architecture,Architect,2.21,4,2,0,0,6,0,0,2,0,2,4,4,0,0
Business,Manager,2.98,4,1,0,1,5,1,4,7,4,4,0,4,3,1
Chemistry,Inorganic Chemist,3.54,4,2,0,1,1,0,0,0,0,0,4,0,1,0
Marketing,Social Media Manager,3.6,6,1,4,0,1,0,1,10,0,2,1,1,3,0
Music,Conductor,3.87,6,2,3,1,4,0,1,1,2,2,0,0,1,0
Biology,Biologist,2.01,8,1,3,0,9,0,3,1,3,2,0,0,3,0
Medicine,Pharmacist,3.533117988925933,1,1,3,1,3,0,2,4,4,3,3,2,1,1
Computer Science,Game Developer,3.4,1,2,4,1,5,0,8,2,4,1,1,3,3,0
Finance,Financial Advisor,3.89,8,2,3,1,9,1,2,2,1,3,7,4,4,1
Medicine,Doctor,3.664375805143754,7,1,3,1,6,0,4,1,1,2,3,1,1,1
Chemistry,Analytical Chemist,2.64,8,2,3,0,6,0,2,0,2,2,2,0,2,0
Medicine,Nurse,3.6200728093890966,8,2,2,1,9,0,4,3,4,0,3,1,3,0
Physics,Nuclear Physicist,3.84,7,0,4,0,8,0,3,0,4,4,0,4,3,0
Education,Teacher,3.15,3,1,1,0,8,1,3,1,2,2,4,4,1,1
Education,Education Administrator,2.3,4,1,3,0,8,0,2,4,2,1,2,0,2,0
Architecture,Landscape Architect,3.12,0,0,4,1,2,1,0,0,4,1,2,2,4,0
Art,Illustrator,3.83,3,1,3,1,3,0,1,4,4,4,2,0,4,0
Education,Education Administrator,3.24,2,2,0,0,7,0,4,3,0,2,4,4,3,1
Biology,Geneticist,2.23,2,0,0,1,3,1,2,3,2,1,1,0,4,1
Finance,Investment Banker,3.93,8,2,4,0,0,1,0,4,0,2,7,2,1,0
Biology,Microbiologist,3.34,4,0,2,0,8,0,0,0,3,4,1,4,3,0
Medicine,Dentist,3.5961445094043354,5,2,1,0,8,1,2,0,3,2,4,4,2,1
Biology,Geneticist,3.7,2,0,0,1,3,0,2,2,2,4,2,1,0,1
Architecture,Architectural Technologist,2.47,5,2,4,0,3,0,3,0,3,1,1,3,4,1
Medicine,Dentist,3.6725413139111933,3,0,3,0,4,0,1,3,1,4,1,1,1,1
Art,Graphic Designer,2.59,0,2,3,0,9,0,1,4,1,2,4,3,0,0
Music,Sound Engineer,2.91,10,0,2,0,4,0,4,3,0,2,0,1,4,0
Music,Conductor,3.15,9,0,2,1,7,1,1,0,4,3,1,2,3,0
Biology,Biologist,2.11,3,2,2,0,3,1,2,2,2,2,4,4,0,0
Law,Paralegal,3.97,6,0,2,0,7,0,4,8,2,2,3,0,1,1
Chemistry,Organic Chemist,3.8,9,2,2,1,7,1,3,0,4,0,1,3,3,0
Education,Teacher,2.26,9,2,0,1,1,1,1,2,0,0,3,4,2,0
Education,Principal,2.71,4,2,1,0,2,0,2,2,3,1,1,3,2,0
Physics,Physicist,2.07,0,2,4,1,4,1,1,0,4,1,4,0,3,0
Biology,Geneticist,2.5,8,2,1,0,3,1,4,0,4,0,4,3,3,1
Biology,Biologist,3.65,0,1,4,0,4,1,1,1,0,4,0,0,4,0
Education,Principal,3.38,9,0,1,1,3,0,4,2,4,1,4,1,3,0
Computer Science,Software Developer,2.67,3,1,3,1,9,1,9,4,0,1,0,3,0,1
Computer Science,Software Developer,2.56,3,1,4,1,6,1,8,2,4,2,3,1,2,0
Medicine,Physician Assistant,3.578488841358097,2,0,1,1,8,0,3,2,3,1,0,0,0,1
Biology,Biotechnologist,3.35,0,2,1,0,6,1,2,3,1,1,4,2,3,1
Biology,Biologist,3.27,9,1,1,0,0,1,0,2,2,3,4,1,2,0
Engineering,Mechanical Engineer,2.51,0,0,2,1,2,0,4,2,7,3,10,4,0,1
Music,Conductor,3.1,7,0,2,1,0,1,1,2,3,0,1,0,4,1
Physics,Physicist,3.68,6,1,3,1,9,1,4,3,2,1,4,1,3,1
Education,Special Education Teacher,2.98,0,1,4,0,6,0,2,4,1,4,2,0,1,0
Architecture,Urban Planner,2.05,7,0,4,0,6,0,0,0,2,3,0,3,4,0
Computer Science,Web Developer,3.37,5,1,3,1,8,1,9,3,0,2,2,4,2,1
Medicine,Physician Assistant,3.731267358066574,7,0,4,0,5,1,0,0,0,3,1,3,2,0
Engineering,Acoustics Specialist,2.38,7,0,3,1,2,1,4,4,8,2,8,2,3,0
Marketing,Brand Manager,3.74,6,2,1,1,9,0,4,10,1,4,2,1,0,0
Computer Science,Data Scientist,3.49,8,0,4,1,1,1,9,4,3,1,2,1,2,0
Law,Judge,2.61,9,2,1,1,5,1,3,9,3,3,4,1,0,0
Finance,Credit Analyst,3.64,2,1,0,0,4,0,1,4,3,1,8,3,3,1
Medicine,Nurse,3.766056742632658,6,0,1,1,8,0,4,3,4,3,0,0,3,0
Medicine,Dentist,3.9336074905373617,4,1,0,0,9,1,0,2,4,0,2,2,1,1
Physics,Astronomer,2.5,7,0,0,0,1,0,4,0,0,2,3,2,3,0
Engineering,Electrical Engineer,3.77,9,1,2,1,9,1,3,3,9,2,9,0,4,1
Medicine,Surgeon,3.8687026030469096,1,2,2,0,1,1,4,0,3,0,1,4,4,0
Physics,Quantum Physicist,2.38,7,0,0,1,1,0,2,4,0,4,4,4,4,1
Education,Principal,2.63,6,2,4,0,0,1,0,0,1,2,4,2,3,1
Chemistry,Chemist,3.64,2,2,1,1,3,0,2,3,2,3,2,2,3,0
Music,Conductor,2.32,10,0,1,1,4,0,2,1,1,3,1,1,0,0
Art,Graphic Designer,2.88,9,1,4,1,9,0,3,2,1,2,2,3,0,1
Chemistry,Inorganic Chemist,3.11,8,0,3,1,9,0,4,0,4,4,1,3,4,1
Architecture,Architect,3.9,2,0,2,1,6,1,4,2,2,2,3,4,2,0
Music,Conductor,3.66,9,0,4,1,7,1,2,1,1,2,4,3,3,0
Psychology,Clinical Psychologist,2.51,5,1,3,1,1,0,1,3,4,2,2,2,0,0
Psychology,School Counselor,2.44,5,0,3,1,7,1,3,4,1,1,4,3,4,0
Marketing,Market Research Analyst,3.27,8,2,2,0,2,1,0,8,3,3,4,0,0,0
Architecture,Interior Designer,2.17,9,2,3,1,6,1,4,1,1,2,3,4,3,1
Law,Lawyer,3.98,4,0,1,0,2,0,1,7,4,2,3,1,3,0
Marketing,Social Media Manager,3.96,2,0,2,0,5,1,2,9,2,1,4,1,3,1
Medicine,Pharmacist,3.768553270909274,7,0,0,0,3,1,1,1,4,4,0,0,0,1
Biology,Microbiologist,3.02,0,2,4,0,7,0,0,1,1,3,0,1,2,0
Architecture,Architect,2.58,7,0,3,1,5,0,3,4,3,4,1,2,1,0
Chemistry,Inorganic Chemist,3.56,3,2,3,0,6,1,2,2,0,1,4,3,3,0
Law,Judge,3.83,0,1,3,1,9,0,2,8,3,2,1,0,0,0
Engineering,Civil Engineer,3.39,1,2,1,1,2,1,2,2,8,0,7,2,1,1
Chemistry,Inorganic Chemist,2.33,6,0,4,0,9,1,0,0,4,3,2,1,1,1
Architecture,Urban Planner,2.19,6,0,1,1,1,0,4,0,3,1,4,3,0,0
Law,Legal Consultant,3.59,0,1,0,1,6,0,0,9,4,3,2,1,3,0
Education,Education Administrator,2.75,1,0,3,0,7,0,3,4,3,2,3,0,3,0
Architecture,Architectural Technologist,2.82,1,1,4,0,0,1,0,2,1,0,1,0,2,0
Marketing,Marketing Specialist,2.4,3,1,3,0,5,1,2,7,2,2,3,3,1,0
Education,Teacher,2.9,5,1,0,0,2,1,3,3,2,0,1,1,2,1
Education,Teacher,3.91,4,0,2,0,2,0,2,1,0,1,2,2,3,0
Education,Curriculum Developer,2.25,5,2,2,0,6,1,3,2,2,0,2,3,3,1
Education,Curriculum Developer,2.3,8,2,0,1,0,0,3,0,4,0,4,4,2,1
Marketing,Marketing Specialist,2.79,4,2,3,0,5,1,1,8,3,0,3,4,1,1
Psychology,Forensic Psychologist,2.12,3,2,1,1,4,0,2,1,2,0,4,3,3,0
Medicine,Pharmacist,3.9254087589180733,6,1,4,1,3,1,4,2,1,0,2,0,2,1
Computer Science,AI Researcher,3.23,2,2,1,0,5,1,8,4,4,0,2,2,3,0
Medicine,Physician Assistant,3.5866867976473773,7,0,2,0,3,1,1,0,1,3,1,0,3,0
Psychology,Forensic Psychologist,3.75,2,1,4,1,3,1,1,4,1,3,1,1,0,1
Medicine,Surgeon,3.540116872830821,0,1,4,0,1,1,1,1,2,3,2,4,3,0
Law,Judge,3.2,3,1,4,1,7,1,0,9,1,0,4,4,1,1
Music,Sound Engineer,3.57,8,1,2,0,8,1,3,3,2,1,2,4,0,0
Engineering,Fluid Mechanics Engineer,2.39,7,0,0,1,4,1,2,3,8,1,9,2,3,1
Psychology,Counselor,2.18,9,2,3,0,6,1,2,3,1,0,1,1,1,1
Business,Construction Manager,3.9,6,2,1,1,9,0,4,10,0,0,3,4,0,0
Physics,Nuclear Physicist,3.45,4,1,0,1,1,1,3,0,3,2,2,2,3,0
Computer Science,Web Developer,3.29,6,1,2,1,1,1,9,1,3,4,3,1,4,1
Architecture,Architect,2.98,1,1,3,0,3,1,3,4,2,4,2,4,3,1
Law,Legal Secretary,3.12,3,0,2,0,2,1,3,10,1,2,4,0,3,1
Architecture,Interior Designer,3.64,1,1,3,1,9,0,3,1,4,4,3,3,3,1
Medicine,Physician Assistant,3.9646879945637927,4,0,2,1,8,1,3,4,0,0,4,4,4,0
Chemistry,Analytical Chemist,2.73,3,0,0,0,7,0,2,4,4,0,0,1,1,1
Biology,Microbiologist,2.2,9,2,4,1,5,0,4,2,2,3,0,4,3,0
Architecture,Interior Designer,3.44,8,0,1,1,1,1,1,2,0,0,1,1,3,0
Business,Manager,2.32,3,1,3,0,2,1,3,10,4,1,0,0,4,1
Art,Animator,2.16,5,0,4,1,9,1,2,4,0,3,3,0,4,1
Medicine,Doctor,3.661839618202122,3,1,1,0,2,1,0,0,4,0,4,0,4,0
Education,Education Administrator,2.58,9,2,3,1,9,1,0,2,3,4,4,4,3,1
Computer Science,Web Developer,3.3,7,1,0,0,8,0,7,2,1,0,1,4,2,0
Computer Science,Web Developer,2.06,0,2,2,1,4,0,7,2,4,4,2,2,4,1
Physics,Quantum Physicist,2.24,8,1,1,0,8,1,4,1,3,3,4,3,4,0
Medicine,Surgeon,3.805310021220816,1,0,4,0,7,1,3,0,0,3,2,1,4,0
Marketing,Marketing Specialist,2.21,0,1,2,0,1,1,3,7,4,3,4,1,4,0
Marketing,Marketing Specialist,2.18,3,0,0,0,9,1,1,9,3,0,4,4,1,1
Education,Special Education Teacher,3.14,5,1,0,0,9,1,0,2,0,2,4,0,4,1
Computer Science,Game Developer,3.85,8,0,4,0,3,1,9,0,0,2,0,1,2,1
Chemistry,Analytical Chemist,3.64,4,1,3,1,3,1,3,2,2,0,0,4,1,1
Psychology,Psychologist,3.47,6,0,2,0,2,0,0,1,3,4,2,2,0,1
Education,Principal,3.78,0,0,3,1,6,0,0,4,0,2,2,4,0,1
Marketing,Social Media Manager,2.01,9,1,0,0,0,1,0,7,4,4,0,2,4,0
Chemistry,Organic Chemist,2.96,7,2,2,1,3,0,1,2,3,3,1,4,0,1
Biology,Biochemist,2.98,8,0,3,0,5,1,2,3,2,1,0,2,3,0
Psychology,Counselor,3.4,7,0,4,1,8,1,3,2,1,1,3,3,0,0
Education,Curriculum Developer,3.24,7,2,1,1,7,1,0,1,3,2,1,3,0,1
Chemistry,Organic Chemist,3.11,6,1,0,0,2,0,4,2,4,2,0,1,1,0
Chemistry,Inorganic Chemist,2.71,8,1,3,0,6,1,2,2,4,4,4,2,0,0
Psychology,Psychologist,3.56,1,1,4,0,6,0,3,0,4,2,4,0,0,0
Marketing,Digital Marketing Specialist,3.01,0,2,4,0,3,0,0,7,0,3,1,3,4,1
Architecture,Architect,3.65,3,1,1,0,4,1,3,0,2,1,3,3,3,1
Art,Art Director,2.42,2,2,3,0,6,0,2,4,3,0,2,0,4,1
Marketing,Brand Manager,3.42,5,2,0,1,5,1,3,9,0,3,3,2,2,1
Engineering,Fluid Mechanics Engineer,2.84,3,0,2,1,8,0,2,2,9,4,8,0,0,1
Finance,Investment Banker,3.29,5,2,1,1,1,1,2,1,3,1,8,0,0,0
Art,Art Director,3.87,5,0,3,1,7,0,3,4,3,4,0,1,0,0
Art,Illustrator,3.14,8,1,4,1,0,0,0,1,4,2,3,2,0,0
Art,Animator,2.26,3,0,5,1,8,1,3,0,4,3,1,3,2,0
Art,Art Director,3.92,9,0,4,0,3,1,3,0,0,0,4,0,4,0
Architecture,Landscape Architect,2.79,5,1,3,1,3,1,3,4,1,4,0,1,4,0
Chemistry,Analytical Chemist,2.13,6,1,2,1,4,1,2,3,4,4,3,4,0,1
Law,Judge,3.41,9,0,4,0,6,1,1,7,2,1,4,3,0,0
Education,Special Education Teacher,3.02,6,0,4,1,0,1,4,3,0,2,2,1,1,0
Finance,Risk Analyst,2.43,9,0,4,0,3,0,1,3,1,4,7,3,4,1
Medicine,Nurse,3.897633655929945,3,2,1,1,5,0,2,0,0,4,3,0,1,1
Education,Special Education Teacher,2.29,9,1,4,1,0,1,1,3,3,4,1,4,1,1
Psychology,School Psychologist,3.76,8,0,4,0,3,1,0,4,0,2,3,1,3,1
Physics,Physicist,3.73,1,0,0,0,1,1,0,1,4,2,2,2,0,1
Computer Science,Game Developer,2.51,9,1,3,0,2,1,7,3,1,1,4,1,1,0
Marketing,Brand Manager,3.51,1,2,3,0,0,0,4,9,1,1,3,2,2,0
Business,Entrepreneur,2.91,7,1,1,0,2,1,1,8,2,0,3,3,1,1
Chemistry,Inorganic Chemist,2.41,7,0,1,1,5,0,2,4,1,4,4,1,3,1
Business,Manager,2.09,3,1,3,0,9,0,1,7,4,4,4,3,3,1
Finance,Financial Analyst,3.44,3,2,4,1,5,0,2,2,0,2,7,0,0,0
Computer Science,Cybersecurity Analyst,2.35,6,2,2,0,8,0,10,3,1,4,0,2,2,0
Music,Composer,2.43,9,0,4,1,9,0,1,0,3,0,2,4,1,0
Law,Legal Secretary,2.11,3,2,2,0,4,0,1,7,4,0,3,2,2,1
Medicine,Surgeon,3.6161063475734085,2,1,2,1,0,1,4,2,3,4,1,0,3,1
Biology,Biologist,2.85,6,1,4,0,8,1,2,0,3,0,1,4,3,1
Biology,Zoologist,3.96,0,2,0,0,7,1,3,3,4,4,4,3,4,0
Finance,Credit Analyst,2.88,6,0,1,1,9,1,2,2,4,2,8,1,4,1
Engineering,Aerospace Engineer,2.2,4,2,3,0,2,1,1,3,10,4,7,3,1,0
Music,Composer,3.58,7,0,4,1,0,1,4,3,4,2,4,2,0,1
Education,Education Administrator,3.89,4,1,0,1,6,0,0,0,3,3,4,4,0,1
Computer Science,Data Scientist,3.9,3,0,0,0,5,0,10,1,1,0,0,2,3,1
Art,Graphic Designer,2.77,7,0,5,0,3,1,3,4,1,3,4,1,1,0
Marketing,Digital Marketing Specialist,2.48,8,0,2,0,4,1,4,7,0,4,1,4,1,1
Art,Art Director,2.39,3,0,4,0,9,0,2,2,4,4,0,0,4,1
Architecture,Interior Designer,2.83,8,0,1,0,1,0,4,4,1,3,0,0,3,1
Law,Paralegal,3.51,8,2,1,0,1,0,4,7,2,4,4,1,2,1
Finance,Financial Advisor,2.91,2,2,3,1,1,1,0,2,3,1,7,3,3,1
Architecture,Architect,3.31,3,2,0,1,9,0,1,0,2,0,0,1,3,1
Medicine,Dentist,3.624244569907233,0,2,0,1,0,1,2,4,2,2,2,4,4,1
Finance,Credit Analyst,2.06,7,0,2,0,9,1,1,1,4,2,7,2,2,1
Psychology,Clinical Psychologist,3.21,9,0,1,1,2,1,3,1,2,2,1,0,2,0
Medicine,Physician Assistant,3.857032041111807,3,2,0,1,8,0,3,4,4,2,0,2,4,0
Art,Animator,2.64,8,1,5,0,9,1,4,1,4,0,0,3,4,1
Engineering,Mechanical Engineer,3.1,9,1,4,1,7,0,2,2,8,4,7,4,4,1
Biology,Ecologist,2.29,9,1,3,0,1,0,1,4,4,4,3,1,3,1
Architecture,Architectural Technologist,3.53,1,0,3,0,3,1,0,2,1,4,1,4,0,1
Biology,Zoologist,3.99,8,0,0,0,6,1,1,4,2,0,4,3,4,1
Computer Science,Web Developer,2.31,6,0,1,0,6,0,7,4,2,3,0,4,0,1
Computer Science,Web Developer,3.03,8,0,2,1,6,0,10,4,2,1,0,4,1,1
Architecture,Architectural Technologist,3.55,2,2,1,1,7,1,0,3,2,1,4,2,1,0
Marketing,Advertising Manager,2.03,1,0,1,0,8,0,2,7,0,3,0,4,3,0
Biology,Zoologist,3.01,0,0,3,0,9,1,2,4,3,4,1,4,2,0
Medicine,Pharmacist,3.861126284196533,4,1,0,1,2,0,4,4,4,0,0,4,4,1
Chemistry,Organic Chemist,2.15,4,0,1,1,9,0,4,4,0,1,0,0,0,1
Finance,Investment Banker,3.52,7,0,2,1,7,1,0,2,3,3,9,4,3,0
Engineering,Electrical Engineer,3.38,2,0,2,1,5,0,3,4,10,2,9,3,0,0
Engineering,Chemical Engineer,2.39,3,1,4,0,6,0,1,1,9,4,8,3,0,0
Chemistry,Analytical Chemist,3.79,8,1,1,0,9,1,4,2,1,3,3,1,1,1
Biology,Biotechnologist,3.52,7,2,3,0,2,1,2,1,2,1,1,2,1,1
Business,Construction Manager,2.63,7,2,3,1,7,1,1,9,3,2,0,2,2,1
Law,Legal Secretary,2.16,5,1,0,0,1,1,1,8,1,3,2,1,3,0
Engineering,Fluid Mechanics Engineer,3.33,3,2,2,1,9,1,2,2,8,4,8,0,1,1
Law,Legal Consultant,2.24,4,2,3,1,7,1,2,8,4,2,3,3,1,0
Psychology,Industrial-Organizational Psychologist,3.07,7,0,4,0,5,0,2,2,1,2,0,3,0,1
Chemistry,Organic Chemist,2.28,4,2,2,0,2,1,0,2,4,0,1,1,3,0
Computer Science,Software Developer,2.93,7,1,3,0,7,1,7,0,2,4,2,4,0,1
Business,Human Resources Specialist,2.92,0,1,4,0,4,0,4,10,1,1,4,4,0,1
Engineering,Chemical Engineer,2.68,6,0,0,1,2,0,4,1,10,3,9,3,3,1
Education,Special Education Teacher,3.88,3,0,0,0,6,0,3,0,3,1,4,0,3,1
Finance,Actuary,3.06,0,2,1,0,3,1,3,4,0,1,10,1,3,1
Architecture,Landscape Architect,2.46,9,1,3,1,7,1,3,3,3,3,2,3,4,1
Engineering,Acoustics Specialist,2.03,3,1,0,0,8,0,2,2,7,1,10,0,0,0
Architecture,Urban Planner,3.75,8,1,3,0,2,1,2,3,0,3,3,1,2,1
Engineering,Civil Engineer,3.46,6,0,3,0,0,1,2,4,9,0,10,0,1,1
Architecture,Urban Planner,3.05,6,0,1,0,9,1,2,4,1,2,4,2,1,1
Music,Conductor,2.3,10,1,0,1,3,1,1,2,0,1,0,2,3,1
Business,Human Resources Specialist,3.92,1,2,3,0,5,0,4,7,3,1,2,3,2,0
Finance,Financial Advisor,3.28,4,0,4,1,6,0,4,3,1,1,10,2,2,1
Physics,Physicist,2.21,7,0,3,0,1,1,4,0,0,1,0,0,4,0
Business,Entrepreneur,2.66,9,2,4,0,6,1,3,9,1,2,3,3,4,0
Law,Lawyer,2.09,2,1,3,0,1,0,2,8,3,3,1,2,1,1
Finance,Financial Controller,2.54,5,0,0,1,4,1,3,0,4,2,7,4,4,1
Marketing,Social Media Manager,2.18,7,1,2,1,7,1,2,8,0,0,3,0,2,0
Psychology,Clinical Psychologist,3.48,2,2,4,1,8,1,0,2,4,4,1,1,1,1
Psychology,Music Therapist,3.56,6,0,0,1,0,0,4,0,2,3,4,0,2,1
Engineering,Biomedical Engineer,2.45,9,0,4,0,6,0,4,0,7,2,7,0,4,0
Psychology,Music Therapist,2.04,1,1,3,1,4,1,1,2,1,0,4,3,1,0
Engineering,Biomedical Engineer,3.83,5,2,3,0,2,0,3,2,10,1,9,4,3,0
Architecture,Architectural Technologist,2.19,1,0,0,0,0,0,1,3,1,1,1,3,1,0
Business,Human Resources Specialist,3.52,2,0,4,0,0,1,0,7,3,2,3,2,2,0
Education,Curriculum Developer,2.72,0,2,1,1,6,0,2,2,2,1,1,1,3,0
Law,Lawyer,2.81,5,1,0,1,0,1,1,8,3,1,2,2,3,0
Architecture,Landscape Architect,2.04,7,2,0,0,3,0,4,2,3,3,1,0,2,1
Business,Manager,2.97,8,2,1,1,4,1,2,7,2,0,1,4,0,1
Computer Science,Cybersecurity Analyst,2.22,8,0,0,1,1,0,7,2,1,1,2,4,0,0
Architecture,Interior Designer,2.01,0,0,1,0,7,0,4,3,2,2,3,1,0,1
Psychology,Clinical Psychologist,2.44,8,1,1,0,6,1,0,4,1,4,4,0,3,1
Biology,Biologist,2.23,4,1,0,0,4,0,2,3,4,3,2,0,2,1
Law,Legal Consultant,3.42,2,2,4,0,0,1,1,9,1,4,3,3,2,0
Computer Science,AI Researcher,2.7,2,2,1,0,2,1,8,0,2,3,3,3,1,1
Art,Graphic Designer,3.83,2,2,5,0,6,1,0,4,2,4,0,3,3,0
Medicine,Doctor,3.9592273624696506,5,0,4,0,4,0,3,4,1,0,3,1,0,0
Law,Judge,3.05,0,2,0,1,2,1,3,9,1,1,2,0,2,1
Medicine,Pharmacist,3.9563747314395643,0,0,3,0,1,0,2,1,4,4,1,3,0,0
Engineering,Aerospace Engineer,3.05,5,1,4,1,0,0,4,4,7,0,10,3,4,1
Finance,Credit Analyst,2.73,8,2,4,0,4,0,4,0,1,1,10,4,1,1
Music,Sound Engineer,3.09,5,2,0,1,4,0,3,0,0,0,4,0,0,0
Architecture,Architect,2.25,6,2,1,0,0,1,3,0,1,2,1,2,4,0
Engineering,Acoustics Specialist,3.42,2,0,4,0,7,0,1,4,9,3,9,0,4,1
Physics,Astronomer,2.64,1,2,3,0,9,1,4,0,3,1,0,1,1,1
Education,Principal,2.44,7,2,0,1,2,0,3,2,4,0,0,1,0,0
Marketing,Market Research Analyst,3.19,2,0,4,1,4,0,0,8,1,4,3,4,3,1
Psychology,Art Therapist,3.7,7,2,0,0,3,1,3,1,4,0,0,2,0,1
Business,Manager,3.08,7,2,2,1,2,1,2,9,1,3,2,0,4,0
Finance,Accountant,3.44,9,0,4,1,1,1,1,4,3,2,10,1,0,1
Art,Art Director,3.34,4,1,3,1,9,0,4,2,4,4,3,2,4,0
Education,Special Education Teacher,3.74,0,2,0,1,9,0,1,3,2,0,1,4,3,0
Physics,Astronomer,2.49,1,2,0,1,1,1,4,2,2,1,3,1,3,0
Music,Musician,3.29,9,0,4,0,7,1,1,2,3,0,0,4,4,0
Business,Construction Manager,2.77,1,1,0,1,2,1,3,7,4,3,3,0,1,1
Finance,Credit Analyst,3.98,2,2,4,0,9,1,3,1,0,4,7,1,4,1
Architecture,Architectural Technologist,2.69,7,0,0,0,1,0,0,3,3,1,2,0,3,0
Education,Education Administrator,3.17,8,2,2,1,9,0,0,2,4,0,0,2,1,0
Computer Science,Data Scientist,3.57,3,0,4,1,6,1,10,0,0,0,0,1,0,1
Music,Composer,3.63,10,1,0,0,0,1,0,2,1,4,0,0,1,0
Education,Curriculum Developer,3.23,3,1,1,1,9,1,4,3,1,4,3,1,4,0
Finance,Accountant,3.38,4,1,0,0,8,1,4,4,2,0,7,1,2,1
Art,Animator,3.59,7,1,4,0,9,0,1,1,2,2,0,0,4,0
Art,Artist,3.6,9,1,4,1,3,1,1,1,1,0,4,3,0,0
Finance,Accountant,2.19,3,1,4,0,6,0,1,1,1,0,8,2,2,1
Finance,Investment Banker,2.99,6,0,4,1,2,1,1,1,4,2,9,3,4,0
Biology,Microbiologist,2.33,5,2,2,0,4,0,0,0,2,4,2,0,4,1
Art,Graphic Designer,3.5,4,2,4,1,7,1,4,0,2,1,3,0,4,0
Education,Special Education Teacher,3.35,5,1,3,0,6,1,0,0,2,2,0,2,1,1
Computer Science,Software Developer,2.52,1,2,1,1,0,1,8,0,3,3,1,1,0,0
Engineering,Aerospace Engineer,3.29,7,2,4,0,8,0,4,1,9,0,8,1,2,1
Psychology,Clinical Psychologist,2.79,3,2,2,1,5,1,3,0,4,0,3,0,2,1
Education,Teacher,2.05,9,2,2,0,7,1,1,2,1,3,0,3,4,0
Chemistry,Physical Chemist,3.27,9,0,1,0,1,0,3,1,3,4,2,0,3,0
Finance,Credit Analyst,3.79,9,0,2,1,8,1,2,3,0,3,9,3,1,0
Engineering,Electrical Engineer,2.56,0,0,2,0,3,0,2,3,8,1,10,2,0,0
Music,Music Teacher,3.03,7,0,2,1,2,1,3,4,1,1,1,4,4,0
Architecture,Urban Planner,2.96,8,2,3,0,4,1,0,4,4,4,4,4,2,1
Education,Special Education Teacher,3.06,2,1,2,0,9,0,2,2,1,2,1,0,1,1
Medicine,Surgeon,3.5126931778301724,9,0,2,1,1,0,0,4,0,3,0,2,0,0
Architecture,Landscape Architect,2.8,7,2,3,1,4,1,3,0,2,3,4,0,3,1
Physics,Quantum Physicist,2.27,7,2,0,0,2,0,3,1,0,3,4,4,4,1
Medicine,Doctor,3.933496880005762,9,0,1,0,7,1,0,1,4,1,1,0,2,0
Business,Construction Manager,2.98,1,2,4,0,0,0,2,7,1,0,1,4,3,0
Biology,Biologist,2.66,5,2,4,0,7,0,2,1,4,1,1,0,0,0
Music,Composer,3.5,7,1,4,0,1,1,0,3,2,2,1,1,3,1
Education,Curriculum Developer,2.03,9,1,4,0,0,1,4,1,4,1,3,4,2,0
Physics,Quantum Physicist,3.07,2,1,4,0,2,1,2,0,4,3,4,1,3,1
Biology,Ecologist,2.58,9,0,2,1,1,1,4,0,3,3,1,2,4,0
Biology,Biologist,2.86,7,0,2,0,2,1,4,1,0,2,3,4,1,0
Law,Legal Analyst,3.69,1,2,2,1,4,1,4,9,4,2,1,3,4,1
Medicine,Nurse,3.8263730539259373,7,0,4,0,5,1,0,4,4,4,1,0,4,1
Finance,Credit Analyst,2.07,7,1,4,1,7,1,2,1,3,0,10,3,3,0
Art,Graphic Designer,3.11,2,1,5,0,5,1,4,4,4,4,1,2,1,1
Physics,Quantum Physicist,3.66,3,2,4,0,4,1,3,3,1,2,0,4,2,0
Physics,Quantum Physicist,2.62,2,2,0,1,3,1,1,1,4,4,0,0,3,1
Finance,Financial Advisor,3.32,3,1,2,1,0,1,3,0,2,4,10,3,4,1
Biology,Ecologist,2.53,1,0,2,1,0,0,3,1,2,0,1,0,1,1
Architecture,Interior Designer,3.74,6,0,3,1,5,0,3,2,2,2,1,4,1,1
Business,Construction Manager,2.79,1,0,3,1,4,0,0,10,0,1,4,2,1,1
Marketing,Market Research Analyst,3.42,5,0,0,0,1,0,3,7,2,2,2,1,3,1
Psychology,Music Therapist,2.26,7,0,3,0,4,0,0,0,1,4,1,3,3,0
Medicine,Dentist,3.703196154136761,6,0,0,1,2,1,2,1,4,0,4,3,3,0
Physics,Nuclear Physicist,2.52,0,1,2,0,8,1,1,1,1,4,0,4,1,0
Education,Principal,3.6,2,2,0,1,1,0,0,3,4,4,0,4,1,0
Medicine,Doctor,3.542754265427234,7,0,0,0,2,0,3,3,2,0,0,3,2,0
Finance,Credit Analyst,3.4,5,2,1,0,1,0,2,3,4,3,7,4,0,0
Chemistry,Analytical Chemist,2.58,9,0,0,1,0,1,1,2,0,4,2,2,2,1
Law,Legal Analyst,3.04,2,0,1,1,0,1,2,9,4,2,0,4,1,1
Chemistry,Inorganic Chemist,3.44,0,1,1,0,3,1,4,0,3,0,3,3,4,1
Chemistry,Physical Chemist,3.39,0,0,2,0,9,0,0,2,2,1,2,0,2,0
Psychology,Counselor,3.86,4,0,0,1,3,0,1,3,1,4,2,1,2,1
Medicine,Doctor,3.955312001770152,5,2,4,0,2,1,4,0,1,4,3,4,0,0
Education,Curriculum Developer,3.12,6,0,2,0,5,0,2,2,3,4,4,2,1,0
Music,Musician,3.09,7,0,2,0,2,1,1,2,4,1,0,2,4,1
Biology,Microbiologist,3.6,5,2,3,0,7,1,2,4,1,0,4,0,1,1
Architecture,Urban Planner,2.42,4,1,4,1,0,1,4,2,2,2,2,1,2,1
Physics,Nuclear Physicist,3.96,2,2,3,1,0,0,4,2,1,0,4,1,3,1
Computer Science,Web Developer,3.43,3,1,3,1,0,0,10,3,3,2,1,0,4,0
Medicine,Dentist,3.672596072440638,8,1,0,1,3,0,3,3,4,2,2,4,2,0
Architecture,Architect,2.33,9,2,2,0,4,1,2,1,2,0,0,3,4,0
Finance,Financial Analyst,3.61,2,2,3,1,9,1,0,1,3,0,7,0,1,0
Chemistry,Inorganic Chemist,3.21,8,0,0,1,0,1,3,4,0,2,0,2,1,0
Physics,Nuclear Physicist,3.16,5,0,1,1,4,0,4,0,0,0,2,2,0,1
Computer Science,Web Developer,2.01,6,2,2,1,4,1,8,1,3,1,1,0,1,1
Finance,Financial Advisor,2.31,8,1,3,1,4,1,4,4,1,1,10,0,1,0
Architecture,Architect,3.05,2,0,3,1,2,1,2,3,0,0,1,0,2,1
Chemistry,Organic Chemist,3.32,8,1,4,0,6,1,2,2,2,1,4,4,0,1
Chemistry,Analytical Chemist,3.35,9,0,1,0,0,1,3,2,4,0,4,4,3,0
Medicine,Physician Assistant,3.735532726346907,9,1,0,0,0,1,3,4,1,0,1,4,2,0
Education,Teacher,3.49,4,2,2,1,1,0,4,4,1,1,0,0,4,1
Physics,Astronomer,3.95,1,0,3,1,2,0,1,1,1,4,3,4,0,1
Finance,Investment Banker,3.62,4,1,0,1,6,1,2,3,4,4,7,2,0,1
Art,Art Director,3.73,8,1,4,1,1,0,3,4,3,1,2,0,1,0
Architecture,Architectural Technologist,2.97,4,2,2,0,9,1,4,1,3,3,3,2,4,0
Engineering,Civil Engineer,3.83,5,1,0,0,7,0,2,2,7,4,9,3,4,1
Chemistry,Analytical Chemist,2.32,2,2,1,1,5,0,2,2,2,3,1,1,2,0
Engineering,Aerospace Engineer,3.99,9,1,1,1,7,0,2,2,8,2,10,4,0,1
Finance,Financial Analyst,2.16,2,2,0,0,2,0,3,1,1,0,7,3,3,1
Psychology,Counselor,3.78,0,1,3,0,0,0,1,1,0,4,0,0,2,0
Marketing,Digital Marketing Specialist,3.14,7,2,1,0,9,0,1,7,0,2,2,0,2,0
Engineering,Electrical Engineer,3.23,0,0,4,1,4,1,3,0,8,2,8,3,1,0
Medicine,Dentist,3.9075272142012287,1,2,2,0,7,1,3,4,2,3,1,1,4,1
Law,Lawyer,3.11,9,2,4,1,1,0,1,8,3,3,4,1,4,0
Law,Legal Consultant,3.36,2,1,2,0,7,1,1,7,2,0,3,0,1,1
Architecture,Architectural Technologist,2.07,2,2,3,0,0,1,4,2,0,0,0,3,2,0
Finance,Accountant,3.66,3,2,2,0,9,0,3,0,1,2,8,3,1,0
Engineering,Mechanical Engineer,3.08,7,2,1,1,3,0,3,4,9,1,10,3,4,0
Chemistry,Physical Chemist,2.65,4,0,1,0,1,0,1,2,0,1,4,4,0,1
Business,Entrepreneur,3.8,0,1,4,0,8,0,2,8,1,4,0,3,4,1
Education,Curriculum Developer,3.58,8,1,1,0,7,0,4,1,3,1,3,0,4,1
Business,Human Resources Specialist,3.24,6,0,1,0,8,1,3,7,3,2,2,2,2,1
Music,Composer,3.68,6,0,4,0,0,1,3,4,2,0,4,0,0,1
Law,Paralegal,3.8,2,1,3,1,3,1,4,7,1,0,3,3,0,0
Engineering,Civil Engineer,3.47,5,2,4,1,8,1,4,1,9,3,7,3,0,1
Music,Music Teacher,2.81,9,1,1,1,2,0,4,3,3,1,3,2,3,1
Music,Conductor,3.35,6,2,4,0,7,0,3,0,0,2,1,1,2,0
Engineering,Acoustics Specialist,2.63,2,0,1,0,0,1,4,1,8,0,10,4,3,0
Business,Entrepreneur,2.54,8,0,1,0,2,1,2,8,0,0,3,0,1,0
Biology,Microbiologist,3.34,1,2,2,1,5,0,2,1,4,4,2,0,3,1
Biology,Biochemist,2.3,8,1,1,0,9,0,2,1,0,3,1,1,0,0
Business,Entrepreneur,2.22,3,1,4,1,0,1,4,9,3,2,3,1,2,1
Marketing,Marketing Manager,2.22,9,1,2,1,5,0,3,9,2,4,3,3,4,1
Marketing,Advertising Manager,2.08,3,0,3,1,0,0,3,10,3,2,1,4,4,1
Psychology,School Psychologist,3.23,6,1,2,0,3,1,3,0,1,4,4,3,1,0
Marketing,Social Media Manager,2.49,1,0,4,1,8,1,1,7,0,4,4,0,3,1
Education,Curriculum Developer,2.04,8,1,0,1,5,1,4,4,0,2,4,0,0,1
Finance,Investment Banker,2.72,8,0,3,0,5,1,1,2,0,1,10,3,4,0
Chemistry,Analytical Chemist,3.2,4,2,2,1,0,0,3,2,2,0,3,1,4,0
Marketing,Market Research Analyst,3.01,3,1,4,1,3,1,2,7,4,1,0,2,1,1
Computer Science,Data Scientist,2.97,8,2,2,0,3,1,9,0,0,2,2,1,1,1
Art,Artist,3.82,2,0,4,0,5,1,0,1,2,3,2,4,2,1
Education,Principal,2.04,6,1,0,1,1,1,1,3,1,3,1,3,3,1
Law,Legal Secretary,3.75,5,1,4,1,5,1,0,8,4,3,2,0,3,0
Education,Curriculum Developer,3.45,3,0,2,0,8,0,2,2,1,0,0,0,1,0
Business,Construction Manager,2.3,9,2,2,0,7,0,2,7,2,3,3,1,0,0
Physics,Astronomer,3.97,1,2,4,1,5,0,0,1,1,2,1,2,2,0
Marketing,Market Research Analyst,2.16,3,1,0,1,0,1,1,9,4,1,1,0,2,1
Chemistry,Inorganic Chemist,3.11,2,0,1,0,4,0,2,0,1,2,4,4,2,1
Marketing,Brand Manager,3.6,3,0,0,0,3,1,3,9,2,0,3,4,4,1
Marketing,Market Research Analyst,2.96,7,2,0,1,4,0,0,9,0,3,0,2,0,0
Medicine,Surgeon,3.7481831236006182,9,0,3,0,3,0,3,2,4,3,1,2,0,0
Engineering,Acoustics Specialist,2.62,9,1,0,1,2,1,2,4,8,3,9,2,1,1
Finance,Accountant,2.63,8,0,2,0,6,0,1,1,1,2,8,4,1,0
Medicine,Doctor,3.553299126566886,8,0,2,0,2,0,1,4,2,4,4,2,4,0
Biology,Biologist,3.27,5,1,4,1,1,0,2,2,4,3,0,4,2,0
Education,Teacher,3.16,8,1,2,1,6,1,3,0,4,1,4,1,1,1
Psychology,Psychologist,3.08,3,2,4,1,2,1,2,4,0,3,4,1,1,0
Psychology,School Counselor,2.94,4,2,0,1,2,0,0,2,4,1,2,0,3,1
Psychology,Industrial-Organizational Psychologist,2.1,1,0,3,1,6,0,0,3,0,4,2,3,1,0
Music,Music Teacher,3.31,5,0,4,1,9,0,3,1,1,3,3,1,2,0
Finance,Credit Analyst,2.58,6,2,3,0,5,1,1,2,2,4,9,0,2,1
Physics,Nuclear Physicist,2.23,6,1,1,1,4,0,0,3,1,0,0,2,1,0
Chemistry,Organic Chemist,3.01,1,2,0,1,8,0,3,0,0,3,1,0,2,0
Psychology,Art Therapist,3.46,3,1,0,1,9,0,4,0,2,0,2,3,0,0
Medicine,Pharmacist,3.8473482354272135,3,1,1,0,9,1,3,4,0,2,3,1,0,0
Architecture,Urban Planner,2.89,5,1,0,0,8,1,2,4,0,4,4,2,2,0
Biology,Biochemist,2.84,0,1,4,0,8,0,4,4,0,3,0,4,1,1
Business,Human Resources Specialist,2.31,7,2,2,1,4,1,3,7,1,2,0,3,2,0
Music,Musician,2.29,7,2,1,1,5,1,2,4,1,4,0,3,4,0
Physics,Nuclear Physicist,2.35,5,0,4,1,6,0,2,0,4,1,3,2,4,1
Marketing,Marketing Manager,3.37,7,1,4,1,1,0,3,7,1,3,1,3,2,1
Biology,Biologist,3.96,9,2,1,1,7,0,1,1,0,0,2,2,0,0
Finance,Financial Analyst,3.36,5,1,2,0,0,1,2,3,1,4,7,0,4,1
Medicine,Surgeon,3.59256646441931,1,0,2,1,8,0,2,3,3,0,0,1,1,0
Business,Entrepreneur,3.59,5,1,4,0,7,0,3,10,1,4,1,2,3,1
Computer Science,Data Scientist,2.51,6,2,0,1,1,0,10,0,3,2,1,2,3,1
Finance,Credit Analyst,3.11,8,1,4,1,9,0,0,0,0,1,7,3,3,1
Business,Manager,2.46,3,1,0,0,1,1,4,9,1,0,3,2,4,0
Business,Manager,2.4,1,0,1,0,0,1,4,8,1,2,0,1,3,0
Biology,Ecologist,2.89,1,2,1,0,2,1,1,0,0,1,3,0,0,1
Chemistry,Chemist,3.89,3,1,2,1,9,0,1,2,4,2,2,4,4,0
Chemistry,Organic Chemist,2.2,0,0,3,0,8,1,2,3,2,2,2,3,0,1
Marketing,Marketing Manager,2.17,1,0,0,1,8,0,2,10,0,3,1,4,3,0
Chemistry,Analytical Chemist,3.64,7,0,3,0,2,0,4,3,4,3,1,0,2,0
Art,Graphic Designer,3.58,2,1,3,0,1,1,4,2,0,4,1,1,4,0
Marketing,Advertising Manager,2.64,7,1,4,0,6,1,1,8,3,4,1,2,4,0
Finance,Credit Analyst,3.27,4,1,0,0,7,0,1,3,2,0,10,2,1,0
Medicine,Doctor,3.7941318784849654,7,0,4,0,4,0,1,0,0,3,3,3,0,1
Medicine,Surgeon,3.590287672563667,4,2,2,0,8,1,3,3,0,2,2,2,4,0
Law,Legal Analyst,2.25,8,1,1,1,4,1,1,8,2,1,2,1,0,0
Medicine,Doctor,3.656427428252794,8,1,4,1,7,1,3,0,0,0,0,3,1,1
Computer Science,Game Developer,3.8,0,1,0,1,2,1,9,4,2,1,2,1,1,0
Education,Teacher,2.45,5,2,0,1,5,0,2,2,4,3,0,4,1,0
Education,Education Administrator,2.24,5,2,3,1,2,1,1,0,4,0,4,4,4,1
Marketing,Social Media Manager,3.61,5,0,4,0,0,0,1,9,0,1,2,2,4,1
Art,Animator,3.78,3,2,4,0,4,1,1,0,3,2,1,3,0,0
Law,Legal Secretary,3.34,4,1,4,1,0,1,4,10,1,4,2,2,0,1
Law,Judge,3.81,9,1,2,1,8,0,2,8,2,4,3,0,2,0
Physics,Nuclear Physicist,2.61,8,1,1,1,5,1,4,2,3,0,2,1,1,0
Marketing,Social Media Manager,3.47,3,0,2,1,0,0,1,9,0,4,2,2,1,0
Computer Science,Software Developer,3.73,5,0,4,1,9,1,8,1,0,2,0,1,1,1
Physics,Nuclear Physicist,3.81,0,2,4,0,7,0,2,0,4,4,2,4,2,0
Biology,Geneticist,2.77,3,2,0,1,7,1,1,1,4,1,1,3,3,1
Education,Special Education Teacher,2.56,6,0,0,1,1,0,1,2,1,0,2,2,1,1
Physics,Quantum Physicist,3.94,9,0,3,1,9,1,1,1,3,0,3,3,2,0
Medicine,Dentist,3.5384766008146045,2,0,4,0,0,1,2,0,2,2,0,0,1,0
Physics,Physicist,2.03,9,0,4,0,2,0,4,0,4,2,1,1,0,1
Chemistry,Analytical Chemist,2.77,2,0,1,1,9,0,4,1,0,1,4,4,1,1
Finance,Risk Analyst,2.78,2,2,3,0,5,1,2,1,3,4,8,1,4,0
Finance,Credit Analyst,2.08,0,0,0,1,8,1,3,0,4,0,9,4,4,1
Chemistry,Inorganic Chemist,2.61,2,1,0,1,3,1,1,2,2,4,2,1,3,1
Architecture,Architect,2.83,4,0,3,1,6,1,2,0,3,3,2,2,4,1
Computer Science,Web Developer,3.51,5,0,4,1,2,1,7,2,2,4,3,1,1,1
Engineering,Aerospace Engineer,2.61,7,2,4,0,4,0,2,1,7,4,7,2,3,0
Architecture,Urban Planner,2.94,1,1,0,1,5,0,3,0,1,0,1,4,2,1
Education,Teacher,3.7,0,1,1,0,7,1,1,1,4,1,2,2,2,0
Education,Curriculum Developer,3.24,5,2,1,1,6,1,1,2,3,0,4,1,3,1
Business,Entrepreneur,3.6,3,1,1,1,3,1,4,10,0,2,4,1,2,0
Medicine,Physician Assistant,3.708753042013946,0,1,3,1,7,0,3,2,3,0,1,3,3,0
Computer Science,Data Scientist,3.59,5,0,0,1,7,1,8,1,1,1,0,4,2,0
Chemistry,Organic Chemist,3.95,1,1,0,0,6,0,3,1,0,4,1,4,2,1
Computer Science,AI Researcher,3.37,0,0,3,0,2,1,9,2,3,1,3,3,0,0
Law,Legal Analyst,2.55,5,0,0,0,0,1,0,7,1,3,2,1,0,0
Business,Entrepreneur,2.62,6,2,2,0,3,0,3,10,4,3,0,2,1,0
Chemistry,Analytical Chemist,2.13,2,0,3,0,7,1,3,1,4,2,2,3,4,0
Biology,Geneticist,2.71,2,2,0,1,0,1,2,3,2,4,1,2,3,0
Engineering,Biomedical Engineer,2.31,0,1,0,1,7,0,0,4,10,0,8,3,4,0
Chemistry,Physical Chemist,2.45,5,2,4,0,1,0,3,4,2,1,0,2,2,0
Business,Entrepreneur,3.83,6,0,1,1,9,0,1,7,3,3,4,2,0,1
Architecture,Architectural Technologist,3.96,7,2,1,0,3,0,2,4,1,1,0,4,2,0
Physics,Astronomer,2.66,6,2,0,0,9,0,2,3,2,1,1,3,0,0
Architecture,Architectural Technologist,2.26,7,1,4,1,4,0,3,3,4,3,3,4,1,1
Education,Special Education Teacher,3.3,4,1,3,0,5,0,0,1,0,0,1,0,0,1
Medicine,Surgeon,3.790378603613664,4,2,1,0,2,1,1,4,4,1,0,4,3,1
Physics,Quantum Physicist,2.17,4,1,3,1,9,1,0,0,2,2,1,2,2,1
Law,Lawyer,2.02,0,0,0,1,4,0,4,8,0,3,4,3,4,1
Chemistry,Chemist,3.9,8,0,3,1,1,0,1,2,2,4,4,3,3,0
Computer Science,Web Developer,3.18,8,0,4,0,2,1,7,0,3,2,1,1,3,1
Psychology,Psychologist,2.59,0,2,2,1,9,1,3,4,4,3,2,2,2,1
Art,Art Director,2.88,2,0,5,1,8,1,1,0,3,1,2,2,3,1
Finance,Financial Controller,3.02,6,2,4,1,7,1,0,4,3,3,8,3,4,0
Architecture,Urban Planner,3.84,3,2,1,0,8,0,2,2,4,0,2,4,2,1
Computer Science,Web Developer,3.84,5,2,4,0,0,1,8,1,0,0,0,1,2,0
Finance,Financial Advisor,2.79,0,1,0,1,4,1,3,4,4,2,7,4,3,1
Art,Art Director,3.81,3,0,3,0,4,0,1,4,4,3,1,4,4,1
Engineering,Acoustics Specialist,2.04,8,1,2,0,0,0,3,0,9,4,8,4,0,1
Education,Teacher,3.45,3,2,2,0,0,1,0,3,1,4,4,2,0,0
Physics,Nuclear Physicist,2.78,6,1,0,1,7,0,0,4,1,4,3,1,4,1
Physics,Physicist,2.34,3,2,4,0,1,1,2,0,0,4,3,0,4,1
Medicine,Surgeon,3.839823641346535,1,0,3,1,4,1,1,2,0,0,0,2,0,0
Business,Construction Manager,3.67,7,2,0,0,4,1,4,9,0,3,4,4,0,1
Art,Graphic Designer,2.47,8,1,3,1,7,0,2,1,0,2,0,1,2,0
Marketing,Advertising Manager,3.72,3,1,0,1,1,1,2,7,4,4,3,1,0,0
Architecture,Interior Designer,3.95,1,2,4,0,9,1,1,0,0,0,3,0,0,0
Education,Special Education Teacher,3.5,1,0,3,1,5,0,0,2,1,3,3,0,1,0
Finance,Financial Advisor,2.49,6,1,1,1,4,0,4,0,2,3,9,4,4,1
Music,Composer,2.33,10,0,4,0,6,0,4,3,1,1,3,4,4,1
Engineering,Acoustics Specialist,2.07,0,2,1,1,0,1,2,3,7,1,8,4,4,0
Business,Human Resources Specialist,3.99,3,0,2,1,6,1,4,10,1,1,4,4,0,1
Business,Construction Manager,3.78,7,0,2,1,3,0,4,9,3,1,3,0,3,1
Music,Musician,2.87,9,2,1,1,8,0,3,2,2,3,0,1,2,1
Physics,Nuclear Physicist,2.9,2,0,2,0,8,1,2,1,0,3,3,4,1,1
Computer Science,AI Researcher,2.25,0,2,3,0,7,1,7,1,3,2,4,4,4,0
Business,Human Resources Specialist,3.67,7,0,0,0,5,0,1,7,4,0,4,2,3,0
Computer Science,AI Researcher,2.92,3,1,2,1,9,0,8,4,3,3,2,0,0,0
Computer Science,Data Scientist,3.28,4,1,4,1,7,0,8,3,1,3,3,4,4,0
Music,Conductor,3.51,6,1,2,0,1,0,3,4,3,2,0,3,2,1
Law,Lawyer,3.4,5,1,4,0,3,1,2,7,0,2,4,1,0,1
Education,Principal,3.96,0,0,2,0,6,1,0,4,1,0,1,3,0,0
Biology,Geneticist,3.15,5,2,4,0,5,1,3,4,2,1,4,3,1,1
Art,Animator,3.21,2,0,3,1,7,1,4,2,1,0,4,1,4,0
Music,Conductor,3.03,5,2,4,1,4,0,2,0,0,3,1,1,3,0
Education,Education Administrator,2.28,3,2,0,1,9,1,3,1,4,3,4,0,1,1
Art,Illustrator,2.67,8,0,4,1,2,0,2,0,4,0,0,3,4,0
Finance,Accountant,3.24,7,0,0,1,8,0,2,3,1,0,7,3,0,0
Business,Human Resources Specialist,3.95,8,2,3,1,1,1,2,8,1,3,1,2,2,1
Physics,Nuclear Physicist,3.02,2,0,2,0,0,0,3,4,3,0,2,4,0,1
Art,Graphic Designer,3.12,7,2,4,0,4,0,4,1,0,1,3,1,1,0
Biology,Ecologist,3.63,3,1,3,1,2,0,2,0,0,0,2,2,0,0
Medicine,Surgeon,3.5769479531699275,8,2,0,1,6,0,0,3,0,1,4,3,0,0
Art,Artist,3.23,8,0,4,1,6,0,4,3,4,0,2,2,3,0
Biology,Biotechnologist,2.44,1,0,1,1,6,1,0,2,3,3,4,4,3,0
Architecture,Architectural Technologist,2.76,5,0,3,1,9,1,4,2,4,1,3,1,2,0
Psychology,School Counselor,2.49,9,1,2,0,3,0,2,4,0,4,2,0,3,1
Marketing,Marketing Manager,3.39,7,2,0,0,5,1,3,10,4,4,0,2,0,1
Psychology,Art Therapist,3.94,9,1,1,0,1,0,0,1,0,3,3,0,3,1
Engineering,Mechanical Engineer,2.91,9,1,3,1,7,0,0,0,7,2,9,1,3,0
Finance,Risk Analyst,2.98,0,2,4,1,9,1,1,3,4,3,9,0,2,1
Biology,Geneticist,3.48,2,1,1,0,5,1,2,4,3,0,3,1,3,1
Education,Special Education Teacher,2.26,7,0,2,1,1,1,2,2,0,4,4,3,2,1
Physics,Physicist,2.5,6,0,4,1,2,1,0,2,2,3,0,0,0,0
Finance,Accountant,2.35,0,2,2,1,0,1,0,0,4,4,9,2,2,1
Education,Teacher,2.06,7,2,0,1,2,1,3,3,4,4,2,0,4,0
Psychology,Counselor,3.06,0,0,3,0,2,1,0,1,2,0,1,3,0,0
Law,Paralegal,2.39,7,0,2,1,3,1,3,8,3,3,0,3,3,1
Education,Teacher,2.01,7,0,1,1,5,1,3,3,2,4,1,1,2,0
Chemistry,Chemist,3.48,0,1,3,1,9,0,1,4,4,0,2,3,1,1
Physics,Physicist,3.12,0,0,2,0,7,0,2,1,4,3,1,0,3,0
Art,Artist,2.42,0,1,5,1,9,0,1,1,4,4,0,3,3,0
Marketing,Social Media Manager,2.99,3,2,0,1,7,0,2,10,4,0,1,0,4,0
Medicine,Pharmacist,3.686344258506157,5,0,4,0,1,1,1,3,1,2,2,0,4,0
Psychology,Industrial-Organizational Psychologist,3.56,5,1,3,0,7,1,1,1,1,1,2,2,2,1
Law,Judge,3.74,2,2,4,0,1,0,3,7,2,3,0,0,1,1
Biology,Microbiologist,3.18,7,2,1,1,4,1,4,4,2,0,2,1,1,0
Psychology,Counselor,3.36,2,1,0,0,5,0,4,1,2,3,2,4,1,1
Medicine,Physician Assistant,3.9810609862960247,5,1,0,0,5,1,4,0,0,1,0,0,0,0
Education,Curriculum Developer,2.33,2,0,0,1,4,0,2,1,2,4,2,2,4,0
Finance,Actuary,2.1,6,2,4,0,1,0,1,2,0,1,7,2,3,1
Engineering,Acoustics Specialist,3.76,3,1,3,1,8,0,1,0,8,3,7,0,3,1
Business,Construction Manager,3.63,3,2,3,0,6,1,3,7,4,1,0,3,2,0
Art,Animator,3.51,0,0,5,1,7,1,1,0,2,1,1,2,0,1
Engineering,Mechanical Engineer,2.68,0,0,2,0,7,0,3,1,10,0,9,2,3,0
Music,Music Teacher,3.94,7,2,3,1,5,0,1,2,1,0,1,1,3,1
Education,Curriculum Developer,2.08,6,0,3,1,1,1,3,0,1,1,2,1,1,0
Art,Animator,3.18,4,0,3,0,3,1,0,0,1,0,0,3,3,1
Music,Composer,2.35,8,0,2,0,4,1,3,0,2,4,1,2,2,1
Computer Science,Software Developer,2.18,6,1,1,1,0,0,9,4,4,0,3,4,2,0
Medicine,Nurse,3.580200052665036,4,0,2,0,7,0,2,1,2,3,0,4,0,0
Chemistry,Physical Chemist,3.12,0,1,4,1,9,0,3,4,3,2,2,1,2,0
Psychology,School Counselor,2.67,8,0,2,0,1,1,1,2,3,1,4,3,3,1
Law,Legal Analyst,3.18,7,0,2,1,3,0,0,8,4,2,1,4,3,1
Music,Musician,3.81,7,2,2,0,1,1,2,1,1,3,0,3,0,0
Marketing,Marketing Specialist,3.01,2,2,2,1,7,1,1,10,4,4,3,3,0,1
Marketing,Digital Marketing Specialist,3.13,8,0,1,0,4,1,0,7,1,0,2,1,2,0
Psychology,School Counselor,3.16,3,2,3,1,1,1,1,0,1,4,3,3,1,0
Finance,Investment Banker,2.65,6,2,3,0,3,0,4,4,4,1,9,0,0,0
Computer Science,Cybersecurity Analyst,3.3,9,0,3,1,2,0,8,4,1,2,2,0,1,1
Architecture,Interior Designer,2.91,0,1,1,0,3,1,2,0,4,2,1,2,2,0
Engineering,Acoustics Specialist,3.95,8,0,0,0,9,0,2,1,9,1,8,3,1,0
Education,Principal,2.11,8,2,4,1,1,1,0,0,1,2,0,4,2,0
Law,Paralegal,2.95,9,0,0,1,0,0,3,8,0,4,3,0,3,1
Art,Animator,3.5,4,1,3,1,5,0,3,0,2,2,4,3,2,1
Law,Paralegal,2.48,2,0,1,0,6,1,4,9,1,2,4,2,4,1
Engineering,Mechanical Engineer,2.28,1,2,2,1,3,0,4,3,7,0,10,1,0,1
Chemistry,Analytical Chemist,3.79,1,1,0,0,9,0,4,3,1,2,1,3,1,0
Art,Art Director,2.51,8,0,3,1,7,0,4,3,0,3,3,1,2,1
Psychology,Psychologist,3.35,7,1,4,1,4,1,0,0,2,4,1,3,2,0
Medicine,Doctor,3.817002851549806,0,1,2,0,9,1,1,1,4,2,4,2,2,1
Music,Sound Engineer,2.51,7,0,0,0,4,1,2,4,3,4,2,1,1,1
Business,Construction Manager,2.7,7,0,3,1,3,0,4,8,4,0,0,1,4,1
Art,Artist,3.47,1,2,4,0,8,0,0,4,4,2,0,0,0,1
Education,Principal,3.74,5,1,1,0,3,1,0,0,3,2,0,3,2,1
Computer Science,Software Developer,3.32,2,2,4,0,8,1,10,0,4,2,1,3,4,0
Chemistry,Organic Chemist,3.5,9,2,0,0,7,1,0,1,0,0,2,1,3,0
Law,Paralegal,3.94,7,0,1,0,7,0,3,10,3,2,0,1,2,1
Business,Human Resources Specialist,3.48,2,0,0,0,2,0,4,8,0,1,4,3,1,0
Physics,Physicist,2.87,6,2,4,1,7,0,1,2,0,2,2,1,3,1
Education,Curriculum Developer,2.16,5,2,4,0,4,0,3,3,2,1,0,0,1,1
Biology,Ecologist,3.75,4,1,2,0,4,0,4,1,3,4,3,1,3,1
Biology,Biochemist,3.39,5,1,2,0,0,1,3,2,1,3,2,0,2,1
Psychology,Clinical Psychologist,2.58,4,2,4,1,4,0,4,3,4,4,1,1,1,1
Finance,Risk Analyst,2.48,2,0,2,1,8,1,1,4,2,4,10,3,4,0
Biology,Microbiologist,2.44,5,1,0,0,7,0,3,1,4,3,4,0,3,1
Business,Construction Manager,3.41,3,0,2,0,0,1,2,9,4,3,4,1,4,0
Marketing,Marketing Manager,2.74,4,0,3,1,4,1,1,10,2,1,0,0,2,1
Biology,Ecologist,3.87,8,1,1,1,2,1,0,0,4,3,0,2,0,0
Engineering,Civil Engineer,3.1,4,0,1,0,8,1,2,4,8,2,8,2,0,1
Education,Teacher,2.27,5,1,2,1,7,0,0,4,4,4,2,4,4,0
Physics,Astronomer,3.33,0,2,4,1,0,1,0,1,4,2,4,0,2,1
Law,Legal Consultant,3.27,6,1,0,0,7,0,3,10,2,3,0,1,3,0
Business,Human Resources Specialist,2.33,3,1,4,0,7,0,2,8,0,0,0,0,0,1
Marketing,Social Media Manager,2.74,3,1,2,1,0,0,2,8,2,1,3,4,3,0
Marketing,Digital Marketing Specialist,2.5,0,2,1,1,3,1,4,7,4,4,4,0,1,0
Biology,Biochemist,2.53,7,2,2,0,0,0,0,2,4,2,4,4,1,0
Engineering,Chemical Engineer,2.77,8,2,2,1,8,0,3,0,9,3,9,2,0,0
Biology,Biochemist,3.34,7,2,1,0,5,0,2,2,1,1,4,3,0,1
Architecture,Architectural Technologist,3.68,6,1,2,0,4,0,2,3,3,1,4,1,4,0
Law,Paralegal,3.53,0,0,2,1,1,1,1,9,4,0,4,3,1,0
Business,Manager,2.23,4,1,2,0,1,1,4,9,3,2,1,2,0,0
Finance,Accountant,2.64,1,2,1,0,5,1,2,3,1,1,8,1,0,1
Architecture,Interior Designer,3.73,9,1,1,1,2,1,1,1,0,4,4,3,4,1
Biology,Geneticist,2.86,0,0,3,0,6,0,3,2,2,4,0,0,4,1
Education,Principal,2.83,4,2,2,1,1,0,0,0,3,1,0,1,0,1
Physics,Nuclear Physicist,3.07,7,1,4,1,5,0,4,4,0,4,2,4,2,1
Law,Legal Consultant,3.21,4,0,2,1,8,1,2,8,4,3,1,4,0,1
Finance,Financial Advisor,3.55,4,0,4,0,4,1,1,4,4,3,8,4,4,0
Medicine,Dentist,3.972151817478915,0,2,2,1,7,1,2,0,3,1,0,4,2,1
Education,Education Administrator,3.84,7,1,4,0,2,1,0,1,0,4,3,2,0,1
Biology,Biotechnologist,2.77,8,1,0,1,8,0,2,1,1,0,2,3,3,1
Law,Lawyer,3.21,2,1,0,1,5,1,0,9,2,1,0,3,1,0
Art,Animator,2.22,2,1,3,1,5,0,4,1,3,1,4,1,2,0
Chemistry,Analytical Chemist,2.98,0,1,0,0,0,0,1,1,3,2,1,2,1,0
Medicine,Pharmacist,3.919973582336236,4,2,0,0,8,1,0,0,3,0,0,1,0,1
Physics,Nuclear Physicist,3.8,3,0,2,0,4,0,3,0,2,3,1,1,4,0
Biology,Ecologist,2.17,1,0,2,0,1,1,4,0,2,0,4,2,3,1
Computer Science,Web Developer,3.48,6,1,4,1,2,0,8,2,4,4,4,0,3,0
Finance,Investment Banker,2.63,4,2,4,1,3,0,3,0,3,2,9,4,0,1
Computer Science,Data Scientist,3.52,3,1,2,0,1,1,7,2,1,4,2,0,0,0
Physics,Astronomer,2.02,0,2,1,0,4,1,2,3,3,1,3,2,0,1
Education,Special Education Teacher,2.83,4,0,4,1,4,1,3,0,2,1,0,1,1,1
Finance,Risk Analyst,2.29,7,1,0,1,5,0,2,3,4,0,10,0,3,0
Psychology,Art Therapist,3.52,5,0,2,1,0,0,4,1,0,0,0,1,1,0
Biology,Zoologist,2.12,1,2,2,0,3,0,3,3,3,2,3,2,2,1
Education,Curriculum Developer,3.35,8,1,1,1,8,0,1,1,0,4,3,0,2,1
Psychology,Clinical Psychologist,3.2,1,2,2,0,9,1,4,4,0,0,0,3,1,0
Business,Entrepreneur,2.43,6,0,4,1,3,0,2,9,4,0,1,1,4,1
Psychology,School Counselor,2.23,8,1,0,0,2,0,2,0,3,1,4,0,2,0
Medicine,Dentist,3.991988823979914,8,0,1,1,5,1,4,2,0,1,0,3,1,0
Computer Science,Software Developer,2.39,0,1,0,0,0,0,8,1,3,1,0,2,2,1
Finance,Actuary,3.88,8,0,1,1,1,0,0,2,3,2,8,3,4,1
Chemistry,Organic Chemist,2.67,5,2,4,1,6,0,4,3,4,0,2,1,0,1
Finance,Financial Controller,2.23,2,0,3,1,3,1,2,3,0,0,9,2,4,1
Biology,Biologist,2.1,9,1,4,1,1,1,0,1,4,4,3,4,0,1
Education,Teacher,2.23,2,2,3,1,3,1,3,0,0,1,3,1,0,0
Law,Paralegal,2.21,9,0,4,0,7,0,0,8,2,1,4,1,3,1
Chemistry,Inorganic Chemist,3.09,3,0,1,1,0,0,1,3,3,2,1,0,3,1
Medicine,Nurse,3.984096713957361,9,1,3,0,4,0,1,2,0,4,4,1,2,0
Business,Entrepreneur,3.59,6,2,0,0,6,1,2,7,4,4,2,4,0,1
Art,Art Director,3.23,6,2,3,1,8,1,1,4,3,0,4,4,3,1
Music,Sound Engineer,2.14,7,0,0,0,4,1,1,1,3,3,3,1,2,1
Medicine,Physician Assistant,3.765177196864128,8,0,3,0,7,0,1,3,2,4,1,3,0,0
Law,Judge,2.95,1,2,2,0,0,1,2,7,1,3,3,0,1,1
Medicine,Pharmacist,3.516263089745626,2,2,1,1,7,0,2,2,1,0,1,3,1,0
Architecture,Landscape Architect,2.94,5,2,2,0,0,0,1,1,1,0,1,3,0,1
Engineering,Mechanical Engineer,2.06,7,1,1,0,8,0,2,4,10,0,9,4,1,1
Engineering,Aerospace Engineer,2.06,5,0,0,1,4,1,2,3,7,2,9,3,0,0
Chemistry,Chemist,3.55,8,0,0,1,0,0,1,4,2,3,1,4,4,1
Architecture,Landscape Architect,2.22,7,0,2,1,7,1,3,1,3,0,0,2,2,1
Chemistry,Inorganic Chemist,2.33,0,0,0,1,3,0,3,2,3,4,2,3,1,0
Business,Construction Manager,2.15,4,2,1,0,4,0,4,7,2,4,1,4,3,1
Biology,Ecologist,3.68,8,2,4,1,4,1,2,1,4,0,0,0,0,0
Law,Lawyer,2.06,1,2,3,0,9,1,3,10,2,3,1,3,0,1
Biology,Zoologist,2.95,4,2,1,0,7,0,4,2,2,1,0,1,1,0
Biology,Ecologist,2.47,9,1,2,1,5,1,4,4,0,0,2,1,1,0
Art,Animator,2.5,0,0,3,0,9,1,2,3,1,1,0,0,0,1
Engineering,Mechanical Engineer,2.03,2,1,1,0,0,0,0,4,10,3,10,1,2,1
Medicine,Nurse,3.992175703701452,4,1,2,1,5,1,0,1,2,2,2,2,1,0
Chemistry,Chemist,3.45,2,1,2,1,0,1,4,3,4,3,1,2,2,1
Marketing,Advertising Manager,3.75,4,0,2,0,5,1,2,8,3,2,0,3,3,0
Architecture,Urban Planner,3.53,7,1,0,0,3,1,3,3,2,3,3,2,0,1
Physics,Astronomer,2.34,8,2,3,0,6,0,3,0,3,4,1,4,0,0
Art,Artist,3.55,0,0,3,1,8,0,0,0,3,2,0,1,2,0
Medicine,Surgeon,3.9300611985946023,5,2,3,0,2,1,1,4,0,1,2,1,3,1
Chemistry,Chemist,2.1,2,1,4,1,0,1,4,1,2,0,2,4,4,1
Education,Education Administrator,3.23,0,0,4,1,1,1,2,1,0,0,4,3,0,0
Chemistry,Analytical Chemist,2.44,4,0,3,0,6,0,0,0,3,4,1,0,2,0
Computer Science,Software Developer,2.1,1,0,3,0,9,1,7,4,3,1,3,3,2,0
Music,Musician,2.16,5,2,0,1,5,1,2,4,3,2,2,1,2,1
Music,Musician,2.67,8,1,0,0,0,0,0,3,0,2,4,4,0,1
Medicine,Surgeon,3.779824341743457,1,0,1,0,0,1,0,1,1,4,3,2,0,1
Music,Music Teacher,2.33,8,1,2,1,6,1,2,4,0,2,0,1,4,0
Medicine,Surgeon,3.7588558216923555,2,2,4,0,6,0,2,3,0,3,3,4,0,0
Computer Science,Software Developer,2.1,3,2,1,0,0,1,7,1,1,3,3,4,4,1
Engineering,Acoustics Specialist,3.7,8,2,0,0,9,0,0,0,7,0,8,2,3,1
Engineering,Acoustics Specialist,2.76,9,0,3,1,6,1,3,1,8,4,10,1,1,0
Art,Graphic Designer,2.95,6,0,4,0,1,1,4,3,4,1,4,3,3,0
Psychology,Forensic Psychologist,2.72,3,2,2,1,6,1,3,4,2,4,4,2,3,0
Architecture,Urban Planner,2.39,3,0,0,1,0,1,2,0,3,3,4,1,0,0
Law,Legal Secretary,2.24,8,0,1,0,7,0,0,8,0,2,1,2,3,1
Art,Graphic Designer,3.62,9,1,5,0,1,0,0,2,0,3,0,1,2,1
Biology,Microbiologist,3.33,2,1,1,1,7,0,3,0,1,4,1,2,1,0
Physics,Astronomer,2.54,4,1,4,0,4,0,3,2,0,3,3,2,3,0
Biology,Zoologist,2.22,9,1,4,0,9,0,4,4,4,1,2,3,1,1
Chemistry,Inorganic Chemist,2.44,2,1,1,1,3,1,3,4,0,3,4,1,2,0
Architecture,Architect,3.78,4,1,3,0,0,0,3,2,2,1,0,4,4,1
Physics,Quantum Physicist,3.11,0,0,4,1,6,1,0,4,3,0,0,4,1,1
Computer Science,Data Scientist,2.47,1,0,0,0,9,0,7,1,2,0,0,0,2,1
Finance,Investment Banker,3.98,0,0,0,0,0,0,0,1,4,0,9,2,0,0
Computer Science,AI Researcher,3.74,4,0,3,0,6,0,7,1,1,3,1,0,0,1
Architecture,Architect,3.2,0,0,1,0,8,0,2,0,3,1,3,3,0,1
Chemistry,Chemist,2.82,9,2,1,1,8,0,3,0,3,1,3,3,4,1
Chemistry,Organic Chemist,2.61,4,1,1,1,6,1,2,2,1,1,0,2,3,1
Law,Paralegal,2.97,5,0,3,1,1,1,4,10,2,3,1,1,0,0
Law,Legal Consultant,3.04,7,2,0,1,6,0,4,10,2,1,0,3,1,1
Engineering,Aerospace Engineer,2.18,7,0,3,0,0,1,3,0,8,3,10,4,3,1
Business,Human Resources Specialist,3.59,2,1,4,1,8,1,0,9,1,3,4,2,4,0
Business,Human Resources Specialist,2.5,9,2,0,1,1,0,1,9,3,1,1,3,2,1
Education,Education Administrator,2.74,1,0,3,1,9,1,4,3,3,3,2,0,0,1
Business,Construction Manager,2.5,5,2,1,0,0,1,2,10,0,2,3,2,4,1
Music,Musician,2.17,10,1,0,1,6,0,2,4,2,3,2,1,1,0
Law,Legal Consultant,3.87,2,1,0,1,5,1,0,8,2,2,2,2,4,0
Law,Legal Consultant,2.0,9,1,0,1,3,1,1,9,4,2,1,2,3,0
Education,Education Administrator,2.19,2,0,4,0,8,1,3,0,1,3,1,1,2,0
Biology,Zoologist,2.75,8,0,4,0,6,0,4,4,3,4,4,3,4,1
Engineering,Civil Engineer,3.05,0,2,4,1,7,1,0,3,8,4,10,4,4,0
Computer Science,AI Researcher,2.75,2,1,2,0,3,1,9,0,3,4,2,1,0,0
Engineering,Mechanical Engineer,3.98,6,2,4,1,6,0,2,2,10,0,8,2,4,0
Physics,Nuclear Physicist,2.69,3,2,3,1,4,1,4,2,1,3,2,0,2,0
Chemistry,Inorganic Chemist,3.9,0,1,2,0,3,1,3,1,2,0,2,0,2,0
Marketing,Advertising Manager,2.64,7,0,4,1,9,0,0,7,1,2,0,2,0,1
Biology,Biotechnologist,3.21,5,2,0,1,8,1,0,3,4,4,4,3,3,1
Biology,Geneticist,3.68,0,1,2,0,8,1,1,4,3,1,3,3,0,1
Medicine,Doctor,3.664508718907331,7,1,1,1,1,1,3,1,3,3,2,4,0,0
Computer Science,AI Researcher,3.41,1,0,4,1,9,1,10,1,2,3,1,2,4,1
Finance,Financial Controller,3.84,3,1,1,1,7,1,4,3,0,3,10,2,1,0
Medicine,Dentist,3.8948492535712393,2,2,4,0,8,0,0,2,0,4,1,4,1,0
Biology,Zoologist,2.66,6,1,0,1,1,0,4,0,3,0,0,4,3,1
Computer Science,Data Scientist,2.91,2,2,0,0,0,1,10,1,0,0,1,4,2,0
Law,Legal Consultant,2.03,8,0,0,0,4,1,3,8,3,3,1,4,1,1
Music,Music Teacher,3.77,7,1,1,0,9,1,1,1,1,4,1,2,4,0
Medicine,Physician Assistant,3.6661573126775546,9,0,4,1,8,1,0,1,4,0,4,1,4,1
Education,Teacher,3.58,6,2,0,0,0,1,3,3,0,4,3,4,2,1
Engineering,Electrical Engineer,3.62,4,2,3,1,6,0,4,1,10,0,9,0,3,0
Law,Legal Consultant,2.25,3,0,3,1,9,0,4,9,2,3,1,1,3,1
Art,Artist,3.48,1,2,3,0,4,1,3,1,4,3,2,4,4,0
Education,Curriculum Developer,2.13,6,2,2,0,5,1,0,4,2,3,1,1,1,0
Engineering,Aerospace Engineer,3.05,7,2,2,0,4,1,1,2,9,1,9,0,3,1
Architecture,Architect,3.63,6,1,2,1,4,0,4,1,3,2,4,0,4,0
Biology,Zoologist,2.64,2,0,4,0,8,0,2,0,1,1,3,2,0,1
Physics,Quantum Physicist,3.46,8,1,3,1,2,1,1,3,3,2,0,4,2,0
Education,Teacher,2.87,3,1,0,0,9,1,2,1,3,1,3,1,3,1
Physics,Astronomer,3.05,5,2,1,1,9,0,2,2,1,1,0,2,4,0
Business,Manager,3.4,6,0,2,0,8,0,1,9,1,2,4,1,2,1
Psychology,Industrial-Organizational Psychologist,3.44,9,1,0,1,1,0,2,1,0,3,1,1,1,0
Computer Science,Web Developer,2.03,9,1,3,1,9,1,7,4,1,3,1,3,2,1
Law,Paralegal,2.1,1,1,2,0,7,1,0,10,2,2,1,3,2,0
Medicine,Pharmacist,3.88386194403339,8,1,3,1,9,1,0,2,0,4,4,0,0,1
Medicine,Pharmacist,3.5200545957062412,3,2,1,1,8,0,0,2,0,4,1,0,3,0
Computer Science,Software Developer,2.22,9,0,0,0,8,0,9,1,0,3,3,1,0,0
Law,Lawyer,3.26,7,2,4,0,5,0,1,10,1,0,3,2,3,1
Engineering,Mechanical Engineer,3.2,2,2,0,1,7,1,4,1,8,3,7,0,2,0
Architecture,Landscape Architect,2.13,6,1,3,1,2,1,3,2,3,3,4,0,0,1
Finance,Financial Analyst,2.49,0,1,1,0,5,1,0,3,2,4,9,3,3,0
Marketing,Social Media Manager,3.22,2,2,4,1,1,0,0,10,2,2,2,3,3,1
Education,Principal,3.52,5,2,4,0,9,1,4,0,1,1,0,4,0,1
Engineering,Electrical Engineer,2.07,3,2,1,1,1,0,0,3,8,0,9,2,3,0
Law,Legal Secretary,2.01,0,1,0,1,8,0,0,7,4,3,2,3,4,1
Education,Special Education Teacher,3.1,3,2,4,1,2,0,1,0,1,2,2,4,3,1
Computer Science,Data Scientist,2.0,1,2,4,0,8,0,7,1,2,1,0,3,1,0
Architecture,Urban Planner,3.89,8,0,0,1,6,1,3,1,3,4,3,3,1,0
Music,Sound Engineer,2.47,5,1,3,0,1,1,0,2,0,2,2,4,2,1
Computer Science,Data Scientist,3.47,9,1,4,1,6,1,8,3,3,2,3,2,3,0
Music,Musician,3.32,10,2,1,1,8,1,3,3,0,2,1,0,4,0
Marketing,Digital Marketing Specialist,2.66,9,0,2,1,8,0,4,8,4,1,1,1,0,0
Business,Construction Manager,2.27,1,2,1,1,4,0,1,8,2,3,0,4,2,0
Computer Science,AI Researcher,3.15,6,2,2,1,4,1,8,0,1,1,1,0,4,1
Art,Animator,3.22,9,1,3,1,5,0,3,4,0,4,0,0,4,1
Physics,Astronomer,3.4,1,1,2,0,5,0,1,0,1,1,0,2,2,1
Finance,Financial Controller,3.27,7,0,3,0,8,0,0,2,2,3,7,3,0,1
Computer Science,AI Researcher,3.11,9,2,0,1,4,1,8,4,4,4,4,2,0,0
Marketing,Market Research Analyst,3.02,8,1,0,1,3,1,0,7,3,0,4,4,0,1
Architecture,Architect,2.18,1,2,2,0,2,1,1,3,2,2,4,1,1,0
Engineering,Chemical Engineer,2.53,4,2,3,0,9,1,1,1,9,0,8,4,1,1
Computer Science,AI Researcher,2.4,1,1,3,0,7,1,7,1,4,1,1,4,3,1
Marketing,Brand Manager,2.85,5,2,3,1,0,0,2,7,2,1,1,2,0,0
Biology,Biologist,3.73,1,0,0,0,1,0,2,3,1,4,4,3,4,0
Chemistry,Inorganic Chemist,3.86,6,2,3,1,3,1,0,2,1,0,4,3,1,1
Engineering,Mechanical Engineer,2.22,2,1,4,0,7,0,3,3,7,3,9,2,1,1
Biology,Biotechnologist,2.86,9,0,3,0,7,1,0,4,2,2,2,2,3,0
Education,Teacher,2.73,7,0,4,0,4,0,1,3,3,1,3,1,4,0
Physics,Quantum Physicist,2.84,3,2,3,0,5,1,2,0,3,3,2,4,3,0
Biology,Biochemist,3.83,2,0,1,0,6,1,0,2,0,4,3,2,1,1
Art,Illustrator,3.23,3,2,3,0,6,0,0,4,0,3,3,4,1,0
Biology,Zoologist,3.37,4,0,3,0,4,1,0,0,1,0,0,2,4,1
Music,Composer,2.41,6,1,2,0,3,1,1,2,0,2,4,3,1,1
Law,Judge,2.22,7,2,0,0,9,1,3,8,1,4,0,4,1,0
Marketing,Marketing Specialist,3.9,4,2,2,0,2,0,0,10,3,2,3,3,1,1
Art,Graphic Designer,2.85,3,0,3,1,9,0,4,3,4,4,3,0,3,0
Law,Legal Consultant,2.28,1,0,3,1,6,1,0,10,2,1,4,3,4,1
Engineering,Aerospace Engineer,3.31,5,2,2,1,3,1,1,1,7,4,7,2,3,0
Physics,Physicist,2.99,3,0,1,1,9,0,0,2,3,3,0,4,0,1
Business,Construction Manager,3.98,6,1,0,0,8,0,1,10,1,2,3,1,1,1
Physics,Nuclear Physicist,3.24,2,1,0,0,1,0,1,2,3,2,0,4,4,0
Psychology,Psychologist,3.67,0,0,3,1,8,0,2,0,0,1,3,3,1,0
Music,Conductor,3.25,10,2,1,0,1,1,2,3,1,3,4,3,4,1
Biology,Biochemist,2.04,4,1,2,1,7,1,2,3,0,4,1,2,2,1
Psychology,School Counselor,2.24,4,2,3,1,1,1,1,4,2,1,4,2,0,1
Engineering,Electrical Engineer,3.41,9,2,1,0,9,1,3,4,9,3,7,3,1,0
Biology,Biotechnologist,3.19,3,1,0,0,3,0,3,0,2,0,4,2,4,0
Music,Musician,2.26,9,1,4,0,8,1,0,1,3,4,1,2,4,0
Finance,Accountant,3.56,1,0,1,1,3,1,2,3,1,4,7,4,4,0
Education,Special Education Teacher,2.88,2,2,3,0,7,1,0,1,0,1,4,0,1,0
Biology,Biochemist,3.55,3,2,1,1,5,1,1,1,3,1,1,0,3,1
Psychology,Music Therapist,2.02,7,2,2,0,1,0,3,0,1,4,0,4,0,1
Art,Illustrator,3.29,0,0,5,1,3,1,3,1,3,4,4,4,0,1
Physics,Physicist,3.0,3,1,4,1,8,1,1,3,3,0,2,1,1,1
Business,Construction Manager,2.78,7,1,3,1,2,0,4,8,4,3,2,3,1,0
Physics,Astronomer,3.02,8,0,2,0,0,1,2,4,4,3,0,4,1,1
Business,Entrepreneur,2.47,6,2,4,1,1,0,1,7,4,2,4,1,3,1
Marketing,Digital Marketing Specialist,2.89,8,0,1,0,1,0,0,7,2,0,3,2,1,0
Marketing,Market Research Analyst,3.9,7,0,3,1,7,1,1,8,0,3,2,1,1,0
Engineering,Acoustics Specialist,2.14,2,0,4,1,6,1,2,4,9,3,7,3,2,0
Business,Human Resources Specialist,2.67,1,0,2,0,9,1,4,8,0,2,3,0,3,0
Chemistry,Physical Chemist,3.53,7,2,2,0,3,0,4,1,1,0,2,4,0,1
Physics,Physicist,2.87,5,2,0,1,3,1,3,3,0,4,0,1,3,0
Engineering,Electrical Engineer,2.2,8,2,0,0,6,1,4,1,7,4,7,0,2,0
Business,Manager,3.64,4,2,2,1,7,1,3,9,4,3,0,4,0,1
Psychology,Clinical Psychologist,2.62,4,0,4,0,4,1,1,4,3,1,2,4,3,0
Finance,Financial Controller,2.96,0,2,1,1,2,1,1,1,2,4,8,2,3,0
Law,Judge,2.2,6,2,0,1,9,0,3,9,3,2,0,1,3,0
Medicine,Physician Assistant,3.9759058927116193,3,1,1,0,2,1,4,0,2,0,3,2,2,1
Art,Graphic Designer,3.8,7,1,3,0,7,0,1,0,1,3,1,0,0,1
Psychology,School Counselor,3.19,7,2,3,0,4,1,1,1,3,4,4,4,2,0
Finance,Credit Analyst,3.74,6,0,2,1,1,1,2,0,0,2,9,3,1,0
Biology,Zoologist,3.72,2,0,4,1,9,1,2,4,2,1,0,1,2,1
Law,Judge,2.22,4,0,3,1,9,1,3,8,2,0,4,1,0,1
Psychology,Forensic Psychologist,2.44,4,2,0,1,9,1,3,0,4,0,4,2,1,1
Engineering,Chemical Engineer,2.07,4,1,4,1,1,1,4,4,10,1,8,1,2,1
Psychology,Forensic Psychologist,2.55,1,1,2,1,3,1,3,3,0,4,2,2,3,1
Psychology,Clinical Psychologist,2.65,8,0,1,1,5,1,2,4,3,3,0,3,1,1
Marketing,Social Media Manager,3.16,4,2,2,0,6,0,2,8,1,0,4,2,0,1
Education,Special Education Teacher,2.88,0,0,1,0,3,1,3,1,3,4,0,3,1,1
Marketing,Digital Marketing Specialist,3.31,0,0,2,1,2,0,2,10,0,1,3,0,4,1
Computer Science,Cybersecurity Analyst,3.31,5,1,4,1,0,0,7,2,1,1,1,0,2,0
Architecture,Architect,2.53,3,1,0,1,5,0,1,0,2,2,0,1,4,0
Education,Curriculum Developer,3.07,3,1,2,1,7,0,2,2,4,1,3,2,1,0
Music,Sound Engineer,2.88,10,2,0,1,7,0,2,2,2,4,4,2,4,1
Business,Human Resources Specialist,3.68,9,0,3,0,2,0,2,8,2,3,2,3,1,1
Art,Art Director,3.52,2,1,5,1,4,0,2,4,4,3,4,4,0,1
Business,Human Resources Specialist,3.68,6,1,1,0,5,0,3,8,3,0,4,4,1,1
Chemistry,Analytical Chemist,2.5,6,1,2,1,2,0,4,2,2,0,3,2,2,1
Finance,Financial Analyst,3.95,7,0,2,1,6,0,1,1,2,1,8,1,3,1
Art,Graphic Designer,3.04,3,0,4,1,6,1,3,4,2,0,2,0,1,1
Psychology,Psychologist,3.66,8,0,2,1,4,0,3,1,4,2,0,0,4,1
Physics,Astronomer,3.18,4,2,1,0,7,1,0,4,4,1,0,0,1,1
Engineering,Fluid Mechanics Engineer,3.76,2,0,2,0,4,0,4,0,10,0,9,3,1,1
Biology,Biologist,3.51,8,2,2,1,7,1,3,0,2,1,1,4,2,0
Education,Special Education Teacher,3.4,6,2,1,0,6,1,2,0,0,0,4,0,2,1
Chemistry,Analytical Chemist,2.73,6,0,4,1,2,0,0,0,3,3,2,2,4,1
Music,Conductor,3.74,10,0,2,1,8,0,0,2,2,4,3,2,2,1
Education,Special Education Teacher,2.96,2,1,1,1,4,1,3,3,0,3,4,3,3,0
Education,Teacher,2.15,9,1,2,0,7,1,4,2,0,2,2,1,1,0
Art,Art Director,3.6,8,0,5,1,3,0,1,3,0,2,0,4,0,1
Computer Science,AI Researcher,3.06,2,1,4,0,4,0,7,0,0,4,3,4,0,1
Art,Animator,2.04,3,1,3,0,7,1,1,3,1,2,3,3,2,1
Medicine,Doctor,3.674286833620985,3,0,4,1,9,1,2,3,0,4,3,2,0,1
Architecture,Urban Planner,2.12,7,0,2,1,9,0,3,1,0,2,1,0,2,0
Computer Science,Cybersecurity Analyst,2.27,8,1,0,1,1,0,10,0,0,0,3,1,0,0
Music,Conductor,2.18,5,1,0,1,2,1,3,3,0,1,4,0,2,0
Business,Manager,3.57,0,2,2,1,4,1,2,7,3,4,3,3,3,0
Physics,Quantum Physicist,3.59,6,2,0,1,3,1,1,1,4,1,4,2,3,1
Business,Manager,2.79,4,0,3,0,7,1,4,7,4,1,3,4,2,0
Medicine,Dentist,3.783508130493334,3,1,3,1,0,0,1,1,4,4,0,2,2,1
Biology,Biologist,3.17,4,2,3,1,2,1,4,1,0,0,0,0,1,0
Art,Artist,2.14,5,1,4,1,5,1,0,0,2,3,0,0,4,1
Finance,Financial Controller,2.15,3,0,2,1,7,0,1,4,0,4,8,1,0,1
Medicine,Physician Assistant,3.962837415440356,7,1,3,0,4,0,3,3,2,4,1,0,2,0
Chemistry,Analytical Chemist,2.78,6,2,3,0,9,0,0,0,1,1,1,4,3,1
Education,Principal,2.2,0,1,1,1,0,0,1,2,2,0,4,3,2,0
Finance,Financial Analyst,2.2,1,1,1,0,7,1,3,3,2,3,7,1,3,0
Biology,Biologist,2.84,7,2,3,0,9,1,2,4,4,2,2,0,1,0
Art,Artist,3.9,0,1,3,0,0,0,4,0,4,2,2,4,2,0
Biology,Geneticist,2.14,9,2,0,0,1,1,3,1,0,3,2,3,2,0
Engineering,Civil Engineer,3.01,4,2,4,1,7,0,4,4,8,1,10,1,0,1
Marketing,Marketing Specialist,2.48,7,2,4,1,2,1,3,9,4,2,3,4,4,0
Finance,Accountant,3.51,3,2,2,1,2,1,0,1,1,0,7,4,3,1
Architecture,Architect,3.22,7,2,0,0,9,1,3,3,4,4,3,4,4,1
Computer Science,Web Developer,2.66,9,1,1,0,8,0,8,3,3,3,2,0,1,1
Marketing,Digital Marketing Specialist,2.09,4,0,0,1,1,1,2,9,4,4,1,2,2,1
Medicine,Dentist,3.690209852116399,3,2,1,0,3,1,0,2,1,2,1,0,3,0
Computer Science,Game Developer,2.83,8,1,2,1,9,0,7,4,1,2,4,4,3,0
Finance,Accountant,3.6,8,1,2,1,2,0,3,0,1,3,7,3,1,1
Chemistry,Chemist,3.79,4,1,1,0,1,0,2,1,0,0,0,1,3,0
Education,Education Administrator,2.01,7,0,2,1,7,0,2,0,4,2,3,2,0,1
Computer Science,Web Developer,3.04,3,2,4,0,3,0,8,0,1,3,0,3,4,1
Biology,Microbiologist,3.82,7,2,2,0,4,1,0,1,2,3,2,2,3,1
Education,Education Administrator,2.3,5,1,1,0,2,1,2,4,3,4,1,0,4,0
Medicine,Nurse,3.5842221925713598,8,2,0,1,7,0,3,3,3,3,2,3,0,1
Business,Entrepreneur,2.12,8,0,0,0,9,0,0,8,1,3,0,0,4,1
Computer Science,Cybersecurity Analyst,3.41,3,2,3,0,1,1,8,4,1,4,4,2,3,0
Art,Art Director,2.23,4,0,5,0,7,0,4,1,2,1,2,2,3,1
Law,Legal Analyst,2.14,3,1,0,1,2,1,0,8,0,3,3,0,4,1
Marketing,Social Media Manager,3.49,7,2,1,1,5,0,4,8,4,4,2,0,2,0
Marketing,Market Research Analyst,2.2,8,1,4,0,5,0,1,7,1,0,1,1,3,0
Art,Animator,2.31,9,0,4,0,4,1,3,3,0,4,2,3,3,1
Music,Conductor,3.58,8,2,1,1,9,0,4,0,3,0,3,3,3,0
Medicine,Dentist,3.69941139044845,1,0,3,1,8,0,0,1,4,2,4,2,2,0
Marketing,Advertising Manager,3.86,0,1,4,0,0,0,0,9,3,0,0,3,4,0
Education,Special Education Teacher,2.74,5,1,0,1,7,0,4,3,1,1,1,0,3,0
Psychology,Clinical Psychologist,3.59,1,2,1,1,1,0,0,3,0,1,2,2,1,1
Computer Science,Data Scientist,3.36,1,1,4,0,7,1,10,1,4,0,3,0,4,0
Art,Graphic Designer,2.11,5,2,5,1,6,1,1,3,1,4,4,4,1,1
Finance,Investment Banker,2.0,4,1,4,1,5,0,1,0,2,3,7,4,3,0
Physics,Physicist,3.03,7,0,2,0,4,0,2,3,4,1,3,4,3,1
Psychology,Forensic Psychologist,2.03,2,1,2,1,3,1,3,4,4,2,0,2,3,0
Education,Education Administrator,2.67,1,2,0,1,9,0,4,1,1,0,2,0,4,1
Marketing,Digital Marketing Specialist,3.37,8,2,3,0,9,0,2,10,4,3,0,4,2,1
Music,Sound Engineer,3.4,8,1,2,0,1,0,3,0,1,1,3,3,3,0
Engineering,Biomedical Engineer,3.52,3,1,1,1,8,0,1,3,10,2,7,2,2,0
Physics,Nuclear Physicist,3.49,4,2,3,1,1,0,1,3,1,0,0,0,3,1
Chemistry,Analytical Chemist,2.9,4,2,2,0,1,1,0,0,4,3,0,3,3,0
Education,Special Education Teacher,2.75,5,0,0,0,5,1,4,0,2,3,1,2,3,1
Computer Science,Game Developer,2.09,9,2,1,0,4,1,7,4,1,3,1,3,0,1
Art,Artist,3.79,6,2,4,1,8,1,3,0,1,4,4,1,4,0
Architecture,Architectural Technologist,2.43,6,2,0,1,7,1,0,4,0,1,0,2,2,1
Engineering,Chemical Engineer,2.98,5,1,4,0,6,0,0,2,7,2,10,3,3,0
Music,Musician,2.51,10,1,3,1,2,0,4,2,0,4,4,1,2,1
Marketing,Brand Manager,2.17,3,2,4,0,3,1,3,7,1,4,2,4,2,0
Education,Special Education Teacher,2.65,0,0,4,0,6,0,4,1,3,3,4,4,0,0
Psychology,School Psychologist,2.02,5,1,0,1,0,1,4,2,0,1,1,4,1,0
Engineering,Fluid Mechanics Engineer,3.2,7,2,0,1,1,0,3,4,8,4,10,0,1,1
Business,Construction Manager,3.89,9,0,4,1,5,0,2,8,1,2,3,2,0,1
Music,Music Teacher,3.54,6,1,1,1,8,0,3,0,2,2,0,0,1,1
Chemistry,Chemist,3.04,4,2,1,0,7,0,2,2,0,1,2,3,1,1
Chemistry,Physical Chemist,3.31,9,1,0,0,1,1,0,1,3,1,0,1,1,1
Education,Special Education Teacher,2.22,6,1,0,0,9,0,1,4,4,1,1,2,4,1
Architecture,Urban Planner,2.28,7,2,2,0,6,1,1,2,2,3,0,1,1,0
Business,Manager,2.16,2,0,0,1,4,1,0,8,4,4,0,1,1,0
Medicine,Nurse,3.561611327086083,2,2,1,1,4,1,1,4,0,1,0,4,2,0
Chemistry,Inorganic Chemist,3.65,0,0,2,1,4,0,4,2,3,0,4,0,3,1
Music,Music Teacher,3.28,9,1,0,0,9,1,0,4,2,4,4,4,2,1
Business,Human Resources Specialist,2.61,7,2,1,0,4,1,0,9,2,0,3,3,4,1
Business,Human Resources Specialist,2.92,8,0,4,1,0,1,3,10,3,3,0,4,0,0
Medicine,Surgeon,3.783656109814452,5,0,1,0,1,1,0,1,4,1,3,3,1,0
Marketing,Social Media Manager,3.93,6,0,1,0,4,1,2,10,2,0,3,4,4,1
Music,Musician,3.6,8,1,0,1,2,0,0,1,3,3,2,0,2,0
Biology,Biochemist,3.4,2,0,1,0,4,1,1,1,3,2,4,1,2,1
Finance,Financial Advisor,2.21,2,2,4,1,2,0,2,2,3,0,9,1,1,1
Law,Legal Secretary,3.41,8,2,3,0,8,0,3,7,1,0,3,4,4,1
Biology,Biochemist,2.13,3,2,4,1,7,1,3,1,4,2,0,3,0,1
Music,Sound Engineer,2.07,6,0,4,0,0,0,2,3,0,1,0,4,2,0
Psychology,Forensic Psychologist,2.25,9,0,1,1,2,0,2,2,3,3,0,0,0,1
Psychology,Music Therapist,3.03,8,2,4,1,7,1,0,2,4,3,3,4,3,1
Medicine,Physician Assistant,3.7575875851668656,7,2,4,1,2,1,0,4,0,4,3,0,1,0
Engineering,Chemical Engineer,3.63,9,0,2,1,5,0,2,1,8,4,7,1,3,0
Finance,Accountant,2.59,0,0,0,1,5,1,1,0,4,3,9,2,3,0
Art,Graphic Designer,3.38,9,0,4,0,3,0,2,1,3,0,0,4,3,1
Business,Manager,3.54,4,0,0,0,2,1,3,7,0,0,0,4,4,1
Chemistry,Organic Chemist,2.18,7,2,0,0,3,1,4,4,3,3,1,3,0,0
Biology,Biologist,3.19,5,0,1,0,2,0,3,2,3,3,2,4,4,1
Art,Graphic Designer,2.28,0,0,5,1,1,0,0,0,0,3,1,4,2,1
Medicine,Dentist,3.6510302509173975,7,1,3,1,8,1,0,0,1,2,3,4,1,0
Business,Construction Manager,3.47,6,1,1,0,7,1,3,9,1,1,0,2,1,1
Psychology,Clinical Psychologist,2.42,7,2,1,1,5,1,2,0,0,3,0,1,2,0
Music,Musician,2.99,6,1,1,1,9,0,0,0,1,2,1,1,2,1
Chemistry,Chemist,2.57,2,0,4,1,3,1,2,2,0,4,1,4,2,0
Medicine,Doctor,3.883328067600203,9,2,3,1,7,1,0,0,0,3,0,0,3,1
Finance,Financial Analyst,3.02,8,0,4,1,8,0,0,4,3,3,7,2,2,1
Business,Human Resources Specialist,2.72,5,1,4,0,5,1,0,8,1,1,4,1,2,1
Education,Curriculum Developer,3.87,0,0,0,0,0,1,4,0,1,1,1,4,4,1
Business,Human Resources Specialist,3.35,6,0,2,1,6,1,4,7,1,3,3,2,3,1
Law,Judge,3.17,3,0,1,1,6,1,2,10,3,0,0,0,0,1
Physics,Astronomer,3.67,2,1,0,0,9,1,3,0,1,4,1,1,4,0
Engineering,Civil Engineer,2.62,9,1,4,0,4,1,0,3,7,1,9,4,3,0
Art,Art Director,2.87,1,2,4,1,2,1,2,3,2,4,2,4,4,1
Law,Legal Analyst,3.19,0,2,0,0,0,1,0,9,0,0,1,4,3,0
Psychology,School Psychologist,3.27,8,2,3,0,4,1,2,3,1,0,2,2,2,0
Marketing,Market Research Analyst,2.14,6,0,1,1,7,0,4,9,2,2,0,2,3,0
Engineering,Fluid Mechanics Engineer,2.27,3,2,4,1,9,0,0,2,8,2,9,2,2,1
Music,Conductor,2.75,10,2,2,0,8,1,2,3,3,1,3,3,0,1
Medicine,Dentist,3.7972381675930866,7,2,3,1,0,1,3,0,3,1,2,2,3,0
Architecture,Architect,2.92,3,0,1,1,1,0,1,3,1,2,3,1,0,1
Computer Science,Cybersecurity Analyst,3.0,1,0,3,0,2,1,10,0,2,2,2,0,1,0
Business,Human Resources Specialist,2.78,2,0,4,1,3,0,3,9,2,1,3,0,4,0
Psychology,Art Therapist,2.75,0,1,1,1,6,0,0,3,2,1,2,0,1,1
Architecture,Urban Planner,3.32,6,0,1,1,6,0,4,1,3,4,2,3,0,1
Art,Artist,2.6,7,0,4,1,0,1,1,1,0,3,3,4,0,0
Marketing,Marketing Specialist,2.41,3,2,3,1,2,0,4,7,2,0,0,2,2,0
Biology,Zoologist,3.4,2,1,0,0,1,1,2,0,1,2,1,4,0,1
Chemistry,Chemist,3.76,5,1,4,0,6,0,4,4,3,3,3,1,2,0
Biology,Biologist,2.0,6,0,3,1,6,0,1,3,2,2,1,3,1,0
Medicine,Nurse,3.995627996851094,0,1,2,0,5,1,0,3,0,4,1,0,4,0
Medicine,Pharmacist,3.9093535285596164,1,2,0,1,5,0,3,2,3,2,3,3,1,1
Physics,Quantum Physicist,3.28,8,0,4,1,4,1,0,1,3,2,3,1,3,0
Art,Graphic Designer,2.64,0,1,4,1,9,0,3,3,4,0,3,2,2,1
Biology,Microbiologist,2.26,3,1,3,0,3,1,4,2,4,3,0,1,2,1
Architecture,Architectural Technologist,2.17,2,2,1,0,7,0,4,0,1,0,0,3,4,1
Computer Science,AI Researcher,3.67,0,2,0,1,4,0,10,2,1,3,0,2,0,0
Engineering,Fluid Mechanics Engineer,2.17,4,1,3,1,1,1,1,2,7,1,7,4,4,1
Engineering,Chemical Engineer,3.97,7,2,3,0,9,0,3,0,7,1,9,2,3,1
Biology,Biologist,2.68,1,0,3,1,5,1,3,4,4,2,0,1,4,0
Finance,Investment Banker,2.78,5,0,1,0,0,0,2,1,2,3,8,3,4,1
Architecture,Architect,3.21,2,0,2,0,1,0,3,3,2,2,3,4,3,1
Art,Illustrator,3.82,9,0,3,1,3,0,1,0,1,4,0,2,4,0
Marketing,Marketing Manager,3.53,8,2,0,1,6,1,0,10,0,3,3,0,0,0
Architecture,Urban Planner,2.55,2,0,4,1,1,0,4,0,0,4,2,1,1,1
Computer Science,Web Developer,2.93,0,2,0,1,9,1,7,3,1,1,1,2,4,0
Architecture,Landscape Architect,2.38,2,1,4,0,6,0,0,4,0,0,1,1,0,0
Psychology,Art Therapist,3.47,0,2,1,0,2,1,4,3,3,3,2,4,3,1
Computer Science,AI Researcher,3.4,6,2,4,0,0,0,10,1,1,2,4,0,2,0
Education,Principal,3.74,9,2,1,1,8,0,2,0,4,4,0,0,2,1
Business,Human Resources Specialist,3.33,3,2,4,0,6,0,1,8,0,1,0,3,4,1
Finance,Actuary,3.8,4,2,2,0,6,0,3,1,4,4,7,2,2,0
Marketing,Social Media Manager,2.21,7,0,2,0,8,1,0,9,0,0,0,3,1,0
Engineering,Aerospace Engineer,2.96,4,1,2,0,4,1,4,2,8,4,8,2,2,0
Music,Musician,2.1,6,1,0,1,5,0,3,4,1,1,2,3,3,0
Music,Conductor,3.47,7,2,1,0,1,0,4,3,4,1,2,0,1,1
Medicine,Doctor,3.7231761755988213,9,2,4,0,3,1,0,2,3,4,2,1,0,1
Finance,Actuary,3.77,0,2,4,1,3,1,3,4,1,0,10,2,0,1
Chemistry,Inorganic Chemist,3.98,6,2,1,0,3,0,1,1,3,3,2,2,1,0
Law,Legal Consultant,3.38,6,0,1,1,7,1,2,10,2,1,0,3,2,1
Chemistry,Physical Chemist,2.71,5,2,0,0,1,1,1,3,3,3,1,3,1,1
Physics,Physicist,2.9,2,1,1,0,8,0,3,4,1,1,1,1,1,0
Medicine,Dentist,3.8450024454103326,2,1,3,1,8,0,2,1,2,0,2,4,4,1
Engineering,Civil Engineer,3.97,4,1,4,0,2,0,2,3,10,2,9,1,1,1
Finance,Financial Analyst,3.91,7,2,1,1,8,0,3,0,0,3,8,4,1,0
Business,Entrepreneur,2.31,6,2,3,0,6,1,3,7,4,4,3,1,0,0
Music,Musician,2.54,5,2,0,1,1,1,4,0,0,2,2,1,0,0
Education,Special Education Teacher,2.34,3,1,3,0,6,0,2,2,1,1,0,2,2,1
Biology,Biochemist,3.91,3,1,0,1,3,0,1,2,4,3,2,0,2,0
Education,Education Administrator,2.42,7,0,0,1,4,0,2,4,4,0,3,3,1,0
Medicine,Physician Assistant,3.6173210409277265,7,0,3,1,1,1,3,1,2,3,2,2,1,1
Architecture,Landscape Architect,2.75,9,1,2,0,2,0,0,3,0,1,2,3,1,1
Engineering,Electrical Engineer,3.55,9,2,0,1,2,0,2,4,8,2,10,4,0,0
Engineering,Acoustics Specialist,3.38,1,2,4,1,4,1,2,2,10,0,10,4,3,1
Engineering,Fluid Mechanics Engineer,2.41,1,2,0,0,9,0,3,4,7,0,10,0,0,1
Engineering,Civil Engineer,3.42,7,1,1,1,7,1,0,2,7,3,8,4,3,0
Biology,Biochemist,2.61,8,1,4,0,0,1,2,1,2,1,1,2,1,0
Computer Science,AI Researcher,3.69,0,2,0,0,4,0,8,0,2,1,2,3,2,1
Medicine,Doctor,3.8939509941461323,2,2,3,0,1,1,0,3,3,3,3,2,0,0
Biology,Biologist,2.3,3,1,3,0,1,0,0,1,0,3,3,2,1,1
Business,Manager,2.76,6,0,2,1,7,0,3,10,1,0,4,0,2,0
Medicine,Pharmacist,3.891014043835193,1,0,0,0,9,1,4,0,0,4,3,0,2,1
Chemistry,Organic Chemist,2.0,8,1,2,1,5,1,3,3,3,4,4,2,2,1
Engineering,Acoustics Specialist,3.46,7,1,1,1,2,0,0,0,10,1,8,1,0,0
Music,Conductor,2.3,6,2,3,0,7,1,1,4,2,0,4,1,1,0
Physics,Physicist,3.08,6,1,2,0,6,0,1,1,4,4,4,1,2,0
Engineering,Mechanical Engineer,2.78,1,0,1,0,2,1,2,3,7,4,7,2,2,1
Business,Entrepreneur,3.65,2,0,0,0,9,0,4,9,0,0,4,2,3,1
Art,Art Director,2.62,3,2,3,1,9,1,3,0,4,3,2,2,2,0
Art,Art Director,2.24,4,1,5,0,1,0,2,3,0,4,1,0,1,1
Law,Judge,2.4,8,1,3,1,6,1,1,10,3,4,1,2,4,0
Medicine,Physician Assistant,3.7236012702524177,7,0,3,1,9,0,1,1,3,4,3,4,1,1
Physics,Quantum Physicist,2.72,8,1,2,1,4,0,4,0,1,3,0,1,4,0
Engineering,Mechanical Engineer,2.62,2,1,3,0,0,1,0,1,8,1,9,2,3,0
Biology,Geneticist,2.18,5,2,1,0,2,1,1,1,3,3,4,2,4,0
Biology,Ecologist,3.66,3,2,0,1,8,0,2,3,2,0,1,1,0,1
Law,Judge,2.42,4,2,4,0,4,0,3,9,0,4,2,1,3,1
Art,Illustrator,2.08,4,2,3,1,3,1,2,4,1,1,4,2,2,1
Physics,Quantum Physicist,2.77,0,0,1,1,9,0,2,3,2,2,4,3,0,0
Business,Entrepreneur,2.92,1,2,3,1,4,0,3,10,4,2,3,3,1,1
Engineering,Biomedical Engineer,2.83,2,0,2,1,5,1,4,1,8,4,7,1,0,0
Law,Legal Secretary,3.14,5,1,0,0,2,1,4,8,0,4,1,0,2,1
Business,Manager,3.47,2,2,0,1,3,0,4,9,4,2,0,2,0,1
Art,Graphic Designer,2.61,1,1,4,1,6,0,4,4,0,2,2,3,1,1
Education,Education Administrator,3.38,8,0,4,1,9,1,4,3,0,2,4,0,0,0
Architecture,Landscape Architect,2.36,4,2,2,1,3,0,0,2,2,1,1,1,1,1
Computer Science,AI Researcher,3.14,4,0,2,1,1,0,7,2,0,2,3,4,0,1
Engineering,Biomedical Engineer,3.19,6,0,4,0,7,0,0,0,9,2,7,3,0,1
Business,Entrepreneur,3.06,2,2,1,0,4,0,2,9,1,0,0,2,0,0
Medicine,Doctor,3.6118072172481557,4,0,0,1,3,0,0,4,0,0,4,0,4,0
Education,Special Education Teacher,2.58,2,2,4,1,4,1,4,0,2,4,4,0,3,0
Physics,Astronomer,3.39,4,1,3,0,7,0,4,2,4,2,3,3,2,0
Law,Legal Consultant,2.28,2,0,0,1,9,1,3,7,4,3,2,3,4,1
Business,Entrepreneur,2.63,5,0,1,0,0,0,1,7,4,4,0,2,3,0
Finance,Financial Controller,2.21,8,1,2,1,5,0,2,1,3,3,8,4,3,0
Music,Conductor,2.5,8,0,1,1,0,1,3,3,0,3,3,4,3,0
Medicine,Physician Assistant,3.569599012308765,9,1,4,0,1,0,1,1,0,3,4,1,2,0
Psychology,Music Therapist,2.15,2,1,2,0,0,0,0,4,3,3,2,2,2,1
Biology,Ecologist,2.08,4,0,0,0,6,0,2,3,2,0,1,0,4,0
Finance,Financial Controller,2.1,1,2,2,1,4,0,4,2,0,3,10,1,2,0
Music,Composer,2.2,7,1,2,1,1,1,3,2,1,3,3,3,1,0
Business,Manager,3.42,7,1,1,0,8,1,2,8,0,0,0,0,2,1
Computer Science,Software Developer,2.39,6,1,1,1,3,1,7,0,4,2,1,2,3,0
Music,Sound Engineer,2.29,6,0,4,1,3,0,0,0,4,0,4,1,2,0
Marketing,Advertising Manager,3.68,4,0,0,1,3,0,3,8,2,3,1,4,1,0
Education,Special Education Teacher,2.47,9,1,0,1,8,1,3,0,0,4,2,2,0,1
Chemistry,Chemist,3.51,7,2,2,1,8,0,2,4,2,0,3,1,2,0
Chemistry,Inorganic Chemist,3.84,9,2,0,1,8,1,4,1,4,2,0,1,3,1
Finance,Financial Controller,2.8,8,1,0,1,3,0,1,0,1,1,10,2,3,0
Finance,Actuary,3.37,0,1,1,0,6,0,1,0,0,4,10,3,3,0
Business,Construction Manager,2.01,6,2,4,1,0,1,0,10,4,1,4,0,4,1
Medicine,Pharmacist,3.65590806654263,5,1,1,1,4,1,1,2,1,1,1,0,1,0
Medicine,Physician Assistant,3.938052596299021,9,2,0,1,3,1,4,4,4,2,0,4,1,0
Architecture,Architectural Technologist,3.68,9,0,3,0,8,0,1,2,4,2,2,0,3,1
Medicine,Pharmacist,3.9257243187756328,3,0,4,0,8,1,1,0,0,4,3,2,3,0
Engineering,Fluid Mechanics Engineer,2.75,8,1,2,1,0,1,3,3,9,1,7,4,1,0
Physics,Astronomer,3.47,1,0,4,1,6,1,2,1,3,0,2,2,3,0
Engineering,Mechanical Engineer,3.44,5,0,3,1,1,1,1,2,9,3,10,3,4,0
Music,Composer,3.49,7,2,3,1,0,1,0,3,1,1,4,2,0,0
Psychology,Art Therapist,3.27,2,0,2,0,0,1,0,1,0,0,4,0,1,0
Engineering,Electrical Engineer,3.21,4,0,2,1,1,0,4,4,8,1,8,3,3,0
Psychology,School Counselor,3.6,9,1,4,1,7,0,3,2,3,0,3,4,1,1
Physics,Astronomer,2.77,4,0,2,1,6,0,1,3,1,1,3,3,4,1
Education,Education Administrator,2.63,4,1,0,0,0,0,2,3,1,1,2,4,0,0
Physics,Astronomer,3.65,2,2,1,1,3,0,4,0,2,2,3,1,1,1
Law,Legal Analyst,2.53,7,1,2,0,4,1,3,9,2,0,3,3,1,1
Education,Teacher,2.43,4,0,1,1,9,1,1,3,0,3,0,4,0,1
Marketing,Digital Marketing Specialist,3.14,5,1,2,1,0,1,1,9,0,0,0,1,0,1
Engineering,Civil Engineer,2.28,0,1,3,1,9,0,2,0,7,0,9,4,3,0
Psychology,School Counselor,2.33,3,0,2,0,9,0,0,2,0,0,1,1,3,0
Music,Musician,3.57,10,1,1,1,4,1,0,1,2,1,0,4,4,1
Law,Legal Secretary,3.12,0,2,0,0,4,1,1,9,2,3,0,0,3,0
Engineering,Biomedical Engineer,2.22,3,1,0,1,7,0,1,1,10,4,10,1,3,1
Computer Science,Web Developer,3.16,8,2,0,0,6,1,7,2,4,1,0,4,3,1
Art,Illustrator,2.6,2,2,5,1,3,1,4,2,0,2,0,0,0,0
Finance,Risk Analyst,2.49,4,0,3,1,1,0,1,3,4,4,7,1,4,1
Biology,Biotechnologist,2.84,2,0,1,1,2,0,0,4,0,0,1,3,4,1
Music,Musician,3.19,8,2,2,0,0,0,4,3,2,2,3,1,2,0
Psychology,Clinical Psychologist,3.26,7,2,3,0,3,1,2,0,2,1,4,3,2,0
Chemistry,Inorganic Chemist,2.98,5,2,3,0,1,0,4,3,3,1,4,2,2,0
Education,Special Education Teacher,2.07,0,0,3,0,2,0,0,3,1,0,0,0,1,0
Chemistry,Organic Chemist,3.73,0,0,2,0,4,1,4,0,3,2,0,0,4,0
Physics,Nuclear Physicist,3.04,7,2,1,0,3,0,4,3,2,4,4,3,1,1
Engineering,Acoustics Specialist,2.37,0,0,2,1,0,0,0,2,9,1,10,4,4,0
Physics,Astronomer,3.98,4,1,2,1,5,1,3,1,4,4,1,0,3,1
Education,Curriculum Developer,2.35,8,0,0,0,8,1,3,2,1,1,4,4,0,0
Business,Human Resources Specialist,2.45,0,1,3,0,9,0,2,9,3,4,2,0,0,1
Music,Composer,3.22,8,2,3,1,8,1,0,2,3,3,0,0,2,1
Education,Curriculum Developer,3.54,0,1,4,0,7,1,2,0,1,0,3,3,1,1
Finance,Financial Controller,3.07,3,1,4,1,0,1,4,0,3,0,8,4,0,0
Chemistry,Physical Chemist,3.57,9,0,3,1,1,1,2,2,4,0,3,4,0,1
Marketing,Marketing Specialist,2.41,6,2,2,0,9,1,2,9,4,1,2,0,3,1
Business,Entrepreneur,3.2,1,2,4,0,2,0,1,8,3,0,1,3,1,1
Architecture,Interior Designer,3.43,5,2,4,0,8,1,4,0,1,0,1,2,2,0
Medicine,Dentist,3.509596138411528,2,2,0,0,7,0,0,3,4,1,3,1,0,1
Computer Science,Game Developer,2.74,0,2,4,0,4,0,8,4,4,1,4,4,2,1
Chemistry,Organic Chemist,2.03,2,0,1,0,5,1,3,4,2,0,4,1,2,0
Art,Animator,3.77,5,0,3,0,1,0,2,0,0,1,4,0,1,1
Psychology,Art Therapist,2.94,1,0,2,1,3,0,2,0,4,2,3,3,1,0
Psychology,Counselor,2.63,5,1,0,0,9,0,3,0,0,3,4,2,4,0
Marketing,Advertising Manager,2.63,0,0,3,1,6,0,2,7,1,3,2,1,4,0
Physics,Physicist,3.88,0,1,1,1,2,0,3,4,3,3,1,4,0,1
Psychology,Counselor,2.35,0,2,1,0,5,1,4,1,0,2,3,4,3,1
Marketing,Advertising Manager,3.72,9,0,1,0,4,0,1,7,3,4,3,4,2,0
Business,Construction Manager,2.29,3,0,4,0,0,1,2,10,3,3,4,4,0,1
Education,Teacher,3.42,7,0,1,1,5,1,1,1,3,0,3,1,3,1
Physics,Nuclear Physicist,2.62,1,2,1,1,3,0,3,0,3,1,2,0,3,0
Biology,Biologist,2.37,7,2,2,0,0,0,2,0,1,2,0,2,1,0
Business,Construction Manager,3.54,9,2,3,0,4,0,1,9,3,0,2,1,3,1
Engineering,Biomedical Engineer,2.95,3,0,0,1,1,1,1,0,10,0,7,2,1,1
Computer Science,Game Developer,2.4,6,2,1,0,3,0,8,4,3,4,3,2,3,1
Medicine,Physician Assistant,3.575024332346992,1,1,1,1,2,0,4,1,1,3,4,1,3,0
Medicine,Pharmacist,3.6217389842024335,6,1,2,1,1,0,4,1,4,4,0,2,3,1
Psychology,Counselor,3.65,1,2,0,0,1,1,1,2,4,3,1,4,2,1
Law,Judge,2.53,0,2,2,0,7,1,1,7,3,1,0,1,3,1
Education,Curriculum Developer,2.16,4,1,2,1,2,1,0,0,1,0,2,2,4,1
Education,Special Education Teacher,3.94,2,1,2,1,9,0,0,4,4,0,2,2,3,0
Education,Curriculum Developer,3.43,6,2,4,1,2,1,4,1,0,3,2,4,1,1
Physics,Astronomer,3.24,7,1,1,1,1,1,1,3,4,1,3,1,4,1
Psychology,Art Therapist,3.26,0,2,4,1,3,1,4,0,3,2,3,1,0,1
Psychology,Psychologist,3.44,5,2,2,1,2,0,3,2,4,4,4,3,3,1
Business,Manager,2.29,6,0,2,0,6,1,0,10,4,1,2,4,4,1
Education,Teacher,2.73,7,0,1,1,9,0,2,1,2,0,2,2,0,0
Finance,Risk Analyst,2.28,8,0,4,0,6,1,0,4,3,4,7,1,2,1
Business,Manager,2.9,8,2,0,0,5,1,0,7,3,3,2,0,3,0
Computer Science,Cybersecurity Analyst,3.82,7,0,4,0,1,1,10,1,4,3,0,2,3,1
Finance,Risk Analyst,3.13,0,1,1,1,8,1,0,4,0,0,7,1,4,0
Finance,Accountant,3.48,2,2,4,0,4,0,3,4,4,4,8,3,0,1
Architecture,Urban Planner,3.71,9,2,2,0,3,0,3,2,3,0,4,2,2,1
Education,Principal,3.04,5,0,4,1,4,1,4,4,2,0,2,3,4,0
Art,Illustrator,3.5,8,0,3,0,0,0,2,3,4,3,0,1,3,1
Art,Illustrator,3.35,5,1,5,1,7,0,4,3,3,2,4,1,0,0
Law,Legal Consultant,2.89,7,0,1,1,0,0,4,10,4,0,3,0,0,1
Computer Science,Data Scientist,3.24,1,0,4,0,1,1,8,2,2,4,3,2,1,1
Medicine,Surgeon,3.806966792380031,9,1,0,1,2,0,3,4,2,2,2,1,1,0
Computer Science,Web Developer,2.87,2,1,1,1,2,0,9,2,0,0,1,2,1,1
Marketing,Advertising Manager,3.71,1,2,0,1,8,0,0,9,1,4,2,2,4,1
Biology,Biotechnologist,3.31,5,2,1,1,0,1,1,3,1,3,2,2,3,1
Psychology,Psychologist,3.17,0,1,3,1,5,0,0,2,0,2,1,0,3,0
Marketing,Digital Marketing Specialist,3.44,6,1,2,0,2,1,4,7,0,0,4,4,4,1
Engineering,Fluid Mechanics Engineer,3.35,0,1,1,0,5,1,3,3,10,1,7,1,0,0
Chemistry,Chemist,3.8,5,2,2,1,9,1,2,4,4,4,0,0,0,1
Business,Human Resources Specialist,2.46,5,1,0,1,5,0,1,9,2,3,3,1,1,0
Education,Teacher,3.9,8,0,4,0,6,1,1,4,0,3,2,1,2,1
Computer Science,Game Developer,2.4,3,2,1,0,1,1,9,0,1,2,4,2,0,1
Engineering,Fluid Mechanics Engineer,3.27,9,0,4,0,8,0,0,1,10,0,9,3,3,1
Art,Art Director,2.82,5,2,3,0,3,0,1,3,3,1,2,2,0,0
Chemistry,Inorganic Chemist,3.96,0,2,3,1,7,1,4,1,4,3,3,1,1,0
Music,Sound Engineer,3.35,6,2,2,0,2,1,3,4,4,3,3,2,3,0
Physics,Nuclear Physicist,2.87,5,2,2,1,7,0,4,3,1,0,1,3,2,1
Marketing,Marketing Specialist,3.33,7,0,3,0,8,1,0,10,4,4,0,1,4,1
Law,Judge,3.02,7,0,1,1,1,1,2,10,2,4,0,2,0,0
Computer Science,Data Scientist,2.52,0,0,4,1,9,0,9,3,2,1,1,3,2,0
Physics,Nuclear Physicist,2.81,3,0,0,1,9,0,4,3,2,1,1,3,4,0
Medicine,Pharmacist,3.6774206801284453,7,1,2,0,2,0,3,0,1,0,3,2,4,1
Education,Principal,3.09,9,1,4,1,1,0,1,3,4,3,0,0,0,0
Medicine,Dentist,3.7748080218594624,1,1,3,0,3,0,3,3,1,4,3,2,0,1
Music,Music Teacher,2.95,10,2,4,0,1,0,1,2,1,1,1,3,1,0
Engineering,Biomedical Engineer,2.86,2,1,2,1,7,1,0,0,10,2,10,4,0,1
Engineering,Chemical Engineer,2.54,2,1,2,1,5,0,1,3,9,1,7,2,0,0
Chemistry,Chemist,3.83,2,0,0,1,4,0,0,1,2,3,4,0,3,1
Psychology,School Counselor,3.57,4,2,1,1,5,0,4,1,4,2,1,3,4,0
Engineering,Mechanical Engineer,3.35,8,1,3,1,2,0,1,0,8,3,9,2,3,0
Engineering,Electrical Engineer,2.19,5,2,0,0,1,0,3,2,10,4,7,3,4,1
Psychology,Clinical Psychologist,3.52,2,0,2,1,6,1,4,2,0,0,2,4,4,0
Architecture,Architect,2.54,4,0,1,1,9,1,4,1,4,2,3,2,3,1
Engineering,Civil Engineer,2.09,2,0,2,0,9,0,1,1,8,3,7,4,2,0
Education,Principal,3.9,8,0,0,1,3,1,2,0,2,4,3,0,3,1
Medicine,Doctor,3.899357095827287,2,2,4,1,9,1,1,3,3,4,3,1,0,1
Music,Musician,2.35,7,0,4,0,3,1,0,4,3,4,0,3,1,1
Medicine,Doctor,3.8009407948181613,0,2,2,0,6,0,2,0,4,2,4,0,3,0
Architecture,Architectural Technologist,3.68,6,2,3,0,8,1,3,3,4,1,1,4,1,0
Chemistry,Inorganic Chemist,3.73,1,0,3,0,3,1,0,0,4,2,2,2,4,0
Law,Legal Consultant,2.95,1,2,4,0,2,1,3,9,4,4,3,2,4,0
Computer Science,Cybersecurity Analyst,3.91,0,2,4,1,5,1,9,1,0,1,3,2,2,0
Finance,Accountant,2.89,9,2,1,1,0,1,3,3,1,2,10,4,3,1
Engineering,Mechanical Engineer,3.44,1,2,2,0,8,0,4,3,7,2,9,0,4,1
Music,Conductor,3.34,7,0,4,1,4,0,4,0,0,0,2,1,4,0
Engineering,Aerospace Engineer,3.66,1,0,2,0,9,0,2,4,8,1,10,0,1,0
Biology,Biologist,2.42,6,2,1,1,2,1,3,4,3,0,2,0,3,1
Computer Science,Cybersecurity Analyst,2.5,9,0,0,1,8,0,8,0,4,3,3,2,0,1
Education,Special Education Teacher,2.7,2,2,1,0,1,1,0,2,3,2,0,3,0,1
Business,Entrepreneur,2.55,7,2,0,1,4,1,3,10,3,0,4,3,3,1
Business,Manager,3.03,3,0,1,0,1,1,1,10,3,4,4,0,1,1
Education,Education Administrator,3.88,9,2,1,1,5,1,3,2,4,4,1,0,0,0
Architecture,Architect,3.49,8,0,2,1,4,0,1,3,2,2,3,4,1,1
Psychology,Industrial-Organizational Psychologist,2.26,4,0,2,0,6,0,3,0,0,1,3,0,4,0
Music,Sound Engineer,3.0,7,0,1,1,0,1,1,2,1,4,3,2,3,1
Law,Legal Consultant,2.87,2,1,0,1,5,0,2,10,4,2,2,4,1,1
Architecture,Architect,2.16,6,0,3,1,8,0,1,3,4,4,4,2,3,1
Finance,Actuary,2.66,1,1,4,0,5,0,3,2,1,4,7,3,1,0
Chemistry,Organic Chemist,2.88,8,1,4,1,6,0,1,1,2,2,0,1,3,0
Engineering,Acoustics Specialist,2.85,7,0,2,0,3,0,1,1,8,4,7,4,4,0
Engineering,Acoustics Specialist,3.75,2,0,4,0,1,1,3,2,10,3,8,1,2,1
Medicine,Physician Assistant,3.8642453385808064,1,0,2,0,3,1,4,4,3,0,2,2,2,0
Biology,Zoologist,2.95,1,2,1,0,7,0,1,0,1,0,1,1,0,1
Engineering,Biomedical Engineer,2.51,5,2,1,1,2,1,3,1,10,3,10,3,2,1
Computer Science,Data Scientist,2.12,5,2,4,1,0,1,10,0,0,4,3,0,4,1
Finance,Financial Advisor,2.43,5,1,3,1,7,1,0,1,1,3,8,2,0,1
Marketing,Brand Manager,2.96,0,2,4,1,6,0,2,7,4,3,4,1,0,1
Psychology,Music Therapist,3.61,6,1,3,0,7,1,3,0,1,4,4,3,4,1
Education,Special Education Teacher,3.6,4,0,1,0,5,1,1,3,4,2,1,4,3,0
Art,Animator,2.09,8,2,3,0,5,1,3,1,4,1,2,1,1,1
Computer Science,Cybersecurity Analyst,2.29,0,1,2,1,8,0,8,0,2,3,2,2,0,1
Engineering,Acoustics Specialist,3.77,2,1,0,0,6,0,0,2,9,0,7,0,0,0
Music,Musician,2.67,7,1,1,0,9,0,0,1,0,3,3,4,3,1
Architecture,Urban Planner,3.26,3,0,4,1,8,0,4,0,0,4,2,1,3,1
Finance,Credit Analyst,2.86,2,0,3,1,8,0,0,4,3,3,9,1,0,1
Architecture,Interior Designer,2.4,0,2,1,1,5,0,3,4,0,1,3,1,1,1
Finance,Credit Analyst,2.8,5,1,2,1,9,1,4,1,2,0,10,4,4,0
Education,Special Education Teacher,3.06,4,0,1,1,7,0,2,4,3,0,4,0,2,1
Psychology,Music Therapist,3.98,8,0,3,1,6,0,0,3,4,2,1,2,1,0
Marketing,Brand Manager,3.91,7,0,2,0,6,1,1,7,2,1,2,1,3,0
Chemistry,Physical Chemist,2.43,6,2,3,1,4,0,1,0,3,4,1,4,4,1
Business,Manager,3.58,7,1,0,0,4,1,2,10,3,4,3,0,0,0
Biology,Geneticist,3.9,9,0,1,1,1,1,3,4,3,2,4,1,0,1
Chemistry,Analytical Chemist,2.35,7,1,2,1,7,0,3,4,4,4,4,1,4,1
Psychology,Forensic Psychologist,2.75,1,2,3,1,1,1,1,1,0,4,2,4,4,0
Law,Legal Analyst,3.3,2,1,0,1,3,1,3,8,0,1,3,4,1,1
Chemistry,Inorganic Chemist,3.15,1,2,4,0,3,0,4,4,3,2,1,3,3,0
Medicine,Surgeon,3.880560768521579,2,0,1,0,3,0,0,4,3,3,1,0,1,1
Chemistry,Organic Chemist,3.04,8,0,4,1,8,0,2,0,4,3,1,1,0,0
Chemistry,Organic Chemist,3.29,4,0,4,0,4,0,2,2,3,0,4,1,3,1
Art,Art Director,2.47,2,2,3,0,8,1,2,2,1,2,0,3,0,0
Chemistry,Analytical Chemist,3.3,5,0,2,1,8,0,3,1,3,4,4,0,1,0
Marketing,Marketing Manager,3.52,4,1,0,1,2,0,0,10,3,0,1,4,0,1
Engineering,Fluid Mechanics Engineer,3.85,4,2,0,0,2,1,3,3,10,4,9,2,4,0
Engineering,Fluid Mechanics Engineer,2.08,5,1,2,0,3,0,1,1,8,4,8,0,0,0
Business,Human Resources Specialist,2.53,7,1,2,1,1,0,4,7,0,4,3,3,3,1
Marketing,Social Media Manager,2.98,7,0,1,1,1,1,4,7,2,4,1,0,0,1
Physics,Quantum Physicist,3.52,5,0,3,1,6,0,2,1,1,2,0,3,2,1
Psychology,Forensic Psychologist,3.81,4,0,3,0,5,0,1,4,0,2,3,0,1,1
Medicine,Nurse,3.594012367307708,4,0,1,0,9,1,1,0,0,4,0,2,4,1
Business,Manager,2.12,4,2,3,0,5,1,1,10,1,4,0,0,2,1
Chemistry,Physical Chemist,3.02,7,1,3,1,0,0,4,1,4,3,1,0,3,0
Physics,Physicist,2.33,0,1,2,0,3,1,2,4,0,0,4,1,2,1
Art,Illustrator,3.57,3,0,4,1,5,1,2,2,4,4,3,3,2,1
Computer Science,Cybersecurity Analyst,2.66,1,2,3,0,5,1,8,3,3,1,3,0,1,0
Chemistry,Organic Chemist,2.91,3,0,1,0,0,1,3,3,4,2,1,0,2,0
Physics,Astronomer,3.54,7,0,4,0,5,1,2,0,0,4,0,2,4,0
Law,Paralegal,2.7,7,1,2,1,2,0,3,7,3,2,2,4,3,0
Psychology,School Counselor,3.01,2,0,3,1,9,1,2,1,1,0,3,2,1,0
Psychology,Counselor,2.24,5,2,4,1,2,1,0,4,4,1,2,4,1,1
Music,Sound Engineer,3.46,5,0,4,1,4,0,3,2,3,4,4,2,3,0
Engineering,Chemical Engineer,3.92,4,1,4,0,4,0,4,0,10,1,9,3,0,0
Medicine,Nurse,3.9209851857483544,5,1,2,0,7,1,1,1,3,2,2,2,2,0
Art,Artist,2.52,9,0,3,1,5,1,4,2,3,4,0,4,3,1
Art,Graphic Designer,2.89,5,0,5,1,6,1,4,0,1,1,1,0,0,1
Biology,Biotechnologist,2.14,1,2,3,0,1,0,0,0,4,3,3,3,4,0
Psychology,Clinical Psychologist,2.38,6,1,1,1,0,1,2,0,0,4,4,0,1,0
Business,Construction Manager,2.16,5,2,2,1,4,0,3,8,3,4,3,4,2,1
Finance,Risk Analyst,3.84,9,1,2,0,0,1,3,0,3,1,8,4,3,1
Art,Artist,4.0,6,2,4,1,1,0,1,1,2,4,2,4,1,1
Business,Manager,2.73,6,1,1,1,9,1,4,8,3,4,1,2,2,0
Psychology,Art Therapist,2.36,2,2,0,1,1,1,0,0,1,1,1,4,4,0
Finance,Financial Advisor,2.04,4,2,4,0,1,1,3,2,2,4,10,4,1,0
Law,Legal Analyst,3.77,0,2,1,1,7,0,0,8,2,4,1,1,2,0
Biology,Ecologist,2.88,1,2,1,0,3,1,4,3,0,2,4,4,1,0
Physics,Astronomer,2.28,6,2,2,1,7,0,2,0,4,1,4,1,4,1
Chemistry,Inorganic Chemist,3.06,2,0,2,1,7,1,0,4,3,1,3,1,0,0
Computer Science,Web Developer,2.27,3,0,2,0,5,0,7,4,3,4,4,2,4,1
Finance,Financial Controller,3.3,5,2,0,1,2,0,2,0,2,1,10,4,1,1
Engineering,Civil Engineer,3.55,2,0,2,0,6,0,0,2,9,2,9,0,2,1
Medicine,Pharmacist,3.7550548562494126,5,2,4,0,1,1,4,4,3,0,2,0,4,1
Medicine,Nurse,3.532426797241484,9,2,0,0,7,1,1,0,4,3,0,4,2,0
Law,Legal Consultant,3.61,1,2,1,0,2,0,2,9,3,0,2,3,1,0
Chemistry,Inorganic Chemist,2.08,0,2,2,1,1,1,4,2,2,1,4,3,4,0
Computer Science,Web Developer,2.12,1,1,3,0,1,0,10,4,1,0,3,2,1,0
Business,Entrepreneur,3.39,8,2,4,0,5,0,1,10,3,3,0,3,3,1
Marketing,Social Media Manager,2.32,5,0,0,1,4,1,4,8,0,3,0,2,2,0
Business,Entrepreneur,2.15,2,0,0,0,9,1,4,9,4,2,4,2,4,0
Marketing,Digital Marketing Specialist,3.18,1,2,4,0,1,0,2,10,3,0,3,3,4,1
Chemistry,Inorganic Chemist,2.79,3,0,2,1,6,0,1,0,2,3,1,1,4,0
Music,Composer,3.13,5,0,2,1,2,0,1,4,3,1,4,3,2,1
Biology,Zoologist,3.99,5,1,1,1,6,1,0,4,1,1,1,3,4,1
Computer Science,AI Researcher,3.93,3,2,0,1,9,0,9,4,1,0,0,0,2,1
Psychology,Music Therapist,2.28,5,1,3,1,0,0,0,2,4,0,4,4,1,0
Medicine,Dentist,3.8729626044068373,0,1,1,1,0,0,4,1,2,2,0,1,3,0
Physics,Astronomer,2.54,8,1,2,1,1,0,1,1,2,3,3,0,2,0
Computer Science,AI Researcher,2.25,2,2,3,1,6,0,7,2,3,4,0,2,1,0
Marketing,Digital Marketing Specialist,2.29,7,2,2,1,3,0,0,10,3,0,4,1,1,0
Business,Construction Manager,2.64,8,2,3,1,8,0,0,9,2,0,0,0,1,1
Finance,Risk Analyst,2.8,1,0,0,0,4,1,1,1,0,3,7,4,3,1
Education,Special Education Teacher,3.31,0,0,2,1,9,0,1,3,3,3,4,2,1,1
Music,Conductor,3.53,5,2,4,1,8,0,0,3,1,1,3,3,1,0
Physics,Astronomer,2.35,4,2,4,1,8,0,1,2,0,2,0,3,3,0
Computer Science,Web Developer,2.39,8,0,2,0,6,0,7,2,3,1,0,0,3,1
Business,Human Resources Specialist,2.11,8,1,0,0,8,0,3,10,4,0,0,4,2,0
Engineering,Electrical Engineer,2.69,0,1,4,0,7,0,1,3,9,1,9,3,3,0
Art,Art Director,3.98,7,2,4,0,0,0,1,0,2,2,2,0,0,0
Biology,Biotechnologist,3.51,9,1,3,0,6,0,0,3,3,0,0,2,3,0
Law,Lawyer,3.62,1,0,1,0,5,0,1,7,3,4,4,4,0,0
Architecture,Landscape Architect,3.29,5,2,4,1,0,0,3,3,1,0,3,0,4,0
Medicine,Pharmacist,3.892825809040116,9,0,2,1,9,1,2,2,0,1,4,3,1,1
Business,Human Resources Specialist,2.6,6,0,0,1,9,0,0,9,3,3,0,0,4,1
Art,Illustrator,2.87,7,2,5,0,3,0,3,0,2,2,4,1,3,0
Art,Art Director,2.51,8,1,4,0,9,1,0,0,1,4,3,2,1,0
Business,Construction Manager,2.0,0,1,0,0,6,1,2,7,2,1,0,0,4,1
Finance,Accountant,2.33,6,1,2,0,7,1,1,3,3,2,10,3,0,0
Architecture,Architectural Technologist,2.56,1,0,0,1,8,1,4,4,1,4,4,4,0,1
Education,Principal,3.7,7,2,4,0,9,0,1,2,1,2,1,3,2,1
Medicine,Doctor,3.5826470554850873,0,0,1,1,7,1,3,4,2,0,1,0,0,1
Computer Science,Data Scientist,3.87,9,2,3,0,3,0,7,1,1,0,2,3,3,0
Music,Sound Engineer,2.83,10,2,1,0,8,0,2,3,1,4,1,1,4,0
Education,Teacher,2.24,6,1,4,0,1,0,3,3,0,4,3,0,3,1
Chemistry,Analytical Chemist,3.23,3,1,3,0,2,1,1,4,1,4,1,0,4,1
Computer Science,Game Developer,2.94,5,0,1,0,9,1,9,0,2,0,3,0,3,0
Law,Legal Analyst,2.22,7,0,3,1,5,1,2,9,1,2,1,1,2,1
Business,Entrepreneur,4.0,9,0,4,0,5,1,2,9,4,1,4,4,0,0
Engineering,Aerospace Engineer,2.01,8,0,3,1,4,1,3,1,9,1,8,4,1,0
Education,Curriculum Developer,2.17,0,2,2,1,0,0,3,1,4,3,1,3,4,1
Education,Curriculum Developer,3.51,7,0,0,0,7,1,2,2,0,1,4,2,0,1
Business,Construction Manager,3.8,6,2,4,1,8,1,0,7,0,4,2,1,3,1
Chemistry,Inorganic Chemist,3.49,4,1,3,0,0,1,2,2,0,3,1,4,4,1
Physics,Physicist,3.39,9,0,4,1,6,1,2,3,2,2,4,2,4,1
Art,Animator,2.28,8,2,4,0,7,1,1,0,2,3,3,4,4,1
Engineering,Fluid Mechanics Engineer,3.33,0,2,1,1,6,0,3,0,10,2,7,3,1,1
Art,Graphic Designer,3.4,2,1,4,0,8,1,2,2,1,1,2,1,2,0
Art,Graphic Designer,2.43,4,2,5,0,8,1,0,4,3,1,4,2,4,1
Music,Conductor,2.68,5,1,4,0,2,1,3,3,0,0,2,2,4,1
Finance,Actuary,3.61,4,1,3,1,5,1,2,4,0,0,8,2,3,0
Art,Art Director,3.38,9,1,4,1,0,0,2,4,1,0,1,0,1,0
Business,Entrepreneur,2.53,4,2,1,0,2,1,3,10,4,0,0,1,4,1
Education,Special Education Teacher,2.52,6,2,3,0,1,0,2,2,3,1,2,1,3,0
Finance,Actuary,3.91,6,0,2,1,6,1,4,1,1,0,7,3,4,0
Law,Paralegal,3.79,6,1,1,0,0,0,0,10,3,2,4,3,2,0
Marketing,Marketing Manager,2.62,9,1,0,1,8,1,4,10,0,2,0,0,4,1
Engineering,Acoustics Specialist,2.39,1,0,1,1,0,1,1,3,10,2,8,4,4,1
Music,Musician,3.8,6,0,3,0,6,0,3,2,1,1,4,0,3,0
Marketing,Marketing Specialist,3.48,7,1,2,1,1,0,0,8,4,4,4,0,3,1
Psychology,Forensic Psychologist,2.85,3,0,2,1,6,1,1,1,0,4,1,2,1,1
Music,Composer,3.26,8,0,0,0,2,0,1,3,1,3,0,3,0,1
Finance,Financial Advisor,2.51,5,2,4,1,9,1,4,3,4,1,10,3,2,1
Business,Entrepreneur,3.47,4,1,3,0,3,0,3,10,0,4,1,3,4,1
Music,Music Teacher,3.84,5,0,0,1,5,1,3,4,4,3,4,1,1,1
Medicine,Dentist,3.6340695100477567,1,0,3,1,8,1,1,1,4,2,2,2,1,0
Biology,Biologist,3.06,4,0,0,0,8,0,1,2,1,2,0,0,0,0
Art,Animator,2.19,6,1,5,0,4,0,3,3,0,0,0,2,1,0
Medicine,Pharmacist,3.8098497200997077,3,1,4,1,4,1,4,2,4,0,1,4,1,0
Architecture,Interior Designer,2.3,6,2,0,1,0,1,2,4,1,2,2,4,2,1
Biology,Biologist,2.55,7,0,4,0,0,0,4,0,4,1,3,1,0,0
Engineering,Acoustics Specialist,2.43,5,0,2,0,9,1,4,1,8,1,10,0,3,1
Psychology,Psychologist,2.59,4,0,3,1,8,1,1,3,2,3,0,3,0,0
Law,Judge,2.66,5,0,1,1,7,0,0,9,0,2,3,1,1,0
Architecture,Urban Planner,2.09,5,1,1,1,0,1,2,1,3,0,3,4,0,0
Law,Judge,2.28,3,0,4,1,4,0,3,10,0,2,0,4,2,0
Chemistry,Physical Chemist,2.34,7,0,2,1,3,0,3,2,2,0,1,2,2,0
Engineering,Mechanical Engineer,2.88,6,1,1,0,6,0,2,0,10,4,8,3,3,1
Biology,Ecologist,2.12,2,1,0,0,8,1,4,0,0,0,2,2,0,0
Architecture,Architect,3.85,4,2,2,1,8,1,0,2,2,4,2,3,0,1
Biology,Biotechnologist,2.06,4,1,4,0,3,1,2,2,3,1,2,3,1,1
Chemistry,Organic Chemist,3.42,0,1,1,1,7,1,1,2,0,1,3,0,3,0
Finance,Financial Controller,2.11,6,1,2,1,2,1,0,2,2,1,8,0,1,0
Architecture,Architectural Technologist,3.48,5,1,0,0,5,0,3,4,4,2,3,2,3,0
Finance,Investment Banker,3.59,0,0,0,1,8,0,3,1,4,2,9,0,3,1
Law,Legal Consultant,2.73,3,2,4,0,8,0,3,7,4,0,1,2,2,0
Business,Construction Manager,2.79,2,2,2,1,6,1,4,7,4,1,4,2,1,1
Education,Education Administrator,3.91,3,1,2,1,0,1,1,1,0,3,2,4,1,1
Architecture,Interior Designer,3.19,9,0,2,0,6,1,0,3,1,1,1,1,1,0
Chemistry,Chemist,2.25,4,2,1,0,3,1,1,2,0,0,1,1,4,1
Finance,Financial Controller,2.42,7,2,1,0,7,1,0,0,0,0,10,2,3,1
Finance,Actuary,2.28,5,0,1,0,1,0,1,4,1,1,7,2,0,1
Chemistry,Physical Chemist,3.76,3,1,0,1,2,1,3,4,0,2,3,2,4,0
Law,Lawyer,2.48,6,2,2,1,3,0,3,7,0,4,1,4,4,0
Medicine,Doctor,3.8600040198315564,0,2,4,0,3,0,1,0,2,3,3,1,0,1
Finance,Credit Analyst,2.32,4,1,0,0,9,1,2,4,2,0,8,3,1,1
Music,Conductor,3.35,10,2,4,0,8,0,4,2,2,1,2,4,0,0
Music,Conductor,2.17,5,2,1,0,5,0,0,4,2,3,0,4,2,1
Business,Construction Manager,2.81,0,2,2,1,5,1,3,7,0,0,2,4,0,1
Business,Manager,2.11,4,2,3,1,3,0,1,8,0,1,4,3,2,1
Art,Illustrator,2.09,7,1,4,0,1,0,2,3,2,0,0,2,2,1
Marketing,Brand Manager,2.47,7,1,3,0,2,0,2,7,3,2,2,4,1,1
Law,Legal Secretary,3.29,9,0,1,0,9,0,0,7,2,0,3,0,4,0
Finance,Accountant,3.43,7,1,2,0,2,1,0,0,2,4,8,4,4,1
Marketing,Marketing Specialist,3.41,4,2,2,1,2,1,0,8,4,3,1,2,0,0
Engineering,Aerospace Engineer,2.38,6,1,1,1,2,1,2,4,7,1,8,0,3,0
Business,Entrepreneur,3.41,8,1,2,0,3,1,3,7,3,1,2,2,1,1
Computer Science,Game Developer,3.12,7,2,2,0,2,0,8,1,3,3,0,1,1,1
Chemistry,Chemist,2.52,5,1,1,1,9,0,0,0,1,3,2,1,2,1
Biology,Microbiologist,3.55,4,1,0,1,4,1,0,0,4,3,0,1,1,1
Architecture,Urban Planner,3.05,8,0,3,1,0,0,2,4,3,1,2,4,2,1
Engineering,Mechanical Engineer,2.12,4,1,4,0,6,0,2,0,10,0,10,2,2,0
Art,Artist,3.01,5,2,3,0,8,0,1,4,2,0,3,1,3,0
Business,Human Resources Specialist,2.49,7,0,2,1,2,1,2,8,2,1,1,3,1,0
Business,Construction Manager,3.99,5,2,2,1,7,1,4,10,3,2,2,0,3,0
Psychology,Industrial-Organizational Psychologist,2.82,6,1,2,0,2,0,3,0,1,4,3,1,3,1
Chemistry,Inorganic Chemist,2.45,4,0,3,0,5,1,3,1,0,1,4,0,4,0
Psychology,School Psychologist,2.28,3,2,1,0,4,0,4,1,2,2,1,4,4,1
Engineering,Fluid Mechanics Engineer,3.27,6,0,3,0,5,0,3,3,9,4,9,1,1,1
Business,Manager,2.2,4,1,1,1,4,0,0,10,2,1,2,1,3,1
Music,Sound Engineer,3.02,8,0,4,1,9,1,1,2,4,2,0,2,1,0
Biology,Microbiologist,3.15,1,2,2,0,2,1,0,1,3,1,4,2,0,0
Business,Human Resources Specialist,2.19,0,1,0,1,4,0,0,10,1,0,2,3,3,1
Engineering,Aerospace Engineer,3.91,6,2,3,1,3,0,0,3,8,4,10,3,4,1
Computer Science,Game Developer,3.57,6,2,3,1,3,0,9,0,3,1,4,1,2,0
Finance,Financial Advisor,2.64,2,1,0,0,4,0,4,0,3,3,10,4,2,0
Art,Illustrator,2.56,1,0,4,1,4,0,4,4,3,1,0,3,3,0
Computer Science,Data Scientist,2.25,6,0,2,1,5,1,7,0,0,0,4,2,2,1
Computer Science,Software Developer,2.66,6,2,0,1,8,0,10,2,3,2,3,3,0,0
Art,Graphic Designer,3.32,5,2,4,1,0,0,4,3,1,0,2,4,0,0
Law,Lawyer,2.92,8,1,0,1,8,1,3,9,1,2,4,0,1,0
Architecture,Urban Planner,3.93,2,1,0,1,8,1,3,1,4,0,2,4,0,0
Physics,Physicist,3.21,9,1,3,1,4,0,0,4,4,3,0,1,3,1
Chemistry,Analytical Chemist,2.85,7,2,2,1,3,1,0,3,3,2,4,0,4,1
Medicine,Pharmacist,3.769350898976357,1,1,2,1,1,1,3,1,1,1,0,0,4,1
Art,Illustrator,3.33,1,1,5,0,3,1,1,0,0,2,4,3,3,1
Architecture,Landscape Architect,3.04,6,2,0,1,8,0,3,3,2,1,4,0,4,0
Chemistry,Chemist,3.45,6,1,0,1,8,1,3,3,1,1,4,3,4,1
Physics,Nuclear Physicist,2.54,1,1,4,0,5,0,3,3,3,4,4,3,2,0
Education,Principal,3.78,3,1,0,1,9,0,4,1,0,1,0,2,0,0
Marketing,Brand Manager,2.34,6,1,1,1,5,0,4,9,0,3,1,4,4,0
Biology,Biotechnologist,3.37,7,2,0,1,5,1,3,4,4,1,4,2,0,1
Education,Education Administrator,2.38,4,1,2,1,4,1,3,4,0,3,3,1,4,0
Finance,Investment Banker,2.05,8,1,3,0,7,0,4,3,2,4,10,1,1,1
Art,Illustrator,3.13,3,2,4,0,4,1,4,1,0,0,1,4,1,1
Medicine,Pharmacist,3.8964272095169195,3,0,4,1,1,0,2,2,4,4,4,0,2,0
Medicine,Pharmacist,3.638220845291698,5,0,4,1,1,0,4,0,3,2,0,0,0,0
Medicine,Surgeon,3.6979852363312276,9,0,1,0,2,1,3,3,2,3,3,3,2,1
Music,Music Teacher,3.08,6,1,0,0,1,1,1,4,1,1,1,3,2,0
Music,Musician,2.4,8,0,3,1,6,1,3,2,2,2,4,0,1,1
Art,Illustrator,3.77,7,2,4,1,5,0,0,1,3,3,1,2,3,0
Computer Science,Data Scientist,3.71,8,1,0,0,6,1,7,1,1,3,1,1,4,0
Law,Judge,3.18,1,1,1,0,6,0,3,9,0,2,3,0,2,0
Chemistry,Organic Chemist,3.63,3,0,0,1,8,0,1,0,1,4,2,1,0,1
Psychology,Industrial-Organizational Psychologist,2.57,9,1,4,0,0,1,4,3,0,4,2,1,3,0
Biology,Ecologist,3.74,0,1,1,0,2,0,2,1,4,2,3,3,0,1
Marketing,Marketing Manager,3.18,2,0,2,0,4,0,0,10,0,3,2,2,0,0
Education,Teacher,2.75,9,2,2,0,2,1,1,3,3,4,0,3,4,1
Music,Sound Engineer,3.61,8,0,1,1,4,0,1,3,3,1,3,3,3,0
Chemistry,Analytical Chemist,2.62,1,2,1,1,6,1,3,3,3,1,0,2,3,1
Art,Animator,3.86,3,2,4,1,0,0,1,2,1,2,3,2,4,0
Law,Legal Secretary,2.24,4,2,3,1,2,0,0,8,3,4,0,0,2,0
Medicine,Physician Assistant,3.928436968037547,4,1,1,1,7,1,1,1,2,2,4,3,4,1
Engineering,Civil Engineer,2.33,3,1,3,0,3,1,0,2,9,4,10,4,4,1
Biology,Ecologist,3.78,3,1,4,0,8,0,0,1,4,4,2,1,3,0
Art,Art Director,3.06,6,1,5,0,1,1,1,1,3,1,2,3,3,1
Biology,Biotechnologist,2.12,5,2,0,0,7,0,1,4,2,2,2,0,4,1
Computer Science,Game Developer,3.86,6,0,0,0,9,0,7,3,3,2,4,4,4,1
Medicine,Physician Assistant,3.8173356366269706,3,0,2,1,7,1,0,2,4,0,3,1,4,1
Chemistry,Inorganic Chemist,2.01,7,2,2,0,8,1,2,0,3,3,4,1,4,1
Chemistry,Inorganic Chemist,2.44,2,1,3,1,7,0,3,1,3,0,4,2,0,0
Medicine,Physician Assistant,3.989891228927261,2,1,2,1,2,1,1,1,2,4,2,0,1,0
Art,Artist,2.76,9,2,5,0,9,1,2,1,3,3,0,1,1,0
Business,Construction Manager,3.67,1,0,2,0,4,1,2,9,4,4,4,1,1,0
Law,Legal Analyst,2.43,1,0,4,0,9,0,0,7,2,0,3,0,0,0
Architecture,Interior Designer,3.26,9,1,4,0,5,1,1,1,2,2,4,2,0,0
Education,Teacher,2.39,0,0,0,0,1,1,2,1,0,4,4,1,4,1
Art,Illustrator,2.02,0,2,3,0,3,0,4,3,3,4,2,2,1,0
Psychology,Clinical Psychologist,2.82,4,0,3,1,3,0,2,1,3,0,4,1,2,1
Biology,Microbiologist,3.78,6,0,1,1,8,1,0,3,1,2,3,2,4,0
Computer Science,Cybersecurity Analyst,3.1,7,1,1,1,8,0,8,3,1,2,2,3,1,1
Architecture,Architectural Technologist,3.81,6,2,4,1,4,1,2,4,1,4,4,1,4,1
Chemistry,Analytical Chemist,2.74,6,1,2,0,5,1,0,3,0,0,4,0,4,1
Business,Manager,3.29,5,1,4,1,5,0,1,10,3,2,3,3,0,0
Finance,Financial Controller,3.73,2,2,4,0,9,0,4,3,0,0,7,3,1,0
Education,Special Education Teacher,2.85,7,2,1,0,8,1,2,1,0,2,2,3,3,0
Computer Science,AI Researcher,2.41,5,0,2,1,1,0,8,4,2,2,2,3,3,0
Medicine,Physician Assistant,3.8551213993116558,9,0,0,1,5,1,1,4,4,3,1,3,3,0
Marketing,Market Research Analyst,2.4,0,1,1,0,6,1,0,7,0,2,0,2,3,0
Psychology,Counselor,2.77,4,1,0,1,8,0,0,0,4,1,2,1,1,1
Physics,Nuclear Physicist,2.61,9,0,1,0,0,0,4,0,3,4,3,1,4,1
Medicine,Pharmacist,3.729632598586607,9,0,0,0,7,0,0,0,4,3,1,3,3,1
Engineering,Acoustics Specialist,2.45,7,0,3,0,3,0,1,3,8,3,10,0,4,0
Chemistry,Analytical Chemist,3.87,8,1,2,1,7,1,3,4,1,1,0,0,0,0
Chemistry,Inorganic Chemist,3.49,9,0,2,0,5,0,3,3,0,2,2,1,2,1
Computer Science,Web Developer,3.05,3,2,4,1,7,0,8,0,0,4,4,2,4,0
Business,Entrepreneur,2.41,2,2,3,1,2,1,2,10,2,0,1,2,4,1
Business,Manager,3.54,7,0,1,1,8,1,1,10,4,3,3,2,1,0
Psychology,Industrial-Organizational Psychologist,3.17,5,0,3,1,7,0,1,0,3,3,2,4,1,0
Architecture,Urban Planner,2.56,8,0,3,1,6,1,2,0,0,4,3,3,1,1
Computer Science,AI Researcher,3.44,7,0,4,0,4,0,7,4,2,3,2,2,2,0
Psychology,Art Therapist,2.27,1,2,1,0,1,1,1,2,3,2,0,0,2,0
Medicine,Nurse,3.570985994880497,5,2,4,0,1,0,3,4,2,3,2,4,1,1
Biology,Biologist,3.48,9,1,0,1,0,1,3,3,3,0,0,2,3,1
Psychology,School Psychologist,2.68,3,2,0,1,0,0,2,2,0,4,2,3,3,1
Finance,Credit Analyst,3.01,5,1,4,0,5,1,4,4,1,0,8,4,1,1
Chemistry,Organic Chemist,2.49,3,1,4,1,8,1,2,1,4,2,0,3,1,1
Business,Human Resources Specialist,3.62,2,1,3,1,6,1,0,7,3,4,1,1,3,1
Psychology,Forensic Psychologist,3.7,4,2,3,1,7,0,1,0,0,3,1,4,4,1
Computer Science,AI Researcher,3.07,1,1,2,0,5,1,7,3,4,3,4,3,2,0
Psychology,Art Therapist,2.3,3,0,2,1,9,0,2,2,1,1,3,2,1,0
Physics,Quantum Physicist,2.04,5,2,4,1,4,1,2,1,0,3,4,4,3,1
Architecture,Interior Designer,3.11,0,1,3,0,6,1,4,1,4,1,4,0,2,1
Engineering,Aerospace Engineer,2.86,0,2,3,1,4,0,1,0,9,2,9,1,0,0
Physics,Nuclear Physicist,2.22,0,2,1,1,6,1,4,4,0,4,4,0,4,1
Psychology,Psychologist,2.04,8,0,3,1,2,0,4,4,4,2,0,0,0,0
Finance,Actuary,3.01,2,0,4,0,6,1,2,4,2,2,7,1,0,0
Education,Principal,2.4,6,2,0,1,6,0,0,2,0,3,3,1,3,0
Engineering,Mechanical Engineer,2.21,1,0,1,0,8,0,0,4,10,3,9,2,0,0
Education,Special Education Teacher,2.42,0,2,0,0,6,0,4,1,4,1,2,3,0,1
Biology,Zoologist,3.33,4,2,3,1,0,0,3,3,3,2,2,1,3,0
Biology,Zoologist,2.04,9,0,2,1,0,1,4,0,2,4,3,3,3,0
Medicine,Physician Assistant,3.927868629452893,5,0,2,1,3,0,3,2,1,1,1,4,2,1
Business,Construction Manager,2.4,3,1,4,0,2,0,1,7,0,2,2,4,0,0
Music,Composer,3.22,8,0,2,1,1,1,1,3,2,3,4,2,0,0
Finance,Financial Analyst,3.08,8,2,0,1,0,0,0,0,0,3,7,1,0,0
Education,Curriculum Developer,2.31,4,0,0,0,0,0,1,1,4,2,4,0,0,1
Chemistry,Analytical Chemist,3.84,2,2,2,1,2,1,0,3,4,3,2,2,3,0
Business,Manager,2.82,7,1,3,0,4,0,3,7,3,4,1,0,3,1
Biology,Biotechnologist,2.47,6,2,3,1,0,0,4,0,0,4,2,1,3,0
Music,Musician,3.53,10,2,2,0,5,1,1,3,0,2,3,0,4,0
Education,Special Education Teacher,3.71,4,0,4,1,7,1,2,2,4,2,2,0,0,1
Psychology,Psychologist,3.94,5,2,1,1,0,1,0,0,4,0,4,0,2,0
Medicine,Surgeon,3.894223671626649,9,0,1,1,3,0,0,4,2,3,4,1,2,1
Law,Legal Analyst,2.64,4,0,4,1,2,0,3,9,1,1,1,2,2,0
Education,Principal,2.48,9,0,4,0,9,0,0,2,1,2,0,3,2,1
Medicine,Nurse,3.953597515352915,8,1,4,0,2,1,1,0,1,3,0,1,2,1
Computer Science,Data Scientist,3.77,1,2,1,0,6,0,9,4,3,3,2,3,0,0
Education,Education Administrator,2.7,3,1,4,1,9,1,2,0,1,2,3,2,2,1
Music,Composer,3.97,6,2,4,0,8,1,3,3,2,1,4,4,3,1
Biology,Ecologist,2.83,1,1,4,0,6,0,4,0,1,0,1,4,4,1
Art,Illustrator,3.13,3,0,3,1,3,1,4,4,0,3,0,1,2,1
Medicine,Physician Assistant,3.6902002744852047,5,1,4,0,7,1,2,0,0,2,3,2,1,1
Finance,Financial Advisor,2.76,4,2,0,1,3,0,1,1,0,1,9,3,0,1
Business,Entrepreneur,2.45,4,2,2,0,7,0,4,9,3,0,0,2,0,0
Computer Science,Web Developer,3.7,7,2,0,0,7,1,7,4,3,3,1,3,2,1
Finance,Accountant,2.69,1,1,2,0,1,0,4,3,3,3,10,3,0,1
Architecture,Urban Planner,2.52,1,0,2,0,4,0,4,0,1,4,3,0,0,0
Chemistry,Chemist,3.39,9,1,2,1,7,1,4,2,4,1,1,1,0,1
Music,Composer,3.88,10,2,2,0,5,0,1,0,2,0,3,1,3,0
Marketing,Brand Manager,2.0,6,0,2,1,4,0,3,9,3,3,2,3,1,1
Physics,Astronomer,2.39,8,0,2,0,9,1,0,3,3,2,4,0,2,1
Business,Human Resources Specialist,3.32,4,0,2,1,5,1,0,7,4,4,2,1,3,1
Finance,Actuary,3.51,5,0,0,0,2,0,0,1,4,0,10,0,1,1
Chemistry,Physical Chemist,3.75,0,0,3,0,2,1,4,0,0,3,1,2,4,0
Medicine,Physician Assistant,3.8633354960351616,5,2,1,0,3,1,4,2,0,1,3,1,2,0
Education,Education Administrator,3.47,9,0,3,1,2,1,2,3,2,1,2,0,1,1
Business,Construction Manager,2.1,9,0,1,0,1,0,0,9,4,4,4,4,4,0
Education,Teacher,2.75,0,1,3,1,6,0,0,4,4,1,2,3,0,1
Architecture,Landscape Architect,3.77,2,0,4,1,7,1,1,3,0,1,2,2,3,0
Biology,Geneticist,2.88,0,0,4,1,2,1,3,2,3,0,4,2,0,0
Architecture,Landscape Architect,2.7,8,2,3,1,4,1,2,2,0,1,4,0,0,0
Biology,Ecologist,2.2,7,1,0,0,8,1,1,4,3,0,4,2,3,0
Law,Legal Secretary,3.97,1,0,3,0,9,1,1,7,4,4,4,4,4,1
Education,Curriculum Developer,3.72,4,0,3,0,5,1,0,2,2,1,3,3,2,1
Physics,Quantum Physicist,2.37,3,0,0,1,8,1,4,2,3,1,0,3,1,0
Physics,Quantum Physicist,3.36,7,1,4,1,3,1,1,1,4,0,0,2,4,0
Law,Lawyer,3.16,4,1,0,0,8,0,3,8,2,0,0,2,1,1
Marketing,Marketing Manager,2.73,4,0,1,0,5,0,2,10,4,4,1,2,1,0
Marketing,Marketing Manager,2.89,9,2,1,1,7,1,0,10,1,1,0,0,3,0
Music,Musician,3.57,5,0,0,0,0,1,3,0,2,0,1,3,1,1
Physics,Astronomer,2.77,4,2,4,1,3,0,2,1,0,0,2,1,4,0
Psychology,Art Therapist,3.4,1,0,4,0,9,0,3,2,3,3,4,1,0,1
Marketing,Brand Manager,3.57,3,1,1,1,6,0,2,7,1,4,1,3,4,0
Physics,Nuclear Physicist,3.58,5,1,4,1,7,0,3,3,0,3,1,2,4,0
Art,Art Director,2.84,5,1,5,0,0,1,3,2,3,3,1,4,3,0
Chemistry,Inorganic Chemist,2.58,7,1,4,0,9,0,3,0,3,1,3,0,2,1
Chemistry,Inorganic Chemist,2.35,1,2,1,1,6,0,2,1,0,0,1,4,2,1
Physics,Quantum Physicist,3.77,6,2,1,1,8,0,4,2,2,2,0,0,1,0
Medicine,Doctor,3.833902341613203,6,2,2,0,5,0,1,4,3,2,0,1,2,1
Engineering,Aerospace Engineer,3.78,4,0,0,1,2,1,2,1,7,3,8,0,2,1
Computer Science,Game Developer,2.94,5,0,4,1,8,0,8,0,0,4,0,1,2,0
Marketing,Marketing Manager,3.98,0,1,0,1,1,1,2,10,0,2,0,0,0,1
Biology,Ecologist,2.78,2,0,1,1,2,1,2,1,2,4,0,1,0,1
Marketing,Market Research Analyst,2.06,4,2,4,0,2,0,2,9,3,0,4,1,3,0
Chemistry,Analytical Chemist,3.91,6,2,1,1,6,0,1,4,3,2,2,4,0,1
Marketing,Marketing Specialist,3.42,0,2,1,1,0,0,2,8,2,1,1,3,0,0
Computer Science,Game Developer,3.98,9,0,4,1,0,1,9,4,2,2,0,0,1,1
Education,Curriculum Developer,3.23,0,1,0,1,4,1,0,2,0,3,0,4,3,0
Medicine,Dentist,3.626153624919703,6,0,0,0,4,1,0,4,3,2,0,1,1,0
Computer Science,Game Developer,2.01,4,2,0,0,2,1,9,0,3,1,0,0,1,1
Psychology,Psychologist,2.89,6,1,4,0,3,1,1,2,1,3,2,2,2,0
Biology,Biotechnologist,2.9,5,1,0,0,5,1,2,2,4,3,1,1,1,1
Finance,Financial Controller,2.31,7,2,4,1,4,1,3,3,0,4,7,4,0,0
Biology,Biotechnologist,3.14,1,1,1,1,9,1,3,1,4,3,2,2,1,0
Business,Manager,2.74,0,2,3,0,4,0,3,10,0,0,1,0,2,0
Finance,Investment Banker,2.59,9,2,1,0,0,0,4,3,2,2,7,2,0,0
Physics,Astronomer,3.81,4,0,2,1,2,1,4,1,2,4,2,4,4,1
Biology,Biologist,2.07,1,0,1,0,1,1,4,0,2,1,3,0,1,1
Education,Curriculum Developer,3.37,8,0,2,0,8,1,0,3,1,3,0,1,3,0
Art,Illustrator,3.44,3,1,4,0,8,0,4,3,1,4,0,3,1,1
Finance,Actuary,3.51,7,2,3,1,9,0,0,3,2,4,8,2,2,0
Architecture,Architect,3.56,1,2,1,0,4,1,4,2,0,2,4,2,3,0
Business,Human Resources Specialist,2.53,6,1,1,1,1,1,2,8,3,1,4,4,2,0
Computer Science,Web Developer,3.08,8,0,0,0,2,1,7,2,2,1,1,0,1,0
Architecture,Architectural Technologist,3.92,9,2,4,0,9,0,3,2,4,4,4,2,4,0
Computer Science,Data Scientist,3.51,8,2,0,1,2,1,8,1,1,1,2,1,0,0
Computer Science,Web Developer,2.54,9,0,1,0,8,1,7,3,2,0,4,1,3,1
Physics,Physicist,3.21,9,0,4,0,3,0,3,1,2,0,2,0,2,0
Marketing,Brand Manager,3.4,9,0,2,1,4,0,2,10,3,0,3,1,3,1
Computer Science,Web Developer,2.15,4,1,1,1,0,1,10,4,2,3,3,1,3,1
Physics,Quantum Physicist,2.24,5,0,3,1,9,0,0,2,0,4,4,1,4,1
Business,Entrepreneur,3.61,4,1,1,0,0,1,4,10,1,3,3,0,4,0
Education,Curriculum Developer,2.08,1,1,3,1,7,1,2,2,3,1,2,2,1,0
Medicine,Nurse,3.8261121297727363,4,1,3,0,1,0,2,3,2,3,2,4,1,0
Finance,Financial Analyst,3.75,8,1,1,1,9,0,4,2,0,3,10,0,3,0
Music,Music Teacher,2.88,7,0,0,0,8,0,4,0,3,3,3,2,4,0
Biology,Zoologist,3.93,4,0,1,0,4,1,1,2,4,1,2,1,4,0
Engineering,Civil Engineer,3.65,3,2,3,0,6,0,4,1,10,0,7,4,3,0
Biology,Zoologist,3.67,3,2,3,1,3,1,3,0,0,3,0,3,2,0
Psychology,Music Therapist,3.98,3,0,3,0,4,0,3,0,2,3,3,1,0,0
Medicine,Physician Assistant,3.9457400078117533,3,2,3,1,4,0,1,3,2,3,3,3,4,1
Marketing,Social Media Manager,3.75,4,0,0,0,0,1,4,7,1,2,1,3,4,0
Finance,Financial Controller,2.8,7,1,3,1,8,0,2,3,4,0,10,2,1,1
Marketing,Marketing Specialist,2.85,9,0,2,1,9,1,0,8,2,4,0,0,4,0
Psychology,Industrial-Organizational Psychologist,3.03,6,0,2,0,1,1,2,2,2,0,0,1,4,0
Law,Judge,2.13,6,1,4,0,1,0,2,10,0,2,1,0,0,0
Law,Legal Consultant,2.77,8,2,0,0,2,0,0,7,1,4,3,0,0,0
Psychology,School Counselor,2.71,6,0,0,1,7,0,3,0,0,1,0,0,0,0
Marketing,Advertising Manager,3.58,9,2,2,0,6,1,1,7,1,1,2,2,2,0
Biology,Biologist,3.66,5,0,4,0,7,0,4,1,2,3,1,4,1,0
Law,Judge,2.63,1,2,3,0,0,0,0,10,3,2,4,3,0,1
Physics,Astronomer,3.24,6,0,4,1,8,0,1,4,0,0,1,3,4,1
Computer Science,Data Scientist,3.19,2,2,3,0,5,0,10,4,0,0,4,3,4,1
Computer Science,Game Developer,3.36,3,2,3,0,9,0,10,4,0,2,1,1,0,0
Biology,Biologist,3.05,2,2,3,1,1,1,3,0,2,3,0,4,1,0
Psychology,Music Therapist,3.01,1,1,4,1,3,0,3,1,4,2,2,4,2,1
Medicine,Surgeon,3.503832016324613,7,2,3,0,4,0,3,4,3,1,4,2,2,0
Music,Composer,3.41,8,2,3,1,6,0,2,1,3,1,0,1,2,0
Business,Construction Manager,3.15,0,0,4,0,2,1,2,7,1,1,2,0,3,0
Engineering,Mechanical Engineer,2.54,0,1,3,1,9,0,0,4,7,2,9,3,0,0
Computer Science,Game Developer,2.67,9,0,0,0,0,1,7,0,2,4,3,3,0,0
Architecture,Urban Planner,3.38,4,2,0,1,2,1,2,4,1,1,4,2,1,1
Business,Human Resources Specialist,3.57,6,2,1,0,5,1,2,8,2,4,2,2,1,1
Finance,Financial Advisor,2.47,9,2,0,1,3,0,3,2,4,1,7,2,4,1
Engineering,Civil Engineer,3.57,9,1,4,1,3,1,1,0,7,3,10,2,0,0
Law,Lawyer,2.25,5,1,1,1,7,0,4,7,3,0,4,2,4,1
Education,Teacher,3.96,0,0,1,0,7,0,3,2,1,3,3,4,2,0
Chemistry,Physical Chemist,3.84,2,0,3,1,5,1,2,2,0,4,3,3,0,0
Music,Composer,3.37,7,0,3,0,4,1,0,4,4,4,0,3,2,0
Engineering,Biomedical Engineer,3.94,8,1,0,0,8,1,3,3,7,4,9,4,2,0
Architecture,Architectural Technologist,3.2,4,0,1,1,4,1,3,3,1,0,2,3,4,1
Law,Judge,3.79,1,0,3,0,9,1,2,8,3,4,3,0,4,0
Music,Composer,2.91,7,1,3,1,4,0,4,4,1,1,1,4,1,1
Physics,Physicist,3.41,5,1,4,1,7,1,4,3,1,1,2,4,0,1
Psychology,Psychologist,2.38,6,1,2,1,2,1,2,2,0,2,0,2,4,0
Art,Illustrator,2.64,0,0,5,0,0,1,3,4,2,2,2,3,1,1
Engineering,Chemical Engineer,2.04,4,2,2,0,4,0,0,4,10,4,10,4,2,0
Physics,Physicist,3.89,7,1,3,0,1,0,2,0,0,4,1,3,0,1
Physics,Physicist,3.26,4,0,3,0,2,0,3,3,1,4,1,1,1,0
Music,Sound Engineer,3.23,8,2,2,1,1,1,2,2,4,1,4,3,2,0
Engineering,Acoustics Specialist,2.16,8,1,1,0,3,1,4,3,7,2,10,2,0,0
Education,Curriculum Developer,2.65,9,0,4,1,1,1,1,2,2,3,2,2,2,1
Music,Music Teacher,2.93,8,2,4,0,6,1,4,4,0,3,0,2,1,0
Marketing,Social Media Manager,3.83,3,1,4,0,8,0,0,7,2,2,0,3,0,0
Law,Lawyer,3.31,5,0,2,1,9,0,2,9,3,0,3,1,4,0
Architecture,Architectural Technologist,3.15,9,0,3,1,9,0,1,1,4,0,2,1,0,0
Physics,Nuclear Physicist,3.63,9,1,4,1,2,0,2,2,1,2,4,4,4,1
Business,Human Resources Specialist,3.44,0,0,2,0,4,0,3,7,2,2,4,1,3,1
Architecture,Landscape Architect,2.72,3,1,0,1,1,1,2,0,4,2,3,4,1,1
Marketing,Social Media Manager,3.26,0,0,0,0,5,1,4,8,3,1,4,4,0,1
Finance,Financial Analyst,3.18,6,2,2,0,4,1,0,2,0,2,10,3,4,0
Law,Legal Secretary,3.57,4,2,1,1,0,1,3,7,3,2,3,0,1,0
Education,Special Education Teacher,3.01,7,2,2,1,9,0,4,3,1,1,2,2,4,1
Biology,Microbiologist,3.98,2,2,0,1,1,0,3,4,0,2,1,4,4,0
Engineering,Acoustics Specialist,2.38,6,0,4,1,3,1,4,0,9,0,9,4,1,0
Art,Illustrator,2.94,5,1,3,0,9,0,3,1,0,0,1,3,1,1
Art,Art Director,2.57,9,0,4,0,6,0,3,2,3,1,4,4,4,0
Engineering,Electrical Engineer,3.49,3,0,0,1,5,1,1,0,7,2,9,0,3,1
Engineering,Biomedical Engineer,3.39,9,1,3,1,1,1,0,3,9,2,8,1,0,1
Education,Curriculum Developer,2.36,7,1,1,0,0,0,3,4,4,1,3,2,0,0
Computer Science,Software Developer,2.17,1,1,1,1,9,0,8,0,2,0,0,3,2,0
Architecture,Urban Planner,2.96,0,0,0,1,0,1,4,0,3,2,0,1,3,1
Architecture,Interior Designer,3.09,6,1,4,1,6,0,2,0,4,1,1,1,4,0
Psychology,Counselor,3.93,3,0,2,0,9,0,1,4,3,4,2,0,2,1
Medicine,Nurse,3.956643473788118,7,2,2,0,3,0,0,2,3,2,1,2,0,1
Psychology,School Counselor,3.56,2,1,1,1,5,0,3,4,4,2,3,3,0,1
Chemistry,Inorganic Chemist,3.15,9,2,1,0,5,1,0,3,3,3,1,0,3,1
Marketing,Brand Manager,2.19,3,2,1,1,0,1,3,10,3,0,4,4,0,1
Physics,Astronomer,3.17,6,1,2,1,6,1,2,0,4,0,0,3,3,1
Engineering,Electrical Engineer,2.42,7,1,4,1,1,0,1,0,8,4,7,3,2,0
Education,Curriculum Developer,2.11,0,2,4,1,6,0,1,3,1,3,3,0,3,1
Psychology,Music Therapist,2.31,4,0,4,0,1,0,4,1,3,4,4,4,0,0
Engineering,Electrical Engineer,2.83,4,1,4,0,0,0,0,3,8,4,10,0,1,0
Marketing,Social Media Manager,2.96,8,1,1,1,9,1,2,7,3,4,1,1,3,1
Physics,Physicist,3.13,4,0,3,1,5,0,4,2,2,1,3,0,1,1
Education,Special Education Teacher,3.86,1,0,3,0,9,1,2,2,4,4,0,4,3,1
Biology,Geneticist,2.85,1,1,4,1,8,0,1,3,1,4,3,0,1,1
Law,Judge,2.23,7,0,4,1,0,1,2,7,2,2,2,2,1,1
Medicine,Dentist,3.6996843741973455,5,2,0,0,3,1,0,0,0,3,0,3,3,0
Law,Legal Analyst,3.02,2,2,2,1,1,1,0,7,0,3,1,1,1,1
Business,Entrepreneur,3.26,7,1,0,1,7,1,1,7,0,4,0,3,0,0
Marketing,Digital Marketing Specialist,2.19,1,1,4,0,0,1,3,9,0,0,0,3,1,0
Engineering,Civil Engineer,3.79,0,0,0,0,5,0,2,0,10,4,9,1,4,1
Physics,Physicist,3.89,1,1,4,0,6,1,3,0,4,1,1,4,3,0
Psychology,Music Therapist,3.97,6,0,4,1,3,1,3,0,4,4,0,3,3,0
Biology,Biochemist,3.37,5,1,0,0,8,1,3,4,4,0,0,4,2,0
Law,Legal Analyst,3.36,6,2,4,0,9,0,1,8,1,0,1,1,3,0
Business,Human Resources Specialist,2.86,6,2,0,0,2,1,4,8,3,1,4,4,4,0
Chemistry,Inorganic Chemist,3.72,2,1,1,1,2,0,0,1,4,3,0,2,4,1
Medicine,Nurse,3.5388073223657206,8,2,4,0,4,1,4,3,2,2,1,1,0,1
Medicine,Surgeon,3.6531567493891064,3,1,1,0,1,0,4,0,0,4,3,4,2,0
Architecture,Urban Planner,3.11,4,1,1,0,8,1,0,2,3,4,1,0,0,1
Marketing,Marketing Specialist,2.81,6,0,3,0,6,1,2,10,1,2,3,3,4,1
Engineering,Chemical Engineer,3.06,5,1,0,1,8,0,4,4,10,4,8,1,4,1
Psychology,School Psychologist,2.38,8,2,1,0,4,0,3,3,2,3,3,4,3,1
Chemistry,Analytical Chemist,2.77,1,0,0,1,4,1,0,2,1,4,4,3,0,0
Law,Paralegal,3.93,2,0,4,0,2,0,1,10,3,0,1,3,1,0
Medicine,Surgeon,3.715492610256648,7,1,4,0,2,1,4,4,0,2,1,4,0,0
Psychology,Industrial-Organizational Psychologist,2.74,9,0,2,1,6,1,0,3,1,2,3,3,0,1
Music,Composer,3.36,6,0,1,0,1,1,2,2,3,4,1,4,2,0
Business,Human Resources Specialist,3.43,8,2,2,1,2,0,0,7,3,3,2,1,3,0
Computer Science,AI Researcher,3.61,0,0,3,1,5,1,10,1,1,2,3,2,2,1
Architecture,Landscape Architect,2.15,8,0,1,1,3,1,4,0,4,0,0,0,1,0
Engineering,Civil Engineer,3.67,3,0,4,0,4,0,2,4,9,3,10,3,4,1
Finance,Financial Analyst,2.15,9,2,0,0,9,0,3,4,2,0,10,0,3,0
Art,Illustrator,2.57,0,1,3,1,6,0,3,4,1,2,2,4,2,0
Biology,Zoologist,2.63,9,1,4,0,3,1,0,1,3,4,1,2,3,1
Engineering,Chemical Engineer,3.4,2,0,3,0,1,0,0,0,10,4,7,2,2,1
Law,Lawyer,3.51,9,2,2,1,4,0,2,7,4,4,2,0,0,0
Business,Human Resources Specialist,3.82,8,0,0,1,1,1,2,10,3,2,1,1,4,1
Art,Artist,2.4,7,2,3,0,4,1,1,0,2,1,3,3,0,0
Physics,Astronomer,2.79,4,1,2,0,5,1,4,2,2,3,0,0,1,0
Art,Illustrator,2.72,2,2,4,1,4,1,0,0,1,4,0,3,3,1
Biology,Biochemist,2.93,5,0,1,1,8,1,2,3,2,1,4,0,0,0
Chemistry,Analytical Chemist,3.75,8,1,3,1,6,1,1,3,1,3,4,3,0,0
Law,Judge,3.68,0,1,0,0,6,1,3,9,0,2,2,4,0,1
Education,Education Administrator,3.9,4,0,3,1,7,0,2,1,3,0,1,4,0,0
Medicine,Physician Assistant,3.797994421091741,8,2,1,1,3,0,4,1,0,0,1,3,2,0
Chemistry,Chemist,3.72,6,2,2,1,7,1,0,0,2,4,0,0,1,1
Biology,Ecologist,3.33,7,1,4,0,7,0,1,4,4,0,2,1,4,0
Engineering,Fluid Mechanics Engineer,2.41,3,0,0,1,5,0,1,1,10,4,7,4,4,1
Education,Principal,3.45,6,0,2,1,0,1,3,3,1,3,3,1,1,0
Biology,Biochemist,3.37,3,2,0,1,2,0,1,2,2,1,4,3,2,0
Finance,Risk Analyst,2.41,6,1,3,1,4,0,1,4,0,3,10,1,4,0
Architecture,Architect,2.7,7,2,4,1,3,1,1,2,4,3,0,0,2,0
Music,Musician,3.35,5,0,4,1,5,0,3,4,3,3,3,4,1,0
Finance,Financial Controller,2.2,3,0,0,1,9,1,2,0,0,1,8,3,4,1
Engineering,Acoustics Specialist,2.41,8,1,0,1,0,0,2,1,10,1,8,3,2,0
Engineering,Fluid Mechanics Engineer,3.23,4,2,3,1,3,1,1,3,9,2,9,3,4,1
Law,Judge,2.86,5,2,2,1,9,0,4,7,0,2,0,4,2,1
Biology,Biochemist,2.81,8,2,1,1,5,1,3,1,2,2,4,1,3,0
Business,Entrepreneur,3.85,8,2,3,0,9,0,2,9,2,4,4,4,0,0
Biology,Ecologist,2.09,5,1,3,1,6,0,3,0,4,3,0,0,2,0
Physics,Astronomer,3.91,5,2,1,1,6,0,1,4,1,3,3,0,2,0
Business,Human Resources Specialist,3.05,4,0,4,0,7,0,0,10,4,3,4,0,0,1
Engineering,Electrical Engineer,2.8,6,1,2,0,8,1,2,0,9,3,8,1,1,0
Finance,Financial Analyst,3.59,1,1,1,0,5,1,1,4,1,2,8,1,0,0
Physics,Nuclear Physicist,3.86,2,2,0,0,0,1,1,4,1,0,3,3,1,1
Marketing,Advertising Manager,3.87,8,0,4,1,1,0,3,9,3,1,4,4,3,1
Architecture,Architectural Technologist,3.7,1,2,3,0,5,1,4,0,1,1,3,0,1,1
Biology,Ecologist,2.04,2,1,4,1,7,1,4,4,3,2,1,3,1,0
Art,Graphic Designer,2.34,0,2,3,0,9,1,2,0,4,4,1,1,4,0
Marketing,Social Media Manager,2.2,2,0,0,0,7,0,3,7,2,1,1,3,3,1
Computer Science,Game Developer,3.13,2,0,2,1,3,1,8,2,1,2,4,0,3,1
Chemistry,Inorganic Chemist,3.28,0,2,2,0,0,0,3,2,2,0,1,3,2,1
Physics,Physicist,3.53,1,0,1,1,7,1,2,1,1,0,3,2,4,0
Education,Education Administrator,3.49,7,1,0,1,5,0,0,0,4,1,3,1,0,0
Biology,Zoologist,3.24,1,1,4,0,2,0,2,3,1,2,0,1,4,0
Music,Musician,3.09,6,1,1,1,3,1,3,1,4,0,4,3,0,1
Marketing,Market Research Analyst,3.74,7,2,1,0,2,1,3,7,3,4,1,2,3,0
Computer Science,Software Developer,3.03,0,2,3,1,9,0,7,2,1,1,1,3,2,0
Law,Legal Analyst,2.88,9,1,1,0,3,1,4,9,4,3,1,0,1,1
Biology,Zoologist,4.0,3,0,3,1,6,0,0,1,4,3,4,3,3,0
Psychology,Clinical Psychologist,3.51,4,1,2,0,8,1,4,3,1,3,0,0,4,1
Marketing,Marketing Manager,2.88,4,1,2,1,2,1,2,7,0,3,4,4,3,1
Education,Special Education Teacher,3.11,4,0,4,0,7,0,0,2,3,2,2,0,1,0
Biology,Biotechnologist,3.91,4,0,4,0,0,1,0,1,2,3,4,0,0,0
Law,Legal Analyst,2.1,9,0,4,0,1,1,3,7,1,3,0,2,1,0
Business,Manager,3.91,6,2,3,1,3,0,3,7,2,0,2,3,0,0
Physics,Astronomer,2.69,8,0,4,0,8,1,0,2,0,0,2,4,1,1
Medicine,Dentist,3.880950906302435,0,2,4,1,4,1,3,1,4,2,1,1,2,1
Medicine,Nurse,3.919274607451414,3,0,0,0,4,0,4,0,4,4,0,2,1,0
Medicine,Nurse,3.651166624675747,2,0,1,0,7,1,3,2,4,1,2,2,1,1
Psychology,School Psychologist,2.39,3,1,4,0,6,0,0,1,4,0,1,3,2,1
Psychology,Psychologist,2.48,6,1,3,0,5,0,2,3,2,3,3,1,1,0
Biology,Biotechnologist,2.92,0,0,1,1,0,0,2,2,1,4,1,3,4,1
Finance,Financial Advisor,3.59,4,0,0,1,5,0,4,0,2,0,9,3,0,0
Chemistry,Inorganic Chemist,2.23,3,0,1,1,9,1,1,0,4,1,2,3,4,1
Business,Manager,2.17,8,2,0,1,5,0,0,10,1,2,2,4,1,0
Business,Human Resources Specialist,2.26,9,1,1,1,6,0,3,9,4,1,2,1,0,0
Finance,Actuary,2.96,6,2,4,1,7,0,2,2,3,2,9,0,3,0
Education,Teacher,2.55,1,2,3,0,7,1,1,1,1,2,4,1,2,1
Art,Illustrator,3.98,9,2,5,0,4,1,2,4,1,3,2,4,3,1
Engineering,Fluid Mechanics Engineer,3.06,0,1,1,0,4,0,4,3,9,1,7,1,4,1
Art,Animator,3.45,3,1,5,1,8,1,4,3,3,3,3,0,3,0
Business,Entrepreneur,2.6,5,2,0,1,2,0,1,9,0,0,4,2,4,0
Law,Paralegal,3.34,5,2,2,0,5,0,0,9,4,4,3,2,4,0
Chemistry,Physical Chemist,3.95,5,2,2,0,3,0,1,0,4,4,0,1,4,1
Architecture,Architect,3.94,1,2,0,0,6,1,0,4,2,2,4,3,1,1
Art,Artist,2.79,9,2,4,1,8,1,0,3,4,3,4,3,2,0
Medicine,Physician Assistant,3.7846886805911413,9,1,0,0,7,0,3,3,1,4,3,3,3,1
Art,Graphic Designer,3.86,9,1,5,0,6,1,4,0,4,3,1,1,3,0
Biology,Biotechnologist,2.58,6,0,2,1,4,1,2,2,3,0,4,2,3,0
Finance,Credit Analyst,3.23,7,2,4,1,4,1,2,0,4,2,7,2,4,0
Art,Illustrator,3.32,3,1,3,1,1,0,1,3,4,0,2,1,1,1
Computer Science,Software Developer,2.31,7,1,3,1,6,0,7,3,2,1,2,0,0,0
Marketing,Market Research Analyst,2.97,6,2,1,1,7,0,0,8,4,2,0,1,3,0
Psychology,School Psychologist,3.38,5,0,1,0,9,0,2,3,2,4,0,2,4,0
Art,Artist,3.76,2,1,3,0,8,0,1,4,2,3,4,1,4,0
Business,Entrepreneur,2.99,9,1,3,0,5,1,1,9,3,4,3,3,4,0
Marketing,Marketing Specialist,3.19,9,0,4,1,9,0,4,7,0,0,4,2,1,1
Medicine,Pharmacist,3.5189907816449266,4,2,0,0,3,0,4,3,2,4,4,1,3,1
Psychology,Music Therapist,2.11,5,2,2,0,9,0,3,4,3,0,0,0,1,1
Law,Judge,3.05,0,1,2,1,6,0,3,9,1,2,0,2,2,0
Business,Construction Manager,2.8,1,2,1,0,2,0,4,7,0,4,0,3,0,1
Chemistry,Chemist,2.3,4,1,1,1,4,0,1,1,3,3,4,2,0,1
Business,Construction Manager,2.11,6,2,4,0,5,1,1,10,3,2,3,1,0,1
Biology,Biologist,2.42,8,1,0,1,4,1,4,4,3,3,4,4,0,1
Marketing,Marketing Specialist,3.9,3,1,0,0,0,1,1,8,0,1,3,1,2,0
Engineering,Chemical Engineer,2.02,4,2,2,0,5,0,3,4,7,0,8,0,2,0
Music,Composer,3.63,7,1,0,0,6,0,2,4,3,4,3,3,4,0
Medicine,Doctor,3.9904936890813425,2,1,0,0,4,0,1,3,2,1,4,2,0,0
Computer Science,Web Developer,2.32,4,1,3,1,7,0,10,2,3,2,2,2,2,1
Art,Graphic Designer,3.3,1,1,4,1,3,1,4,0,3,0,0,1,3,1
Business,Human Resources Specialist,2.44,4,0,0,0,3,0,0,7,0,0,4,4,3,1
Marketing,Marketing Specialist,3.11,3,2,0,0,1,1,3,10,1,0,0,4,3,1
Art,Artist,3.68,2,2,5,1,6,1,3,3,3,2,3,3,0,0
Physics,Quantum Physicist,3.65,3,0,1,0,3,0,3,3,4,4,1,4,3,1
Chemistry,Chemist,3.66,8,2,2,0,6,1,1,3,1,0,0,4,0,0
Art,Artist,2.14,7,0,4,0,9,0,3,2,4,1,4,0,2,0
Education,Teacher,3.94,6,1,0,1,1,0,1,1,2,2,4,3,3,1
Education,Education Administrator,3.51,0,1,0,1,2,0,3,0,4,4,3,2,4,1
Computer Science,Game Developer,3.09,9,2,3,1,2,0,8,0,1,2,2,0,1,1
Biology,Geneticist,3.35,1,2,4,0,7,0,1,3,0,0,3,1,3,1
Engineering,Mechanical Engineer,2.14,9,0,4,0,8,0,0,0,9,0,10,3,3,0
Art,Illustrator,2.56,9,1,5,0,7,1,3,0,1,2,2,0,4,0
Marketing,Advertising Manager,2.2,9,0,4,1,4,1,0,9,3,1,0,0,2,1
Psychology,School Counselor,2.29,5,1,2,1,2,1,2,1,2,0,3,1,0,0
Law,Paralegal,3.82,7,2,3,0,3,0,2,7,4,2,4,1,2,1
Education,Teacher,3.89,1,2,4,1,3,0,1,2,4,3,0,2,3,1
Music,Conductor,3.6,5,1,4,0,8,0,3,3,1,1,1,4,4,1
Medicine,Surgeon,3.9465451025977076,8,0,1,1,9,0,2,0,4,3,2,4,4,1
Art,Artist,2.43,9,2,5,0,2,0,0,1,1,3,1,3,1,1
Art,Artist,3.66,5,0,5,1,3,0,4,2,4,1,4,3,3,1
Education,Curriculum Developer,3.83,2,0,2,1,8,0,2,3,0,3,0,3,2,0
Computer Science,Game Developer,2.28,3,0,0,0,4,1,9,2,3,0,0,0,1,1
Architecture,Architectural Technologist,3.14,8,2,2,0,0,1,0,3,3,2,1,3,1,0
Engineering,Biomedical Engineer,2.09,1,2,1,0,5,1,1,4,10,0,9,1,0,0
Finance,Financial Analyst,2.76,0,2,4,0,2,0,3,4,4,2,10,4,4,1
Engineering,Aerospace Engineer,2.04,7,0,4,1,1,0,1,4,8,4,7,1,0,1
Finance,Investment Banker,3.33,4,0,1,1,9,1,1,1,0,2,9,0,1,1
Engineering,Aerospace Engineer,2.95,2,1,2,0,6,1,0,1,8,0,8,0,3,1
Biology,Ecologist,2.36,6,2,2,1,5,0,2,1,1,1,1,4,4,1
Engineering,Acoustics Specialist,3.48,8,2,0,1,2,0,3,3,10,0,10,4,4,0
Computer Science,Cybersecurity Analyst,2.31,7,2,0,1,7,0,7,0,0,2,1,2,0,0
Business,Construction Manager,3.44,5,0,4,0,8,1,4,9,2,2,1,2,2,0
Business,Construction Manager,3.17,3,1,1,0,7,0,0,8,1,0,0,3,3,0
Business,Manager,3.48,6,2,0,1,2,0,2,8,3,3,4,0,0,1
Law,Judge,3.22,0,2,3,1,9,0,3,9,0,3,2,1,0,1
Architecture,Urban Planner,2.56,1,0,4,1,0,0,0,3,0,1,4,0,0,1
Music,Music Teacher,2.63,5,1,0,1,1,1,1,3,0,4,1,1,3,0
Medicine,Physician Assistant,3.50715763883353,6,1,3,0,0,1,4,1,1,0,1,0,1,0
Education,Teacher,2.1,8,1,0,1,6,0,3,1,3,2,3,3,1,1
Architecture,Landscape Architect,2.87,2,0,0,0,4,1,4,2,3,4,3,2,1,1
Engineering,Civil Engineer,2.29,3,0,3,1,2,1,4,0,7,2,7,0,4,0
Finance,Credit Analyst,3.89,6,0,3,0,3,1,0,0,1,4,7,4,0,0
Physics,Physicist,3.37,7,2,1,0,0,0,3,2,2,4,1,3,1,0
Architecture,Architectural Technologist,3.06,1,0,0,0,0,1,2,0,2,3,3,0,3,1
Business,Construction Manager,2.94,1,2,4,0,2,0,4,10,3,3,0,0,0,0
Psychology,School Counselor,3.0,2,0,2,1,0,1,3,1,3,3,4,2,3,1
Finance,Credit Analyst,3.37,5,1,2,0,1,0,2,3,1,1,7,2,0,0
Physics,Quantum Physicist,3.69,7,0,3,0,2,0,2,3,3,4,2,4,2,0
Education,Education Administrator,2.15,7,0,3,1,5,1,4,2,1,2,0,4,0,1
Finance,Financial Analyst,3.31,8,1,1,0,6,0,4,2,0,3,9,3,4,0
Computer Science,Software Developer,3.83,2,1,2,0,3,0,8,0,2,0,1,0,1,1
Psychology,Clinical Psychologist,3.9,0,0,4,0,4,1,4,1,2,4,3,2,1,1
Architecture,Interior Designer,3.76,6,1,0,0,2,1,3,4,4,4,4,3,4,0
Finance,Investment Banker,2.18,3,2,3,0,1,1,4,2,3,4,10,0,2,1
Law,Judge,3.14,4,2,1,0,2,1,4,8,1,1,2,2,0,0
Law,Paralegal,2.37,1,0,0,1,4,1,1,7,3,0,1,3,2,1
Marketing,Advertising Manager,2.46,8,1,3,0,1,1,1,10,3,1,1,4,0,1
Finance,Financial Analyst,2.65,0,1,2,0,0,1,0,4,0,4,7,1,2,0
Medicine,Dentist,3.5504705999887607,6,0,3,1,8,0,0,4,0,0,1,2,4,1
Education,Principal,3.91,8,1,2,0,4,0,3,0,2,1,0,0,4,1
Physics,Quantum Physicist,2.5,6,1,2,1,7,0,3,0,1,1,4,3,1,1
Education,Teacher,2.89,9,2,2,1,8,1,4,4,0,2,2,4,1,1
Business,Human Resources Specialist,2.95,3,0,4,0,7,0,0,8,4,2,4,1,3,0
Art,Graphic Designer,2.42,1,1,4,0,7,1,1,2,1,2,4,3,0,0
Architecture,Landscape Architect,2.75,6,2,2,1,6,1,2,0,0,1,1,4,2,1
Marketing,Social Media Manager,2.96,9,0,0,1,8,1,4,8,3,2,3,4,4,1
Physics,Astronomer,2.74,2,0,2,1,0,1,2,4,3,0,0,0,4,1
Business,Manager,3.64,2,0,3,1,8,1,3,10,4,0,1,1,0,0
Engineering,Biomedical Engineer,3.31,9,1,4,1,3,1,4,2,10,2,9,4,0,1
Medicine,Doctor,3.640502249454357,1,2,0,0,2,1,3,4,1,1,0,1,2,1
Chemistry,Analytical Chemist,2.62,4,2,0,0,2,1,3,1,1,2,2,2,4,0
Engineering,Aerospace Engineer,3.81,4,0,3,1,2,1,2,1,9,0,7,3,2,1
Chemistry,Physical Chemist,2.25,5,2,1,1,4,1,2,3,0,0,0,1,2,1
Marketing,Digital Marketing Specialist,2.7,7,1,2,1,3,1,3,7,3,0,3,2,0,1
Art,Art Director,3.5,5,2,3,1,7,1,0,2,4,1,3,3,4,1
Business,Entrepreneur,2.65,0,1,4,0,9,1,2,7,2,2,0,1,3,0
Marketing,Advertising Manager,3.24,5,2,3,0,2,1,0,7,0,3,4,3,2,1
Art,Artist,2.04,4,0,3,0,3,1,3,3,1,4,3,1,2,0
Physics,Nuclear Physicist,3.86,9,2,0,0,3,1,3,4,2,0,2,3,2,0
Business,Manager,2.45,4,0,0,0,3,0,0,7,1,1,0,0,4,0
Marketing,Marketing Specialist,2.61,0,1,4,1,9,0,2,9,1,1,4,1,0,1
Finance,Accountant,3.45,7,1,0,0,0,1,0,4,0,0,9,2,0,0
Computer Science,AI Researcher,3.13,4,1,4,1,9,0,8,4,3,3,2,3,1,0
Psychology,Clinical Psychologist,3.71,7,0,4,1,9,1,3,3,4,2,2,4,4,1
Marketing,Marketing Specialist,2.42,1,0,1,0,8,0,3,10,0,3,3,2,2,1
Music,Musician,2.77,6,2,1,1,1,0,0,1,3,0,4,4,1,1
Psychology,Counselor,3.27,8,0,3,1,7,0,2,4,2,2,0,0,2,1
Finance,Actuary,3.37,3,2,4,0,3,1,3,2,1,3,8,4,0,1
Finance,Actuary,2.93,4,2,3,1,0,1,1,1,3,4,7,1,0,1
Music,Musician,3.79,9,1,2,0,1,0,2,3,1,0,2,1,0,1
Finance,Investment Banker,3.58,6,1,2,1,5,0,2,0,4,0,9,2,3,0
Education,Principal,2.11,9,0,0,1,9,1,1,0,3,2,0,2,1,1
Chemistry,Inorganic Chemist,2.47,7,1,2,0,7,0,3,4,3,2,2,2,0,1
Physics,Nuclear Physicist,2.69,3,1,4,1,5,1,3,2,0,4,0,4,3,1
Engineering,Biomedical Engineer,3.35,6,1,1,1,3,0,0,4,8,4,8,0,2,0
Finance,Financial Analyst,2.26,5,1,3,1,9,1,4,4,2,0,10,1,1,1
Architecture,Urban Planner,3.06,4,1,4,1,3,0,4,2,1,0,3,0,4,0
Chemistry,Analytical Chemist,2.05,8,0,4,1,6,0,3,0,4,1,2,4,4,1
Medicine,Surgeon,3.8743226170631,2,2,4,1,2,0,4,4,1,4,4,2,0,0
Architecture,Architect,3.54,3,1,2,0,7,0,0,0,2,3,1,1,4,0
Finance,Credit Analyst,2.66,0,2,2,0,7,1,1,3,1,0,7,2,2,1
Psychology,Counselor,3.61,5,0,4,0,4,0,4,1,4,3,1,0,2,0
Computer Science,AI Researcher,3.07,4,1,0,1,1,1,8,3,2,4,0,1,1,0
Biology,Biologist,3.84,6,1,0,1,1,0,3,4,4,2,0,1,2,1
Computer Science,Cybersecurity Analyst,3.47,3,2,2,1,0,1,10,3,3,0,1,2,4,0
Art,Art Director,3.49,1,1,4,1,4,1,3,0,0,1,2,3,2,1
Biology,Biotechnologist,3.25,0,2,3,0,4,0,1,1,3,0,1,0,4,1
Music,Musician,2.71,5,0,1,1,6,1,1,4,1,2,2,2,2,1
Psychology,School Counselor,2.65,6,1,1,0,0,0,1,3,0,1,2,1,3,0
Law,Lawyer,2.51,2,0,3,1,4,0,3,9,4,2,0,0,3,1
Education,Education Administrator,2.52,1,2,4,1,2,1,0,3,1,1,1,1,3,0
Chemistry,Chemist,3.37,4,1,1,0,6,0,4,2,1,0,1,3,2,1
Medicine,Nurse,3.9332739908745435,9,0,4,0,0,0,3,0,4,1,4,1,2,0
Finance,Actuary,2.76,8,1,4,0,6,1,4,3,1,4,10,4,3,0
Music,Music Teacher,3.72,7,2,1,0,7,1,2,0,4,2,2,2,3,1
Chemistry,Physical Chemist,3.64,3,1,0,0,6,1,3,0,1,2,1,0,2,1
Architecture,Interior Designer,3.82,0,2,0,1,2,0,4,3,1,0,0,1,1,0
Psychology,Psychologist,2.26,4,1,4,1,8,0,2,3,2,4,1,1,2,1
Psychology,Music Therapist,3.85,7,1,3,1,0,1,4,3,1,3,1,4,4,1
Engineering,Fluid Mechanics Engineer,3.77,6,0,4,1,5,0,1,1,10,3,10,2,2,0
Art,Artist,2.7,8,2,3,1,8,0,0,3,3,1,4,1,4,1
Finance,Accountant,3.85,0,1,2,0,3,0,4,1,2,4,8,0,2,1
Medicine,Doctor,3.7823145254986317,3,0,0,1,7,0,2,2,1,1,0,1,4,0
Engineering,Chemical Engineer,2.44,3,0,2,1,1,1,0,4,7,2,9,1,3,1
Psychology,Industrial-Organizational Psychologist,3.86,1,1,2,0,0,0,1,2,3,0,0,2,3,0
Education,Principal,3.98,4,1,1,0,0,1,0,2,4,0,2,0,4,0
Marketing,Digital Marketing Specialist,3.78,3,2,4,1,6,0,1,9,1,2,3,3,2,0
Chemistry,Physical Chemist,3.44,2,0,0,0,5,0,3,3,0,4,4,1,3,1
Chemistry,Physical Chemist,2.37,5,2,0,0,2,1,1,4,1,0,0,3,3,1
Psychology,Art Therapist,3.57,5,1,4,0,8,1,2,2,3,4,2,2,1,0
Marketing,Marketing Manager,3.87,2,0,3,0,6,1,0,10,0,4,1,4,4,1
Education,Special Education Teacher,3.58,7,2,0,1,2,1,4,4,1,3,3,3,3,0
Physics,Nuclear Physicist,2.59,1,0,0,1,3,0,3,4,2,3,3,4,3,0
Medicine,Surgeon,3.8380541157072057,8,2,3,1,0,1,2,3,4,1,0,4,1,0
Education,Teacher,3.34,9,0,1,0,8,1,1,0,3,0,0,2,0,1
Medicine,Physician Assistant,3.634484015797693,8,0,4,1,5,1,2,3,2,3,3,2,0,1
Computer Science,Web Developer,3.48,5,0,2,1,2,0,9,0,3,4,1,3,1,1
Art,Artist,3.03,1,1,3,0,1,0,1,3,3,0,0,0,4,1
Biology,Microbiologist,3.14,4,0,2,0,7,0,2,0,3,3,3,2,0,1
Medicine,Surgeon,3.6800252329504892,7,1,0,1,3,0,0,4,0,4,2,3,3,1
Music,Musician,3.44,5,2,0,1,5,1,1,2,2,1,2,4,4,0
Finance,Investment Banker,2.39,9,0,4,1,5,1,3,2,2,0,9,2,2,0
Computer Science,Cybersecurity Analyst,2.89,0,0,2,1,8,0,10,1,3,4,0,4,4,0
Marketing,Marketing Specialist,3.81,4,2,0,1,9,0,2,9,1,0,1,1,2,0
Psychology,School Counselor,2.2,9,0,2,1,7,1,4,1,3,4,4,3,1,1
Music,Musician,2.98,5,1,2,0,7,0,0,3,4,0,1,3,3,0
Finance,Financial Controller,2.35,1,2,2,1,8,1,0,2,3,1,8,1,1,1
Art,Animator,3.47,2,2,3,0,5,1,2,1,0,0,1,0,3,1
Marketing,Market Research Analyst,3.65,1,0,2,1,5,0,3,9,1,0,2,2,1,0
Finance,Financial Analyst,2.38,9,1,3,1,7,0,0,2,1,0,10,2,4,0
Biology,Biologist,3.48,1,2,0,1,5,1,2,2,0,3,2,4,4,1
Computer Science,Software Developer,3.74,9,0,3,0,4,1,8,2,1,2,2,2,0,0
Art,Artist,2.18,7,2,4,0,0,0,1,1,2,1,3,0,4,0
Finance,Risk Analyst,2.83,9,0,1,1,4,1,4,2,4,3,8,3,4,1
Biology,Biologist,2.33,5,1,4,1,4,0,4,4,1,1,1,2,2,1
Music,Musician,2.21,9,1,3,1,2,0,1,1,1,0,4,1,4,1
Art,Animator,2.28,6,2,3,1,8,0,2,2,1,2,0,1,2,1
Architecture,Urban Planner,3.48,3,1,4,1,8,0,3,2,1,2,4,0,2,1
Architecture,Architect,3.36,4,0,4,0,5,1,3,4,4,4,1,1,2,1
Architecture,Landscape Architect,3.74,8,0,4,0,4,1,4,3,4,0,1,4,3,1
Chemistry,Organic Chemist,2.76,6,0,3,1,1,1,1,2,0,0,3,4,0,0
Architecture,Interior Designer,2.02,9,2,4,0,0,0,3,4,0,1,1,3,0,1
Business,Construction Manager,2.01,3,0,0,1,0,1,2,8,1,3,1,0,3,1
Medicine,Pharmacist,3.5260993145224857,3,0,2,1,3,1,2,4,0,0,4,2,1,0
Business,Construction Manager,2.18,3,0,3,1,2,0,3,10,2,4,4,1,4,1
Psychology,Music Therapist,3.26,9,1,3,1,2,1,3,1,3,2,1,0,4,0
Biology,Ecologist,2.62,1,1,2,1,6,0,1,1,1,3,4,4,0,1
Biology,Biologist,2.27,6,0,2,0,8,1,0,0,4,3,3,4,2,0
Art,Illustrator,3.35,8,2,3,1,1,0,2,2,4,0,3,3,2,0
Art,Illustrator,3.52,2,0,5,1,0,1,3,4,2,2,0,1,3,1
Finance,Investment Banker,3.61,3,2,2,1,4,0,2,0,2,1,7,2,4,0
Art,Art Director,3.78,4,2,3,0,7,1,0,0,2,1,3,3,3,1
Education,Principal,3.32,9,2,3,0,4,1,2,4,3,4,2,0,0,0
Business,Manager,2.48,4,2,3,1,8,1,1,10,0,4,2,4,3,0
Music,Sound Engineer,3.17,6,0,4,1,8,0,0,1,4,1,0,0,3,0
Education,Curriculum Developer,3.06,2,1,0,1,9,0,0,4,0,3,3,1,2,1
Art,Animator,2.84,0,0,4,0,1,1,2,2,2,2,4,1,0,0
Physics,Quantum Physicist,3.86,3,0,3,1,0,0,2,3,0,2,2,3,2,1
Chemistry,Organic Chemist,3.07,1,0,3,1,7,0,2,4,3,2,3,2,2,1
Medicine,Physician Assistant,3.8546914835436956,9,0,3,0,2,1,2,3,3,3,4,1,2,0
Psychology,School Psychologist,3.76,4,1,2,1,5,0,2,2,4,4,3,3,3,1
Computer Science,Software Developer,3.53,1,1,4,1,8,1,9,0,3,3,2,0,2,0
Computer Science,AI Researcher,2.03,1,0,2,1,5,0,7,3,3,2,0,2,2,1
Physics,Quantum Physicist,2.35,6,1,0,1,5,1,4,0,1,2,2,1,2,0
Marketing,Marketing Specialist,2.57,4,2,2,0,8,1,0,10,1,0,0,0,0,1
Engineering,Fluid Mechanics Engineer,3.77,4,1,3,1,3,0,2,1,9,4,7,0,0,1
Architecture,Architect,2.75,8,1,1,0,7,0,1,1,0,2,4,1,1,1
Engineering,Chemical Engineer,2.69,2,1,2,1,6,0,1,2,10,2,8,3,0,0
Business,Entrepreneur,2.99,2,0,1,0,6,1,2,8,0,2,4,2,0,0
Chemistry,Chemist,2.19,8,1,1,0,5,0,4,4,3,0,1,2,2,1
Computer Science,Web Developer,3.13,5,1,3,1,7,0,9,3,1,3,2,3,4,0
Marketing,Market Research Analyst,2.54,8,0,1,0,4,0,4,10,2,2,4,2,0,1
Education,Teacher,3.87,7,2,3,0,1,0,1,1,4,4,0,4,0,0
Art,Illustrator,2.45,3,0,4,0,1,0,1,3,0,4,3,0,1,0
Music,Musician,3.1,7,2,4,1,2,1,4,0,0,2,2,4,0,1
Computer Science,AI Researcher,2.42,5,2,3,1,5,1,7,0,0,4,0,4,4,1
Music,Music Teacher,3.09,7,1,2,0,8,1,1,2,3,4,2,1,2,0
Art,Art Director,2.45,8,1,4,1,8,0,0,0,3,1,1,0,3,0
Music,Sound Engineer,2.31,10,1,0,0,4,0,2,1,0,1,1,4,2,1
Art,Animator,2.33,4,2,3,1,4,0,3,2,2,3,0,1,4,1
Psychology,Psychologist,2.49,0,1,3,0,4,1,1,2,0,0,1,0,1,0
Marketing,Digital Marketing Specialist,3.42,1,2,2,0,0,0,4,8,0,2,3,2,0,1
Chemistry,Inorganic Chemist,2.7,5,0,2,0,2,1,0,0,3,0,3,1,3,0
Chemistry,Chemist,2.28,7,0,4,0,3,0,2,0,2,3,0,1,3,0
Biology,Ecologist,2.85,2,0,4,1,1,0,1,0,1,3,0,1,4,1
Marketing,Market Research Analyst,2.24,3,1,4,1,3,0,3,10,3,1,2,4,4,1
Art,Artist,2.29,8,2,3,1,0,0,2,4,0,1,0,2,0,0
Chemistry,Inorganic Chemist,3.45,1,0,0,0,2,1,3,1,4,1,0,3,3,0
Art,Animator,3.81,3,2,5,0,8,0,3,4,1,0,3,3,4,0
Physics,Quantum Physicist,2.27,1,1,0,0,9,0,1,4,2,0,0,3,1,1
Biology,Zoologist,3.77,3,1,2,0,7,0,2,0,2,1,2,0,3,0
Engineering,Electrical Engineer,3.41,8,1,2,0,6,1,0,0,10,2,7,0,3,1
Law,Judge,3.08,7,1,1,0,6,0,4,10,0,0,3,1,4,0
Medicine,Surgeon,3.8030732824667397,4,2,0,1,8,0,3,4,1,3,1,4,2,1
Art,Animator,3.53,7,1,4,1,7,0,3,1,3,3,2,3,0,0
Engineering,Electrical Engineer,3.91,3,1,2,1,8,0,3,0,10,3,10,4,4,0
Education,Education Administrator,3.98,6,1,2,1,0,0,3,1,3,2,0,2,1,0
Medicine,Dentist,3.6141176817468494,1,2,2,0,4,1,3,3,0,0,3,0,4,0
Architecture,Urban Planner,3.02,0,0,4,0,3,0,4,3,1,3,2,3,3,1
Engineering,Mechanical Engineer,3.13,0,1,0,1,6,1,4,1,7,2,10,0,0,0
Medicine,Pharmacist,3.7369049141989734,0,0,3,0,4,1,0,4,4,3,1,2,1,0
Finance,Financial Analyst,3.2,2,0,1,0,9,1,0,2,2,3,10,3,0,0
Marketing,Social Media Manager,3.8,4,0,3,1,4,0,0,10,4,4,0,2,4,0
Law,Lawyer,2.42,1,0,3,1,0,1,1,9,0,3,1,3,0,1
Architecture,Architectural Technologist,3.75,8,0,4,1,1,0,0,4,0,1,4,0,2,0
Psychology,Industrial-Organizational Psychologist,2.95,5,1,4,0,7,0,3,0,1,3,2,0,2,1
Education,Special Education Teacher,3.69,4,0,0,1,8,1,4,0,2,2,1,1,2,0
Music,Music Teacher,2.2,7,1,1,1,4,0,0,2,1,0,4,3,2,0
Medicine,Pharmacist,3.8884640051636126,4,0,2,1,2,1,3,1,4,4,0,2,2,1
Music,Conductor,2.54,7,2,2,1,2,0,1,0,0,0,0,1,4,0
Psychology,Forensic Psychologist,2.7,3,1,0,1,1,0,4,4,1,2,3,4,3,0
Engineering,Mechanical Engineer,3.4,5,0,1,0,6,0,0,2,8,0,7,3,0,0
Computer Science,Software Developer,3.04,8,1,3,0,3,0,8,2,3,0,0,4,1,0
Marketing,Brand Manager,3.16,3,2,4,0,7,0,4,7,0,1,1,1,4,0
Engineering,Electrical Engineer,3.88,2,2,1,1,7,0,2,3,7,3,9,2,1,0
Psychology,Art Therapist,3.63,4,1,3,0,7,0,4,1,2,3,1,0,2,0
Art,Illustrator,2.41,4,1,5,0,6,0,2,3,0,0,1,0,0,1
Biology,Zoologist,2.3,1,1,1,0,7,0,0,1,3,4,2,1,2,1
Medicine,Pharmacist,3.821409457400087,6,2,3,1,0,1,0,0,1,4,4,4,1,0
Chemistry,Chemist,2.24,8,2,4,1,9,1,2,3,0,4,0,2,3,0
Physics,Physicist,2.99,8,0,3,1,1,0,0,4,1,2,0,2,1,0
Architecture,Landscape Architect,3.47,2,2,3,1,7,0,4,1,3,0,2,0,1,1
Engineering,Aerospace Engineer,2.91,5,1,0,0,0,1,0,2,8,2,10,4,2,0
Psychology,School Counselor,2.62,1,1,2,1,7,1,2,1,3,1,1,3,2,1
Law,Lawyer,3.76,0,1,4,1,6,1,0,8,2,2,4,3,4,1
Marketing,Social Media Manager,3.92,5,1,2,0,5,1,4,8,0,4,1,0,1,0
Computer Science,Software Developer,2.15,4,0,2,0,6,0,8,1,2,4,1,3,3,1
Art,Animator,3.02,9,1,3,1,1,0,1,3,2,4,0,2,0,1
Physics,Nuclear Physicist,2.69,1,0,0,1,6,0,4,2,4,0,0,3,1,0
Finance,Risk Analyst,2.82,8,2,2,1,2,0,2,0,1,4,8,2,4,1
Biology,Biologist,2.07,9,0,4,1,8,1,4,0,4,3,3,4,2,1
Medicine,Doctor,3.650958350038751,3,0,2,0,0,0,0,4,4,1,3,2,1,1
Biology,Microbiologist,3.73,9,2,0,1,7,1,3,1,4,0,0,0,0,0
Marketing,Digital Marketing Specialist,2.46,3,1,4,1,8,0,4,10,2,4,4,3,2,0
Music,Sound Engineer,3.64,6,2,1,0,1,0,1,1,0,1,1,0,0,1
Physics,Physicist,2.61,2,1,4,1,9,1,0,4,2,0,4,0,1,1
Law,Legal Secretary,3.14,5,2,4,0,2,0,2,7,2,2,1,2,0,1
Business,Entrepreneur,2.5,5,0,3,0,4,0,3,8,3,1,3,0,2,1
Marketing,Marketing Specialist,2.91,7,0,4,1,5,0,1,8,4,0,3,2,2,0
Engineering,Aerospace Engineer,2.92,0,2,4,0,2,0,1,4,8,0,8,0,4,0
Computer Science,Cybersecurity Analyst,2.45,5,2,1,1,0,0,8,4,0,0,3,0,0,0
Engineering,Acoustics Specialist,2.86,9,1,0,0,5,0,2,3,8,3,9,1,4,1
Psychology,School Psychologist,3.58,6,1,4,1,3,0,2,0,0,4,2,3,4,0
Physics,Astronomer,3.57,8,1,1,0,4,1,1,3,0,2,2,1,1,1
Physics,Astronomer,3.0,9,2,0,1,3,0,2,0,4,3,0,4,2,1
Chemistry,Physical Chemist,2.11,6,1,4,0,3,1,4,1,1,1,0,0,2,1
Psychology,Industrial-Organizational Psychologist,2.9,2,0,1,1,9,0,0,1,3,4,3,2,0,0
Marketing,Market Research Analyst,3.02,2,0,1,0,0,0,1,7,3,3,4,0,1,1
Marketing,Brand Manager,3.39,0,0,2,0,6,1,0,10,0,3,1,4,3,0
Music,Conductor,2.37,5,1,1,0,4,1,2,4,0,3,3,0,1,0
Law,Judge,3.03,9,0,1,0,8,1,1,7,4,4,1,2,0,1
Computer Science,Cybersecurity Analyst,2.42,7,2,0,0,7,0,9,2,2,0,0,3,3,0
Biology,Zoologist,2.26,2,1,1,0,5,0,3,3,3,3,0,4,0,0
Computer Science,Web Developer,3.15,8,0,1,1,3,0,10,1,2,3,1,3,2,1
Medicine,Physician Assistant,3.5544466569905193,0,0,3,1,1,0,2,1,3,0,2,3,0,1
Education,Special Education Teacher,2.62,6,0,1,0,5,0,1,2,3,0,4,2,0,0
Medicine,Nurse,3.7491180002496365,9,2,0,1,2,0,1,3,1,4,0,1,2,0
Business,Construction Manager,3.67,0,0,1,1,7,1,2,10,2,1,4,2,3,0
Architecture,Interior Designer,2.88,4,0,0,0,1,1,1,1,1,1,4,2,3,1
Law,Legal Consultant,2.35,0,2,3,0,3,0,2,8,2,0,4,4,4,1
Music,Conductor,2.23,8,2,0,1,5,0,1,4,4,3,4,3,2,1
Art,Artist,3.44,5,2,3,1,8,0,4,3,4,2,3,2,0,0
Finance,Accountant,2.45,0,1,3,1,6,0,4,1,4,2,8,1,4,0
Finance,Investment Banker,3.98,1,2,0,0,7,1,1,3,1,3,9,4,3,0
Chemistry,Organic Chemist,3.39,0,0,4,0,9,1,3,3,4,2,1,2,1,0
Art,Graphic Designer,2.54,3,1,4,1,7,0,4,0,3,2,4,0,2,0
Law,Paralegal,2.98,0,0,0,1,6,1,1,10,1,3,1,0,4,1
Marketing,Brand Manager,3.19,0,0,3,1,2,0,0,7,1,3,1,1,0,0
Music,Composer,2.39,9,1,3,0,7,0,4,0,3,3,2,1,3,0
Finance,Financial Analyst,2.35,5,0,4,0,5,1,0,1,2,0,7,4,2,0
Engineering,Electrical Engineer,2.82,7,2,1,1,6,0,1,1,7,4,9,0,0,0
Music,Music Teacher,3.97,6,0,1,1,1,0,4,2,1,1,3,1,4,0
Engineering,Biomedical Engineer,3.78,9,0,0,1,1,0,2,3,7,2,10,0,0,0
Law,Legal Consultant,2.06,0,0,1,1,6,0,1,10,3,3,1,1,2,0
Music,Musician,3.78,10,2,0,1,7,1,2,2,1,3,4,0,1,1
Finance,Accountant,3.41,3,0,3,0,5,1,1,1,3,3,9,4,4,0
Marketing,Digital Marketing Specialist,3.85,8,0,2,0,2,0,0,7,3,2,3,4,0,0
Art,Artist,3.7,1,2,4,1,2,0,2,3,3,2,2,2,3,0
Computer Science,AI Researcher,2.17,5,1,2,0,7,1,7,4,2,3,1,0,3,0
Business,Entrepreneur,2.3,6,2,0,0,4,1,3,10,1,0,4,0,3,0
Chemistry,Chemist,2.11,8,2,4,0,5,0,2,4,3,3,3,1,1,0
Engineering,Acoustics Specialist,3.69,1,0,0,1,8,1,2,0,10,3,8,2,3,0
Chemistry,Physical Chemist,2.25,4,1,3,1,0,0,0,0,3,0,0,3,0,0
Music,Musician,2.17,8,2,4,1,4,1,1,0,2,2,3,0,3,1
Architecture,Urban Planner,2.39,8,0,1,0,7,0,0,3,4,3,2,2,1,0
Art,Artist,3.48,3,2,3,1,7,1,4,4,2,4,4,2,2,1
Law,Legal Consultant,2.46,5,1,1,0,2,1,2,10,4,4,1,1,3,0
Engineering,Fluid Mechanics Engineer,3.64,8,2,2,1,0,0,3,0,9,3,8,3,2,0
Law,Judge,2.9,7,2,2,1,1,0,1,8,0,2,0,1,3,0
Art,Animator,2.7,6,1,5,0,7,0,3,4,3,0,4,0,2,1
Education,Teacher,2.77,1,0,3,0,5,1,2,3,3,2,4,4,1,0
Business,Manager,2.62,3,2,4,0,2,0,0,9,1,1,0,0,3,0
Marketing,Market Research Analyst,2.25,1,2,4,1,5,0,0,7,1,2,1,4,2,1
Medicine,Dentist,3.5592513117990756,5,1,3,0,5,0,0,0,4,2,1,4,0,1
Finance,Accountant,3.0,8,0,1,0,3,1,4,3,2,0,8,2,3,1
Music,Composer,2.19,6,0,1,1,6,0,4,2,2,2,4,3,0,0
Engineering,Electrical Engineer,3.53,2,0,4,0,4,0,4,1,10,3,7,0,1,0
Medicine,Surgeon,3.880503961747696,7,1,1,0,7,0,4,0,3,4,2,3,1,1
Biology,Biologist,3.84,5,1,3,1,3,0,1,4,3,1,1,2,0,0
Biology,Geneticist,3.67,2,1,2,0,9,0,4,4,0,3,0,4,3,0
Business,Construction Manager,2.83,9,1,4,0,8,0,4,10,1,2,3,3,1,1
Art,Animator,2.56,2,0,4,0,2,0,4,4,0,0,4,3,2,1
Chemistry,Analytical Chemist,3.04,4,1,1,1,3,0,3,2,0,0,4,4,3,1
Psychology,School Psychologist,3.61,9,1,4,1,9,0,3,4,4,2,1,2,0,1
Music,Conductor,2.87,7,1,3,1,3,1,2,4,4,2,2,3,1,1
Chemistry,Organic Chemist,3.46,4,1,4,1,4,0,3,4,4,1,1,3,4,1
Music,Conductor,3.84,6,1,1,1,5,1,2,2,1,2,0,2,3,1
Medicine,Dentist,3.6255006916311503,1,0,3,1,6,0,2,1,0,2,4,0,3,0
Business,Construction Manager,3.0,8,1,1,0,3,1,1,7,2,4,3,1,2,0
Music,Composer,2.4,6,0,1,0,9,0,0,4,2,2,2,4,0,1
Architecture,Landscape Architect,3.37,8,1,1,0,8,0,0,2,3,0,0,4,2,1
Physics,Physicist,2.05,6,0,1,0,0,0,2,4,1,3,2,2,1,1
Chemistry,Organic Chemist,2.86,0,1,2,0,0,1,3,1,4,4,0,2,3,1
Architecture,Architect,3.09,8,2,2,0,0,1,1,3,1,1,4,2,4,1
Psychology,Clinical Psychologist,3.08,4,1,0,1,1,0,0,4,4,4,1,4,0,1
Medicine,Pharmacist,3.5137595925702074,1,2,4,1,3,0,1,3,4,3,1,4,4,1
Psychology,School Counselor,2.6,9,1,1,1,0,1,4,0,4,4,4,4,0,1
Chemistry,Chemist,3.53,2,2,4,1,6,0,0,4,0,1,4,0,1,0
Finance,Financial Controller,3.38,5,2,4,0,1,0,0,0,1,3,8,4,2,0
Chemistry,Chemist,3.77,1,1,3,0,3,0,2,4,1,2,0,4,4,1
Law,Lawyer,2.96,6,0,3,0,6,1,4,8,1,3,0,4,0,1
Business,Entrepreneur,3.85,2,1,0,0,6,1,1,10,3,3,4,1,1,0
Art,Animator,2.95,1,2,3,1,1,1,2,0,4,3,0,0,2,0
Architecture,Architectural Technologist,2.28,2,1,0,1,7,0,4,1,2,0,2,1,0,1
Computer Science,Web Developer,3.83,7,2,3,0,6,0,7,2,0,2,2,4,2,1
Engineering,Fluid Mechanics Engineer,2.8,6,1,3,0,0,0,3,2,10,0,9,4,1,1
Finance,Investment Banker,2.55,5,1,2,1,9,1,2,2,0,1,7,0,4,1
Finance,Investment Banker,2.86,2,2,4,0,1,0,0,4,3,4,10,0,1,1
Education,Principal,3.51,8,1,2,1,3,0,0,3,3,1,4,0,2,0
Psychology,School Psychologist,3.94,0,2,0,0,2,0,2,1,3,0,3,2,2,0
Medicine,Nurse,3.5719071751574067,7,0,0,1,2,1,1,0,4,1,4,4,4,0
Physics,Nuclear Physicist,2.22,5,2,1,0,5,1,1,2,0,4,0,1,4,1
Business,Human Resources Specialist,3.97,0,0,2,1,0,0,4,9,2,2,4,1,2,1
Finance,Credit Analyst,3.6,6,2,0,1,9,0,0,2,3,0,8,4,2,0
Music,Sound Engineer,2.84,9,0,1,0,5,1,2,2,3,2,1,1,3,1
Finance,Financial Advisor,3.25,2,2,4,0,5,1,1,4,3,4,10,0,3,0
Music,Music Teacher,3.14,8,0,2,1,8,0,4,2,0,2,0,1,0,0
Music,Music Teacher,3.83,8,2,4,1,6,1,2,0,3,2,0,0,4,1
Law,Legal Analyst,3.56,0,1,3,1,3,0,1,7,0,1,2,3,2,1
Finance,Risk Analyst,2.56,1,0,2,1,5,0,0,3,4,3,7,0,4,0
Law,Judge,3.03,6,1,2,0,3,1,4,10,3,3,0,3,4,1
Biology,Zoologist,3.71,7,2,3,0,6,1,2,4,0,0,1,3,2,1
Engineering,Aerospace Engineer,3.34,0,2,3,1,5,0,0,2,8,3,10,3,0,0
Art,Art Director,3.25,7,2,5,1,9,0,4,2,2,4,2,2,1,0
Chemistry,Inorganic Chemist,2.53,0,0,3,1,9,0,4,1,0,4,2,4,1,1
Education,Principal,3.76,4,1,3,0,5,0,2,0,0,4,0,0,3,0
Marketing,Digital Marketing Specialist,2.92,9,0,1,1,6,1,0,9,2,4,2,1,4,0
Finance,Financial Controller,2.2,7,2,2,1,6,1,2,0,3,0,7,0,1,1
Architecture,Interior Designer,3.03,6,0,1,0,4,1,2,4,4,4,2,2,3,0
Business,Human Resources Specialist,2.03,0,2,4,0,9,0,1,10,1,1,2,0,0,0
Architecture,Interior Designer,3.98,0,2,1,1,6,0,0,1,2,1,1,1,1,0
Art,Animator,3.81,7,1,4,0,5,0,2,2,2,0,1,2,3,0
Biology,Biotechnologist,2.93,5,0,2,0,0,0,2,3,0,1,1,1,3,1
Law,Legal Consultant,3.83,0,2,2,1,0,0,3,10,0,4,1,0,3,1
Education,Education Administrator,3.37,0,1,1,1,7,1,1,2,0,0,1,0,1,1
Marketing,Social Media Manager,3.17,2,1,1,1,7,1,2,7,0,4,1,3,2,0
Engineering,Civil Engineer,2.26,3,1,1,1,4,1,2,0,7,2,9,2,2,0
Law,Paralegal,2.35,5,1,1,0,2,1,4,9,3,0,3,2,3,0
Psychology,Art Therapist,2.68,7,1,4,1,5,1,1,2,0,4,2,3,4,0
Architecture,Architectural Technologist,2.53,3,2,3,1,8,1,1,3,4,3,2,1,1,0
Marketing,Marketing Specialist,3.43,3,1,4,0,7,0,1,7,0,2,1,2,0,0
Finance,Accountant,2.98,0,0,0,0,1,0,4,3,3,4,7,2,4,1
Education,Teacher,2.41,5,2,2,0,5,1,0,3,0,2,1,3,4,0
Biology,Biochemist,3.25,4,1,4,1,1,1,3,2,2,2,0,0,4,0
Finance,Financial Advisor,2.77,7,0,3,0,7,0,2,2,1,3,8,2,0,0
Biology,Biotechnologist,2.85,6,0,3,0,1,1,2,4,3,3,3,3,1,1
Engineering,Civil Engineer,3.92,3,2,0,0,7,1,0,1,10,0,8,1,3,1
Chemistry,Physical Chemist,3.96,8,0,2,0,7,0,2,1,3,2,0,3,1,1
Biology,Biotechnologist,3.24,5,0,0,1,9,0,4,1,3,0,1,0,1,1
Architecture,Landscape Architect,2.7,2,1,2,1,0,0,0,4,3,2,3,1,4,0
Music,Composer,2.49,7,0,3,1,7,0,0,1,0,1,2,4,0,0
Psychology,Music Therapist,3.87,7,1,2,0,0,1,1,1,1,1,2,4,2,1
Biology,Zoologist,3.8,0,2,0,1,7,1,4,0,2,1,1,3,0,0
Chemistry,Inorganic Chemist,3.35,3,1,1,1,2,0,2,1,1,4,4,3,4,1
Business,Construction Manager,2.08,1,0,0,1,1,0,2,10,3,1,0,3,4,1
Medicine,Physician Assistant,3.8658623682821065,2,0,4,1,7,0,2,2,0,2,0,2,2,1
Music,Musician,2.99,5,0,0,0,8,1,0,4,1,1,3,4,1,0
Engineering,Acoustics Specialist,2.0,9,0,2,0,9,1,4,4,9,2,7,0,3,1
Engineering,Mechanical Engineer,2.0,5,1,1,1,4,0,1,2,8,3,8,2,1,1
Psychology,Art Therapist,2.89,1,0,2,1,8,0,4,1,4,1,2,2,1,0
Business,Manager,2.63,8,1,2,0,4,1,1,10,2,3,4,3,2,0
Law,Judge,3.35,4,0,4,0,2,1,3,9,2,0,1,1,3,1
Music,Conductor,2.82,10,1,1,0,9,1,1,2,1,3,1,2,2,1
Chemistry,Analytical Chemist,3.1,0,0,1,1,6,0,4,3,3,4,1,4,0,0
Architecture,Landscape Architect,2.02,7,0,4,0,6,1,0,3,3,0,0,3,0,0
Architecture,Architectural Technologist,3.56,8,2,0,1,0,1,2,2,1,1,1,1,1,0
Music,Sound Engineer,3.78,5,2,2,1,5,0,2,3,3,0,4,1,1,0
Law,Judge,2.0,7,1,4,1,5,1,3,9,2,2,3,0,2,0
Business,Human Resources Specialist,2.48,9,2,2,1,0,1,0,8,0,3,4,0,1,0
Physics,Astronomer,3.89,3,0,1,1,8,0,1,4,1,3,4,2,0,1
Finance,Risk Analyst,3.59,1,1,2,0,6,1,0,1,2,1,9,2,1,0
Medicine,Doctor,3.8903158587127784,2,1,1,0,7,1,3,3,4,1,2,4,0,0
Physics,Physicist,2.46,8,2,4,0,8,1,0,2,0,0,1,4,2,1
Biology,Biologist,3.45,1,1,1,0,7,1,4,3,1,1,3,0,2,1
Law,Judge,3.67,1,1,1,0,8,0,3,10,2,2,1,0,2,0
Law,Legal Consultant,2.17,3,0,2,1,5,0,2,8,4,4,1,0,1,0
Engineering,Civil Engineer,3.45,1,0,4,1,2,1,3,0,10,3,7,0,3,0
Medicine,Pharmacist,3.8160797495932286,8,2,4,1,8,1,1,1,0,2,3,2,1,1
Engineering,Electrical Engineer,2.27,7,0,4,0,5,1,2,2,7,3,7,3,0,0
Music,Conductor,3.83,5,0,1,0,5,0,2,2,1,1,1,4,4,0
Medicine,Surgeon,3.58604461464763,3,1,3,0,2,1,3,2,2,2,2,3,0,1
Psychology,Psychologist,2.6,2,2,1,0,8,0,0,2,4,2,3,1,2,0
Chemistry,Chemist,2.45,1,0,1,1,0,1,3,0,1,2,0,1,4,0
Physics,Nuclear Physicist,2.95,1,1,3,1,6,1,3,4,4,1,2,2,1,0
Music,Music Teacher,2.99,7,1,1,0,7,0,0,4,3,3,1,3,0,0
Finance,Financial Advisor,3.25,1,1,1,0,4,1,1,1,2,4,7,0,1,0
Music,Music Teacher,2.41,9,0,4,0,9,1,3,3,4,4,1,0,2,0
Medicine,Physician Assistant,3.6723020422237798,6,0,1,1,5,0,3,1,1,1,1,3,1,1
Biology,Microbiologist,3.1,5,0,0,0,7,0,0,2,0,1,3,1,1,0
Marketing,Brand Manager,2.15,1,2,3,1,5,0,0,7,4,3,1,2,0,0
Education,Curriculum Developer,2.51,9,0,1,0,6,1,0,0,2,3,3,2,0,0
Marketing,Marketing Manager,3.71,2,2,3,0,9,0,4,7,3,0,2,1,2,0
Chemistry,Inorganic Chemist,3.59,3,0,0,0,8,0,3,1,4,1,3,0,4,1
Chemistry,Inorganic Chemist,2.24,5,0,3,1,0,0,0,0,0,3,2,4,1,0
Music,Sound Engineer,3.14,7,1,3,0,8,1,1,0,4,4,0,1,1,0
Business,Manager,2.1,5,2,2,1,4,0,1,9,4,4,2,3,2,1
Physics,Physicist,3.46,4,0,3,1,9,1,4,3,4,1,2,0,2,1
Law,Paralegal,3.94,8,0,2,1,9,1,1,10,2,3,0,3,2,0
Physics,Nuclear Physicist,2.5,2,2,1,0,4,0,4,3,4,1,0,4,0,0
Business,Manager,3.64,8,0,3,1,6,0,2,9,3,0,0,2,2,0
Art,Art Director,2.26,6,2,3,1,4,1,1,0,1,4,0,2,4,0
Medicine,Nurse,3.7412502101176806,9,0,2,0,1,0,1,2,4,2,3,1,1,1
Education,Special Education Teacher,2.35,4,0,1,1,9,0,3,3,4,2,0,2,0,0
Architecture,Landscape Architect,3.16,2,1,3,1,2,1,4,3,0,1,0,1,4,0
Education,Principal,2.74,9,0,1,0,3,1,3,3,3,3,0,2,0,0
Psychology,Psychologist,2.33,4,0,2,1,9,1,1,2,1,1,0,2,2,0
Finance,Investment Banker,4.0,7,0,1,1,1,1,1,0,4,1,9,2,4,1
Physics,Quantum Physicist,2.85,8,0,0,1,2,1,0,4,4,1,3,1,2,1
Architecture,Interior Designer,2.24,2,0,0,1,9,1,2,0,1,3,1,3,2,0
Biology,Ecologist,3.48,6,1,0,0,4,0,4,2,1,0,2,2,4,0
Biology,Microbiologist,2.37,9,2,2,1,8,0,3,2,2,0,4,1,1,1
Finance,Accountant,2.9,3,2,0,1,7,0,4,3,1,2,8,3,4,0
Finance,Financial Analyst,2.46,8,1,2,0,7,1,1,3,0,1,7,2,1,1
Computer Science,Web Developer,2.79,8,2,3,0,2,0,10,2,0,3,2,0,1,1
Chemistry,Analytical Chemist,3.97,4,0,0,1,6,0,1,2,4,4,1,1,1,0
Psychology,School Psychologist,3.63,5,1,0,0,3,1,2,1,4,3,2,3,4,1
Art,Art Director,2.79,4,1,3,0,3,1,4,2,4,2,0,0,1,1
Business,Manager,2.12,0,2,0,1,8,0,2,10,1,0,2,4,4,1
Marketing,Brand Manager,2.37,9,2,4,0,8,1,1,7,3,4,3,2,2,0
Chemistry,Chemist,3.85,4,2,1,1,3,1,2,1,4,3,4,2,2,1
Medicine,Dentist,3.859226973661275,9,2,0,0,0,0,4,3,2,2,4,4,2,0
Architecture,Architectural Technologist,3.12,3,2,4,0,2,1,1,0,0,3,2,3,2,0
Law,Legal Secretary,2.85,4,2,0,0,5,1,4,9,3,4,3,3,0,1
Physics,Nuclear Physicist,2.39,6,1,2,0,6,0,0,2,4,0,4,4,2,1
Physics,Quantum Physicist,3.58,9,0,4,1,0,0,0,4,2,1,0,4,1,0
Medicine,Nurse,3.939670510088264,9,2,4,1,7,1,2,1,0,2,3,4,2,1
Physics,Physicist,3.74,9,0,3,1,3,1,2,2,2,3,1,3,2,0
Marketing,Market Research Analyst,3.24,1,2,3,0,3,1,1,9,1,0,0,0,2,1
Finance,Actuary,3.78,1,2,1,1,9,1,2,1,4,3,10,3,2,1
Chemistry,Organic Chemist,3.91,7,1,3,0,8,1,4,2,3,3,4,3,1,0
Medicine,Physician Assistant,3.836351497104449,3,0,3,0,0,1,1,0,4,3,4,4,0,0
Engineering,Acoustics Specialist,3.17,8,1,4,0,6,1,1,1,9,1,10,2,2,0
Art,Artist,2.03,7,1,4,0,8,1,4,4,3,3,3,0,0,0
Education,Education Administrator,2.86,1,2,0,0,0,1,4,4,3,3,4,2,1,0
Law,Judge,3.65,6,1,0,0,2,0,0,8,1,3,2,0,4,1
Education,Special Education Teacher,3.62,3,2,2,1,7,0,3,4,3,3,2,1,3,0
Psychology,Industrial-Organizational Psychologist,2.69,2,2,0,1,4,0,2,3,2,0,2,3,3,1
Art,Illustrator,2.58,8,2,3,0,8,1,3,1,2,3,1,0,4,1
Medicine,Surgeon,3.509897829173627,1,2,0,1,1,1,2,1,2,3,4,4,2,0
Finance,Financial Controller,2.16,0,1,2,1,6,1,0,4,4,2,9,0,2,0
Marketing,Advertising Manager,2.37,5,2,0,1,8,1,2,9,0,0,2,3,1,0
Architecture,Landscape Architect,2.24,1,2,0,1,3,0,3,2,2,0,4,4,2,1
Computer Science,Software Developer,2.35,1,2,3,1,5,0,8,1,1,2,2,4,1,0
Psychology,Psychologist,3.71,7,0,1,1,9,0,1,4,1,2,2,1,3,0
Finance,Financial Controller,2.47,5,0,0,0,3,0,4,3,4,2,7,4,1,0
Marketing,Market Research Analyst,3.99,3,1,3,0,6,1,2,8,3,1,3,3,4,0
Marketing,Advertising Manager,3.84,7,2,2,1,3,1,2,8,2,3,4,0,0,1
Architecture,Interior Designer,2.49,8,2,3,1,0,1,0,4,1,2,1,2,1,1
Architecture,Architect,3.74,9,1,4,1,6,0,4,2,3,1,1,4,3,0
Law,Legal Secretary,2.09,0,0,2,1,6,1,1,8,1,4,1,4,3,0
Business,Construction Manager,3.84,1,0,1,0,8,0,0,7,1,2,2,1,4,0
Law,Judge,2.19,4,1,4,1,4,1,1,8,4,2,3,1,3,1
Chemistry,Physical Chemist,3.57,3,2,0,0,2,0,3,4,2,3,0,3,4,0
Law,Judge,2.03,9,2,1,1,0,0,2,8,3,4,1,0,2,0
Music,Musician,2.11,5,2,3,0,0,1,0,0,0,0,0,1,4,0
Business,Manager,2.16,1,0,4,1,6,1,3,10,1,3,1,3,2,1
Law,Legal Secretary,3.44,4,0,1,1,7,0,3,9,4,1,0,1,3,1
Chemistry,Analytical Chemist,2.92,5,2,3,1,6,1,1,1,1,2,2,4,2,0
Chemistry,Physical Chemist,3.25,8,1,4,0,4,0,4,0,4,3,3,0,2,0
Business,Construction Manager,3.19,9,0,4,0,8,1,1,10,2,2,2,4,0,1
Chemistry,Physical Chemist,2.66,1,2,3,0,9,1,4,3,2,3,1,3,1,1
Computer Science,Cybersecurity Analyst,2.32,5,2,2,1,2,0,9,0,1,4,1,4,0,0
Music,Music Teacher,3.15,5,2,2,1,9,0,1,4,2,4,1,3,1,0
Biology,Biologist,3.96,2,1,0,0,8,1,3,1,4,3,1,4,3,1
Education,Principal,3.5,5,0,2,0,6,0,1,4,1,4,1,4,1,0
Physics,Astronomer,2.77,5,0,0,1,4,1,4,2,4,1,1,3,2,0
Medicine,Dentist,3.9885521165257867,1,2,0,0,8,0,1,3,2,1,4,0,4,1
Architecture,Urban Planner,2.47,1,2,3,1,6,0,3,4,4,0,1,2,4,1
Architecture,Urban Planner,3.75,6,0,3,0,0,0,3,0,2,4,0,3,1,0
Education,Curriculum Developer,2.12,0,1,1,1,7,0,3,0,4,1,3,3,2,1
Education,Special Education Teacher,2.74,0,2,3,0,2,1,1,3,0,1,4,1,2,1
Biology,Ecologist,2.78,8,0,4,1,6,1,0,4,1,0,1,4,3,1
Finance,Accountant,2.71,0,0,0,1,1,1,2,3,3,4,7,3,3,0
Music,Music Teacher,2.23,6,2,3,0,7,1,1,2,3,3,4,4,1,1
Architecture,Landscape Architect,2.11,5,2,1,0,5,0,0,3,1,0,2,1,4,0
Engineering,Civil Engineer,3.32,2,0,4,0,4,1,4,4,9,2,7,3,1,0
Marketing,Marketing Manager,2.46,1,2,2,1,2,1,3,10,1,1,4,2,0,1
Psychology,Forensic Psychologist,2.29,9,2,1,1,2,0,0,3,0,0,4,2,4,1
Computer Science,Data Scientist,2.1,2,0,0,1,9,1,9,1,0,3,1,0,0,0
Marketing,Social Media Manager,3.9,3,1,3,1,3,0,3,8,1,1,2,0,4,1
Art,Art Director,2.02,6,0,5,0,8,1,2,4,1,1,1,3,1,0
Music,Music Teacher,2.01,8,2,4,0,1,1,0,2,4,0,1,4,2,0
Architecture,Urban Planner,3.0,5,1,2,1,0,0,3,0,1,1,1,3,1,0
Finance,Financial Advisor,3.18,5,2,1,0,4,0,3,0,3,4,8,3,0,1
Law,Legal Consultant,2.03,9,0,1,1,1,0,4,9,2,3,2,4,1,1
Medicine,Nurse,3.5377918069270335,8,0,0,0,0,0,0,4,3,1,3,1,3,1
Architecture,Landscape Architect,2.87,3,1,4,1,6,0,2,0,0,3,2,4,2,0
Art,Artist,2.51,3,0,3,1,6,1,2,2,3,0,0,0,3,1
Art,Illustrator,2.97,1,2,5,0,1,1,0,3,3,0,4,2,0,1
Art,Illustrator,2.53,6,1,5,1,4,1,3,0,2,2,2,4,3,1
Computer Science,Cybersecurity Analyst,3.59,8,1,0,1,2,1,8,0,1,2,4,2,1,1
Art,Animator,2.77,8,1,4,0,1,1,2,2,3,4,3,0,3,0
Marketing,Marketing Specialist,2.01,2,2,3,1,6,1,0,9,0,2,2,4,3,0
Architecture,Interior Designer,3.14,1,0,4,1,8,0,1,1,0,4,4,3,2,0
Medicine,Doctor,3.7253432374694566,0,0,3,1,0,1,4,0,0,1,4,3,4,0
Law,Legal Secretary,2.53,2,0,3,1,0,1,4,7,0,1,0,3,0,1
Education,Education Administrator,3.59,7,2,3,1,2,0,2,0,2,2,0,1,1,0
Law,Paralegal,3.84,1,2,0,0,5,0,4,9,4,2,1,1,1,1
Finance,Actuary,3.72,1,2,4,0,2,0,2,3,3,3,8,4,3,0
Music,Sound Engineer,3.83,8,1,1,1,3,1,2,3,0,2,3,0,4,1
Medicine,Surgeon,3.558533020712084,3,1,0,0,8,0,4,2,4,4,0,3,4,1
Chemistry,Chemist,3.69,1,2,0,0,9,0,4,2,2,4,0,4,3,0
Medicine,Doctor,3.8061290753809223,8,1,4,0,7,0,2,4,2,3,3,3,1,0
Education,Education Administrator,2.18,8,1,3,0,5,0,3,3,0,4,1,0,0,1
Psychology,Music Therapist,3.96,1,1,0,0,1,1,2,2,2,0,0,4,0,1
Medicine,Nurse,3.9414969124148866,3,0,0,0,6,1,4,4,0,3,2,1,0,1
Biology,Geneticist,2.76,7,1,4,1,4,1,2,4,2,3,1,3,3,1
Engineering,Fluid Mechanics Engineer,2.67,7,1,1,1,0,1,2,4,10,0,8,1,4,1
Engineering,Mechanical Engineer,3.89,2,0,3,0,0,0,0,2,7,1,8,4,1,0
Music,Sound Engineer,3.06,8,2,1,1,3,1,3,4,0,1,0,4,1,1
Art,Art Director,2.57,5,1,3,1,9,1,3,2,2,1,0,3,3,1
Law,Legal Analyst,2.09,2,2,1,1,1,1,1,10,4,4,3,2,1,1
Chemistry,Chemist,3.84,7,1,1,0,2,0,0,3,1,3,4,3,0,0
Law,Lawyer,3.27,8,2,4,1,6,0,1,10,4,4,3,0,4,1
Computer Science,Data Scientist,2.28,9,1,0,0,7,0,7,3,2,3,2,2,4,1
Chemistry,Organic Chemist,3.45,9,2,2,1,5,1,4,0,4,4,4,4,3,0
Business,Construction Manager,3.93,8,0,4,0,0,1,3,7,2,2,2,3,0,1
Chemistry,Physical Chemist,2.03,1,2,1,0,5,0,0,3,1,0,2,0,1,0
Biology,Ecologist,3.12,5,1,3,0,4,0,2,3,3,1,1,4,3,1
Chemistry,Organic Chemist,3.52,9,2,3,1,6,1,1,1,4,2,3,1,2,0
Law,Legal Secretary,2.85,7,1,2,1,1,0,2,10,1,2,2,2,4,0
Business,Entrepreneur,3.43,1,0,1,0,0,1,2,7,0,0,4,0,0,0
Psychology,Counselor,3.15,8,0,1,0,2,0,3,3,0,3,3,3,2,0
Finance,Investment Banker,2.81,8,0,3,1,4,0,1,4,2,3,8,2,3,0
Finance,Financial Analyst,3.27,7,1,4,0,3,0,2,3,3,1,9,2,2,0
Music,Musician,3.7,7,0,4,1,2,0,1,0,4,3,1,0,3,0
Business,Manager,3.87,3,0,3,1,2,0,3,9,1,3,2,4,1,0
Marketing,Marketing Manager,2.79,5,2,0,1,8,1,0,10,2,3,0,3,4,1
Physics,Nuclear Physicist,3.23,6,2,1,0,0,1,4,2,4,2,0,3,2,1
Art,Illustrator,3.72,9,1,3,0,8,1,1,0,1,3,3,4,4,0
Art,Artist,3.02,5,2,3,0,7,1,2,3,0,4,1,1,0,0
Biology,Geneticist,3.66,5,1,0,1,4,1,3,3,1,2,1,2,1,1
Business,Entrepreneur,3.61,2,1,2,0,4,1,3,9,3,3,2,0,1,0
Education,Special Education Teacher,3.36,5,2,4,1,4,1,1,3,3,0,2,1,0,0
Psychology,Psychologist,2.05,0,0,3,1,6,1,4,1,0,1,2,3,4,1
Computer Science,Data Scientist,2.02,9,0,3,0,9,0,7,3,0,4,1,1,0,0
Music,Conductor,2.26,6,2,1,1,5,1,0,2,4,3,4,0,3,0
Education,Principal,2.74,3,2,3,0,5,0,1,2,4,0,4,1,1,1
Engineering,Chemical Engineer,2.86,0,1,4,0,8,1,2,0,10,4,7,3,4,1
Business,Human Resources Specialist,3.99,9,1,3,0,8,0,0,7,0,0,4,1,3,0
Architecture,Architectural Technologist,2.85,7,0,4,0,8,0,1,2,4,3,3,1,3,1
Law,Paralegal,2.58,7,1,0,1,8,1,2,9,0,1,0,3,3,1
Computer Science,Software Developer,2.45,5,2,0,1,6,0,7,2,1,0,4,0,3,1
Art,Animator,2.33,1,1,5,0,3,1,1,3,4,1,2,4,3,1
Architecture,Urban Planner,3.19,0,2,4,1,5,0,2,1,4,3,3,1,4,1
Business,Construction Manager,2.65,3,0,0,0,5,0,4,9,3,3,0,4,0,0
Engineering,Acoustics Specialist,2.68,1,2,0,0,7,1,0,0,9,1,8,3,1,0
Chemistry,Organic Chemist,3.69,7,1,1,1,4,1,2,0,3,2,0,0,3,1
Marketing,Marketing Manager,2.15,0,2,4,1,0,0,3,9,2,0,0,1,4,0
Marketing,Social Media Manager,3.03,1,2,0,1,2,0,1,8,0,3,2,4,2,0
Chemistry,Organic Chemist,2.12,1,2,0,1,5,0,1,2,4,2,3,2,2,0
Psychology,Counselor,2.25,6,0,0,1,7,0,0,0,2,2,3,2,4,1
Education,Education Administrator,2.12,6,1,3,1,8,1,0,2,1,3,4,3,0,1
Psychology,Clinical Psychologist,3.09,2,2,3,0,6,0,0,4,3,1,2,1,3,1
Architecture,Interior Designer,3.01,6,0,4,1,8,1,4,0,1,1,0,3,3,0
Art,Animator,2.75,1,2,4,0,6,0,0,1,2,0,2,4,0,0
Marketing,Brand Manager,3.64,5,0,1,0,3,1,4,8,4,4,4,3,1,1
Computer Science,AI Researcher,3.27,7,1,3,0,7,1,7,3,3,4,4,3,4,0
Biology,Zoologist,3.6,2,2,3,0,7,1,3,0,0,2,2,0,0,0
Architecture,Interior Designer,3.16,6,0,3,1,5,0,1,0,0,1,1,2,3,1
Law,Legal Secretary,2.09,8,2,1,0,2,1,2,10,4,1,1,1,1,1
Chemistry,Analytical Chemist,2.84,3,2,0,0,2,0,1,1,0,1,4,4,0,1
Law,Legal Secretary,2.02,2,2,4,1,0,1,3,8,2,2,0,4,1,0
Chemistry,Chemist,3.46,5,1,4,1,0,1,4,0,0,2,0,2,3,0
Education,Teacher,3.91,7,0,0,0,1,1,1,4,3,4,1,4,0,0
Architecture,Architectural Technologist,3.25,2,0,4,1,3,0,3,3,2,4,0,2,4,1
Medicine,Physician Assistant,3.8998593819824308,6,0,2,1,1,1,4,1,2,3,3,4,4,1
Art,Art Director,3.12,4,2,3,1,9,0,2,1,2,3,1,1,4,1
Music,Sound Engineer,3.39,5,2,4,0,1,0,4,1,2,4,1,3,1,1
Business,Entrepreneur,2.95,6,2,0,1,8,0,2,10,4,1,1,4,2,0
Marketing,Brand Manager,3.05,2,2,2,1,4,0,1,7,3,0,4,4,3,0
Business,Entrepreneur,2.59,6,1,0,0,2,0,1,7,4,4,3,0,0,1
Computer Science,Cybersecurity Analyst,3.06,2,1,3,0,6,0,9,4,2,4,2,1,4,1
Psychology,Music Therapist,2.13,4,0,0,0,0,1,1,4,3,1,4,0,0,0
Music,Music Teacher,3.01,8,2,4,1,9,0,1,2,3,1,1,4,1,1
Business,Entrepreneur,3.83,3,0,0,1,0,0,2,10,4,2,4,0,0,1
Computer Science,Data Scientist,2.14,9,1,4,0,7,0,7,4,2,0,2,1,4,0
Music,Musician,2.22,6,2,0,0,2,0,0,0,3,2,4,0,2,0
Psychology,Counselor,2.06,8,2,3,0,1,1,0,2,3,1,1,3,3,1
Medicine,Physician Assistant,3.8925488570478537,6,2,3,0,3,1,4,3,2,0,0,4,3,1
Psychology,School Counselor,3.69,7,1,0,0,5,1,1,1,4,4,1,3,4,0
Marketing,Advertising Manager,2.66,1,1,0,1,1,0,0,10,0,0,4,3,4,0
Computer Science,AI Researcher,2.89,8,0,3,0,7,0,10,4,4,4,4,4,3,0
Engineering,Biomedical Engineer,2.91,5,0,4,1,5,1,4,1,9,2,7,2,0,1
Psychology,Music Therapist,3.42,0,1,3,0,4,1,2,3,3,4,4,1,2,0
Chemistry,Inorganic Chemist,2.74,2,2,0,1,8,0,3,1,4,3,2,2,0,0
Education,Special Education Teacher,2.69,3,2,2,0,9,1,3,4,4,0,3,3,4,0
Music,Conductor,2.69,7,0,2,0,7,1,0,3,0,3,3,2,2,0
Psychology,Music Therapist,3.97,7,0,4,0,3,0,1,3,0,4,3,2,3,1
Chemistry,Organic Chemist,3.33,0,2,3,1,7,1,3,1,0,2,1,0,1,1
Finance,Accountant,3.72,3,1,3,0,8,1,2,2,0,2,7,1,1,0
Finance,Financial Advisor,2.97,4,1,0,0,9,1,2,2,3,2,8,3,1,1
Law,Legal Analyst,2.45,6,0,2,1,5,1,0,10,3,4,4,1,0,1
Art,Animator,3.34,2,2,3,1,9,1,1,2,1,3,3,4,1,0
Law,Lawyer,2.58,8,1,2,0,6,0,4,8,4,2,2,3,3,0
Architecture,Landscape Architect,2.89,5,0,4,1,5,1,1,2,1,4,3,2,0,0
Architecture,Architectural Technologist,2.2,4,1,4,0,5,1,4,1,4,3,2,4,4,0
Biology,Microbiologist,2.94,1,0,2,0,7,0,0,4,1,3,0,0,1,1
Business,Human Resources Specialist,3.52,7,2,4,0,2,1,2,9,3,1,3,0,0,0
Marketing,Advertising Manager,2.87,0,2,1,0,7,0,4,9,2,4,1,1,0,1
Music,Musician,3.52,7,2,3,1,9,1,4,0,1,3,1,4,2,1
Business,Human Resources Specialist,3.41,1,0,4,0,1,1,3,10,2,2,3,3,0,0
Physics,Physicist,3.6,0,1,2,1,3,0,3,2,3,1,2,2,4,1
Education,Teacher,2.58,6,0,3,0,2,0,2,4,4,0,1,2,3,1
Architecture,Landscape Architect,2.12,8,0,4,0,8,1,1,4,4,2,1,2,2,0
Chemistry,Inorganic Chemist,3.77,3,2,2,0,2,1,2,3,2,4,0,3,3,1
Finance,Actuary,3.82,2,2,2,1,7,0,3,1,4,2,9,0,1,0
Chemistry,Organic Chemist,2.34,4,0,1,1,3,0,1,0,0,1,1,0,3,1
Business,Human Resources Specialist,2.49,8,0,2,0,3,1,4,7,1,0,1,4,1,0
Business,Manager,2.38,9,1,2,1,4,1,2,7,3,3,3,1,0,0
Education,Principal,2.49,1,2,3,1,7,0,4,1,3,1,3,3,1,1
Education,Special Education Teacher,3.57,6,1,1,1,5,1,0,0,1,3,2,1,0,1
Business,Construction Manager,3.86,6,1,2,0,8,0,3,7,0,0,2,2,1,0
Engineering,Acoustics Specialist,3.62,8,1,3,1,7,1,2,4,8,1,9,1,1,1
Finance,Risk Analyst,3.24,9,2,4,0,9,0,4,2,3,3,9,3,2,1
Psychology,Art Therapist,3.92,4,0,0,1,1,1,4,1,2,1,4,3,1,0
Marketing,Market Research Analyst,2.01,0,0,4,0,0,0,4,8,2,4,3,0,1,1
Psychology,Psychologist,2.41,1,0,3,0,3,1,0,2,3,1,0,0,4,0
Marketing,Social Media Manager,2.21,5,0,0,0,1,0,3,8,0,0,2,4,0,1
Medicine,Surgeon,3.6593044813818034,1,1,2,0,5,1,4,3,1,0,4,0,3,0
Law,Legal Analyst,3.95,1,0,4,0,9,0,1,7,2,0,2,0,1,1
Chemistry,Analytical Chemist,3.82,3,2,0,0,8,0,4,3,2,2,1,1,1,1
Law,Legal Analyst,3.27,2,0,3,0,6,0,4,9,2,2,1,4,0,0
Education,Teacher,2.25,7,0,2,0,9,0,0,1,0,4,3,4,4,1
Art,Animator,2.05,1,1,4,1,2,0,1,1,3,2,0,0,4,1
Marketing,Digital Marketing Specialist,3.87,8,2,1,1,5,1,1,7,3,2,0,1,2,0
Medicine,Pharmacist,3.929382139674736,3,1,2,1,5,1,1,4,4,1,4,2,3,1
Art,Artist,2.99,3,2,4,0,8,0,4,1,2,3,0,1,3,0
Chemistry,Chemist,3.44,9,2,3,1,8,0,1,0,0,2,3,2,4,1
Marketing,Digital Marketing Specialist,3.43,5,2,4,1,2,0,3,8,3,4,2,2,1,0
Finance,Accountant,3.24,4,0,3,1,7,0,3,3,1,2,7,2,0,0
Law,Legal Analyst,2.33,6,0,1,0,4,1,4,9,4,3,1,0,0,0
Music,Sound Engineer,3.02,10,1,1,1,5,0,3,3,4,0,2,4,1,1
Finance,Actuary,2.16,8,0,1,0,4,1,2,4,0,2,9,4,4,0
Medicine,Dentist,3.5826422450714785,0,2,0,1,7,0,1,4,4,4,2,1,4,0
Law,Legal Analyst,2.47,9,0,4,1,2,0,3,8,0,1,0,2,1,1
Marketing,Advertising Manager,2.09,5,1,3,0,1,1,2,8,2,2,4,0,2,1
Education,Special Education Teacher,3.81,5,2,3,0,9,1,4,4,0,1,0,3,1,1
Education,Principal,2.77,0,1,0,0,7,1,2,3,3,2,3,2,1,0
Marketing,Marketing Specialist,2.27,9,0,1,0,4,1,2,8,1,3,2,1,0,1
Business,Entrepreneur,2.11,9,0,2,0,2,1,1,7,1,0,0,0,4,0
Biology,Ecologist,3.18,1,1,2,0,8,1,3,0,0,4,4,0,0,1
Education,Teacher,2.35,9,2,4,1,2,0,2,1,3,4,3,4,1,1
Medicine,Physician Assistant,3.5828740884826105,0,0,1,0,7,1,1,4,3,1,4,3,4,0
Architecture,Urban Planner,3.71,6,0,1,0,2,1,0,2,1,3,4,0,4,1
Chemistry,Analytical Chemist,2.95,7,1,3,1,0,0,3,4,3,3,2,3,4,0
Art,Graphic Designer,2.76,6,1,4,1,3,1,1,3,3,3,2,0,4,1
Engineering,Biomedical Engineer,2.26,8,0,4,0,2,1,0,1,9,3,10,0,3,0
Biology,Biochemist,3.85,2,1,3,1,9,1,2,3,0,2,1,4,0,0
Marketing,Social Media Manager,2.34,3,1,4,1,4,1,0,7,4,2,2,2,0,0
Chemistry,Organic Chemist,3.08,9,1,1,0,9,0,0,4,2,3,4,2,2,0
Biology,Biochemist,2.04,0,0,1,1,2,1,4,2,3,2,1,3,1,0
Computer Science,Data Scientist,2.62,5,1,2,1,4,1,8,4,3,2,4,3,2,0
Music,Composer,3.91,10,0,0,0,2,1,2,0,4,3,3,4,1,1
Chemistry,Inorganic Chemist,3.75,9,1,3,1,8,1,3,3,4,3,4,3,1,0
Physics,Quantum Physicist,2.58,9,1,3,1,2,0,4,3,0,1,2,2,0,1
Biology,Geneticist,3.42,4,2,4,0,3,1,3,1,0,0,4,4,2,0
Psychology,School Counselor,3.28,8,1,1,0,7,0,1,1,2,0,1,2,4,0
Marketing,Digital Marketing Specialist,3.56,9,2,4,1,2,1,0,7,3,4,2,2,1,0
Psychology,Psychologist,2.56,3,1,1,0,9,0,4,0,0,4,0,4,0,1
Architecture,Interior Designer,3.62,0,1,4,0,1,1,1,3,2,1,4,2,2,0
Psychology,School Psychologist,3.26,2,0,3,0,4,1,0,1,0,4,2,4,4,0
Law,Legal Consultant,2.45,1,2,1,1,7,1,4,10,4,1,0,3,3,0
Chemistry,Organic Chemist,3.21,5,2,0,0,0,0,2,2,0,1,3,3,0,0
Business,Manager,3.99,7,0,4,0,0,0,1,7,4,0,1,3,3,0
Finance,Financial Analyst,3.87,2,1,3,1,0,0,3,1,2,1,8,1,0,1
Finance,Investment Banker,2.73,6,1,4,1,3,0,3,0,1,1,7,4,3,1
Psychology,Music Therapist,2.91,9,1,1,1,3,1,4,1,4,4,0,1,4,1
Chemistry,Chemist,3.99,8,0,1,1,0,1,4,2,1,1,4,4,4,1
Marketing,Social Media Manager,3.63,3,1,3,1,5,0,2,7,0,1,0,3,3,0
Art,Animator,3.16,8,1,3,0,1,1,3,1,0,2,0,3,2,1
Engineering,Acoustics Specialist,2.61,7,1,1,0,1,0,4,0,7,3,10,0,4,1
Engineering,Acoustics Specialist,2.65,0,2,0,1,0,1,2,2,10,0,9,1,4,1
Biology,Microbiologist,2.52,9,2,4,1,7,0,4,2,0,2,4,0,2,0
Physics,Physicist,2.6,8,2,3,1,1,1,1,1,2,4,3,1,0,1
Chemistry,Physical Chemist,2.57,8,0,4,0,2,0,4,4,1,4,2,0,2,0
Medicine,Dentist,3.8824004862296384,4,1,1,0,7,0,1,2,1,3,3,4,4,1
Law,Judge,2.32,4,0,3,0,2,1,1,9,2,0,3,0,2,0
Music,Music Teacher,2.94,5,0,3,1,6,0,1,2,4,1,1,0,2,0
Chemistry,Physical Chemist,3.35,9,2,3,1,4,1,4,2,2,4,1,4,4,1
Art,Art Director,3.81,1,0,3,1,5,0,1,4,0,4,0,0,3,0
Chemistry,Chemist,2.69,7,0,2,0,0,0,4,0,1,0,0,1,0,1
Marketing,Brand Manager,3.19,2,0,2,0,3,1,3,7,4,4,4,4,0,1
Physics,Nuclear Physicist,2.73,9,2,4,1,5,1,3,4,0,2,3,0,4,1
Finance,Financial Controller,2.69,7,2,2,1,4,1,0,0,2,1,9,3,0,0
Marketing,Digital Marketing Specialist,2.98,6,2,0,1,3,1,3,7,2,1,2,4,2,1
Chemistry,Physical Chemist,2.99,7,0,2,0,6,0,4,4,1,2,0,1,4,1
Education,Education Administrator,3.45,7,2,0,0,8,1,0,2,3,1,4,1,2,0
Music,Music Teacher,3.0,8,2,2,1,8,0,3,1,3,3,1,1,0,0
Law,Lawyer,3.43,4,0,2,0,5,1,1,8,3,4,0,2,4,0
Computer Science,Web Developer,3.78,0,1,3,1,6,0,7,0,2,0,3,0,4,0
Engineering,Fluid Mechanics Engineer,2.48,7,2,2,0,7,1,4,3,7,3,10,3,2,0
Business,Manager,2.52,7,1,0,0,7,0,2,7,2,2,2,0,3,1
Biology,Ecologist,2.89,2,2,1,1,2,0,0,4,0,3,3,3,1,0
Art,Art Director,2.23,5,0,5,0,9,1,0,1,2,1,1,2,4,0
Marketing,Market Research Analyst,2.02,7,0,0,1,2,1,4,9,0,1,0,3,3,1
Biology,Ecologist,2.94,0,0,3,0,6,1,3,0,4,3,0,3,0,0
Engineering,Civil Engineer,3.15,8,1,1,1,0,1,3,0,8,0,9,2,4,1
Computer Science,Game Developer,2.83,7,2,2,1,0,1,9,1,3,0,3,4,2,0
Engineering,Electrical Engineer,3.47,0,0,0,1,5,1,2,0,7,3,8,3,3,1
Law,Legal Analyst,2.12,3,1,4,1,7,0,3,9,2,4,1,2,0,0
Art,Artist,3.83,4,2,5,0,0,0,2,3,3,3,4,1,4,0
Business,Manager,3.85,0,0,4,1,3,1,3,8,4,3,3,3,0,0
Art,Art Director,3.15,1,2,4,0,9,0,4,4,2,1,1,2,0,0
Education,Education Administrator,2.31,0,1,0,1,8,1,3,0,3,1,1,1,1,1
Finance,Risk Analyst,3.47,5,0,1,1,1,1,1,2,4,1,10,2,1,0
Biology,Microbiologist,2.1,1,0,4,0,6,1,0,0,2,4,0,4,2,1
Architecture,Landscape Architect,2.61,1,2,4,0,2,1,2,2,3,0,1,3,3,1
Computer Science,Software Developer,3.67,2,1,3,1,9,1,10,3,2,2,0,1,2,0
Physics,Quantum Physicist,3.74,4,1,4,1,8,0,2,1,3,0,2,4,2,1
Medicine,Pharmacist,3.772792591334574,0,2,2,1,4,1,0,4,4,1,1,2,0,1
Music,Conductor,3.57,9,0,4,0,9,1,1,1,3,2,3,0,2,1
Music,Music Teacher,3.67,6,1,1,0,0,0,2,3,1,4,3,4,2,1
Computer Science,Game Developer,3.39,1,1,1,0,7,0,7,4,3,0,1,2,2,0
Psychology,Music Therapist,3.14,5,2,4,1,6,0,1,3,4,0,2,2,0,1
Chemistry,Inorganic Chemist,2.28,7,0,1,0,2,1,0,2,0,4,1,0,4,0
Medicine,Dentist,3.779529642473301,1,0,4,0,4,0,0,3,3,4,1,0,2,0
Education,Curriculum Developer,2.71,8,0,2,0,5,1,0,3,1,3,4,4,0,1
Architecture,Interior Designer,2.17,3,2,2,1,1,0,4,0,3,4,1,4,0,1
Architecture,Interior Designer,2.19,9,1,4,0,4,1,4,3,2,0,1,2,3,1
Biology,Geneticist,2.0,0,0,3,0,8,0,4,0,3,3,3,1,3,1
Biology,Ecologist,3.75,1,2,3,1,3,1,1,4,2,2,1,0,3,0
Chemistry,Analytical Chemist,3.0,4,1,3,0,9,1,1,2,4,0,2,4,3,1
Finance,Credit Analyst,2.96,1,1,0,0,5,1,3,3,2,3,8,3,2,0
Psychology,Clinical Psychologist,3.69,3,0,1,0,9,1,0,1,1,2,1,0,1,0
Computer Science,Data Scientist,2.08,7,1,0,0,0,0,10,0,2,3,4,3,0,0
Law,Paralegal,2.28,1,2,1,0,9,0,2,9,4,4,0,3,0,0
Psychology,Counselor,2.21,4,1,0,0,9,0,2,1,0,2,2,3,4,1
Business,Entrepreneur,3.59,9,1,3,1,6,1,0,10,1,0,4,4,2,0
Chemistry,Chemist,2.01,5,2,4,0,1,0,1,3,3,4,4,0,2,0
Education,Teacher,2.49,4,0,3,1,2,1,0,1,2,2,1,2,2,1
Medicine,Pharmacist,3.8159943401980945,8,2,0,1,1,1,0,0,1,3,0,2,2,0
Music,Music Teacher,3.52,9,1,3,1,5,0,0,1,1,1,4,0,4,1
Marketing,Digital Marketing Specialist,3.53,1,1,4,0,9,0,2,10,3,0,2,3,0,1
Computer Science,Software Developer,3.05,0,0,0,1,8,0,10,1,3,0,1,4,2,0
Psychology,Industrial-Organizational Psychologist,3.57,2,0,4,0,1,1,1,0,0,4,4,2,0,1
Medicine,Surgeon,3.7918567938656818,1,2,2,1,6,1,3,2,1,2,2,4,3,1
Medicine,Dentist,3.760536595254194,2,1,3,1,9,0,1,0,0,0,2,4,0,1
Chemistry,Organic Chemist,3.64,2,0,2,1,8,1,4,4,2,1,1,2,2,1
Engineering,Chemical Engineer,3.32,8,1,3,0,0,0,0,4,9,2,7,4,3,1
Education,Curriculum Developer,3.13,2,2,1,0,6,0,4,1,2,1,0,4,1,0
Engineering,Electrical Engineer,3.93,5,1,1,1,6,1,4,3,10,1,10,0,1,0
Business,Manager,2.25,0,0,4,1,2,1,3,9,4,3,1,1,3,0
Physics,Nuclear Physicist,2.48,2,1,1,0,5,0,1,2,2,3,4,2,1,1
Computer Science,Web Developer,2.98,7,2,3,0,4,0,7,2,0,1,1,2,1,1
Psychology,Music Therapist,2.98,4,1,1,0,9,0,4,0,0,4,1,4,4,0
Medicine,Dentist,3.5793394368448426,7,1,0,0,7,1,4,4,3,3,2,1,3,0
Engineering,Fluid Mechanics Engineer,3.83,3,2,2,1,6,0,4,0,9,4,9,3,4,0
Physics,Nuclear Physicist,2.46,6,2,3,1,3,0,0,1,4,1,1,1,0,0
Engineering,Acoustics Specialist,3.29,0,1,1,1,5,1,4,4,8,2,10,3,2,0
Medicine,Pharmacist,3.9262924774691714,5,0,1,1,3,0,2,1,2,0,3,3,4,1
Psychology,Art Therapist,2.91,4,2,2,1,1,0,0,2,1,4,4,1,2,0
Engineering,Aerospace Engineer,3.53,6,1,1,1,6,1,1,1,8,4,8,3,0,0
Psychology,Music Therapist,3.46,8,2,3,0,7,0,2,2,0,0,4,0,3,1
Computer Science,Data Scientist,3.02,2,1,2,1,6,1,7,1,4,3,0,4,3,0
Biology,Biotechnologist,3.04,4,2,4,1,5,0,4,0,2,0,0,3,4,1
Education,Education Administrator,3.94,1,1,1,1,9,0,4,1,0,4,4,4,1,0
Biology,Microbiologist,3.98,7,0,1,1,3,0,1,4,0,1,3,2,2,0
Business,Entrepreneur,3.36,3,1,3,0,4,1,2,8,0,2,1,2,2,1
Marketing,Market Research Analyst,3.27,8,1,3,1,8,0,0,8,2,3,1,0,3,0
Music,Musician,3.33,7,1,0,1,4,1,3,0,2,0,2,0,1,1
Art,Art Director,3.09,4,1,4,1,3,1,3,0,4,4,1,2,0,0
Finance,Financial Analyst,2.38,8,2,3,1,5,0,2,4,3,0,8,2,4,0
Physics,Quantum Physicist,3.53,9,1,0,0,6,0,3,0,3,4,0,4,2,1
Art,Artist,2.82,2,1,4,1,0,1,3,0,4,0,2,0,1,1
Architecture,Urban Planner,3.69,9,1,2,0,8,0,1,0,2,3,2,2,4,0
Physics,Astronomer,3.54,2,1,2,1,6,0,3,0,2,4,3,2,0,0
Art,Art Director,3.84,3,2,4,1,8,1,4,1,0,4,3,0,0,1
Finance,Financial Advisor,3.19,0,1,2,0,9,0,4,4,1,4,7,1,0,1
Finance,Credit Analyst,3.22,4,2,0,1,3,1,2,1,2,3,9,1,0,1
Finance,Financial Advisor,3.66,6,0,3,0,0,0,4,2,0,2,9,4,2,1
Education,Curriculum Developer,3.83,9,1,2,1,2,0,2,1,2,3,3,3,3,0
Biology,Biologist,3.65,5,1,3,0,6,1,0,0,4,0,2,4,0,1
Marketing,Marketing Specialist,2.36,1,1,4,1,4,1,4,7,4,3,1,1,3,1
Biology,Biochemist,3.96,3,1,2,1,3,0,1,1,4,4,1,1,3,0
Chemistry,Physical Chemist,3.5,7,0,2,0,3,0,1,3,1,3,0,4,2,1
Law,Legal Consultant,3.77,7,2,0,1,9,1,4,8,1,1,0,3,1,1
Art,Animator,3.52,0,1,5,0,3,1,3,2,3,1,2,0,1,1
Biology,Biochemist,2.34,3,0,1,0,9,0,0,4,4,2,4,4,1,1
Physics,Nuclear Physicist,2.23,3,1,3,1,6,1,2,3,2,1,0,3,1,1
Physics,Astronomer,2.36,8,2,1,1,9,1,4,0,2,1,4,4,3,1
Finance,Financial Analyst,2.09,0,0,3,0,1,1,1,3,4,3,9,4,1,1
Marketing,Advertising Manager,2.32,0,0,1,0,3,0,1,9,3,2,2,1,4,1
Education,Special Education Teacher,3.96,3,2,2,0,4,1,2,2,1,3,2,4,2,0
Psychology,Forensic Psychologist,3.41,9,2,3,1,4,1,2,3,2,3,0,1,1,1
Law,Legal Secretary,2.39,4,1,2,0,5,1,4,10,0,2,2,4,1,0
Business,Construction Manager,3.47,9,1,0,1,0,1,0,8,1,3,1,1,0,1
Psychology,Art Therapist,3.61,0,2,2,1,7,0,3,4,0,0,0,2,1,1
Psychology,Clinical Psychologist,2.13,2,0,1,0,0,1,1,0,2,2,3,2,0,1
Law,Paralegal,2.48,6,2,3,1,1,0,0,7,2,3,0,1,4,0
Art,Illustrator,3.31,2,2,3,0,5,0,4,1,3,2,4,2,0,1
Physics,Physicist,2.15,0,0,4,1,7,1,1,0,2,1,2,3,3,0
Biology,Zoologist,3.1,9,1,0,0,8,1,1,4,0,0,4,4,1,0
Chemistry,Physical Chemist,2.04,3,1,3,1,4,1,1,4,1,4,3,3,3,0
Chemistry,Physical Chemist,2.76,9,1,0,1,8,0,2,4,4,4,3,2,2,0
Computer Science,Data Scientist,2.21,3,1,0,0,5,1,9,2,0,4,2,1,2,1
Law,Legal Analyst,2.77,1,1,1,1,1,1,0,10,1,2,2,4,3,1
Art,Graphic Designer,2.83,0,2,4,1,4,1,4,0,0,4,1,4,0,0
Law,Lawyer,3.6,7,2,0,0,4,1,3,10,1,1,1,2,0,1
Computer Science,AI Researcher,3.37,6,0,4,0,9,0,9,3,1,3,3,3,2,1
Engineering,Fluid Mechanics Engineer,3.58,9,1,0,0,3,1,1,1,9,2,10,2,4,0
Architecture,Architectural Technologist,3.55,9,1,3,0,1,1,3,4,4,2,2,3,0,1
Psychology,Forensic Psychologist,2.58,3,1,4,1,3,1,4,3,1,2,0,4,3,0
Art,Animator,2.24,9,2,4,1,7,1,0,1,1,0,1,4,1,0
Marketing,Social Media Manager,2.04,0,0,1,1,1,1,3,8,0,3,4,1,4,0
Marketing,Brand Manager,3.46,4,1,3,1,6,0,3,7,3,4,3,0,3,0
Architecture,Architectural Technologist,3.9,3,1,1,1,0,0,3,1,3,2,0,4,0,1
Business,Construction Manager,2.12,9,0,0,0,0,0,4,8,3,4,1,1,4,1
Marketing,Brand Manager,2.99,6,0,0,1,3,1,3,10,3,3,1,1,1,1
Computer Science,Web Developer,3.28,3,0,3,0,1,1,9,4,1,4,0,0,2,0
Architecture,Architectural Technologist,3.96,6,1,3,1,2,1,2,4,2,0,2,1,4,1
Law,Judge,2.99,3,0,4,1,3,1,4,10,3,0,4,2,2,1
Chemistry,Physical Chemist,2.75,4,1,2,1,5,1,4,3,0,4,2,3,1,1
Marketing,Social Media Manager,2.47,3,1,1,1,1,0,2,9,3,3,4,4,2,0
Business,Manager,2.23,7,1,3,1,7,1,1,9,3,4,4,0,0,1
Law,Judge,2.24,8,0,0,0,8,1,1,9,0,3,4,0,4,0
Computer Science,Game Developer,3.04,6,0,4,0,1,1,7,1,2,4,2,3,3,0
Business,Manager,3.0,8,1,3,1,1,0,3,9,1,3,0,4,4,0
Business,Construction Manager,3.51,7,0,0,1,9,1,3,9,4,1,4,3,4,0
Finance,Investment Banker,3.89,5,2,2,1,4,1,0,0,3,1,7,0,3,0
Architecture,Interior Designer,3.59,8,1,1,1,7,1,3,3,2,2,3,1,2,1
Physics,Astronomer,3.48,1,1,0,0,6,1,1,3,4,0,3,0,1,1
Architecture,Interior Designer,2.85,1,0,3,1,1,0,0,4,0,2,3,3,0,0
Chemistry,Inorganic Chemist,2.16,4,0,1,1,1,1,2,4,2,4,4,4,0,1
Marketing,Advertising Manager,2.57,1,2,2,1,7,1,0,9,4,1,3,4,0,1
Art,Graphic Designer,2.93,3,2,3,1,6,1,1,3,0,3,0,1,1,0
Law,Paralegal,3.66,8,0,4,1,8,1,1,10,0,2,4,4,1,1
Finance,Credit Analyst,3.78,3,1,4,1,4,0,4,1,2,3,9,1,4,1
Law,Judge,2.78,4,2,0,1,1,0,3,8,1,2,3,4,1,1
Law,Judge,3.46,0,1,4,1,9,0,0,9,2,0,1,0,4,0
Art,Animator,3.0,3,0,3,0,6,1,0,4,4,1,4,1,2,0
Finance,Financial Controller,2.24,7,1,2,0,4,1,2,3,0,1,8,0,4,0
Education,Education Administrator,2.06,3,2,4,1,5,0,2,1,3,0,3,4,3,0
Chemistry,Chemist,3.18,1,0,4,1,0,1,2,1,4,3,0,2,4,1
Music,Musician,3.83,9,2,2,1,9,0,3,0,0,3,0,0,0,1
Music,Sound Engineer,3.83,7,0,2,0,6,0,2,0,2,2,4,0,3,1
Psychology,Counselor,2.57,0,0,4,1,2,0,3,1,2,2,2,2,2,0
Engineering,Mechanical Engineer,3.21,4,2,3,0,6,0,0,2,9,4,7,0,0,1
Law,Lawyer,3.48,9,2,4,0,2,1,1,10,3,4,2,1,4,0
Business,Construction Manager,2.4,8,1,0,0,5,1,2,9,3,3,4,2,1,0
Chemistry,Analytical Chemist,2.32,5,0,3,1,4,1,4,0,4,0,1,0,3,0
Education,Principal,3.5,4,1,1,1,3,0,0,1,2,2,2,0,4,0
Education,Special Education Teacher,2.16,7,2,2,1,0,0,0,3,1,2,2,0,4,1
Computer Science,Game Developer,2.51,4,1,2,1,1,1,9,3,2,1,3,3,4,0
Psychology,Art Therapist,2.91,5,0,0,0,7,1,1,2,4,4,3,1,2,1
Art,Artist,3.17,5,1,3,1,4,1,0,4,2,2,4,3,1,1
Architecture,Landscape Architect,2.08,0,1,2,1,6,1,0,2,0,0,1,0,1,1
Physics,Astronomer,2.69,9,0,4,1,9,1,3,4,3,3,0,0,1,1
Engineering,Chemical Engineer,3.42,1,2,0,0,7,0,1,4,7,3,8,0,3,1
Law,Legal Consultant,3.04,8,2,3,0,8,1,4,10,4,2,0,2,0,0
Business,Entrepreneur,3.22,0,2,2,0,2,0,1,7,1,4,1,3,1,1
Business,Entrepreneur,2.79,6,1,4,0,6,0,3,9,3,4,1,0,4,1
Medicine,Nurse,3.916415950934538,0,0,0,0,5,1,2,4,4,0,2,1,1,0
Engineering,Electrical Engineer,2.12,5,1,0,1,3,1,4,4,8,4,9,2,0,1
Psychology,Counselor,3.4,3,0,1,0,3,1,0,3,1,2,2,1,4,0
Engineering,Fluid Mechanics Engineer,3.9,5,2,4,0,5,1,4,2,9,4,9,3,0,1
Architecture,Architectural Technologist,3.12,4,2,2,0,8,1,2,2,0,1,3,4,4,0
Art,Illustrator,2.49,8,0,3,1,8,0,2,1,0,1,1,3,1,0
Music,Conductor,3.5,7,2,2,0,0,1,2,3,1,2,2,3,4,1
Music,Conductor,2.77,5,2,4,0,5,0,2,0,1,4,2,3,0,1
Psychology,Music Therapist,3.29,7,0,4,0,4,0,1,0,0,3,1,4,1,0
Business,Entrepreneur,3.4,4,2,4,0,8,0,0,8,3,0,4,0,1,1
Education,Education Administrator,2.32,8,2,0,1,3,1,0,1,1,1,1,4,1,0
Chemistry,Chemist,2.88,3,2,2,0,7,1,1,4,4,2,3,0,1,0
Education,Special Education Teacher,2.29,4,2,1,1,4,1,3,3,2,2,4,0,2,1
Computer Science,Software Developer,3.88,6,1,2,1,3,1,9,3,3,0,2,3,1,0
Music,Musician,2.75,10,1,3,0,9,0,3,0,3,3,3,2,4,0
Medicine,Physician Assistant,3.7898630785486125,4,1,2,0,1,1,0,2,2,3,3,4,3,0
Biology,Biologist,3.08,9,1,0,1,6,0,0,2,1,3,1,1,0,1
Computer Science,Game Developer,3.21,6,1,3,0,9,0,8,1,1,0,3,4,0,1
Marketing,Marketing Specialist,2.5,1,2,2,1,6,0,2,8,3,3,0,1,4,1
Education,Special Education Teacher,3.11,0,0,2,1,5,0,2,1,0,3,2,3,1,1
Business,Entrepreneur,3.89,6,0,1,0,1,0,3,10,3,2,3,2,0,1
Engineering,Civil Engineer,3.74,8,2,3,1,7,0,3,0,9,1,9,0,0,0
Art,Artist,3.29,1,2,5,0,1,1,3,1,2,3,4,1,3,1
Psychology,Industrial-Organizational Psychologist,2.06,3,2,2,1,7,0,0,2,2,0,3,4,3,1
Music,Musician,2.21,10,0,0,1,6,0,2,4,1,4,3,2,1,0
Law,Legal Secretary,2.33,0,0,4,0,5,1,2,9,4,0,1,1,1,1
Computer Science,Web Developer,2.39,9,1,1,0,2,1,10,1,0,0,0,1,4,1
Law,Legal Consultant,2.58,7,1,0,0,8,1,2,8,0,0,4,0,3,0
Medicine,Dentist,3.5768455214221024,9,0,3,0,2,1,4,1,2,1,4,3,4,0
Education,Curriculum Developer,2.81,2,0,1,1,6,0,1,0,3,1,3,1,1,1
Physics,Physicist,3.45,4,1,0,1,9,1,4,0,1,3,1,4,2,0
Architecture,Urban Planner,4.0,8,0,0,1,9,0,2,4,2,0,2,0,2,0
Finance,Actuary,2.71,7,1,1,1,7,1,0,3,2,3,8,1,0,1
Education,Principal,2.75,4,1,1,0,1,0,0,3,3,1,2,4,4,0
Finance,Investment Banker,3.21,6,0,3,1,3,1,3,0,4,1,10,3,1,1
Computer Science,Web Developer,2.39,0,0,2,1,9,0,10,0,1,0,1,2,0,0
Biology,Geneticist,3.82,3,2,1,1,2,0,1,1,0,1,0,3,4,0
Medicine,Physician Assistant,3.8513201029291144,9,1,4,0,2,1,2,2,4,3,2,3,2,0
Medicine,Dentist,3.711667572076599,7,1,3,0,9,0,1,3,3,4,4,2,0,1
Education,Teacher,2.21,0,0,1,0,8,1,3,3,1,2,1,4,4,0
Business,Construction Manager,3.61,3,2,2,0,0,1,2,10,3,1,2,1,1,1
Biology,Biochemist,3.67,5,2,3,0,8,0,4,4,1,1,1,2,3,1
Finance,Credit Analyst,3.1,9,1,3,0,9,0,0,2,3,0,10,4,1,0
Medicine,Physician Assistant,3.829522705066116,2,0,1,0,8,1,2,1,4,0,3,4,3,0
Art,Animator,3.05,5,0,5,0,6,0,0,2,0,4,3,3,1,0
Psychology,Industrial-Organizational Psychologist,2.56,5,1,0,1,2,1,3,1,0,0,1,3,1,0
Architecture,Interior Designer,3.52,5,1,3,0,7,1,4,2,1,3,3,1,1,0
Business,Manager,2.61,5,1,1,1,1,1,0,9,3,4,0,1,2,0
Physics,Quantum Physicist,3.9,2,2,3,1,2,1,4,0,3,1,1,4,0,0
Art,Art Director,2.88,8,2,5,0,5,0,2,0,2,0,3,2,0,1
Psychology,School Psychologist,3.09,9,2,2,1,6,0,4,2,2,3,2,0,3,0
Art,Illustrator,3.95,0,0,3,0,8,1,4,4,2,0,4,0,1,1
Education,Principal,3.99,7,0,3,0,4,1,0,0,2,1,1,3,0,0
Medicine,Surgeon,3.811315266799329,0,0,2,0,0,1,1,3,0,4,2,1,3,0
Law,Lawyer,3.26,7,2,4,1,1,0,0,10,3,4,3,4,0,0
Biology,Zoologist,3.63,1,2,3,0,0,1,3,4,2,1,2,0,4,0
Psychology,Art Therapist,2.37,2,2,1,0,6,0,3,0,3,0,1,0,2,0
Music,Musician,2.5,8,2,1,0,7,0,3,3,1,2,0,1,2,0
Architecture,Architectural Technologist,2.38,2,2,1,1,2,0,1,2,4,2,3,2,4,1
Law,Paralegal,3.68,3,0,0,0,1,0,2,7,4,2,2,0,3,1
Engineering,Civil Engineer,2.38,5,2,1,1,4,1,4,2,8,1,10,0,0,0
Music,Sound Engineer,2.46,7,0,2,1,4,0,2,4,2,1,3,4,2,0
Chemistry,Analytical Chemist,2.67,0,1,4,1,7,1,4,0,3,2,3,2,4,1
Law,Legal Consultant,2.11,9,1,2,1,2,0,0,8,3,2,0,4,4,1
Physics,Nuclear Physicist,2.49,1,2,4,1,3,0,0,3,1,1,1,4,4,1
Medicine,Pharmacist,3.584059064199648,9,2,4,1,7,0,1,2,3,0,1,1,1,0
Marketing,Brand Manager,3.9,0,2,2,0,5,0,2,10,1,4,4,1,3,0
Engineering,Mechanical Engineer,3.83,2,0,4,1,3,0,3,2,10,4,8,4,3,0
Education,Principal,2.4,3,2,4,1,6,1,0,2,1,2,3,1,0,0
Finance,Risk Analyst,2.76,0,2,3,0,4,1,3,4,2,2,10,0,2,1
Marketing,Digital Marketing Specialist,2.2,4,2,4,0,9,0,0,7,3,1,4,4,1,0
Engineering,Chemical Engineer,2.84,9,2,0,0,7,1,4,4,7,3,9,1,2,1
Biology,Ecologist,3.39,4,1,1,0,0,0,1,1,4,3,4,3,0,1
Biology,Biologist,3.39,8,1,3,0,6,1,3,4,3,1,3,1,0,0
Marketing,Market Research Analyst,4.0,3,2,1,1,7,1,4,10,4,1,1,2,4,0
Finance,Credit Analyst,2.66,0,2,2,0,5,1,4,1,1,1,10,2,3,1
Music,Composer,3.93,10,0,4,0,2,1,0,4,3,2,1,3,0,0
Music,Sound Engineer,3.17,10,1,1,0,0,0,1,0,1,0,4,0,4,0
Marketing,Market Research Analyst,3.38,8,2,1,1,9,1,4,8,2,2,4,4,3,1
Music,Musician,2.97,5,1,2,1,3,1,4,4,2,2,2,3,2,1
Marketing,Market Research Analyst,3.83,3,1,3,0,2,1,4,7,0,1,0,1,4,0
Medicine,Dentist,3.531282421109726,7,1,1,1,1,0,4,2,0,4,3,0,0,0
Art,Animator,2.61,2,2,4,0,2,1,1,2,2,1,0,4,3,0
Physics,Astronomer,3.38,9,1,4,1,7,0,0,1,1,2,1,3,4,1
Chemistry,Inorganic Chemist,3.26,0,0,3,0,4,1,2,4,4,1,0,4,4,1
Medicine,Doctor,3.6713225732612607,5,1,3,1,8,1,0,1,3,4,4,0,3,0
Finance,Credit Analyst,2.41,9,2,3,1,8,1,1,3,1,0,10,2,0,1
Medicine,Physician Assistant,3.7422689975400054,5,0,4,0,6,0,1,1,2,0,2,2,2,0
Psychology,Forensic Psychologist,2.99,7,1,2,1,5,0,3,4,2,0,0,2,4,1
Education,Education Administrator,3.69,4,2,4,0,8,0,0,3,0,3,4,3,4,1
Computer Science,Web Developer,2.51,2,1,3,0,2,0,8,2,3,0,3,4,0,1
Business,Construction Manager,3.05,9,1,4,1,0,1,1,8,0,4,2,0,0,0
Biology,Biotechnologist,2.12,5,0,3,1,3,1,2,1,1,0,2,1,0,1
Computer Science,AI Researcher,2.88,8,1,2,1,7,0,8,1,4,3,2,0,4,1
Law,Legal Secretary,3.22,9,1,3,0,1,0,3,10,1,2,0,0,0,1
Computer Science,Data Scientist,2.71,9,1,2,1,0,0,10,2,1,0,3,4,4,0
Computer Science,Web Developer,2.38,2,1,3,0,5,0,8,4,2,2,4,0,1,1
Engineering,Biomedical Engineer,2.18,5,0,3,1,5,0,0,1,7,4,7,4,2,0
Physics,Nuclear Physicist,2.94,8,1,4,1,0,1,4,2,0,4,2,3,2,1
Business,Human Resources Specialist,2.75,5,2,4,0,7,1,3,9,1,2,0,0,2,0
Architecture,Urban Planner,3.64,7,2,2,0,8,1,1,0,4,3,2,2,1,0
Computer Science,Software Developer,2.84,7,0,0,1,0,1,9,0,2,0,0,1,1,0
Business,Entrepreneur,3.01,9,2,2,1,7,0,0,7,1,0,0,3,1,1
Architecture,Urban Planner,2.2,9,2,2,1,6,1,1,3,3,0,4,4,1,1
Physics,Physicist,2.37,2,0,2,0,3,1,4,2,2,4,2,1,1,0
Physics,Astronomer,3.71,4,1,1,1,2,1,0,0,3,3,3,2,2,0
Psychology,School Counselor,3.87,0,0,4,1,5,1,1,4,1,1,1,2,4,0
Psychology,Counselor,3.54,8,1,1,1,5,0,0,1,2,1,1,4,2,0
Business,Human Resources Specialist,2.27,7,1,0,0,5,0,4,10,3,0,1,0,0,0
Computer Science,Software Developer,3.91,0,0,3,1,9,1,9,3,4,2,1,4,1,0
Finance,Financial Analyst,2.69,8,0,0,0,3,0,1,0,1,2,9,1,4,0
Computer Science,Game Developer,3.67,9,1,2,0,4,0,7,1,0,0,3,4,3,1
Law,Lawyer,2.66,6,1,2,0,5,1,1,10,1,0,4,4,2,0
Finance,Actuary,3.03,3,2,1,1,9,0,2,1,1,0,8,1,2,0
Psychology,Art Therapist,2.63,2,0,0,1,3,1,0,2,4,0,0,3,3,0
Business,Entrepreneur,3.16,6,0,1,1,8,1,1,7,1,0,4,3,1,0
Medicine,Surgeon,3.746284535376649,5,1,4,0,4,0,4,1,0,1,1,2,3,1
Music,Musician,2.12,10,1,3,0,6,0,0,2,1,4,2,1,2,1
Music,Composer,2.22,8,2,1,1,3,0,3,2,3,0,3,1,0,1
Engineering,Biomedical Engineer,3.11,8,0,2,0,8,0,3,4,9,3,7,4,4,1
Engineering,Fluid Mechanics Engineer,3.04,9,2,1,0,5,0,4,1,10,2,8,0,1,1
Biology,Zoologist,3.65,1,0,3,1,4,1,1,1,3,2,2,2,2,0
Law,Paralegal,2.28,5,2,1,1,8,1,3,9,3,1,1,2,4,0
Marketing,Marketing Manager,3.97,1,1,1,0,5,1,2,10,3,2,0,3,1,0
Medicine,Physician Assistant,3.9516490071878554,4,0,4,0,7,0,2,4,1,0,0,4,1,0
Medicine,Dentist,3.975722412831546,4,2,1,0,5,1,4,0,0,0,2,4,2,0
Law,Legal Analyst,2.73,2,1,2,0,1,1,3,8,2,2,2,1,1,1
Education,Education Administrator,2.8,0,0,2,1,6,0,4,2,4,1,1,2,4,0
Engineering,Acoustics Specialist,3.94,7,0,3,0,2,1,4,3,10,0,7,1,3,1
Business,Entrepreneur,2.78,9,1,3,1,1,1,4,8,1,2,1,3,3,1
Art,Illustrator,3.42,7,1,5,0,2,1,0,2,3,2,0,3,1,0
Biology,Biologist,2.51,6,0,4,0,2,1,1,1,1,1,1,4,3,0
Business,Manager,3.71,0,0,1,0,3,0,2,10,2,0,2,4,2,1
Biology,Geneticist,3.64,9,0,2,1,1,1,2,4,4,2,1,2,2,1
Architecture,Landscape Architect,3.36,4,2,1,1,1,0,2,0,0,4,3,1,2,1
Art,Animator,2.54,4,2,4,0,0,1,1,0,1,3,0,3,3,0
Engineering,Electrical Engineer,2.29,9,0,4,1,9,0,2,4,9,4,10,1,2,0
Art,Animator,3.92,5,2,4,1,4,0,1,1,1,1,3,3,2,0
Chemistry,Organic Chemist,2.36,5,1,0,0,1,1,2,4,3,1,1,2,3,0
Medicine,Physician Assistant,3.801925491270139,0,2,3,1,9,0,1,3,0,0,0,4,3,0
Medicine,Physician Assistant,3.9849632626725953,4,2,1,1,3,1,1,4,2,2,1,2,3,0
Music,Conductor,3.35,10,2,4,1,4,0,3,1,0,3,1,1,1,0
Business,Entrepreneur,3.55,5,0,0,1,0,1,4,10,1,3,4,3,4,1
Computer Science,Data Scientist,2.27,4,1,4,1,6,0,8,4,2,4,4,2,1,0
Biology,Geneticist,3.19,4,1,2,0,9,1,0,4,2,0,4,0,4,0
Art,Artist,2.16,0,0,3,0,6,1,3,3,3,3,4,1,4,0
Art,Artist,2.99,4,1,5,0,0,1,0,4,0,2,2,2,3,0
Medicine,Dentist,3.8979631935717514,9,0,1,0,0,0,0,0,0,0,4,4,0,0
Engineering,Aerospace Engineer,2.33,3,0,0,1,4,1,4,1,7,4,10,0,0,1
Business,Human Resources Specialist,2.19,3,2,2,0,3,1,0,7,3,2,3,0,0,1
Education,Curriculum Developer,2.6,6,1,3,0,7,1,0,1,4,2,4,4,2,0
Education,Principal,2.64,8,0,2,0,8,0,0,2,0,2,4,2,4,1
Finance,Actuary,3.02,0,0,0,0,8,1,1,4,2,1,9,0,3,1
Biology,Zoologist,3.51,8,2,4,0,1,0,4,3,0,3,0,3,0,0
Art,Illustrator,3.81,5,1,3,1,9,1,4,0,4,0,2,0,4,1
Engineering,Acoustics Specialist,2.9,0,2,3,0,7,0,0,4,8,3,9,0,3,1
Medicine,Doctor,3.5267572314565214,3,0,0,0,6,0,1,0,4,3,0,4,3,0
Education,Special Education Teacher,3.46,8,2,2,1,1,1,0,0,1,1,4,4,3,0
Psychology,Psychologist,3.29,9,2,3,1,4,0,3,4,3,2,2,2,0,1
Engineering,Aerospace Engineer,3.42,8,1,1,1,5,1,0,3,7,3,10,4,3,0
Medicine,Surgeon,3.6756096936743905,0,2,3,1,2,1,4,4,1,2,2,4,0,0
Medicine,Surgeon,3.6469745505084488,8,1,0,1,6,1,1,4,2,4,4,3,2,0
Business,Construction Manager,3.64,9,0,2,0,9,0,2,8,0,3,4,1,3,1
Law,Judge,2.45,6,0,4,0,3,0,3,7,4,4,4,0,2,1
Psychology,Forensic Psychologist,3.73,7,1,1,0,7,1,2,1,0,1,3,0,0,1
Art,Artist,2.37,6,2,4,1,2,0,3,3,0,2,2,1,2,0
Medicine,Nurse,3.7949739414009045,6,1,2,0,5,0,0,2,3,0,2,1,1,0
Computer Science,Game Developer,3.94,7,2,1,1,3,1,7,0,0,4,1,1,2,1
Computer Science,Web Developer,3.37,0,1,2,0,3,0,7,3,1,4,0,3,2,0
Architecture,Architectural Technologist,2.08,0,0,2,1,8,0,3,0,3,1,1,4,3,1
Art,Graphic Designer,2.19,7,2,4,0,5,1,3,2,1,0,3,2,0,0
Biology,Microbiologist,2.04,3,2,3,0,1,1,2,2,3,4,2,0,4,0
Marketing,Digital Marketing Specialist,2.78,7,2,0,0,7,1,3,7,1,2,2,0,3,0
Chemistry,Physical Chemist,2.2,1,0,1,0,1,0,2,0,3,2,0,0,4,1
Psychology,Counselor,2.48,3,2,3,0,8,1,2,0,3,2,0,4,4,1
Business,Manager,2.32,5,1,1,1,8,1,2,8,2,3,3,1,2,1
Art,Graphic Designer,3.3,8,0,3,0,9,0,3,2,4,1,0,0,4,1
Psychology,Art Therapist,2.95,0,1,0,1,8,1,0,2,0,4,4,0,3,1
Psychology,Art Therapist,3.47,8,0,3,1,9,1,3,3,1,1,3,1,2,1
Architecture,Architect,3.65,1,2,2,1,3,1,2,4,4,4,0,4,1,1
Chemistry,Analytical Chemist,3.09,4,2,4,1,6,0,2,2,0,0,4,2,1,0
Business,Construction Manager,3.39,8,0,2,0,0,1,0,9,1,4,3,0,2,1
Medicine,Surgeon,3.7341650929669066,8,0,3,0,8,0,3,2,3,4,0,2,4,0
Education,Special Education Teacher,3.7,4,1,0,0,3,1,4,0,2,4,0,4,4,1
Architecture,Architectural Technologist,3.21,5,0,0,1,8,1,3,0,4,4,3,0,1,1
Art,Illustrator,3.15,5,0,4,0,0,1,4,4,1,3,0,1,0,0
Music,Conductor,2.56,5,2,2,1,0,0,1,3,1,0,3,2,0,0
Chemistry,Inorganic Chemist,3.0,4,1,4,0,7,0,1,2,2,1,1,4,1,0
Computer Science,Software Developer,2.35,8,0,4,1,5,1,8,1,4,4,0,4,4,0
Business,Human Resources Specialist,3.06,7,0,3,1,0,1,0,7,0,2,4,2,3,0
Finance,Actuary,2.36,3,2,0,0,3,1,4,3,4,2,9,1,4,1
Finance,Investment Banker,3.14,8,1,3,1,1,1,1,1,2,0,8,0,2,0
Chemistry,Chemist,3.07,2,2,3,1,0,1,0,3,1,2,2,0,2,1
Medicine,Pharmacist,3.8622991434238143,7,1,2,0,1,0,4,0,2,3,3,0,2,0
Architecture,Architect,2.94,8,1,2,1,9,0,0,3,1,0,2,0,1,0
Medicine,Surgeon,3.5945695500114923,8,2,0,0,7,1,3,1,3,2,1,1,0,0
Chemistry,Analytical Chemist,2.48,3,2,4,0,4,1,1,0,3,0,3,1,2,1
Art,Illustrator,3.8,5,2,3,1,6,0,4,4,4,2,3,4,3,1
Chemistry,Analytical Chemist,3.23,9,2,4,1,6,0,0,1,4,0,2,0,3,0
Computer Science,Cybersecurity Analyst,3.21,6,2,1,1,4,0,8,4,1,3,4,0,1,0
Medicine,Nurse,3.875384824605528,4,1,2,0,3,1,4,4,3,3,1,3,4,0
Chemistry,Analytical Chemist,2.59,8,1,1,1,4,1,3,4,4,0,0,1,4,1
Biology,Zoologist,2.36,1,1,1,0,9,1,1,4,3,0,2,0,4,0
Physics,Physicist,2.67,7,1,0,0,8,1,2,2,2,1,4,3,3,0
Medicine,Surgeon,3.6184666624533244,5,1,2,0,7,1,2,1,0,3,2,0,1,0
Computer Science,Game Developer,2.3,3,1,0,0,2,1,7,2,4,0,4,1,0,1
Medicine,Dentist,3.91753297272751,1,1,0,0,9,0,0,2,1,1,0,4,4,0
Music,Music Teacher,3.46,10,1,2,0,3,0,0,2,3,0,2,2,1,0
Business,Manager,2.43,0,0,2,0,0,0,4,7,4,2,3,3,2,1
Chemistry,Analytical Chemist,2.04,6,0,0,0,9,0,0,4,1,0,4,1,4,0
Psychology,Music Therapist,3.68,3,2,3,1,5,0,2,3,0,0,2,4,0,1
Medicine,Surgeon,3.6414005653352497,9,2,0,1,2,0,3,0,2,3,1,2,3,1
Education,Education Administrator,2.62,6,0,3,1,8,0,1,1,0,2,0,1,4,1
Biology,Geneticist,2.66,6,1,2,1,0,1,3,2,1,3,0,0,1,1
Psychology,Industrial-Organizational Psychologist,2.96,2,2,1,0,1,1,2,2,2,2,1,1,0,1
Business,Manager,2.59,4,1,2,1,9,0,2,7,0,0,0,2,1,1
Finance,Investment Banker,3.82,4,1,2,1,7,1,1,0,2,3,8,4,2,1
Psychology,Industrial-Organizational Psychologist,3.74,8,0,3,0,4,1,1,2,2,0,2,4,3,1
Law,Judge,3.94,1,2,4,1,6,0,3,9,4,1,2,0,3,0
Chemistry,Inorganic Chemist,3.78,2,2,2,0,9,1,1,3,1,0,4,1,0,1
Finance,Investment Banker,3.04,8,1,2,1,7,1,3,0,1,0,7,4,0,0
Music,Composer,3.72,10,2,4,0,6,1,1,0,4,2,0,4,0,1
Architecture,Landscape Architect,2.39,9,0,0,0,4,0,0,3,2,1,1,4,1,0
Music,Music Teacher,2.68,10,1,4,1,1,0,1,2,4,2,1,3,2,1
Business,Human Resources Specialist,3.37,4,1,4,1,6,0,2,7,2,1,1,1,4,1
Law,Judge,3.06,3,0,3,0,0,1,3,10,3,1,0,3,1,0
Psychology,Clinical Psychologist,2.33,0,1,0,0,3,1,3,4,3,3,4,2,4,0
Architecture,Urban Planner,3.39,5,1,0,1,8,0,0,3,1,2,2,1,0,0
Engineering,Civil Engineer,2.78,7,0,3,0,8,1,4,3,10,2,9,4,2,1
Chemistry,Organic Chemist,3.39,6,2,3,0,8,0,2,3,4,0,2,3,2,1
Physics,Physicist,3.15,4,0,1,1,5,0,1,0,1,3,2,4,4,0
Physics,Quantum Physicist,3.47,5,0,1,1,1,1,4,3,4,1,3,4,1,0
Law,Legal Consultant,2.66,0,1,4,0,0,0,4,10,3,3,4,1,4,0
Business,Manager,3.16,1,0,3,1,4,0,2,7,2,2,1,2,3,0
Medicine,Pharmacist,3.8113447704748986,7,1,2,0,6,0,3,4,1,3,4,4,1,1
Architecture,Interior Designer,2.46,1,0,4,0,7,1,2,2,4,0,0,1,2,1
Biology,Microbiologist,3.57,6,1,4,0,4,1,1,2,0,4,2,4,1,1
Education,Special Education Teacher,3.08,0,0,2,0,5,1,3,0,0,2,3,3,3,1
Music,Composer,2.84,10,0,2,0,0,0,3,0,4,0,1,3,3,0
Finance,Risk Analyst,3.11,0,0,3,0,0,1,2,0,1,4,10,3,3,1
Architecture,Interior Designer,3.87,7,2,0,0,3,1,0,0,3,0,0,3,0,0
Medicine,Pharmacist,3.630524263117424,3,2,0,0,5,0,3,1,0,2,4,1,3,0
Law,Legal Consultant,3.37,8,1,3,1,1,1,3,10,3,4,1,2,1,1
Marketing,Marketing Manager,2.53,1,0,1,1,8,0,1,9,0,2,3,3,2,1
Law,Paralegal,2.93,2,2,1,1,6,0,1,10,2,4,3,1,4,0
Chemistry,Organic Chemist,2.33,5,0,0,0,7,1,3,0,0,1,4,3,0,0
Business,Construction Manager,3.26,0,0,2,1,4,0,2,8,3,0,4,3,3,0
Physics,Quantum Physicist,2.27,1,1,0,0,5,1,3,1,2,3,1,2,1,1
Biology,Geneticist,2.51,5,1,2,1,4,0,3,0,0,0,1,3,2,1
Architecture,Architect,2.34,0,0,2,1,2,0,2,0,3,2,1,1,0,0
Education,Special Education Teacher,2.62,2,2,0,0,9,1,4,1,1,2,0,2,4,0
Law,Legal Secretary,2.19,4,1,3,0,7,0,0,7,0,3,2,3,4,0
Music,Conductor,2.87,6,2,0,0,9,1,1,0,2,1,2,4,2,0
Medicine,Nurse,3.6233293079027034,4,2,1,0,1,0,2,0,0,4,2,2,3,1
Finance,Financial Advisor,2.57,5,1,3,1,7,1,4,0,2,0,8,4,3,0
Marketing,Social Media Manager,2.76,7,1,3,1,7,1,2,7,1,1,2,3,0,1
Psychology,Clinical Psychologist,2.64,3,0,2,0,7,0,0,3,1,3,4,2,2,1
Finance,Risk Analyst,2.96,0,2,3,1,1,1,2,2,1,0,10,3,0,0
Art,Graphic Designer,2.91,0,1,5,1,4,1,1,3,2,1,1,2,4,0
Law,Judge,2.59,2,1,3,0,5,1,3,10,1,1,0,1,3,0
Engineering,Acoustics Specialist,2.71,3,1,1,1,0,1,1,3,8,3,9,3,0,0
Music,Composer,2.43,5,1,1,1,4,0,2,0,2,4,2,1,0,1
Physics,Nuclear Physicist,3.06,5,1,1,0,5,0,1,3,3,4,1,0,4,1
Finance,Investment Banker,3.91,7,0,2,1,1,0,4,1,2,3,10,3,1,1
Chemistry,Chemist,2.23,3,0,0,1,4,1,4,3,1,3,3,4,2,1
Chemistry,Physical Chemist,3.52,2,1,0,1,8,0,3,3,2,3,3,4,4,1
Architecture,Landscape Architect,2.04,2,0,4,0,1,0,2,2,1,3,2,2,1,1
Biology,Microbiologist,3.61,5,0,3,1,0,0,4,1,3,1,1,2,0,0
Education,Principal,2.36,1,0,1,1,8,1,1,0,1,3,2,1,3,1
Physics,Nuclear Physicist,3.12,5,2,1,0,5,0,3,1,2,1,0,2,1,0
Law,Legal Consultant,2.57,1,1,3,1,5,1,1,10,3,4,0,2,1,1
Computer Science,Web Developer,3.05,0,2,2,0,8,1,9,1,4,1,0,1,2,1
Finance,Actuary,3.07,9,1,2,1,6,1,2,3,4,0,9,0,0,0
Chemistry,Chemist,3.76,9,1,0,1,0,1,4,0,1,3,2,1,1,0
Music,Conductor,2.25,6,0,0,0,1,0,4,2,3,4,3,2,3,1
Marketing,Marketing Specialist,2.27,3,1,4,0,4,1,4,9,4,2,2,4,0,0
Engineering,Mechanical Engineer,3.89,7,0,1,1,9,0,3,4,7,1,7,4,3,1
Physics,Quantum Physicist,2.79,7,0,2,0,0,1,4,1,0,2,1,0,0,0
Education,Teacher,2.43,6,2,2,0,3,0,2,3,1,1,1,0,4,0
Medicine,Pharmacist,3.559945546736356,7,0,0,1,6,1,3,0,2,3,4,2,2,0
Law,Legal Secretary,3.41,3,0,3,0,5,1,3,7,4,3,2,0,3,1
Finance,Accountant,3.14,1,2,1,1,9,0,4,2,0,0,10,1,1,1
Computer Science,AI Researcher,2.42,0,0,4,0,0,1,7,4,1,1,3,4,1,1
Chemistry,Organic Chemist,3.54,7,1,2,0,9,1,4,3,2,0,2,4,0,1
Computer Science,Cybersecurity Analyst,3.7,7,2,4,1,7,1,8,1,2,1,1,3,1,0
Music,Musician,3.93,10,2,0,1,2,1,3,1,2,3,0,4,3,1
Architecture,Architect,3.23,0,2,1,1,1,0,3,2,4,2,4,4,1,0
Business,Manager,3.81,0,2,3,1,3,1,0,10,2,3,3,3,1,1
Art,Art Director,3.96,1,1,4,0,8,0,2,3,1,0,2,4,2,1
Chemistry,Physical Chemist,2.16,2,2,1,0,5,0,1,2,2,2,0,0,0,1
Physics,Astronomer,3.59,5,2,3,1,8,1,4,2,2,1,1,2,3,0
Education,Teacher,2.0,5,0,2,0,7,0,1,2,0,3,4,2,4,0
Medicine,Nurse,3.671978843278843,7,0,3,0,3,1,2,2,4,2,3,2,0,0
Art,Illustrator,3.69,5,2,5,0,0,0,0,2,0,4,4,4,4,1
Architecture,Urban Planner,3.95,9,2,2,0,9,1,1,4,3,3,1,1,4,1
Biology,Biotechnologist,2.46,4,1,2,1,9,1,4,4,4,2,0,3,4,0
Engineering,Chemical Engineer,2.9,3,0,0,0,1,0,4,1,8,3,9,1,1,1
Finance,Risk Analyst,2.87,3,0,0,0,0,0,2,0,2,3,9,0,3,1
Education,Education Administrator,3.56,4,2,3,0,1,1,3,2,1,3,3,3,4,0
Education,Principal,2.85,5,2,4,0,3,1,2,4,1,3,0,2,3,1
Computer Science,Cybersecurity Analyst,3.67,8,1,2,1,5,1,7,2,2,2,0,1,4,1
Medicine,Pharmacist,3.505405541817598,0,2,3,1,3,1,3,4,2,0,2,1,0,0
Business,Human Resources Specialist,2.89,0,1,0,1,8,1,4,9,3,0,3,2,3,1
Medicine,Dentist,3.889994163455272,6,0,4,1,2,1,2,1,1,2,1,2,3,0
Chemistry,Organic Chemist,3.23,5,2,2,0,6,0,3,3,3,4,1,4,2,1
Architecture,Architectural Technologist,2.42,4,2,1,0,5,1,3,0,3,3,1,2,2,0
Computer Science,Game Developer,2.52,1,1,3,0,2,1,9,3,2,0,4,3,0,0
Music,Sound Engineer,2.48,7,2,3,1,2,0,1,3,4,3,4,2,3,0
Marketing,Advertising Manager,3.27,5,1,4,0,0,0,1,8,0,4,0,3,4,0
Business,Manager,2.75,2,2,3,0,7,1,4,7,4,0,1,0,3,0
Medicine,Surgeon,3.947848981599686,2,1,4,1,5,0,4,1,1,4,1,2,4,0
Education,Principal,3.17,0,2,3,1,4,1,0,4,1,2,0,1,2,1
Psychology,Psychologist,2.87,8,0,1,1,2,0,2,2,1,0,2,0,0,1
Finance,Risk Analyst,3.6,8,2,0,1,1,1,0,0,2,1,10,1,1,1
Physics,Nuclear Physicist,3.39,7,1,2,0,4,0,0,2,1,2,3,0,0,0
Finance,Financial Advisor,2.44,7,0,2,1,3,0,4,0,2,4,9,1,3,0
Psychology,Forensic Psychologist,3.36,7,1,4,0,8,0,4,0,2,2,2,3,4,0
Computer Science,Cybersecurity Analyst,2.42,5,1,4,1,5,1,7,2,1,4,1,0,0,0
Physics,Nuclear Physicist,3.14,6,2,4,1,3,0,3,2,0,4,0,3,3,0
Education,Curriculum Developer,3.75,9,2,1,0,5,1,0,4,3,2,1,3,4,1
Law,Legal Analyst,2.18,7,2,2,1,7,1,0,8,1,0,0,2,3,0
Chemistry,Inorganic Chemist,3.08,1,0,0,0,8,1,3,3,0,1,4,1,1,0
Architecture,Urban Planner,2.43,2,2,0,0,2,1,2,0,0,2,4,2,1,1
Music,Conductor,3.4,6,2,3,0,7,0,3,3,1,3,1,0,2,0
Computer Science,Game Developer,2.18,7,0,2,1,6,0,10,1,2,1,3,2,2,0
Music,Music Teacher,3.46,8,1,0,1,9,0,1,2,1,1,4,2,0,1
Biology,Biologist,2.34,3,0,3,1,6,1,2,4,4,3,2,3,3,1
Computer Science,Web Developer,2.82,0,2,3,1,1,0,7,0,1,4,4,3,2,0
Chemistry,Physical Chemist,2.58,5,2,4,1,2,0,0,3,1,0,4,1,2,0
Computer Science,Software Developer,2.45,8,0,4,0,7,1,7,3,4,4,1,4,0,0
Medicine,Surgeon,3.7888158771722114,2,1,1,0,0,0,1,0,1,1,2,3,2,1
Computer Science,AI Researcher,2.03,1,2,3,0,1,0,8,4,2,1,3,1,4,1
Engineering,Acoustics Specialist,3.34,0,2,4,1,7,0,0,4,7,4,9,2,2,1
Business,Entrepreneur,3.16,4,1,4,1,6,0,0,8,4,1,1,3,0,0
Music,Composer,2.33,9,1,4,0,0,1,1,4,0,0,2,3,4,0
Biology,Ecologist,3.02,1,1,0,1,2,1,4,0,3,2,3,3,1,1
Chemistry,Chemist,2.86,3,1,0,1,9,1,2,1,1,0,0,1,0,0
Engineering,Civil Engineer,2.54,8,1,4,1,5,1,0,2,8,1,8,0,3,1
Marketing,Advertising Manager,2.44,4,0,4,1,5,0,2,7,0,1,3,4,2,1
Art,Art Director,3.01,6,1,4,1,1,0,0,1,1,2,0,0,1,0
Finance,Financial Controller,3.41,0,2,4,1,7,0,1,1,0,1,8,1,1,1
Art,Artist,3.47,3,1,4,1,7,0,3,3,2,3,4,1,4,1
Marketing,Marketing Specialist,3.24,7,0,3,0,8,1,0,9,3,1,3,4,4,1
Psychology,Industrial-Organizational Psychologist,3.01,5,0,3,0,8,0,4,4,1,0,2,0,4,1
Finance,Financial Controller,2.18,8,1,4,1,3,1,2,1,3,0,9,3,2,1
Architecture,Architectural Technologist,3.14,3,0,4,1,4,1,1,3,0,1,4,3,2,1
Education,Education Administrator,2.22,1,0,4,1,5,1,4,4,0,2,3,0,3,0
Architecture,Architectural Technologist,3.66,9,1,2,0,3,0,1,4,3,0,0,0,1,0
Art,Art Director,3.54,2,2,5,1,8,1,4,1,3,2,0,2,3,1
Biology,Biotechnologist,2.8,3,0,0,1,2,1,1,2,4,3,2,0,3,0
Physics,Quantum Physicist,3.7,6,0,3,0,0,0,1,2,0,2,0,1,0,0
Chemistry,Analytical Chemist,2.14,4,0,3,0,9,0,2,3,0,2,2,3,4,0
Marketing,Market Research Analyst,3.51,7,1,3,0,2,0,1,8,4,0,4,0,3,1
Education,Curriculum Developer,3.47,8,2,3,1,7,0,0,4,2,0,3,2,0,0
Medicine,Physician Assistant,3.5382841292167697,7,0,4,0,7,0,3,2,3,1,3,3,2,1
Physics,Nuclear Physicist,2.73,9,2,0,0,2,0,1,2,0,0,0,1,2,0
Psychology,School Counselor,2.73,9,1,2,0,3,1,4,0,0,0,4,3,0,0
Marketing,Social Media Manager,3.3,2,1,4,0,0,0,3,8,3,4,1,3,2,1
Biology,Zoologist,3.46,8,0,2,0,1,1,1,1,2,3,3,3,0,0
Finance,Financial Controller,3.31,0,0,4,0,9,1,0,2,4,3,8,0,2,0
Music,Musician,3.03,10,0,0,0,6,1,0,2,4,2,4,0,0,0
Architecture,Interior Designer,3.94,9,2,4,0,1,0,4,1,2,1,1,0,3,0
Computer Science,Cybersecurity Analyst,3.24,2,1,3,0,3,1,8,4,2,4,0,0,1,1
Engineering,Chemical Engineer,2.2,2,1,3,1,7,1,1,3,7,0,7,3,4,0
Music,Sound Engineer,2.57,8,1,2,0,8,1,2,3,0,1,1,0,0,0
Business,Human Resources Specialist,3.9,9,0,1,0,0,1,3,9,0,1,2,1,2,0
Education,Education Administrator,2.91,8,2,0,0,6,1,1,1,3,0,2,1,1,0
Computer Science,Data Scientist,2.84,1,0,3,0,5,0,9,4,1,0,1,0,0,1
Engineering,Chemical Engineer,2.43,0,0,3,1,4,1,4,2,7,2,9,0,1,1
Engineering,Electrical Engineer,3.28,0,2,1,1,7,1,4,2,10,1,9,4,4,0
Architecture,Landscape Architect,2.33,5,1,0,0,0,0,4,2,2,1,0,3,1,1
Architecture,Interior Designer,3.01,8,1,2,0,0,1,3,3,4,0,2,4,1,0
Marketing,Social Media Manager,3.41,8,1,1,1,3,0,3,10,0,4,4,0,2,0
Biology,Biochemist,3.6,2,1,2,0,2,0,3,4,0,2,3,4,0,0
Music,Sound Engineer,2.94,9,0,2,0,8,1,2,0,0,2,1,0,1,0
Architecture,Architect,2.8,7,0,1,1,9,0,3,2,3,0,2,4,3,0
Engineering,Biomedical Engineer,2.44,4,0,2,0,9,1,1,4,8,4,9,3,3,0
Architecture,Architect,3.31,5,2,0,1,7,0,1,3,3,1,0,4,4,0
Music,Composer,2.16,8,0,4,1,5,0,4,2,1,2,3,1,1,0
Business,Manager,2.25,3,2,0,0,0,1,0,8,4,2,2,0,2,1
Engineering,Mechanical Engineer,2.16,7,2,2,0,3,0,0,1,8,1,10,3,1,1
Medicine,Dentist,3.5350540698206285,0,0,4,0,2,0,0,0,4,4,4,3,3,0
Engineering,Biomedical Engineer,3.54,8,1,2,1,8,0,3,3,10,4,8,1,3,1
Education,Education Administrator,2.47,1,0,1,1,5,1,4,4,1,3,0,2,0,1
Medicine,Pharmacist,3.953624472178203,8,0,4,0,1,0,2,2,4,3,2,4,4,0
Finance,Actuary,3.34,5,0,4,0,7,0,1,0,3,3,7,4,3,1
Computer Science,Cybersecurity Analyst,3.9,8,2,2,0,4,0,10,2,3,2,1,0,1,0
Business,Construction Manager,3.37,2,2,3,0,8,1,2,7,0,0,0,1,1,0
Medicine,Doctor,3.778520256637518,4,0,3,0,5,1,1,1,2,1,0,3,0,0
Business,Entrepreneur,3.6,8,0,0,1,4,0,1,10,0,1,3,4,3,0
Psychology,Industrial-Organizational Psychologist,3.6,9,2,0,0,8,1,4,1,1,3,3,4,0,1
Music,Composer,2.59,5,2,1,1,3,1,4,3,4,1,4,1,4,0
Music,Sound Engineer,3.26,6,0,2,1,2,0,2,3,1,0,0,2,4,0
Computer Science,Web Developer,3.34,7,0,4,1,1,1,9,2,1,3,4,4,4,1
Business,Human Resources Specialist,2.94,1,0,1,1,9,0,4,8,2,2,2,0,2,0
Chemistry,Physical Chemist,3.87,1,0,4,1,5,0,2,2,0,0,1,0,1,1
Psychology,School Counselor,2.45,5,0,1,0,6,0,0,3,2,2,0,4,2,0
Music,Composer,2.98,10,2,3,1,5,1,2,0,0,3,0,0,3,1
Finance,Financial Analyst,2.99,4,0,0,0,3,0,3,4,1,1,8,4,4,0
Marketing,Social Media Manager,3.54,9,2,0,0,0,0,2,8,3,1,1,0,4,1
Physics,Physicist,2.92,0,0,4,0,3,1,4,4,4,4,2,3,0,0
Art,Animator,3.7,8,1,3,1,1,1,0,1,2,3,0,2,0,1
Chemistry,Inorganic Chemist,3.19,8,0,1,1,1,0,3,0,4,2,2,0,4,1
Medicine,Doctor,3.9122357588022747,5,1,0,1,1,1,3,4,3,3,0,4,3,1
Finance,Financial Controller,3.2,5,1,3,0,9,0,2,0,4,3,9,0,1,0
Education,Curriculum Developer,2.71,5,2,2,0,6,1,0,3,4,4,2,2,0,1
Architecture,Urban Planner,2.88,4,1,2,0,9,1,4,4,0,4,4,0,4,1
Business,Manager,2.67,3,1,1,1,8,0,2,8,0,3,0,2,0,0
Music,Musician,3.3,8,1,4,1,2,0,4,4,3,3,3,2,0,1
Education,Curriculum Developer,2.39,9,0,4,1,6,0,1,0,3,4,1,2,2,1
Physics,Nuclear Physicist,2.14,7,0,4,1,9,0,3,3,3,3,4,3,0,1
Engineering,Aerospace Engineer,3.33,0,2,0,0,7,1,3,2,8,4,10,4,1,0
Music,Music Teacher,2.25,6,2,4,1,0,0,2,4,2,3,0,2,1,0
Marketing,Marketing Manager,2.15,7,1,4,0,4,0,0,7,4,1,4,1,2,1
Finance,Financial Analyst,2.65,9,1,2,0,8,1,4,2,1,0,10,2,4,1
Biology,Ecologist,2.26,9,0,0,0,0,0,4,2,0,2,3,3,1,0
Engineering,Fluid Mechanics Engineer,2.87,5,2,0,1,4,0,2,3,9,4,10,4,0,0
Education,Education Administrator,3.7,5,0,0,1,5,0,3,0,1,0,2,2,2,1
Business,Entrepreneur,3.95,7,1,0,1,3,0,4,9,4,2,4,4,4,1
Medicine,Nurse,3.9891773935284283,5,2,4,1,5,1,1,1,1,2,2,0,0,0
Education,Special Education Teacher,3.0,7,2,2,0,4,1,2,1,4,0,2,3,0,1
Engineering,Biomedical Engineer,2.5,8,2,0,0,8,0,1,2,7,4,10,2,0,1
Architecture,Architect,2.92,4,2,2,1,9,0,4,3,2,3,2,0,2,1
Finance,Investment Banker,3.26,6,1,0,0,8,0,4,4,4,1,7,0,4,1
Law,Legal Secretary,2.2,6,1,1,0,3,1,2,10,4,0,0,1,0,0
Education,Education Administrator,3.36,9,1,1,0,7,0,0,3,1,3,2,2,4,0
Art,Art Director,3.34,5,1,4,0,3,1,2,0,1,1,3,1,1,1
Physics,Quantum Physicist,2.07,7,1,1,0,3,1,0,3,4,3,3,0,4,1
Marketing,Digital Marketing Specialist,2.94,7,0,4,0,5,0,3,9,4,1,2,2,1,1
Medicine,Dentist,3.9951661518968242,2,1,1,1,5,1,0,3,4,1,2,3,3,0
Computer Science,Data Scientist,2.11,1,2,2,1,3,1,7,0,1,4,1,1,2,1
Music,Musician,3.43,8,1,0,0,3,0,2,0,0,3,1,3,2,1
Biology,Zoologist,2.09,4,2,0,1,9,0,2,2,2,1,0,2,4,1
Architecture,Architect,3.5,4,2,1,0,1,0,3,2,3,3,1,4,0,0
Finance,Financial Analyst,3.71,8,2,4,1,2,1,0,1,0,1,7,3,4,1
Art,Artist,2.83,0,1,3,0,2,0,4,2,4,0,0,4,2,0
Business,Manager,3.29,5,2,4,0,9,1,2,9,4,0,0,0,4,1
Marketing,Social Media Manager,3.64,3,1,2,1,9,0,3,9,2,2,0,3,4,0
Marketing,Advertising Manager,2.87,3,1,0,1,7,1,4,9,0,4,2,0,4,1
Music,Sound Engineer,3.05,8,1,0,0,7,0,4,3,2,4,2,2,1,0
Education,Teacher,3.54,1,2,3,0,7,0,0,1,2,1,0,4,1,1
Architecture,Landscape Architect,3.01,1,0,3,0,6,0,3,1,3,2,1,0,1,1
Chemistry,Organic Chemist,2.01,7,0,0,0,4,0,2,4,4,2,3,3,0,1
Marketing,Advertising Manager,3.68,0,1,2,0,0,0,3,10,1,2,4,4,2,0
Law,Lawyer,2.75,2,2,2,1,2,0,0,8,3,3,1,4,4,1
Chemistry,Organic Chemist,3.93,9,2,2,1,2,1,4,4,4,2,3,1,4,1
Medicine,Surgeon,3.8452028609555358,8,2,2,1,0,1,4,0,2,4,3,3,1,0
Business,Entrepreneur,2.47,3,0,1,0,1,1,4,9,2,2,2,1,4,1
Law,Lawyer,2.29,7,2,1,0,4,1,2,7,3,1,2,4,0,1
Music,Composer,2.96,8,0,4,0,2,0,0,0,1,1,1,0,3,0
Marketing,Social Media Manager,2.37,2,0,1,1,6,1,3,8,2,0,0,2,0,1
Engineering,Electrical Engineer,3.61,3,0,3,1,4,1,0,2,9,1,9,2,2,0
Music,Sound Engineer,2.47,9,2,4,1,3,0,2,4,0,2,0,3,2,0
Architecture,Architectural Technologist,3.81,4,1,4,1,2,0,0,4,0,0,4,0,2,1
Architecture,Architect,3.43,6,2,3,1,0,1,1,4,3,2,1,1,2,0
Music,Music Teacher,3.0,8,1,4,0,2,0,0,3,1,1,4,0,0,0
Biology,Biologist,3.14,1,0,2,0,5,0,3,0,3,1,3,3,0,0
Architecture,Urban Planner,3.46,7,2,2,0,9,0,4,3,2,2,4,1,4,0
Biology,Microbiologist,3.33,7,0,0,0,0,1,1,4,2,2,1,1,3,1
Psychology,Music Therapist,3.01,2,1,0,1,7,1,2,1,4,2,3,3,0,1
Architecture,Interior Designer,3.46,5,1,3,0,8,0,0,2,4,3,2,2,2,0
Art,Artist,3.51,9,2,3,0,8,1,2,0,2,1,2,4,4,1
Computer Science,Data Scientist,2.38,9,2,1,0,5,1,8,4,2,2,3,0,0,0
Business,Human Resources Specialist,3.97,5,1,4,1,1,1,1,7,1,0,1,0,2,0
Physics,Nuclear Physicist,2.94,7,0,4,1,5,0,1,2,4,4,0,0,0,1
Biology,Microbiologist,3.68,5,1,0,0,9,1,3,2,3,3,0,3,0,0
Marketing,Marketing Specialist,2.7,8,0,4,0,8,0,2,7,1,2,1,4,4,0
Architecture,Landscape Architect,3.11,8,2,0,1,6,0,2,3,1,1,2,4,0,0
Music,Composer,3.83,6,0,2,0,0,0,1,1,4,3,3,1,1,1
Art,Illustrator,3.77,7,0,3,1,1,1,4,1,1,0,1,3,4,0
Computer Science,Web Developer,3.09,0,2,3,0,6,1,9,1,3,1,0,0,3,0
Marketing,Marketing Specialist,2.99,2,1,4,0,8,1,3,8,3,4,0,0,1,1
Physics,Astronomer,2.94,1,2,2,0,7,1,2,4,3,3,2,0,0,1
Art,Artist,3.23,4,0,5,0,5,0,1,2,3,1,0,4,1,1
Medicine,Nurse,3.7830358232240826,8,0,3,0,7,1,4,0,1,2,4,3,0,1
Business,Construction Manager,2.24,2,0,4,0,3,0,4,9,0,3,4,0,2,1
Education,Special Education Teacher,3.8,4,2,4,1,8,0,0,0,2,3,3,2,4,0
Medicine,Pharmacist,3.705247897030277,9,1,4,0,9,1,1,0,3,0,3,2,1,0
Physics,Nuclear Physicist,2.68,0,2,2,0,9,0,4,1,4,3,1,4,3,0
Music,Conductor,3.96,9,2,3,1,8,1,2,3,1,1,4,0,2,1
Business,Manager,3.58,6,2,4,0,0,1,0,10,2,3,0,3,4,1
Art,Illustrator,2.98,8,0,3,0,1,1,0,4,2,4,1,0,0,0
Marketing,Advertising Manager,3.4,1,1,4,0,8,1,1,8,0,1,4,1,1,0
Architecture,Landscape Architect,2.72,4,0,3,0,1,1,1,1,3,3,0,2,2,0
Biology,Biochemist,2.27,0,0,3,0,0,0,0,0,2,4,3,2,2,1
Architecture,Architectural Technologist,3.42,0,2,2,1,3,1,1,4,2,1,3,0,4,1
Finance,Credit Analyst,3.06,6,2,3,1,8,0,0,3,4,2,10,2,0,0
Music,Sound Engineer,3.21,10,2,0,0,0,0,0,1,3,2,0,3,0,0
Architecture,Urban Planner,3.07,4,2,2,1,4,1,3,0,0,1,4,3,4,1
Education,Curriculum Developer,3.24,6,1,2,1,4,1,0,1,2,1,1,0,4,1
Education,Special Education Teacher,3.98,4,1,3,0,5,0,2,1,3,1,0,0,0,1
Law,Paralegal,3.23,9,0,0,1,2,0,1,7,2,2,4,2,2,0
Physics,Physicist,3.74,9,1,0,1,6,0,0,0,4,2,0,4,2,0
Computer Science,Game Developer,3.18,3,2,3,0,5,0,9,2,3,4,2,0,2,0
Music,Musician,3.17,10,1,1,1,4,1,2,4,4,1,4,2,0,0
Education,Special Education Teacher,3.45,4,0,4,0,0,0,2,3,1,1,1,4,2,1
Music,Composer,2.79,9,0,0,1,9,0,3,1,0,4,2,3,0,0
Medicine,Doctor,3.6042941838705254,5,2,0,1,7,0,4,2,2,4,4,4,3,0
Biology,Biotechnologist,3.65,9,2,4,1,0,1,1,0,3,4,0,0,1,0
Biology,Geneticist,2.27,3,0,4,1,1,1,4,1,3,0,4,2,3,1
Psychology,Forensic Psychologist,2.16,7,2,2,0,1,1,1,4,3,0,0,3,4,1
Computer Science,Web Developer,3.65,0,0,3,0,2,0,7,4,0,2,0,0,1,0
Law,Paralegal,3.97,7,0,2,1,3,0,1,7,2,0,0,4,0,1
Medicine,Physician Assistant,3.6732793799082737,6,2,2,1,7,0,1,3,4,3,0,0,4,0
Marketing,Social Media Manager,3.98,7,2,0,0,2,0,0,8,1,2,4,0,3,0
Psychology,Counselor,2.5,0,0,2,0,3,0,1,0,4,2,4,1,3,1
Marketing,Advertising Manager,2.66,2,1,3,1,2,0,4,8,3,2,4,2,0,0
Education,Special Education Teacher,2.49,9,0,2,1,1,0,3,3,0,0,3,0,1,1
Law,Legal Secretary,3.69,1,2,1,1,7,0,2,7,2,0,4,2,0,0
Chemistry,Analytical Chemist,3.22,0,2,4,1,0,1,2,0,3,0,4,3,1,0
Marketing,Digital Marketing Specialist,3.82,7,1,2,1,5,1,3,8,0,1,3,3,3,1
Finance,Financial Controller,2.17,0,0,1,1,2,1,1,4,1,2,9,0,1,0
Finance,Financial Advisor,2.1,3,0,4,1,2,1,1,2,0,2,8,2,1,0
Computer Science,Game Developer,2.91,9,2,4,1,3,1,10,1,1,2,0,2,1,1
Medicine,Physician Assistant,3.668655477075614,8,0,2,0,7,1,0,0,0,3,0,1,0,1
Art,Illustrator,2.85,0,0,3,1,8,1,3,3,3,3,4,0,3,1
Computer Science,Data Scientist,3.58,2,0,2,1,7,1,9,1,3,1,1,3,0,0
Education,Special Education Teacher,3.62,5,1,2,0,6,0,0,1,1,1,3,2,0,1
Computer Science,Software Developer,3.95,7,0,1,1,3,0,10,3,4,3,4,2,2,1
Education,Teacher,2.09,4,1,4,1,8,0,1,2,0,0,1,2,4,0
Psychology,Clinical Psychologist,2.06,4,0,3,0,5,1,1,4,0,2,2,0,0,1
Art,Graphic Designer,3.93,3,0,4,1,5,0,2,4,4,4,2,0,2,1
Art,Animator,3.57,2,0,5,0,6,1,1,1,0,3,1,4,3,1
Psychology,Art Therapist,3.07,3,0,2,0,0,0,1,2,2,2,0,1,2,1
Music,Music Teacher,2.06,8,0,0,0,4,0,2,3,3,3,4,2,0,1
Physics,Physicist,3.87,1,1,1,0,0,1,1,3,4,4,1,3,1,1
Psychology,Counselor,3.4,2,1,0,0,5,0,1,2,4,0,3,3,4,1
Business,Manager,3.61,3,0,0,0,8,0,1,8,4,3,2,2,1,1
Chemistry,Chemist,2.93,5,1,4,1,0,0,4,3,2,4,2,3,2,1
Finance,Financial Analyst,3.65,6,2,4,1,4,0,0,4,4,4,9,1,0,1
Marketing,Digital Marketing Specialist,2.51,4,1,2,0,4,0,1,10,4,3,4,3,0,0
Education,Education Administrator,3.43,9,0,3,0,7,0,0,3,3,1,0,0,1,1
Computer Science,Cybersecurity Analyst,2.16,9,2,3,1,5,0,8,2,0,1,3,3,0,0
Medicine,Nurse,3.7889035251255425,5,1,4,0,4,0,1,3,2,3,1,4,2,1
Law,Legal Analyst,2.34,1,0,2,1,8,1,0,9,4,1,3,1,1,0
Marketing,Brand Manager,2.77,6,0,2,0,8,1,2,9,0,3,1,2,4,0
Education,Curriculum Developer,3.88,4,0,1,0,5,0,4,0,2,1,2,4,3,1
Marketing,Social Media Manager,3.55,2,1,2,0,3,0,0,9,4,2,0,4,0,1
Art,Illustrator,2.99,9,0,4,1,2,1,2,2,4,1,3,3,2,0
Law,Legal Consultant,2.13,7,0,2,1,4,0,4,8,3,0,1,2,0,0
Law,Paralegal,3.69,2,0,2,0,6,1,1,10,0,1,0,1,0,0
Biology,Biologist,3.69,7,1,2,0,9,0,2,1,2,4,0,0,3,0
Biology,Ecologist,3.2,7,0,0,0,2,0,1,1,2,4,4,0,4,1
Education,Curriculum Developer,2.48,5,0,4,1,6,0,1,2,1,2,2,3,3,1
Education,Education Administrator,3.6,1,1,3,0,0,0,3,4,3,1,2,4,2,0
Computer Science,Software Developer,3.46,4,0,0,1,3,0,9,3,4,2,0,2,4,0
Chemistry,Physical Chemist,2.27,6,2,4,0,6,1,4,4,4,1,3,1,1,1
Law,Paralegal,2.94,2,1,1,1,3,0,2,9,4,1,1,1,0,0
Law,Legal Consultant,2.49,4,2,2,1,7,1,3,9,2,2,4,3,2,1
Law,Legal Consultant,2.28,9,2,0,1,9,0,4,10,3,4,4,2,0,0
Education,Teacher,2.81,7,0,0,1,1,0,1,3,1,3,0,4,0,0
Finance,Accountant,3.77,6,0,0,1,3,1,4,4,1,3,9,1,4,1
Medicine,Pharmacist,3.597504490219308,7,1,2,0,1,0,3,4,2,2,4,1,0,1
Physics,Nuclear Physicist,3.22,0,2,4,1,3,0,4,2,2,3,4,1,0,0
Finance,Actuary,3.61,7,0,4,0,1,1,4,2,2,2,7,0,1,1
Education,Principal,2.94,9,0,1,1,7,0,3,0,1,0,0,2,1,0
Psychology,Forensic Psychologist,3.83,7,0,0,0,5,1,3,0,4,2,2,4,2,1
Education,Principal,3.02,1,0,4,0,8,1,4,4,1,2,3,0,1,1
Chemistry,Organic Chemist,3.66,9,2,0,0,7,0,0,2,1,1,0,2,1,1
Art,Illustrator,3.1,1,1,5,1,9,0,1,2,3,2,1,3,4,1
Chemistry,Organic Chemist,3.19,3,0,4,1,6,0,1,2,2,0,4,2,3,1
Psychology,Industrial-Organizational Psychologist,2.67,7,2,1,0,7,1,4,4,3,2,0,1,4,1
Psychology,Counselor,2.49,8,1,3,0,4,1,0,1,4,2,4,2,4,1
Business,Human Resources Specialist,3.78,9,0,1,1,2,1,3,9,4,2,2,1,3,0
Biology,Biotechnologist,3.35,8,0,3,0,1,1,4,4,2,1,0,1,0,1
Computer Science,Data Scientist,3.55,2,0,2,1,5,1,10,4,4,1,3,2,4,0
Medicine,Nurse,3.8382418747603024,8,2,3,0,0,1,4,4,3,3,2,3,0,0
Physics,Physicist,3.18,3,0,4,1,7,1,2,0,2,3,2,4,3,0
Law,Legal Secretary,2.09,1,1,1,1,0,0,2,8,0,0,1,2,1,1
Finance,Accountant,3.9,8,0,2,1,1,0,3,2,4,2,10,0,2,0
Psychology,Counselor,2.17,2,0,1,0,4,0,4,1,2,1,2,0,3,0
Marketing,Market Research Analyst,3.52,0,0,3,0,3,0,3,8,3,0,2,1,0,0
Law,Legal Secretary,2.1,9,0,4,1,0,0,2,10,1,0,1,3,3,0
Physics,Astronomer,3.84,4,2,0,1,5,0,0,1,0,2,3,2,2,1
Computer Science,Web Developer,3.37,0,2,4,0,6,1,7,0,3,0,4,3,4,1
Business,Construction Manager,2.11,0,1,4,1,2,0,3,7,1,2,4,3,4,0
Education,Principal,2.66,6,1,1,1,4,1,2,3,4,2,3,4,3,0
Finance,Actuary,3.67,8,1,2,0,3,1,0,1,4,2,8,0,4,1
Engineering,Fluid Mechanics Engineer,2.47,6,2,4,0,6,1,1,3,7,2,7,1,1,1
Computer Science,Software Developer,3.4,0,0,1,1,0,0,8,1,0,3,3,4,4,1
Education,Principal,2.13,1,1,1,0,8,0,2,0,3,0,2,2,0,0
Biology,Zoologist,2.92,1,2,4,1,5,0,1,2,3,0,1,0,4,0
Music,Sound Engineer,3.46,10,2,0,0,2,0,0,0,1,1,4,4,2,0
Education,Curriculum Developer,2.68,6,2,4,0,7,0,4,2,3,4,1,3,0,1
Architecture,Architect,2.39,3,2,2,1,8,0,3,3,1,1,3,3,4,1
Engineering,Chemical Engineer,2.33,0,0,3,0,9,0,4,4,9,1,8,4,1,0
Engineering,Electrical Engineer,2.92,4,2,1,0,5,0,4,4,10,2,7,1,2,1
Chemistry,Organic Chemist,3.12,6,0,4,0,3,0,2,4,2,2,2,1,2,1
Business,Construction Manager,3.34,9,2,0,1,7,0,3,8,0,1,0,4,1,0
Business,Manager,2.63,9,1,2,0,5,0,0,8,0,2,0,3,0,1
Engineering,Chemical Engineer,3.59,4,1,3,1,9,0,4,0,7,0,10,2,4,1
Physics,Quantum Physicist,2.13,4,1,3,0,9,1,2,0,3,1,2,0,2,1
Art,Graphic Designer,3.26,0,1,3,1,6,1,2,2,4,2,2,4,3,0
Engineering,Mechanical Engineer,2.42,8,2,2,0,7,0,1,0,7,4,10,2,0,0
Marketing,Social Media Manager,2.27,6,1,0,0,7,1,1,10,0,2,2,2,2,0
Architecture,Landscape Architect,2.27,5,1,0,0,8,0,4,2,0,0,1,0,4,0
Education,Special Education Teacher,2.6,0,0,4,1,0,1,3,4,2,0,4,0,3,1
Architecture,Urban Planner,2.14,4,1,0,0,3,0,2,0,2,2,1,1,3,0
Psychology,Psychologist,3.54,0,1,2,0,9,0,2,1,1,1,2,0,2,0
Physics,Nuclear Physicist,2.27,7,2,0,0,6,0,1,2,4,3,2,4,4,1
Psychology,Clinical Psychologist,2.03,2,1,1,1,2,1,0,0,2,2,2,0,2,1
Physics,Quantum Physicist,2.39,2,0,0,0,6,0,0,2,0,3,3,0,1,0
Marketing,Marketing Specialist,3.92,7,1,3,0,3,0,1,9,4,3,1,4,0,0
Medicine,Doctor,3.8319122374263626,5,2,4,1,9,0,2,3,2,3,3,0,4,1
Finance,Financial Advisor,3.94,7,0,2,0,8,0,0,0,1,1,8,2,4,0
Psychology,Art Therapist,2.57,7,0,4,0,8,0,4,3,2,3,4,3,2,1
Physics,Quantum Physicist,3.66,2,2,0,1,3,0,1,0,3,4,3,3,1,0
Marketing,Market Research Analyst,3.33,1,0,2,1,2,0,4,7,1,0,1,4,3,0
Business,Human Resources Specialist,3.45,7,2,4,0,3,1,3,10,3,4,2,3,4,1
Physics,Physicist,3.36,3,0,2,1,2,1,4,4,2,0,2,1,1,0
Biology,Microbiologist,2.2,0,1,0,0,1,0,4,2,4,2,1,1,4,0
Physics,Astronomer,3.37,4,1,2,1,7,1,0,2,0,4,1,2,3,0
Medicine,Physician Assistant,3.919910176101744,6,0,1,0,5,1,1,3,3,0,4,1,2,0
Marketing,Marketing Specialist,2.46,6,0,1,0,8,1,1,8,3,3,4,4,2,1
Law,Legal Consultant,2.2,5,0,3,1,3,0,3,10,4,1,1,2,4,1
Finance,Financial Advisor,2.41,7,0,4,0,4,0,0,4,3,2,10,3,3,0
Marketing,Marketing Specialist,2.69,5,1,3,0,4,0,2,10,1,2,4,3,2,1
Biology,Biotechnologist,2.63,9,0,4,0,4,0,2,1,2,3,4,4,3,1
Psychology,Clinical Psychologist,3.51,7,2,4,1,4,1,1,1,3,4,3,3,1,0
Architecture,Architectural Technologist,3.6,3,1,3,0,7,0,2,1,3,4,0,2,3,1
Art,Illustrator,2.28,4,1,3,1,3,1,3,2,1,4,0,2,3,0
Computer Science,Software Developer,3.73,9,1,0,0,5,0,7,3,0,2,4,0,2,0
Architecture,Landscape Architect,3.89,8,1,2,1,1,0,0,0,1,4,2,2,1,0
Music,Musician,3.02,6,2,4,0,7,0,0,0,4,4,3,3,0,1
Engineering,Aerospace Engineer,2.38,6,0,2,0,5,1,1,0,9,4,9,0,3,0
Psychology,Art Therapist,2.56,3,0,4,1,8,0,2,2,0,3,4,0,0,1
Law,Paralegal,3.62,8,0,4,0,1,0,3,7,0,2,4,3,2,0
Medicine,Nurse,3.7967306913523617,9,2,3,1,1,0,1,0,2,3,4,2,3,1
Art,Illustrator,2.71,0,1,3,1,3,0,3,2,3,2,4,2,1,1
Psychology,Forensic Psychologist,3.74,8,1,2,0,5,0,2,4,4,0,0,2,3,0
Marketing,Marketing Specialist,2.34,7,1,2,0,2,0,0,7,2,1,0,4,3,0
Physics,Nuclear Physicist,3.54,5,2,4,1,1,1,4,3,1,0,4,0,4,1
Art,Illustrator,3.46,6,2,3,1,5,0,4,2,4,4,0,0,0,0
Chemistry,Chemist,3.92,9,2,3,1,5,1,2,2,2,3,3,4,4,0
Psychology,Music Therapist,2.24,0,1,0,0,0,1,3,0,1,1,2,0,0,0
Psychology,Counselor,2.1,3,2,0,1,0,0,2,0,1,1,1,3,3,0
Chemistry,Physical Chemist,3.08,6,0,3,1,0,0,3,3,1,0,3,2,0,0
Chemistry,Physical Chemist,2.6,0,2,0,0,6,1,4,4,1,0,4,3,2,1
Chemistry,Analytical Chemist,2.64,5,0,2,0,2,1,2,1,2,2,1,3,3,0
Engineering,Chemical Engineer,3.71,4,1,4,1,6,1,2,2,10,3,9,3,0,1
Computer Science,Data Scientist,2.95,5,0,0,1,3,0,8,1,2,1,0,0,3,1
Chemistry,Analytical Chemist,2.02,4,2,3,0,2,1,3,2,3,1,4,0,3,0
Psychology,Psychologist,2.98,3,0,2,1,4,1,3,2,4,3,3,0,2,0
Law,Legal Analyst,3.1,2,2,0,0,1,1,4,9,0,4,3,2,3,1
Computer Science,Data Scientist,3.64,4,0,0,0,5,0,7,3,4,4,4,2,1,1
Computer Science,Web Developer,3.26,1,2,4,1,0,0,9,0,1,2,3,2,3,0
Physics,Astronomer,2.6,7,1,0,0,8,1,4,4,1,1,2,4,0,1
Psychology,Music Therapist,2.38,3,0,2,1,1,0,0,3,1,0,1,2,3,0
Business,Entrepreneur,3.46,5,2,1,1,9,0,3,9,0,3,0,4,4,0
Architecture,Architectural Technologist,2.92,8,2,1,1,9,0,3,0,0,1,4,0,1,0
Biology,Geneticist,3.43,7,2,1,1,6,1,0,0,2,4,3,2,4,0
Marketing,Market Research Analyst,2.52,3,2,3,1,1,1,2,9,0,2,4,2,1,1
Biology,Biotechnologist,2.61,6,1,2,1,0,0,1,4,0,4,0,4,4,0
Architecture,Architect,3.51,2,2,3,0,5,1,2,1,2,4,4,0,0,0
Psychology,Music Therapist,2.94,7,2,3,1,8,0,4,4,0,2,2,3,3,0
Medicine,Surgeon,3.6920213191955504,7,1,4,0,3,1,3,4,4,3,1,2,1,1
Architecture,Urban Planner,2.89,2,0,3,0,0,1,3,0,2,4,4,3,4,0
Finance,Financial Controller,3.19,6,1,0,0,6,0,4,3,2,0,7,4,0,1
Education,Special Education Teacher,2.01,7,0,3,0,5,0,4,1,2,2,1,3,3,1
Architecture,Interior Designer,2.88,1,0,4,1,8,1,1,1,4,0,0,1,2,0
Music,Conductor,2.95,5,2,0,1,6,0,1,3,0,4,1,3,3,1
Psychology,Clinical Psychologist,2.43,5,1,4,0,5,0,4,3,2,1,3,4,2,1
Chemistry,Inorganic Chemist,3.61,2,0,4,0,0,0,2,2,4,4,1,0,1,1
Chemistry,Analytical Chemist,2.58,6,0,3,0,2,0,4,4,4,1,2,2,3,1
Computer Science,AI Researcher,2.74,2,1,0,0,4,1,10,3,1,4,3,0,3,0
Architecture,Interior Designer,2.72,3,2,1,1,7,1,1,1,4,4,1,4,1,1
Music,Sound Engineer,2.04,10,0,4,0,5,0,3,0,4,3,4,1,1,0
Business,Entrepreneur,3.6,1,0,1,1,5,0,4,10,0,2,1,3,1,1
Engineering,Electrical Engineer,2.39,3,1,1,1,3,1,3,4,8,2,10,1,0,0
Engineering,Electrical Engineer,2.34,6,2,2,1,0,1,2,3,9,2,7,4,3,1
Marketing,Social Media Manager,3.29,1,2,4,1,0,0,2,7,3,3,4,4,2,1
Business,Human Resources Specialist,4.0,8,1,2,1,0,1,2,7,3,0,1,1,0,1
Engineering,Civil Engineer,3.19,8,2,2,0,5,1,4,4,7,4,8,3,1,0
Computer Science,Web Developer,3.64,3,2,2,0,6,1,8,1,3,0,2,4,4,0
Psychology,Industrial-Organizational Psychologist,3.2,7,0,1,0,2,1,4,4,4,0,0,4,3,0
Art,Animator,2.54,1,0,5,1,5,1,1,1,1,0,0,0,2,0
Finance,Accountant,2.97,9,2,4,1,9,0,2,3,1,0,9,0,1,1
Law,Paralegal,2.16,5,1,1,1,3,0,1,9,2,1,0,4,0,1
Biology,Biotechnologist,3.0,6,0,2,1,7,1,1,0,1,3,2,3,1,0
Finance,Investment Banker,3.83,4,2,1,0,7,1,3,1,2,3,10,2,0,1
Biology,Biochemist,3.38,6,1,2,1,4,1,2,4,2,2,0,0,0,0
Architecture,Landscape Architect,3.52,9,2,4,0,5,1,4,0,2,1,0,4,1,0
Finance,Financial Controller,3.62,0,1,4,0,9,0,0,1,1,1,10,4,4,1
Law,Lawyer,2.3,1,0,2,1,8,1,2,9,0,0,3,1,2,0
Biology,Biochemist,2.83,4,1,2,1,9,1,3,3,1,1,2,0,0,1
Medicine,Nurse,3.7499794959823944,4,1,0,1,1,0,0,3,0,4,4,0,3,1
Computer Science,AI Researcher,2.18,6,0,4,0,9,1,9,1,2,3,3,2,1,1
Psychology,School Counselor,3.17,7,0,1,1,6,1,1,0,0,3,2,1,2,1
Biology,Ecologist,2.12,3,2,4,1,7,0,3,2,2,4,4,2,0,0
Medicine,Pharmacist,3.7215168531688096,3,1,2,1,6,1,4,1,1,3,1,3,1,0
Chemistry,Physical Chemist,2.38,3,2,3,1,6,0,1,4,3,2,1,2,0,0
Education,Curriculum Developer,3.94,4,0,4,0,6,1,4,4,2,0,1,4,0,1
Psychology,Music Therapist,3.55,0,0,1,0,7,1,0,4,0,3,2,0,4,1
Biology,Geneticist,3.68,4,2,0,0,7,1,4,3,1,0,4,3,1,1
Engineering,Electrical Engineer,3.97,7,0,0,1,8,0,0,0,10,3,10,4,1,0
Art,Graphic Designer,3.76,9,1,4,0,5,0,3,4,3,4,4,0,3,1
Computer Science,Data Scientist,3.36,8,0,4,1,1,0,8,3,3,3,4,3,0,0
Chemistry,Analytical Chemist,2.22,5,1,2,0,1,1,0,1,0,2,1,0,2,1
Marketing,Advertising Manager,3.69,4,0,3,0,9,0,0,10,3,4,1,1,1,0
Business,Manager,3.29,7,2,1,0,0,0,3,10,1,3,3,1,0,0
Architecture,Interior Designer,3.3,4,0,1,1,0,1,3,1,4,3,3,0,1,1
Psychology,Forensic Psychologist,2.82,6,0,0,1,9,1,2,2,3,4,1,2,1,0
Art,Artist,2.81,4,1,5,0,9,1,1,4,0,1,4,0,1,1
Business,Human Resources Specialist,2.9,6,2,0,0,2,0,0,9,4,4,3,3,0,1
Chemistry,Analytical Chemist,2.39,4,0,1,1,2,0,2,1,0,2,1,1,0,1
Architecture,Urban Planner,3.05,2,1,4,1,9,1,3,3,2,2,2,4,4,0
Medicine,Doctor,3.9100337510278247,3,1,3,1,3,0,4,4,2,4,3,0,1,0
Music,Music Teacher,3.31,7,1,0,0,5,0,3,0,2,4,1,2,1,0
Finance,Investment Banker,3.93,7,0,0,1,7,0,4,0,0,1,10,3,3,0
Business,Entrepreneur,2.71,3,0,4,1,0,0,4,8,0,4,2,0,0,0
Architecture,Landscape Architect,3.36,7,2,0,0,1,0,1,3,1,0,0,4,1,1
Biology,Ecologist,3.4,6,0,1,1,4,0,0,1,4,1,3,3,0,1
Finance,Accountant,3.94,7,2,2,0,3,1,2,2,2,4,8,1,4,1
Physics,Quantum Physicist,2.75,2,1,1,1,6,1,4,4,4,1,0,4,1,1
Business,Manager,2.97,3,0,0,1,5,1,1,9,4,4,1,2,2,1
Business,Construction Manager,3.66,9,2,3,0,0,0,2,10,4,3,1,1,2,1
Chemistry,Analytical Chemist,2.17,7,2,4,1,1,1,3,2,2,4,1,0,2,1
Psychology,Clinical Psychologist,3.03,0,2,1,1,5,0,2,2,0,0,4,4,3,0
Engineering,Aerospace Engineer,3.83,4,2,2,1,2,1,1,0,10,1,9,2,4,0
Business,Human Resources Specialist,2.85,6,2,3,1,2,0,2,9,0,3,3,3,0,1
Medicine,Dentist,3.9982828281444913,6,0,4,1,9,0,1,4,2,1,2,4,3,0
Computer Science,Web Developer,2.3,9,1,3,0,2,0,8,0,0,3,1,1,2,1
Biology,Ecologist,3.96,1,1,4,1,1,0,3,1,3,3,0,0,0,0
Chemistry,Inorganic Chemist,3.04,8,2,1,0,0,0,0,0,2,3,0,4,3,0
Engineering,Electrical Engineer,2.83,8,0,3,0,9,1,2,4,7,4,9,2,2,1
Medicine,Dentist,3.510467058913367,6,1,0,1,6,1,1,2,3,0,3,1,2,0
Chemistry,Chemist,3.65,3,2,4,0,8,0,1,3,2,3,2,3,3,0
Computer Science,Game Developer,3.96,2,0,4,0,7,1,7,1,1,0,0,1,2,0
Chemistry,Physical Chemist,3.42,7,1,1,0,6,1,1,0,4,2,0,3,1,0
Finance,Financial Advisor,2.75,3,0,3,0,2,1,2,4,4,2,8,1,0,1
Physics,Physicist,2.03,7,2,3,1,2,0,4,1,1,1,2,0,3,1
Computer Science,Web Developer,2.46,3,2,1,0,3,1,8,2,3,1,2,0,0,0
Marketing,Market Research Analyst,2.67,9,2,3,1,2,1,2,9,3,3,2,4,0,0
Law,Lawyer,3.74,2,0,2,1,5,0,1,9,2,4,1,3,4,1
Law,Legal Secretary,3.81,3,0,1,1,8,1,3,8,4,3,0,3,3,0
Engineering,Electrical Engineer,3.0,6,0,2,0,4,0,1,0,8,4,10,4,4,1
Engineering,Civil Engineer,3.12,9,0,1,0,3,1,2,1,7,3,9,4,1,1
Architecture,Urban Planner,3.25,8,2,2,1,2,1,4,4,2,3,3,3,3,0
Computer Science,Web Developer,3.01,6,1,3,1,4,0,9,0,3,0,3,2,0,0
Chemistry,Chemist,3.53,3,2,0,1,4,0,3,0,1,3,2,1,3,0
Chemistry,Organic Chemist,2.84,1,0,3,1,1,0,0,0,2,3,2,3,3,1
Medicine,Surgeon,3.5310183818143908,5,1,2,1,5,1,4,1,0,1,0,3,4,1
Chemistry,Analytical Chemist,2.75,0,0,4,1,7,1,1,2,2,0,3,0,2,0
Architecture,Architect,3.29,7,1,0,0,3,0,1,4,3,0,1,3,2,1
Biology,Biochemist,2.64,5,0,1,0,4,0,1,2,4,2,3,4,4,0
Education,Education Administrator,2.29,5,0,3,1,3,1,2,1,0,1,1,3,3,1
Physics,Astronomer,3.54,1,2,3,0,8,1,4,0,3,3,3,4,4,0
Education,Special Education Teacher,3.61,8,2,4,1,1,1,4,2,2,3,3,3,2,1
Marketing,Marketing Manager,3.42,9,1,4,1,8,0,0,9,0,0,4,4,1,0
Finance,Risk Analyst,3.81,4,1,2,1,3,1,2,2,3,1,8,0,4,0
Physics,Astronomer,2.01,5,1,0,1,8,1,0,1,0,4,4,0,2,1
Finance,Actuary,3.97,5,2,2,0,9,0,2,0,0,4,7,4,2,1
Education,Curriculum Developer,3.28,7,2,3,0,1,0,4,1,0,4,4,2,3,0
Finance,Credit Analyst,3.91,5,1,2,0,3,1,3,0,0,4,8,3,1,0
Computer Science,Software Developer,3.56,2,0,4,0,4,0,9,1,4,3,0,1,1,0
Medicine,Physician Assistant,3.6936372057124207,1,2,1,1,9,1,4,0,3,3,4,4,2,1
Engineering,Biomedical Engineer,3.1,2,1,4,1,3,0,4,2,10,0,7,0,1,1
Finance,Financial Advisor,2.06,8,0,0,1,7,1,3,2,2,1,10,3,0,1
Computer Science,Cybersecurity Analyst,2.17,4,1,2,1,9,1,8,4,0,1,2,1,2,1
Engineering,Fluid Mechanics Engineer,2.59,1,2,1,1,2,0,3,1,7,3,9,1,1,1
Business,Entrepreneur,3.47,1,0,2,1,2,0,1,9,1,3,2,1,4,0
Music,Conductor,3.23,6,0,0,0,6,0,1,0,4,0,4,1,4,1
Law,Lawyer,3.8,5,2,0,0,8,1,4,7,4,0,2,0,1,1
Finance,Financial Analyst,3.32,4,0,3,0,3,0,4,1,3,2,8,0,2,1
Finance,Accountant,3.12,7,2,2,0,2,1,1,1,1,2,9,1,2,0
Architecture,Architectural Technologist,3.89,6,0,0,1,0,0,3,1,4,0,4,2,3,1
Marketing,Social Media Manager,3.95,0,2,2,0,4,1,4,8,4,1,4,4,2,1
Biology,Geneticist,2.67,8,0,2,1,6,0,0,1,0,4,2,0,3,1
Marketing,Market Research Analyst,2.56,7,1,0,1,4,1,0,7,3,0,2,3,2,0
Finance,Accountant,2.36,2,1,1,0,7,1,4,3,3,1,10,1,1,1
Business,Manager,2.17,8,2,3,1,4,1,4,10,4,4,3,0,2,0
Engineering,Mechanical Engineer,2.35,2,2,2,0,5,1,1,3,7,2,10,1,4,1
Education,Special Education Teacher,2.9,4,0,4,0,6,1,1,1,4,0,2,2,2,0
Marketing,Brand Manager,3.65,6,2,2,0,6,0,3,8,0,3,4,1,1,1
Law,Legal Consultant,3.84,4,2,3,1,6,1,0,10,0,0,3,2,1,1
Engineering,Civil Engineer,2.64,5,2,3,0,7,1,3,3,8,4,9,1,3,0
Marketing,Social Media Manager,2.83,0,2,4,1,9,0,0,7,3,2,4,3,3,1
Engineering,Acoustics Specialist,3.58,1,0,2,1,1,0,1,1,10,4,9,0,3,0
Engineering,Acoustics Specialist,3.82,7,2,2,0,5,1,0,3,9,3,10,3,4,1
Education,Special Education Teacher,3.41,8,1,3,1,9,0,1,2,2,3,3,1,1,1
Architecture,Urban Planner,3.87,4,2,0,1,5,1,4,0,1,3,3,0,3,0
Biology,Biochemist,3.13,3,2,1,1,8,1,2,1,3,4,1,1,1,0
Psychology,School Counselor,3.37,1,2,1,0,5,1,3,2,2,4,4,4,4,0
Music,Music Teacher,3.64,8,1,2,0,5,0,0,2,2,1,4,3,2,0
Education,Special Education Teacher,3.58,6,2,1,1,6,1,0,4,4,4,3,1,1,0
Chemistry,Physical Chemist,3.04,7,2,3,0,1,0,3,2,0,3,3,4,3,0
Medicine,Nurse,3.5757227609676785,4,2,1,0,5,1,0,3,0,1,3,3,2,0
Art,Artist,3.55,2,2,5,0,0,0,1,2,0,4,0,2,2,1
Engineering,Chemical Engineer,2.82,4,0,1,0,6,1,0,1,7,0,7,3,4,0
Music,Music Teacher,3.91,5,2,0,1,0,0,2,2,4,3,1,0,1,1
Marketing,Market Research Analyst,3.53,3,2,3,1,1,1,4,8,2,0,4,0,2,0
Business,Entrepreneur,2.46,4,1,0,1,2,0,3,8,1,3,0,2,2,1
Architecture,Interior Designer,2.86,7,2,2,0,8,1,2,4,4,4,2,2,4,0
Music,Music Teacher,2.84,8,1,1,0,5,1,1,2,2,3,0,4,0,1
Education,Special Education Teacher,3.65,4,1,4,0,1,1,3,1,4,4,3,1,3,1
Architecture,Landscape Architect,3.51,4,1,3,1,7,1,4,2,4,4,4,2,1,1
Law,Legal Consultant,3.33,9,1,0,1,9,1,2,8,0,2,3,3,4,0
Psychology,Art Therapist,2.66,2,0,2,1,7,1,0,3,3,4,3,0,4,0
Law,Legal Analyst,2.55,5,0,3,0,5,0,3,7,0,4,2,2,1,0
Art,Graphic Designer,2.49,0,1,4,0,5,0,1,1,4,4,4,1,2,1
Marketing,Digital Marketing Specialist,3.87,9,0,4,1,2,1,4,8,2,3,0,4,1,0
Finance,Financial Controller,2.46,1,0,2,0,6,1,3,2,1,0,8,1,2,0
Law,Legal Secretary,3.31,2,1,0,1,4,1,3,10,0,0,2,4,0,1
Finance,Risk Analyst,3.37,0,1,2,1,1,1,3,0,3,2,10,2,2,0
Art,Artist,2.26,7,1,3,1,3,0,1,2,2,1,4,3,1,0
Education,Principal,3.28,6,2,0,1,3,1,4,2,4,3,4,2,2,0
Psychology,Art Therapist,2.58,5,1,0,0,6,1,1,0,3,0,4,4,1,0
Law,Legal Secretary,2.13,5,1,3,1,7,1,3,7,0,0,4,3,3,0
Psychology,Psychologist,3.92,8,2,2,1,1,0,1,1,4,4,3,4,0,1
Psychology,Art Therapist,3.0,2,2,0,1,8,1,4,3,3,4,3,1,1,1
Marketing,Market Research Analyst,2.33,6,1,0,1,4,1,2,8,1,4,2,0,1,0
Music,Composer,4.0,5,2,3,1,1,1,2,4,0,3,2,4,3,0
Physics,Astronomer,3.08,3,1,4,1,5,0,2,4,1,1,0,0,4,1
Physics,Physicist,2.29,5,0,0,0,4,0,1,4,0,2,3,4,1,1
Education,Special Education Teacher,3.07,8,1,4,0,5,0,4,1,3,0,2,2,4,1
Finance,Credit Analyst,2.71,3,2,1,0,5,0,3,2,1,0,7,1,1,1
Law,Lawyer,2.84,0,0,4,1,0,1,1,9,3,3,4,0,4,0
Biology,Ecologist,3.61,3,0,0,1,3,0,4,3,0,0,3,4,1,0
Marketing,Advertising Manager,2.56,4,2,4,0,3,1,0,9,4,3,0,4,3,0
Music,Music Teacher,2.1,8,0,1,0,4,0,3,4,1,1,0,2,3,0
Biology,Zoologist,2.4,6,2,1,0,8,1,4,1,1,0,1,3,1,0
Law,Legal Analyst,3.7,1,2,1,0,5,0,4,10,1,4,2,2,0,1
Psychology,Music Therapist,3.44,9,1,0,0,3,1,0,2,2,3,0,4,0,0
Business,Entrepreneur,3.33,1,1,1,1,3,1,4,9,3,0,1,4,3,0
Computer Science,Data Scientist,3.16,2,0,3,1,6,1,8,2,3,4,1,3,4,0
Law,Paralegal,2.12,9,0,3,0,2,0,1,8,1,1,0,2,3,0
Education,Curriculum Developer,2.47,2,0,0,1,5,0,0,0,2,1,2,2,1,0
Medicine,Doctor,3.721288672966408,0,2,2,0,4,1,0,4,1,3,1,0,3,0
Biology,Geneticist,2.18,6,0,0,1,8,0,3,4,1,0,4,4,0,1
Business,Human Resources Specialist,2.85,9,1,2,1,1,1,2,8,2,4,0,1,1,1
Music,Composer,3.3,8,1,3,0,0,1,4,4,4,3,1,3,4,0
Computer Science,Data Scientist,3.35,1,2,0,1,0,0,8,2,0,4,2,3,2,0
Engineering,Chemical Engineer,3.35,2,1,1,1,1,0,0,0,8,1,7,3,2,0
Medicine,Dentist,3.5340545123617613,3,0,4,1,4,0,3,2,0,0,1,3,2,1
Chemistry,Organic Chemist,2.05,7,1,4,0,4,1,1,3,0,2,1,1,3,0
Computer Science,Web Developer,2.31,8,1,0,0,0,0,9,0,2,3,4,4,3,1
Art,Graphic Designer,2.06,9,2,3,1,7,0,2,0,3,3,2,4,2,0
Engineering,Biomedical Engineer,3.22,8,2,2,0,4,0,1,1,7,2,7,1,3,1
Chemistry,Analytical Chemist,2.33,7,0,0,1,1,1,2,2,1,1,0,0,4,0
Law,Legal Secretary,3.07,0,1,1,0,2,1,4,9,3,2,1,2,3,0
Education,Special Education Teacher,2.67,5,0,0,0,2,1,2,0,0,3,3,0,2,0
Marketing,Market Research Analyst,2.88,6,0,2,1,7,0,2,9,4,3,3,4,0,0
Chemistry,Chemist,3.18,3,2,0,0,4,0,3,0,3,1,1,1,0,1
Psychology,School Counselor,2.63,3,2,1,1,9,0,2,2,4,2,4,3,4,1
Finance,Financial Analyst,3.36,0,2,4,1,9,1,1,1,0,4,7,3,2,1
Education,Curriculum Developer,3.67,8,0,3,1,2,1,4,0,3,0,1,4,4,0
Law,Legal Analyst,3.86,4,1,4,1,0,1,1,8,0,1,3,1,1,0
Marketing,Advertising Manager,2.76,5,1,3,0,4,0,2,10,2,1,0,3,4,1
Business,Human Resources Specialist,2.62,5,1,4,1,4,1,2,8,4,0,0,2,4,0
Computer Science,Data Scientist,3.31,7,2,2,0,1,0,9,1,4,4,1,2,1,0
Education,Principal,2.37,9,2,2,1,7,1,4,4,2,3,0,1,3,1
Finance,Credit Analyst,3.45,9,1,4,1,3,0,2,0,4,2,9,1,3,0
Biology,Biotechnologist,3.54,2,1,2,0,6,1,1,3,1,3,3,0,3,1
Psychology,School Psychologist,2.41,4,1,0,0,0,0,1,0,2,4,2,2,3,1
Art,Artist,3.75,4,0,4,0,7,0,4,0,4,0,3,3,1,0
Engineering,Chemical Engineer,2.87,2,0,2,0,1,1,2,1,9,3,7,3,0,0
Computer Science,Data Scientist,2.39,6,0,4,1,6,0,8,2,2,0,1,4,3,1
Art,Illustrator,2.81,5,1,5,1,4,1,4,2,3,4,2,0,4,0
Medicine,Physician Assistant,3.7558537235573506,5,0,4,1,7,1,3,3,2,4,3,4,0,1
Art,Artist,3.99,1,1,5,1,6,1,0,0,4,2,4,0,3,0
Physics,Quantum Physicist,3.85,9,1,1,0,3,0,3,3,1,4,0,4,3,1
Art,Graphic Designer,3.05,3,2,5,0,1,1,4,3,1,2,2,2,1,0
Finance,Actuary,2.22,7,2,4,1,5,1,3,3,2,3,9,4,0,0
Psychology,Art Therapist,2.45,4,0,0,0,9,1,4,0,3,3,3,4,3,0
Biology,Geneticist,3.88,1,1,4,1,6,0,1,1,3,2,3,1,0,0
Physics,Physicist,2.95,5,2,0,0,6,1,3,3,4,2,0,0,0,0
Chemistry,Physical Chemist,2.04,2,0,2,0,6,1,4,3,2,2,2,4,1,0
Education,Education Administrator,2.28,6,2,4,1,9,0,2,3,0,0,4,3,1,1
Physics,Quantum Physicist,3.06,9,1,3,0,3,0,2,2,3,4,4,3,1,0
Art,Art Director,2.32,0,2,4,0,5,0,2,2,3,3,1,2,1,0
Architecture,Architectural Technologist,3.16,4,0,3,0,2,0,0,2,3,0,3,0,2,1
Chemistry,Physical Chemist,2.74,5,0,1,1,5,1,3,4,1,0,2,2,1,1
Marketing,Marketing Manager,3.57,1,2,0,0,7,0,3,9,3,0,3,3,0,1
Law,Legal Secretary,2.67,7,1,2,1,8,1,4,8,0,2,2,3,4,0
Education,Teacher,3.0,6,0,3,1,8,1,4,1,1,3,0,3,4,0
Psychology,Music Therapist,2.93,0,0,4,1,7,0,3,4,4,4,1,2,3,1
Chemistry,Chemist,3.74,7,2,4,1,0,0,4,0,0,2,3,2,2,0
Finance,Financial Controller,2.32,5,0,0,1,1,1,1,0,2,4,10,2,2,1
Marketing,Marketing Manager,3.74,1,0,3,1,7,0,0,8,1,1,1,4,1,0
Marketing,Brand Manager,2.08,1,2,1,1,1,0,3,10,2,0,2,2,2,1
Finance,Financial Advisor,2.44,1,1,1,0,0,0,4,1,2,1,10,4,3,1
Biology,Biologist,2.43,2,1,0,1,7,0,1,1,3,1,2,2,4,1
Psychology,School Counselor,3.91,4,0,3,1,5,1,2,3,3,0,3,0,2,1
Biology,Microbiologist,2.76,1,0,0,0,2,0,2,0,3,1,2,0,2,0
Finance,Actuary,3.18,5,0,4,1,9,0,1,4,3,1,7,1,2,1
Engineering,Civil Engineer,3.36,0,1,4,1,9,1,1,3,8,3,10,4,4,1
Computer Science,AI Researcher,3.82,2,1,1,0,7,1,10,0,1,2,1,0,1,1
Medicine,Physician Assistant,3.6229237212467003,7,1,3,1,6,1,3,1,2,0,2,1,0,1
Engineering,Civil Engineer,2.07,7,2,0,0,1,1,4,1,9,0,9,4,3,1
Psychology,Music Therapist,3.4,5,0,0,0,8,0,2,0,4,3,3,1,4,1
Psychology,Art Therapist,2.8,5,2,0,0,3,0,3,1,0,3,1,3,0,1
Biology,Geneticist,2.79,3,1,2,1,9,0,3,4,1,4,0,1,4,0
Marketing,Marketing Manager,3.85,8,0,3,1,2,0,0,8,2,4,0,0,1,0
Marketing,Marketing Specialist,2.78,5,2,2,1,3,1,4,7,2,1,2,2,0,0
Education,Education Administrator,3.56,1,0,1,0,0,0,1,4,3,1,1,0,3,1
Physics,Astronomer,3.53,5,1,2,0,4,1,4,2,1,4,1,1,2,1
Medicine,Pharmacist,3.538379030944369,5,1,1,1,7,0,1,4,0,1,0,3,2,0
Physics,Quantum Physicist,3.49,2,0,3,1,4,0,1,1,3,0,0,4,0,1
Chemistry,Chemist,3.3,9,2,1,0,9,0,1,1,1,4,4,1,0,1
Business,Construction Manager,2.29,2,2,1,1,0,1,2,9,0,4,0,4,4,1
Computer Science,Data Scientist,3.99,6,0,2,1,3,0,10,3,3,2,0,1,3,0
Law,Lawyer,3.55,0,2,1,1,4,0,2,10,2,0,0,1,0,0
Medicine,Pharmacist,3.7898095486140684,0,0,2,0,3,0,0,3,4,1,2,1,2,1
Music,Musician,3.58,10,2,0,1,4,1,0,3,2,3,0,1,1,1
Law,Lawyer,3.69,1,0,0,1,3,1,0,8,2,4,0,3,3,1
Architecture,Interior Designer,3.87,8,1,0,0,5,1,1,3,1,1,0,4,4,1
Education,Principal,3.22,6,2,2,1,3,1,4,2,1,4,1,4,4,0
Marketing,Marketing Specialist,3.92,5,2,3,1,5,0,4,10,3,1,3,1,3,0
Music,Sound Engineer,3.32,9,0,3,1,0,0,2,1,4,4,0,4,2,0
Computer Science,Game Developer,3.18,9,2,0,1,0,1,7,1,4,0,4,2,0,0
Psychology,Clinical Psychologist,3.16,2,1,4,0,5,0,1,1,4,1,4,4,4,0
Computer Science,AI Researcher,2.58,9,1,3,1,8,1,8,0,3,0,2,1,2,0
Music,Music Teacher,2.46,6,2,3,0,8,1,3,0,2,2,4,0,0,0
Finance,Financial Analyst,3.69,7,1,4,1,6,0,0,4,4,3,9,2,1,0
Chemistry,Physical Chemist,3.77,5,1,0,0,3,0,4,3,1,0,0,2,0,1
Music,Music Teacher,2.96,8,1,0,1,1,1,2,0,2,1,3,2,0,0
Marketing,Digital Marketing Specialist,2.38,2,0,1,1,7,1,4,7,4,2,2,4,0,1
Biology,Microbiologist,2.57,1,1,4,0,4,0,3,2,1,0,2,2,0,0
Chemistry,Chemist,3.88,7,1,0,1,5,1,3,3,2,2,0,1,3,0
Music,Composer,3.36,7,2,3,1,7,1,0,3,4,2,2,3,4,0
Architecture,Interior Designer,3.29,2,1,4,1,1,0,4,1,2,4,0,2,4,1
Marketing,Digital Marketing Specialist,3.19,0,2,3,0,8,1,4,7,1,1,1,0,2,1
Marketing,Social Media Manager,2.98,1,1,3,1,8,0,4,8,0,2,1,0,3,0
Business,Entrepreneur,3.59,6,0,1,0,0,1,4,8,1,2,4,1,0,1
Education,Curriculum Developer,2.28,0,2,0,1,1,1,1,2,1,3,0,2,4,1
Physics,Quantum Physicist,3.82,0,2,4,0,9,0,3,2,2,1,2,4,0,0
Medicine,Surgeon,3.8153587222459646,7,0,4,1,9,0,1,1,0,4,2,4,3,1
Law,Judge,2.22,1,2,4,1,8,1,4,9,2,4,4,0,4,0
Education,Education Administrator,2.3,0,2,2,1,1,1,0,0,3,1,4,1,1,0
Physics,Astronomer,3.11,5,1,2,0,5,1,0,0,3,1,1,1,2,1
Education,Special Education Teacher,2.7,4,1,0,1,8,1,0,1,0,1,2,0,4,1
Engineering,Biomedical Engineer,3.4,3,2,1,1,2,0,3,1,10,1,10,2,3,0
Physics,Quantum Physicist,2.97,7,1,0,1,4,1,0,3,0,0,1,3,4,0
Business,Human Resources Specialist,2.31,7,2,4,1,6,1,2,7,1,3,4,1,0,0
Education,Education Administrator,3.34,9,1,3,1,4,0,0,4,2,2,3,1,4,1
Education,Special Education Teacher,3.49,1,1,2,0,4,0,4,0,3,4,1,3,0,0
Physics,Nuclear Physicist,2.29,2,2,1,1,1,1,2,1,4,1,2,1,3,0
Education,Special Education Teacher,2.98,9,2,3,0,9,1,0,0,2,1,0,2,0,0
Art,Animator,3.74,1,1,4,1,7,0,0,3,1,1,3,0,4,0
Engineering,Civil Engineer,3.99,5,2,4,1,0,1,0,2,8,4,7,4,1,0
Marketing,Brand Manager,3.01,7,1,4,1,9,0,2,8,4,3,2,2,1,0
Biology,Zoologist,2.78,9,2,0,0,0,0,3,1,3,0,4,0,2,0
Business,Human Resources Specialist,3.38,5,2,4,0,8,0,1,10,1,2,3,0,1,0
Music,Sound Engineer,2.43,10,0,2,1,0,1,1,2,4,2,3,4,0,0
Education,Special Education Teacher,3.71,2,2,1,0,6,0,1,0,2,2,2,4,1,1
Architecture,Landscape Architect,2.21,8,2,3,0,8,1,4,0,0,4,3,4,4,0
Art,Artist,2.02,4,2,3,1,1,0,3,0,0,3,2,1,2,0
Chemistry,Inorganic Chemist,2.23,7,2,3,0,4,0,4,4,1,0,0,3,3,1
Art,Animator,2.55,0,0,4,1,8,0,0,1,4,1,2,0,1,0
Chemistry,Physical Chemist,2.62,7,2,3,0,7,1,4,1,0,1,0,4,0,0
Music,Conductor,2.26,5,2,1,1,4,1,3,3,4,3,2,2,1,0
Business,Manager,2.63,9,1,2,1,0,0,0,8,3,3,3,1,3,0
Chemistry,Analytical Chemist,3.18,1,1,2,0,5,1,1,3,2,0,4,4,4,0
Architecture,Interior Designer,2.76,7,2,0,0,9,1,1,4,2,1,4,4,4,1
Chemistry,Analytical Chemist,2.08,7,0,2,0,2,0,2,0,2,0,2,2,3,0
Medicine,Physician Assistant,3.969332406646686,5,1,1,1,4,1,3,3,2,0,4,3,4,0
Chemistry,Organic Chemist,3.75,7,1,4,0,9,0,4,0,2,4,1,2,4,0
Chemistry,Chemist,3.86,1,2,0,0,9,1,0,2,2,3,2,0,2,1
Education,Curriculum Developer,3.39,8,1,3,0,1,1,4,0,2,1,0,0,1,1
Chemistry,Chemist,3.26,2,0,2,1,2,1,3,1,2,4,2,2,3,1
Art,Artist,3.71,7,1,3,1,2,0,1,3,1,4,4,0,2,0
Business,Construction Manager,3.34,7,1,2,1,4,0,4,8,1,3,3,1,0,0
Finance,Risk Analyst,2.31,0,2,3,1,4,1,3,4,4,3,9,1,4,0
Physics,Nuclear Physicist,3.09,7,0,3,0,9,1,1,3,1,0,0,0,0,1
Physics,Quantum Physicist,3.42,7,2,1,0,7,0,4,3,2,2,1,1,3,0
Biology,Geneticist,2.83,8,0,1,0,7,1,4,2,0,2,3,0,2,0
Computer Science,Cybersecurity Analyst,2.97,3,2,2,1,8,1,9,3,3,1,2,2,2,1
Physics,Astronomer,3.37,3,2,2,0,3,0,1,4,0,3,1,4,4,1
Business,Construction Manager,2.31,6,2,1,1,6,1,2,10,0,3,2,4,1,0
Architecture,Interior Designer,2.11,9,0,1,1,8,1,1,2,1,3,1,4,1,1
Architecture,Interior Designer,2.76,8,1,3,0,2,1,1,2,1,1,2,4,2,1
Chemistry,Chemist,3.54,3,1,3,0,0,0,3,4,3,1,4,4,1,0
Psychology,Art Therapist,3.24,3,2,2,1,6,0,3,1,1,2,1,1,1,1
Business,Manager,2.41,8,1,0,1,4,0,0,7,0,0,3,3,0,1
Computer Science,Game Developer,2.55,4,1,1,1,2,0,8,3,4,0,1,2,2,1
Computer Science,Game Developer,2.86,5,2,0,1,8,0,7,3,4,4,4,4,2,0
Psychology,Psychologist,2.42,0,2,4,0,8,0,0,1,3,2,0,2,2,1
Finance,Credit Analyst,2.87,2,1,4,0,5,1,4,2,1,0,10,0,4,1
Finance,Financial Controller,3.0,7,2,1,1,3,0,4,3,0,4,8,4,0,1
Finance,Financial Controller,2.91,8,1,4,1,1,0,0,0,3,2,10,0,4,0
Education,Teacher,2.21,1,2,4,1,4,1,2,4,1,0,1,0,1,1
Music,Musician,2.69,5,2,3,0,8,0,4,1,2,1,2,1,2,1
Chemistry,Organic Chemist,2.56,0,2,2,0,1,1,3,3,4,2,3,0,2,0
Architecture,Architect,3.41,2,1,1,1,3,0,1,3,3,3,3,0,2,0
Physics,Astronomer,3.87,4,2,4,1,2,1,0,2,3,1,3,1,3,1
Finance,Financial Analyst,3.64,2,0,0,1,9,1,0,2,0,0,7,4,1,0
Chemistry,Analytical Chemist,3.03,5,0,0,1,8,1,0,4,1,2,4,4,4,0
Business,Manager,3.57,7,0,3,1,7,0,1,7,4,0,3,3,2,1
Finance,Financial Advisor,3.19,1,0,1,0,0,1,4,4,3,4,8,1,4,1
Biology,Biotechnologist,2.01,0,0,0,1,9,1,3,3,4,2,2,2,2,0
Business,Human Resources Specialist,3.07,7,1,0,1,2,0,0,8,4,0,2,3,4,0
Chemistry,Organic Chemist,2.54,3,0,0,1,9,1,2,4,0,0,1,3,0,1
Art,Artist,3.92,5,1,5,0,1,0,4,3,4,1,1,3,0,0
Education,Curriculum Developer,2.34,2,1,3,1,9,1,4,2,3,0,4,1,3,1
Chemistry,Analytical Chemist,2.99,8,0,3,1,6,1,4,2,4,3,3,1,0,0
Chemistry,Chemist,3.77,8,0,0,1,0,1,2,0,2,4,3,1,4,0
Architecture,Interior Designer,3.87,5,0,2,1,1,0,3,3,2,3,4,3,1,0
Art,Graphic Designer,2.19,1,1,3,0,0,0,2,4,3,3,1,2,0,0
Chemistry,Inorganic Chemist,2.85,0,2,4,1,9,1,1,0,3,1,0,3,1,0
Physics,Physicist,3.57,2,2,4,0,9,0,2,0,2,2,0,0,4,0
Physics,Quantum Physicist,2.66,9,0,3,1,6,1,4,4,1,1,4,0,4,1
Art,Animator,3.93,8,1,5,1,6,1,4,4,3,3,3,3,1,1
Medicine,Physician Assistant,3.8210432536761996,8,0,3,0,1,1,0,1,1,0,1,4,0,0
Physics,Physicist,2.61,2,1,0,0,9,1,2,1,4,3,3,3,1,0
Biology,Biotechnologist,2.66,8,2,4,0,8,0,4,2,1,0,1,3,0,0
Law,Lawyer,3.59,0,0,2,0,4,1,0,10,2,4,4,1,2,1
Chemistry,Analytical Chemist,3.63,1,0,3,1,3,1,1,3,1,3,1,1,1,0
Medicine,Doctor,3.9453292277309213,5,2,4,1,0,1,0,3,3,4,0,2,2,0
Education,Principal,2.93,3,0,1,0,8,0,2,0,0,4,0,4,2,0
Medicine,Dentist,3.9050805449798514,7,0,1,1,1,0,3,0,3,3,0,0,4,0
Marketing,Brand Manager,3.36,1,1,4,1,0,1,1,7,0,1,1,4,1,0
Music,Composer,2.57,5,0,0,0,6,1,1,3,4,2,2,2,3,0
Art,Art Director,2.56,6,2,4,1,1,1,1,1,1,1,3,1,3,0
Music,Composer,3.32,5,0,2,0,8,0,1,3,4,0,3,1,0,0
Psychology,Counselor,2.77,3,2,4,1,8,0,1,3,2,4,2,0,2,0
Law,Paralegal,3.96,0,1,4,0,3,0,1,10,2,1,0,0,0,0
Medicine,Doctor,3.6532077246755184,8,1,2,0,2,1,1,2,1,4,0,1,4,1
Business,Manager,3.98,5,1,0,0,3,0,4,7,0,0,0,2,0,0
Architecture,Architectural Technologist,3.74,2,1,2,1,3,0,2,4,0,0,1,0,3,0
Music,Music Teacher,3.44,10,1,4,0,1,1,4,4,3,0,3,1,4,1
Business,Construction Manager,2.44,0,2,0,0,8,0,2,7,4,4,0,2,0,1
Education,Education Administrator,2.42,3,0,1,1,4,0,4,1,0,3,4,1,2,0
Medicine,Doctor,3.8863354940640833,0,0,1,0,4,1,4,1,0,3,1,4,4,0
Medicine,Surgeon,3.6069973393491566,6,0,0,0,1,0,4,1,3,0,0,3,1,1
Computer Science,Web Developer,3.82,2,0,0,1,5,1,10,0,4,3,3,2,4,1
Engineering,Chemical Engineer,3.07,2,2,3,1,0,1,2,0,7,0,7,3,1,1
Law,Paralegal,2.82,1,1,0,1,9,0,1,9,4,4,1,1,3,1
Music,Conductor,2.87,9,0,1,1,7,1,1,0,1,4,1,0,0,0
Music,Conductor,2.81,6,1,1,1,9,1,2,4,3,4,3,3,4,0
Law,Paralegal,2.47,5,2,1,1,0,0,0,7,4,4,0,2,2,0
Marketing,Digital Marketing Specialist,2.2,5,1,3,0,5,0,1,9,2,2,0,2,4,0
Law,Lawyer,3.41,0,0,4,0,3,0,1,10,3,3,3,1,2,0
Engineering,Acoustics Specialist,2.29,6,0,1,0,9,1,4,0,7,4,9,0,4,0
Music,Musician,3.46,6,0,1,0,4,1,1,4,1,3,1,4,1,1
Education,Principal,3.73,9,2,2,1,8,1,3,4,1,4,1,4,0,0
Art,Animator,2.77,4,1,3,1,8,1,4,2,3,1,0,0,1,0
Chemistry,Inorganic Chemist,3.12,6,0,3,0,7,0,1,0,0,4,1,4,2,1
Architecture,Urban Planner,3.31,8,1,1,1,8,0,2,2,3,2,4,4,2,1
Psychology,School Counselor,2.26,3,0,4,0,7,0,4,0,1,3,4,4,0,1
Architecture,Interior Designer,2.92,4,1,2,0,3,1,3,2,0,0,0,4,3,0
Business,Construction Manager,2.15,4,0,1,0,6,1,0,9,1,0,2,0,4,1
Psychology,School Counselor,3.56,2,1,2,0,6,1,2,0,0,3,3,4,1,0
Marketing,Marketing Specialist,2.55,6,0,2,0,1,1,1,7,4,1,0,4,3,1
Engineering,Electrical Engineer,2.23,1,2,4,0,3,0,3,2,7,2,9,2,0,0
Marketing,Advertising Manager,2.13,7,2,3,1,4,1,1,8,4,3,3,4,1,0
Education,Curriculum Developer,2.93,8,1,4,0,6,1,1,4,0,1,2,3,0,1
Music,Musician,2.37,9,1,2,0,7,0,0,4,3,2,2,4,1,1
Law,Paralegal,3.81,2,0,4,1,9,0,3,7,2,2,0,3,1,0
Finance,Financial Analyst,3.62,4,0,2,1,5,1,0,4,4,4,10,4,4,1
Music,Conductor,2.62,8,0,2,1,0,0,4,4,2,4,2,0,1,1
Finance,Credit Analyst,2.41,3,2,3,1,4,0,1,0,3,4,8,1,4,1
Law,Legal Secretary,3.49,1,2,4,0,7,0,4,10,4,3,2,3,0,0
Music,Musician,3.17,9,0,0,1,8,1,1,0,4,1,1,1,2,1
Business,Human Resources Specialist,3.19,1,1,3,0,3,1,0,7,3,0,2,0,2,0
Marketing,Marketing Specialist,3.6,3,0,2,0,4,0,1,8,4,4,3,2,3,1
Law,Judge,2.38,0,0,1,1,8,0,0,7,1,0,1,3,0,1
Marketing,Digital Marketing Specialist,2.26,6,1,0,0,3,0,3,9,2,1,2,4,0,1
Medicine,Surgeon,3.5759430861683152,9,2,2,0,4,1,3,1,1,0,2,0,4,0
Engineering,Chemical Engineer,3.6,8,2,3,0,6,1,3,4,9,0,10,2,0,0
Biology,Biologist,2.04,9,0,1,0,5,1,4,0,1,1,4,3,2,0
Law,Legal Analyst,2.99,7,1,4,0,3,0,1,8,3,0,2,2,2,0
Law,Lawyer,2.14,3,2,3,1,4,1,3,7,0,2,2,1,1,0
Biology,Microbiologist,2.5,6,2,4,1,8,0,0,4,2,0,1,3,1,0
Art,Illustrator,2.19,0,1,4,1,0,1,0,2,4,3,3,1,4,0
Finance,Credit Analyst,3.28,8,2,1,0,4,0,3,0,1,0,8,3,1,1
Medicine,Nurse,3.6560948682845646,3,1,3,1,6,1,4,1,1,1,1,3,1,0
Biology,Microbiologist,3.82,8,0,3,0,9,0,4,1,1,4,4,4,1,1
Chemistry,Analytical Chemist,3.18,8,2,2,1,3,1,1,2,2,1,1,3,2,1
Education,Special Education Teacher,2.53,0,1,4,0,8,0,0,4,1,4,2,2,4,1
Education,Curriculum Developer,3.9,1,2,1,1,4,0,4,0,3,4,4,4,1,0
Finance,Investment Banker,3.64,9,0,1,1,2,1,1,1,2,4,8,2,1,0
Biology,Geneticist,3.98,2,1,3,1,8,0,4,3,0,4,2,1,4,0
Medicine,Pharmacist,3.6345807854958148,4,2,3,0,9,0,4,1,1,1,1,3,4,1
Biology,Zoologist,3.74,9,0,4,0,3,0,1,2,3,4,3,3,1,0
Business,Entrepreneur,3.96,6,0,3,1,9,0,2,10,0,3,0,1,1,0
Music,Conductor,3.81,8,0,3,0,0,0,1,1,4,1,2,0,1,0
Computer Science,Software Developer,2.98,0,1,2,0,5,1,10,3,0,1,0,3,2,1
Engineering,Biomedical Engineer,3.96,0,1,0,1,1,1,0,0,9,1,9,2,4,1
Business,Entrepreneur,2.95,5,1,3,0,8,1,3,7,1,3,1,1,0,0
Medicine,Nurse,3.9781459407566806,8,1,2,1,3,0,0,4,0,4,3,3,4,0
Marketing,Digital Marketing Specialist,3.06,9,0,1,1,7,1,2,8,3,2,0,2,1,1
Education,Education Administrator,3.73,6,0,2,1,2,1,4,2,0,4,0,4,0,1
Finance,Accountant,3.17,5,2,2,1,6,0,0,3,2,0,7,3,2,1
Education,Education Administrator,2.97,6,0,4,1,8,0,1,0,3,3,3,0,1,0
Art,Graphic Designer,3.83,7,0,5,0,9,0,4,3,1,3,3,4,1,1
Architecture,Urban Planner,3.7,0,0,2,0,9,1,1,2,1,0,4,0,4,0
Music,Conductor,2.16,9,0,2,0,3,0,0,4,2,4,1,2,4,0
Engineering,Acoustics Specialist,2.61,4,1,1,0,3,1,4,3,9,0,9,1,1,1
Finance,Financial Analyst,3.32,8,1,0,0,2,0,2,0,0,2,8,1,0,1
Chemistry,Inorganic Chemist,3.19,0,1,1,0,0,0,4,0,1,2,1,0,3,1
Psychology,School Counselor,3.04,2,0,2,1,0,1,0,1,3,4,1,4,4,0
Marketing,Marketing Specialist,3.75,0,0,4,1,4,1,0,10,3,2,4,4,3,1
Education,Principal,2.34,8,2,3,1,5,0,1,2,2,3,2,4,0,0
Chemistry,Physical Chemist,2.62,7,1,0,0,2,0,2,2,1,1,1,0,3,0
Marketing,Marketing Specialist,2.09,1,2,3,0,7,1,0,7,4,0,0,1,3,0
Education,Teacher,2.5,7,2,4,1,1,0,3,4,0,2,2,4,1,0
Marketing,Marketing Specialist,3.35,3,1,0,0,4,0,2,10,0,2,1,0,2,0
Engineering,Electrical Engineer,2.53,8,1,2,0,2,0,4,3,9,1,8,1,3,0
Education,Education Administrator,3.51,4,1,3,1,1,1,0,3,3,3,4,4,2,1
Biology,Ecologist,3.76,8,1,1,1,9,1,1,2,1,1,3,4,4,1
Finance,Financial Analyst,3.85,9,1,1,1,4,0,4,0,4,0,10,4,3,1
Computer Science,Data Scientist,3.77,4,0,2,0,1,0,9,4,4,3,1,0,4,0
Education,Curriculum Developer,2.89,6,1,4,0,9,1,1,0,1,4,0,2,4,0
Medicine,Physician Assistant,3.7227047605528933,7,1,2,1,6,1,0,3,0,3,3,3,0,1
Finance,Risk Analyst,3.23,9,2,4,0,6,1,0,4,3,3,7,1,1,1
Computer Science,AI Researcher,2.23,3,0,4,1,1,0,10,3,4,0,0,3,0,0
Architecture,Interior Designer,3.32,6,0,3,1,8,1,2,3,2,3,4,1,3,1
Marketing,Brand Manager,3.41,9,0,3,1,1,0,3,10,4,1,3,2,3,1
Art,Artist,3.26,8,1,5,1,9,0,1,2,1,3,1,2,0,0
Finance,Accountant,2.52,3,0,3,0,3,0,0,0,3,4,7,1,3,0
Architecture,Architect,3.36,9,2,4,1,7,1,0,3,1,2,4,2,4,0
Biology,Biotechnologist,2.72,5,1,0,0,5,1,2,0,3,0,3,1,0,0
Business,Human Resources Specialist,3.24,1,0,4,0,4,1,3,10,1,2,4,1,3,0
Marketing,Marketing Specialist,3.83,1,1,3,1,7,1,0,10,3,0,0,2,4,0
Music,Composer,3.76,7,0,0,0,1,0,2,3,1,0,2,3,3,1
Finance,Investment Banker,2.45,6,2,2,1,2,0,2,1,0,1,8,2,3,1
Physics,Physicist,3.05,4,0,3,1,3,0,0,2,2,1,1,3,2,1
Education,Education Administrator,2.01,8,2,2,0,1,0,2,1,2,3,2,0,4,0
Medicine,Surgeon,3.737737857616367,7,1,4,0,4,1,3,2,4,0,2,4,1,0
Biology,Ecologist,3.8,4,1,4,0,3,0,3,3,1,2,3,4,3,0
Psychology,Forensic Psychologist,2.9,3,0,2,1,2,1,2,1,2,4,3,4,4,0
Education,Special Education Teacher,3.74,4,1,3,0,0,1,2,1,1,1,1,0,0,0
Music,Conductor,2.97,7,0,2,0,3,1,3,2,3,4,4,3,0,1
Psychology,Art Therapist,3.37,2,2,0,1,2,1,1,0,1,4,1,0,4,0
Law,Lawyer,3.92,3,1,0,0,3,0,4,8,1,3,1,3,2,0
Art,Illustrator,2.98,3,0,3,0,4,1,3,2,2,4,3,0,1,1
Physics,Physicist,2.72,1,2,0,1,3,0,0,3,1,3,4,0,1,1
Music,Composer,3.29,5,0,1,1,5,0,2,0,2,4,2,2,0,1
Engineering,Electrical Engineer,3.33,5,2,2,0,5,1,1,4,7,2,10,3,2,0
Computer Science,Data Scientist,3.16,6,1,3,1,6,0,10,2,4,1,4,0,4,1
Education,Education Administrator,2.04,5,2,0,0,3,1,4,4,1,0,1,2,2,1
Law,Paralegal,2.86,2,1,3,0,4,0,2,8,0,4,0,0,3,0
Business,Human Resources Specialist,3.95,2,1,1,1,7,1,4,10,3,2,0,3,0,0
Education,Curriculum Developer,3.36,8,2,4,0,0,0,4,2,4,0,2,3,0,0
Physics,Physicist,2.1,5,1,4,1,9,0,1,0,2,3,4,0,4,0
Medicine,Surgeon,3.652120931913598,7,2,0,0,1,0,4,4,3,1,0,4,3,0
Education,Special Education Teacher,2.64,4,2,0,1,6,1,2,3,1,1,4,0,4,1
Medicine,Doctor,3.7038890172030814,7,0,2,0,2,1,4,1,2,3,3,3,3,0
Computer Science,AI Researcher,3.02,5,1,3,0,8,1,8,1,2,2,0,3,1,0
Medicine,Physician Assistant,3.6748980309037957,6,2,4,0,4,1,3,1,1,1,2,2,0,0
Biology,Microbiologist,2.27,3,2,1,0,6,0,3,3,1,4,3,2,1,0
Finance,Actuary,2.8,9,2,1,0,6,1,3,4,0,3,9,3,0,0
Computer Science,Data Scientist,2.41,0,1,1,1,2,1,8,0,2,1,0,0,3,0
Education,Curriculum Developer,2.04,4,2,0,0,9,1,1,1,1,0,4,2,3,0
Art,Art Director,2.92,9,1,4,0,6,0,3,2,1,1,1,3,0,1
Chemistry,Physical Chemist,3.53,9,1,3,0,3,1,4,3,4,1,0,2,4,1
Marketing,Marketing Specialist,3.34,7,2,4,1,0,1,3,10,4,4,0,0,1,1
Chemistry,Chemist,3.51,0,2,3,1,7,0,3,3,0,0,3,0,0,0
Engineering,Acoustics Specialist,2.25,5,0,0,1,3,0,3,4,8,3,7,3,3,1
Psychology,School Counselor,3.34,8,0,3,0,7,0,1,4,3,4,2,3,0,0
Medicine,Dentist,3.760271918652429,5,2,4,1,4,0,1,4,3,2,3,4,3,0
Finance,Financial Advisor,2.64,6,1,4,0,8,0,1,3,3,3,9,2,0,1
Medicine,Dentist,3.5166339855846793,8,1,2,0,3,1,4,3,2,4,3,2,1,0
Biology,Biotechnologist,3.22,7,1,4,1,4,1,2,1,2,3,2,4,1,1
Chemistry,Chemist,3.58,4,0,2,0,8,0,2,3,3,0,2,3,3,0
Biology,Ecologist,2.55,8,0,3,1,9,1,2,2,1,3,1,4,4,0
Engineering,Aerospace Engineer,3.7,4,0,4,1,3,0,3,0,9,0,10,4,3,1
Engineering,Aerospace Engineer,3.19,3,2,4,0,0,1,3,4,7,0,8,2,1,1
Business,Manager,3.63,3,2,4,0,2,0,2,8,4,1,0,1,1,1
Law,Lawyer,2.31,9,2,1,0,7,1,4,10,0,4,2,3,2,1
Marketing,Marketing Specialist,3.7,1,0,1,1,0,1,3,7,0,4,2,0,4,1
Finance,Actuary,2.82,5,1,4,1,0,1,4,4,2,1,7,0,0,1
Medicine,Dentist,3.8925319605232156,7,2,2,1,0,0,2,2,1,0,3,4,4,1
Biology,Geneticist,3.96,6,1,3,0,1,1,1,1,0,0,0,3,0,1
Law,Legal Analyst,3.86,6,0,3,1,5,0,0,10,4,2,3,0,3,0
Biology,Microbiologist,3.95,6,2,3,1,8,1,4,0,3,1,3,3,4,0
Business,Entrepreneur,2.08,5,1,2,1,7,1,3,10,2,1,3,2,1,1
Chemistry,Chemist,3.31,3,1,2,1,9,1,0,1,4,4,1,1,0,0
Marketing,Brand Manager,3.25,5,2,3,0,6,0,4,7,2,0,0,4,0,0
Biology,Microbiologist,2.44,3,2,3,0,8,0,1,3,0,2,4,2,2,0
Music,Music Teacher,2.16,8,0,0,0,9,0,0,1,4,2,0,1,4,0
Law,Legal Analyst,2.18,2,0,1,1,1,0,0,9,1,1,0,0,3,1
Business,Entrepreneur,3.72,2,0,1,0,6,0,2,8,4,0,0,2,0,1
Music,Conductor,2.77,5,0,2,1,6,0,3,3,1,2,0,1,1,0
Marketing,Advertising Manager,2.1,1,0,0,1,8,0,4,7,3,1,4,1,2,0
Law,Paralegal,2.61,7,0,1,0,6,0,3,10,0,1,2,1,0,1
Law,Judge,3.98,6,1,1,1,7,0,1,7,3,1,4,3,4,1
Computer Science,Game Developer,2.88,2,1,3,0,5,1,10,3,4,1,2,3,4,1
Architecture,Architect,2.58,4,1,1,0,9,1,4,3,1,1,3,4,2,0
Marketing,Advertising Manager,3.19,7,0,1,1,1,0,0,8,4,3,4,1,1,0
Computer Science,Software Developer,3.74,5,2,1,0,0,0,8,2,2,4,0,4,3,1
Psychology,School Counselor,3.05,7,2,2,1,6,1,0,3,1,4,4,2,0,0
Architecture,Interior Designer,3.49,1,1,0,1,8,1,2,2,4,4,1,3,3,1
Business,Construction Manager,3.54,5,0,4,0,0,1,1,8,0,4,2,0,0,1
Chemistry,Organic Chemist,2.15,2,2,4,1,4,1,2,2,4,0,0,1,0,0
Medicine,Dentist,3.560181788104993,1,1,1,1,4,1,1,4,4,3,3,3,4,0
Marketing,Marketing Specialist,2.84,8,2,2,1,8,1,4,7,1,3,4,0,4,0
Chemistry,Organic Chemist,3.04,9,2,4,0,6,0,0,4,4,0,3,4,1,0
Law,Lawyer,3.2,1,1,1,0,3,0,0,9,1,2,1,2,1,0
Medicine,Surgeon,3.8527813558248454,7,2,2,1,8,0,2,1,1,3,3,3,3,1
Engineering,Chemical Engineer,2.55,8,2,0,0,6,1,1,0,7,4,10,1,0,0
Biology,Microbiologist,3.02,2,1,1,0,9,0,1,1,4,2,2,4,1,0
Architecture,Interior Designer,2.9,0,1,0,1,9,1,4,4,1,1,2,3,0,1
Engineering,Electrical Engineer,3.57,7,0,3,0,3,1,0,4,10,4,9,3,2,1
Architecture,Architect,2.92,0,1,3,0,1,1,0,1,0,2,0,2,2,1
Engineering,Chemical Engineer,2.03,3,1,1,1,8,1,4,1,7,0,8,2,2,0
Psychology,Forensic Psychologist,3.95,2,1,4,1,4,0,1,4,1,2,3,2,1,0
Computer Science,Web Developer,3.36,4,1,4,0,8,0,10,3,2,2,2,0,3,1
Architecture,Urban Planner,2.54,6,1,3,1,9,0,4,3,0,0,2,3,4,0
Law,Legal Consultant,3.4,9,2,1,0,2,1,0,8,0,1,4,1,2,1
Business,Construction Manager,3.87,1,1,4,1,3,0,0,10,3,1,2,3,1,0
Physics,Physicist,3.7,2,0,2,0,3,0,4,0,4,4,2,1,2,1
Chemistry,Physical Chemist,3.12,4,2,3,1,5,0,2,2,4,0,2,0,3,1
Chemistry,Organic Chemist,2.4,3,1,0,0,8,0,2,4,3,2,2,1,1,0
Computer Science,AI Researcher,3.66,8,2,4,1,6,0,7,2,0,1,4,1,2,0
Medicine,Surgeon,3.722091703439183,6,0,1,1,9,1,1,0,2,2,1,1,2,1
Psychology,Forensic Psychologist,3.5,7,2,4,0,4,1,1,1,0,3,0,3,3,0
Marketing,Advertising Manager,3.36,5,2,1,0,1,1,0,8,0,1,0,3,3,0
Education,Teacher,3.13,6,2,2,0,7,1,4,1,3,0,4,2,4,0
Business,Human Resources Specialist,2.95,7,1,4,1,8,0,4,8,1,1,2,1,1,1
Business,Human Resources Specialist,3.68,2,0,4,1,1,0,3,8,4,4,4,4,4,1
Art,Artist,2.28,0,0,4,0,3,1,0,4,0,0,1,0,3,0
Architecture,Urban Planner,2.68,2,1,0,0,3,0,4,3,0,4,3,0,0,0
Engineering,Mechanical Engineer,2.68,0,2,0,1,9,0,2,4,10,3,8,1,3,1
Engineering,Electrical Engineer,2.83,0,1,4,1,6,1,0,0,10,4,9,2,3,1
Marketing,Social Media Manager,2.25,5,2,1,1,9,0,3,8,4,0,0,1,3,0
Law,Legal Secretary,2.27,5,0,0,0,2,1,0,8,1,3,2,4,2,1
Chemistry,Organic Chemist,3.75,1,1,3,1,3,0,4,0,2,4,4,2,4,1
Finance,Accountant,2.06,7,0,4,0,1,1,3,0,3,4,10,4,2,0
Business,Entrepreneur,2.54,1,0,0,1,3,1,0,7,2,3,1,4,3,0
Business,Construction Manager,2.97,5,2,2,0,6,0,1,8,4,2,0,2,3,0
Chemistry,Analytical Chemist,3.14,4,1,3,0,5,1,1,2,4,2,0,4,1,0
Physics,Physicist,3.26,1,0,0,0,2,0,4,0,0,4,1,3,3,1
Art,Animator,3.85,9,2,4,0,8,0,4,2,0,3,1,1,3,1
Engineering,Aerospace Engineer,2.96,6,0,3,0,4,1,0,0,9,0,7,1,0,0
Psychology,School Psychologist,2.92,9,0,2,1,8,1,4,2,0,2,1,1,3,1
Chemistry,Analytical Chemist,3.67,0,2,0,1,5,1,4,1,2,2,4,0,1,0
Computer Science,AI Researcher,2.33,1,0,3,1,7,1,10,3,1,3,1,4,2,0
Law,Paralegal,3.2,1,2,3,1,6,0,4,10,0,0,3,2,0,0
Psychology,Music Therapist,3.93,5,0,2,0,9,1,1,1,4,1,3,2,0,1
Education,Teacher,2.15,8,1,2,1,2,1,1,0,1,0,4,0,3,0
Marketing,Marketing Specialist,3.29,4,0,0,0,3,0,2,7,4,1,2,0,4,0
Law,Lawyer,3.83,9,1,1,0,8,1,3,10,1,2,3,0,1,1
Computer Science,Data Scientist,2.29,9,2,0,1,6,1,8,2,0,2,3,3,1,1
Physics,Nuclear Physicist,2.21,6,1,1,0,1,1,0,3,3,1,2,4,1,1
Psychology,School Counselor,2.24,3,1,0,0,3,1,3,1,0,0,3,2,4,1
Medicine,Pharmacist,3.708697391164574,3,2,0,0,5,0,3,4,3,2,1,1,3,1
Art,Animator,3.23,1,0,4,0,1,0,4,2,2,0,1,0,3,0
Business,Human Resources Specialist,2.32,2,2,0,1,1,1,1,10,1,3,4,1,1,0
Architecture,Architectural Technologist,3.9,2,1,1,1,2,1,1,3,4,4,2,3,2,1
Architecture,Interior Designer,3.26,2,2,3,1,0,1,1,2,2,3,4,0,3,0
Business,Manager,3.49,7,1,0,1,2,1,2,8,1,3,3,1,1,0
Physics,Astronomer,3.38,4,0,4,1,6,0,0,0,3,0,3,4,1,0
Biology,Biologist,3.89,3,2,3,1,2,1,3,2,2,3,4,2,0,0
Law,Legal Secretary,2.86,6,1,4,0,9,0,4,10,4,3,2,0,0,0
Finance,Financial Analyst,2.83,9,0,1,1,5,1,3,0,2,4,9,2,3,0
Physics,Astronomer,3.84,1,0,0,0,9,1,3,3,0,1,4,0,4,1
Engineering,Civil Engineer,3.39,6,0,2,0,8,1,4,3,8,4,8,2,1,1
Finance,Credit Analyst,2.63,2,1,4,1,3,1,3,3,1,2,7,4,0,1
Marketing,Digital Marketing Specialist,2.74,4,2,0,0,5,1,1,8,3,1,3,3,3,0
Physics,Quantum Physicist,3.55,2,1,0,1,2,0,2,1,1,2,3,1,1,0
Finance,Financial Advisor,3.59,3,0,2,1,9,0,0,2,2,1,9,2,2,1
Law,Judge,2.1,6,1,0,1,2,1,4,7,3,1,4,1,0,0
Medicine,Pharmacist,3.5103790160619823,7,0,1,1,1,0,0,0,2,4,4,0,3,0
Physics,Astronomer,2.17,9,0,0,1,2,0,3,3,4,4,4,3,2,0
Computer Science,Game Developer,2.42,2,2,0,1,9,0,7,0,0,1,4,0,0,0
Computer Science,Web Developer,3.73,6,1,2,0,8,0,7,3,2,4,0,3,4,0
Psychology,Music Therapist,3.98,8,1,2,1,9,0,0,2,4,1,0,1,2,1
Art,Animator,2.77,1,2,3,1,4,1,3,1,0,2,2,4,4,1
Finance,Investment Banker,3.11,5,1,0,0,0,0,0,3,4,3,7,2,4,1
Physics,Nuclear Physicist,3.65,0,0,0,0,4,0,1,1,3,2,0,2,4,0
Business,Manager,2.21,1,2,1,0,8,0,4,7,0,2,0,0,3,1
Medicine,Pharmacist,3.7200355375332492,4,0,0,0,9,1,3,0,3,0,2,3,4,1
Engineering,Aerospace Engineer,3.07,2,1,2,0,5,1,4,3,8,0,10,2,3,1
Chemistry,Inorganic Chemist,3.11,8,0,3,1,9,0,0,4,4,3,1,1,1,1
Marketing,Marketing Manager,3.61,2,1,4,0,8,0,3,10,4,1,0,0,1,1
Art,Graphic Designer,2.98,7,1,5,0,1,1,0,1,4,3,3,1,4,1
Chemistry,Chemist,3.93,6,1,3,0,8,0,2,2,1,4,1,4,3,0
Art,Art Director,3.84,6,0,5,1,5,0,3,1,3,2,4,4,2,0
Marketing,Digital Marketing Specialist,3.49,6,1,1,0,0,0,1,9,1,0,0,1,1,1
Engineering,Chemical Engineer,3.16,6,0,3,1,9,0,1,3,9,4,7,0,4,0
Art,Illustrator,3.64,2,1,5,1,3,0,2,1,2,0,3,4,2,1
Architecture,Urban Planner,2.69,4,0,3,0,9,1,2,3,4,1,4,1,3,0
Chemistry,Physical Chemist,3.09,3,2,2,0,5,0,3,1,1,3,4,1,0,1
Education,Special Education Teacher,2.32,1,1,2,0,8,0,4,3,0,1,1,1,3,1
Biology,Ecologist,3.8,6,2,2,1,1,0,0,1,4,0,0,1,3,1
Art,Artist,2.13,5,1,4,1,2,1,4,4,4,1,1,4,4,1
Computer Science,Cybersecurity Analyst,2.12,3,0,0,0,1,1,8,1,1,2,1,1,4,1
Physics,Physicist,3.47,8,1,4,1,3,1,3,4,1,4,1,1,3,0
Marketing,Marketing Manager,3.61,5,0,1,1,5,1,1,7,0,0,2,3,3,1
Biology,Biochemist,3.78,7,1,4,1,8,0,4,3,3,3,0,0,4,1
Music,Conductor,2.87,8,0,4,1,7,1,4,3,1,0,3,4,4,1
Medicine,Surgeon,3.577886630290085,8,0,3,1,3,1,2,2,4,1,2,3,4,0
Law,Legal Analyst,3.43,8,2,3,0,9,0,3,8,0,2,0,4,2,1
Finance,Financial Advisor,3.93,6,1,1,1,5,0,1,4,2,4,9,1,3,0
Architecture,Urban Planner,3.9,4,2,1,1,2,1,1,4,2,0,3,1,1,0
Music,Sound Engineer,3.7,5,2,2,0,0,0,0,0,4,1,2,3,0,1
Education,Principal,3.81,1,2,4,1,4,1,0,4,4,4,3,2,2,1
Engineering,Acoustics Specialist,3.29,2,1,2,0,7,1,2,1,9,1,9,4,0,0
Music,Musician,2.89,7,2,0,0,8,0,1,0,2,3,3,2,2,1
Finance,Financial Analyst,2.37,4,0,0,0,3,0,4,4,1,0,7,0,2,1
Architecture,Landscape Architect,3.9,9,1,2,1,7,1,0,2,0,4,2,4,3,0
Architecture,Architectural Technologist,3.09,1,0,2,0,3,0,3,0,1,1,3,3,1,0
Engineering,Biomedical Engineer,3.02,1,0,0,1,8,1,0,2,9,4,10,4,2,0
Chemistry,Chemist,2.18,5,2,2,1,7,1,2,2,3,1,0,1,3,0
Music,Sound Engineer,2.68,9,2,0,1,9,0,3,4,3,3,2,1,2,0
Law,Legal Consultant,2.61,9,2,1,0,9,1,2,9,4,0,4,3,4,0
Physics,Astronomer,2.52,1,2,3,1,7,1,0,4,0,4,3,1,2,1
Engineering,Civil Engineer,3.88,6,2,0,1,5,1,2,0,9,4,10,2,1,0
Business,Entrepreneur,2.62,4,2,1,1,4,1,3,9,0,4,0,4,2,0
Engineering,Fluid Mechanics Engineer,2.67,4,0,2,0,2,1,3,3,7,3,8,1,2,0
Engineering,Mechanical Engineer,3.31,4,1,0,0,7,1,2,4,9,1,9,1,0,0
Architecture,Interior Designer,3.18,2,1,4,1,0,1,4,3,3,2,3,0,1,0
Art,Animator,2.65,6,0,4,1,5,1,3,2,2,0,1,4,2,1
Engineering,Civil Engineer,2.45,4,2,0,0,2,0,2,2,7,2,7,1,2,1
Education,Education Administrator,2.25,2,1,0,1,4,1,3,0,0,2,4,3,1,0
Marketing,Social Media Manager,2.6,2,0,0,0,1,1,4,10,1,4,1,0,2,1
Computer Science,Cybersecurity Analyst,2.22,3,2,2,0,2,1,9,0,0,4,3,1,2,1
Architecture,Architect,2.95,4,1,1,0,1,1,2,2,0,4,2,0,3,0
Law,Lawyer,2.37,8,0,3,0,7,1,1,7,1,4,2,3,4,0
Business,Entrepreneur,3.14,4,0,4,1,2,1,3,10,4,2,0,2,2,1
Medicine,Physician Assistant,3.6779788867353203,6,2,0,1,6,1,0,0,1,1,1,4,0,1
Chemistry,Organic Chemist,3.34,7,2,2,1,5,1,0,1,4,3,0,0,0,1
Education,Principal,3.63,6,0,1,0,5,0,0,3,3,0,4,4,2,1
Music,Musician,2.26,9,1,1,1,5,1,4,2,4,2,3,3,0,0
Chemistry,Inorganic Chemist,2.86,9,1,2,0,0,1,4,0,2,4,3,0,3,1
Chemistry,Chemist,3.77,6,1,4,0,6,1,2,1,3,4,2,2,4,1
Education,Teacher,3.39,7,1,1,0,4,1,2,2,4,0,3,4,4,0
Medicine,Doctor,3.9838714124168577,9,2,4,1,6,1,3,2,2,2,4,4,1,0
Architecture,Urban Planner,2.09,3,1,4,1,8,1,3,0,1,0,2,2,4,0
Finance,Investment Banker,3.74,1,0,2,1,3,0,0,3,4,0,10,1,3,1
Architecture,Landscape Architect,3.98,3,0,0,0,5,1,2,3,3,0,1,3,2,0
Architecture,Architect,3.84,7,1,3,0,8,0,3,3,2,3,2,2,3,1
Finance,Risk Analyst,2.87,1,0,3,0,8,1,3,0,1,2,9,3,3,1
Marketing,Marketing Specialist,3.28,6,2,1,0,9,1,1,9,4,3,1,3,4,0
Marketing,Market Research Analyst,3.11,2,0,0,0,3,0,3,7,3,4,4,3,1,1
Chemistry,Analytical Chemist,3.65,0,0,2,0,4,1,2,3,0,2,1,2,1,1
Art,Graphic Designer,2.3,1,2,4,1,6,0,0,3,3,1,4,3,1,0
Education,Principal,3.56,2,1,4,0,5,0,2,0,0,2,0,3,3,0
Art,Illustrator,3.46,4,0,4,0,0,1,1,1,2,4,4,1,4,1
Art,Animator,2.29,5,2,5,1,5,0,2,3,4,3,1,2,2,0
Biology,Biologist,3.72,7,2,4,0,5,0,2,1,3,0,1,3,2,1
Marketing,Digital Marketing Specialist,2.02,3,0,0,0,1,1,1,10,4,1,4,1,2,0
Architecture,Urban Planner,2.93,1,2,3,0,6,0,3,1,0,1,4,2,1,0
Chemistry,Chemist,2.39,6,0,3,1,3,0,3,3,2,3,3,0,0,1
Engineering,Electrical Engineer,2.84,7,1,1,0,7,1,4,2,7,1,8,2,3,1
Physics,Physicist,3.74,5,0,2,0,8,0,3,4,3,3,3,0,3,0
Computer Science,Data Scientist,3.15,5,2,2,1,2,0,7,2,2,0,2,0,2,0
Engineering,Aerospace Engineer,2.52,9,1,1,1,2,1,0,0,7,3,7,2,1,1
Architecture,Architect,2.82,5,1,0,1,3,1,2,2,2,4,2,3,0,1
Law,Lawyer,3.95,2,0,0,1,6,0,4,10,3,4,3,3,2,0
Education,Curriculum Developer,2.53,8,1,1,1,3,1,2,3,4,3,1,2,2,0
Music,Conductor,3.7,6,0,2,1,6,1,1,0,3,1,0,3,4,1
Law,Lawyer,2.92,9,1,4,0,1,1,0,10,0,1,4,1,3,1
Education,Teacher,3.37,5,2,4,1,3,1,2,4,1,3,3,1,1,1
Business,Construction Manager,3.86,9,2,0,1,9,0,0,7,1,4,2,4,4,0
Psychology,Psychologist,3.26,9,2,1,1,1,0,3,3,0,3,2,3,4,1
Finance,Financial Controller,3.15,3,2,3,1,5,1,2,4,4,0,8,3,0,1
Law,Legal Secretary,2.45,1,1,1,1,4,0,2,10,0,0,2,3,2,1
Education,Principal,3.28,7,0,0,1,1,0,2,2,2,0,1,0,2,1
Law,Judge,3.82,9,2,1,0,2,0,2,7,2,2,0,0,0,0
Physics,Physicist,3.61,4,0,4,1,5,1,4,2,1,1,3,4,0,1
Computer Science,Cybersecurity Analyst,3.2,4,0,3,1,2,0,9,4,3,0,1,4,1,1
Law,Legal Analyst,2.11,3,2,4,0,7,0,2,10,1,3,4,0,2,1
Law,Legal Consultant,2.32,2,0,4,1,8,0,2,7,4,4,2,4,2,0
Medicine,Surgeon,3.5977290001842,2,0,2,0,0,1,4,0,3,3,0,1,2,1
Art,Illustrator,2.32,5,0,3,1,3,1,1,1,1,2,2,2,3,1
Biology,Biotechnologist,2.52,6,0,2,1,6,1,0,2,2,4,0,4,1,1
Computer Science,Cybersecurity Analyst,3.73,5,2,3,0,7,0,7,2,4,4,1,3,2,0
Law,Lawyer,2.52,5,1,0,1,2,1,0,8,4,4,0,4,3,1
Education,Teacher,2.7,2,1,2,0,2,0,3,4,0,4,4,1,4,1
Physics,Physicist,3.22,7,1,2,1,1,1,2,0,0,3,0,4,0,1
Chemistry,Inorganic Chemist,3.03,3,1,2,0,0,0,0,0,3,1,2,4,1,1
Engineering,Mechanical Engineer,2.39,7,0,4,1,3,1,4,2,10,4,9,1,2,1
Engineering,Fluid Mechanics Engineer,3.51,9,1,4,1,2,0,0,4,9,3,10,3,2,0
Art,Artist,2.71,6,1,3,1,4,0,1,3,0,0,2,0,2,0
Engineering,Acoustics Specialist,3.86,9,2,0,0,8,1,1,1,9,1,9,1,0,1
Psychology,Art Therapist,3.0,1,1,1,1,0,1,4,0,2,0,3,3,4,0
Business,Human Resources Specialist,2.82,9,0,1,1,9,1,3,9,4,4,2,0,3,0
Finance,Financial Analyst,2.38,8,1,2,1,6,1,4,2,1,1,10,2,4,0
Biology,Microbiologist,3.73,3,2,4,0,5,1,0,3,4,0,3,0,3,1
Art,Art Director,3.85,9,0,4,1,0,0,3,1,3,4,1,1,1,0
Business,Entrepreneur,2.93,3,0,3,1,5,1,3,8,0,2,2,0,3,1
Education,Special Education Teacher,2.46,8,0,4,1,1,0,1,1,0,1,3,0,1,1
Biology,Biologist,3.76,9,2,4,1,5,0,3,2,0,4,2,2,0,1
Architecture,Urban Planner,2.57,6,1,1,0,2,1,4,4,0,1,1,0,2,1
Art,Animator,2.28,4,2,5,0,5,0,0,4,0,2,4,1,2,0
Biology,Microbiologist,2.32,4,0,2,1,8,0,2,2,0,1,1,1,4,1
Biology,Biologist,3.3,3,2,4,1,5,0,4,2,2,3,0,1,0,0
Chemistry,Organic Chemist,3.05,7,2,0,1,7,1,4,4,4,4,2,0,3,1
Finance,Investment Banker,2.57,0,1,2,0,1,0,0,4,2,2,7,2,0,0
Marketing,Market Research Analyst,3.99,4,2,3,0,4,1,3,7,4,2,3,1,3,1
Finance,Actuary,2.89,9,2,2,1,5,1,0,1,0,1,7,2,2,0
Business,Construction Manager,2.9,0,0,0,0,4,1,4,9,1,3,3,0,1,1
Physics,Nuclear Physicist,3.89,0,2,3,0,8,0,1,0,4,0,3,0,4,0
Education,Education Administrator,3.43,7,2,0,0,8,1,0,2,1,1,3,3,4,1
Business,Manager,3.58,2,0,2,0,3,0,3,9,2,0,1,3,4,1
Architecture,Urban Planner,3.49,9,0,4,0,8,1,0,4,0,1,0,0,3,0
Physics,Nuclear Physicist,3.89,2,0,3,1,4,1,0,0,4,4,3,1,2,1
Law,Paralegal,2.7,3,1,1,0,5,0,3,10,2,3,2,2,3,0
Biology,Biotechnologist,2.14,1,1,0,1,5,0,0,3,1,2,3,4,4,1
Physics,Astronomer,2.77,7,1,0,1,6,1,3,2,4,4,2,3,0,1
Engineering,Biomedical Engineer,3.46,6,0,2,0,8,0,4,1,8,1,8,4,3,0
Finance,Actuary,2.84,8,1,1,1,9,1,4,1,2,2,10,4,3,0
Art,Animator,3.72,6,1,4,1,1,0,1,4,3,3,2,0,3,1
Education,Teacher,3.03,0,2,1,1,7,0,1,2,2,0,1,2,4,0
Music,Conductor,2.49,5,2,3,0,8,1,0,2,2,2,1,0,4,0
Marketing,Social Media Manager,3.76,2,0,1,1,6,0,2,8,4,3,2,1,2,0
Medicine,Doctor,3.7917107595092174,1,0,0,0,3,1,1,1,3,2,1,4,3,0
Chemistry,Inorganic Chemist,3.98,2,0,2,0,9,1,4,4,0,1,2,1,0,0
Art,Illustrator,3.4,1,1,5,1,8,1,2,3,1,0,3,3,2,1
Physics,Physicist,3.51,3,2,1,0,4,0,1,0,0,1,0,1,0,0
Music,Composer,2.34,6,0,3,1,5,1,4,0,4,0,0,3,0,1
Finance,Financial Analyst,2.28,9,2,3,0,2,1,4,0,3,3,8,0,4,0
Engineering,Biomedical Engineer,3.59,9,0,1,1,6,1,0,1,8,4,7,3,1,0
Business,Manager,2.95,6,0,0,1,8,0,2,7,2,1,3,2,2,1
Business,Construction Manager,2.81,0,1,2,0,7,1,1,9,2,2,2,2,4,1
Art,Artist,3.89,4,2,3,0,2,1,4,2,3,4,4,3,4,0
Education,Principal,2.66,8,2,2,1,0,1,4,4,2,2,4,4,4,1
Computer Science,Data Scientist,3.9,1,1,4,1,3,1,8,2,2,2,3,4,3,0
Education,Special Education Teacher,2.27,9,1,4,1,1,0,0,3,4,2,1,1,1,1
Education,Teacher,2.15,0,0,2,1,8,1,0,0,0,1,0,3,0,1
Business,Construction Manager,2.16,0,1,4,0,2,1,3,8,3,2,3,1,3,0
Biology,Biochemist,2.63,2,1,0,0,7,1,3,3,4,2,2,3,2,0
Computer Science,Software Developer,3.95,9,2,4,1,7,0,7,2,1,4,0,1,3,0
Finance,Financial Advisor,3.4,7,2,4,0,4,1,4,3,2,4,10,3,0,1
Music,Music Teacher,3.1,8,0,1,0,7,1,2,1,1,1,2,3,0,0
Computer Science,Cybersecurity Analyst,2.35,9,2,4,1,5,0,7,2,1,0,3,3,1,1
Biology,Biochemist,3.66,5,1,3,0,2,1,1,3,2,1,0,1,4,0
Biology,Biochemist,2.01,9,0,4,0,9,0,3,1,3,1,2,4,4,0
Architecture,Urban Planner,3.14,5,0,1,0,4,1,3,1,2,0,2,4,1,0
Art,Graphic Designer,3.87,8,0,3,0,8,1,4,0,0,2,0,0,4,1
Psychology,Forensic Psychologist,3.88,9,0,0,1,4,0,1,3,0,4,0,4,1,0
Law,Legal Analyst,3.66,3,0,2,0,1,1,1,9,1,4,4,3,3,0
Computer Science,Software Developer,3.66,4,1,4,1,1,0,8,2,0,1,2,3,1,1
Psychology,Counselor,2.34,1,1,3,1,8,0,3,3,0,3,0,3,0,0
Psychology,Clinical Psychologist,3.46,3,2,2,1,6,0,4,0,4,2,1,4,1,0
Computer Science,Web Developer,3.18,2,2,2,1,6,0,9,2,2,2,1,4,1,1
Computer Science,AI Researcher,3.73,8,1,3,0,5,1,9,4,1,0,4,3,4,1
Art,Illustrator,2.42,4,0,4,1,9,1,0,0,0,4,4,3,3,0
Computer Science,Web Developer,3.52,0,1,0,1,8,0,8,2,3,3,4,4,1,0
Biology,Geneticist,2.31,0,2,3,0,8,1,2,2,4,1,4,1,2,0
Music,Music Teacher,3.45,8,2,1,0,2,1,4,0,2,1,4,1,1,0
Physics,Physicist,3.31,7,1,0,1,8,1,1,1,2,3,2,2,2,1
Education,Curriculum Developer,2.95,1,2,3,0,0,0,0,4,1,2,1,3,0,0
Chemistry,Inorganic Chemist,3.76,2,1,2,0,5,1,2,0,3,0,0,4,3,1
Marketing,Marketing Specialist,3.14,1,2,2,1,6,0,2,8,1,1,1,0,2,0
Biology,Biochemist,2.2,5,2,2,0,7,1,4,4,1,4,1,4,1,1
Medicine,Pharmacist,3.9078726903130603,7,1,1,1,5,1,0,3,0,1,2,4,1,0
Art,Animator,4.0,3,2,5,1,6,1,4,4,4,2,0,1,0,0
Architecture,Interior Designer,3.14,9,2,2,0,6,0,0,1,3,0,3,2,4,0
Biology,Ecologist,2.23,8,0,0,0,4,0,4,1,2,0,2,4,3,1
Physics,Quantum Physicist,3.3,9,2,4,1,6,0,1,2,3,2,0,0,2,0
Finance,Investment Banker,3.65,8,0,3,1,8,1,3,4,1,4,7,4,3,1
Finance,Investment Banker,3.68,4,0,0,0,8,1,0,2,4,4,7,2,3,0
Law,Judge,3.96,6,2,1,1,2,0,4,7,0,1,2,0,2,0
Art,Artist,3.11,5,1,5,1,9,1,1,0,4,2,2,3,4,0
Business,Construction Manager,3.85,8,2,2,0,9,1,3,9,1,0,2,3,0,1
Business,Entrepreneur,2.96,6,2,2,1,8,0,1,7,4,4,2,3,3,0
Engineering,Biomedical Engineer,3.79,5,0,0,1,6,0,0,3,7,2,7,0,3,1
Art,Art Director,2.34,3,2,5,0,7,1,0,1,3,0,0,0,3,1
Marketing,Brand Manager,2.6,6,0,3,1,9,1,3,7,0,4,2,0,1,0
Biology,Ecologist,3.49,9,1,1,1,1,0,1,2,0,2,0,0,0,0
Chemistry,Chemist,3.53,8,2,3,1,4,0,4,3,3,3,3,3,2,1
Art,Graphic Designer,2.17,0,2,3,1,8,0,3,1,2,3,4,1,1,0
Education,Curriculum Developer,3.34,0,2,2,1,5,1,0,4,4,4,2,2,1,0
Art,Art Director,3.28,5,0,5,1,0,1,1,2,1,3,1,0,2,0
Business,Entrepreneur,2.12,0,1,1,1,1,0,1,10,2,1,2,2,0,1
Education,Principal,3.68,8,2,3,0,4,1,3,2,3,2,2,0,3,1
Music,Sound Engineer,3.77,7,1,2,1,4,0,4,0,4,4,4,0,1,0
Medicine,Physician Assistant,3.6325406421692863,5,1,4,1,0,0,0,3,4,0,2,3,4,0
Psychology,Music Therapist,2.32,4,1,2,1,3,1,4,3,0,0,2,3,0,0
Art,Illustrator,3.82,3,0,5,0,7,0,2,1,4,2,4,2,2,0
Music,Music Teacher,3.34,5,0,2,1,4,0,2,4,4,1,1,3,1,0
Psychology,Psychologist,3.97,3,2,2,1,4,1,3,4,2,2,1,0,2,1
Business,Manager,3.44,5,2,3,0,0,1,1,9,0,1,4,2,1,0
Computer Science,AI Researcher,3.93,6,2,4,1,5,0,9,4,3,3,4,1,1,0
Business,Human Resources Specialist,3.03,2,2,4,1,5,0,3,7,1,3,2,0,2,0
Music,Musician,3.56,8,2,1,0,5,1,2,1,0,0,3,2,3,1
Biology,Microbiologist,2.3,7,2,1,0,5,1,3,2,3,2,4,2,1,0
Physics,Physicist,2.98,5,1,0,0,1,0,2,2,0,2,3,4,2,0
Education,Principal,2.87,7,0,0,0,6,1,3,2,4,4,4,0,2,1
Chemistry,Organic Chemist,3.72,9,0,1,0,0,1,4,1,4,4,3,4,3,0
Marketing,Advertising Manager,2.09,0,0,2,1,7,0,2,8,4,0,2,3,3,1
Law,Lawyer,3.72,7,2,2,1,0,1,1,10,4,4,1,0,2,1
Engineering,Mechanical Engineer,2.68,8,2,2,1,9,1,1,3,9,3,7,0,4,1
Education,Principal,2.42,9,0,1,1,2,0,4,4,2,0,0,3,1,1
Marketing,Market Research Analyst,3.06,0,2,2,1,3,0,3,7,2,1,0,3,2,1
Physics,Astronomer,2.16,1,1,4,0,9,0,0,3,0,0,4,1,2,1
Finance,Financial Analyst,2.01,8,2,1,1,0,0,3,3,3,2,8,1,0,1
Finance,Risk Analyst,3.38,5,2,2,1,1,1,2,3,4,1,7,3,3,1
Medicine,Nurse,3.743606003460957,9,1,0,1,7,1,3,3,3,4,4,1,0,1
Art,Art Director,2.22,3,0,5,0,3,0,1,2,4,2,3,3,2,1
Psychology,School Counselor,2.84,6,0,1,0,1,0,2,2,3,1,2,0,1,0
Education,Principal,3.71,5,1,3,1,6,1,3,2,4,1,0,3,0,1
Marketing,Social Media Manager,2.75,6,0,4,1,7,1,3,9,2,1,3,0,3,0
Computer Science,Web Developer,2.05,4,2,3,0,0,1,7,2,2,0,0,3,1,1
Art,Illustrator,2.55,4,1,4,1,8,1,2,1,3,3,0,3,2,1
Architecture,Architectural Technologist,3.51,0,2,3,0,2,1,2,4,3,1,1,1,0,0
Biology,Biochemist,3.81,4,0,4,0,6,0,2,1,2,2,2,3,3,1
Chemistry,Inorganic Chemist,3.78,7,1,1,1,4,1,0,3,2,4,3,2,2,1
Psychology,Music Therapist,3.1,9,1,4,1,4,0,2,2,0,2,2,0,1,1
Music,Music Teacher,3.51,9,0,1,1,6,0,0,3,2,3,2,2,0,0
Law,Legal Secretary,2.73,9,1,2,0,3,1,3,7,0,4,0,4,2,0
Architecture,Landscape Architect,2.87,2,1,2,0,1,1,4,4,0,3,1,4,2,0
Law,Legal Consultant,2.72,3,0,1,1,4,1,4,8,1,1,3,0,0,1
Architecture,Landscape Architect,2.07,8,0,1,0,0,0,2,3,1,3,2,2,3,1
Marketing,Digital Marketing Specialist,2.83,6,1,1,1,4,1,2,9,0,2,4,1,1,0
Physics,Physicist,3.1,9,1,1,0,5,1,3,2,0,1,1,3,4,1
Law,Lawyer,2.59,8,1,1,0,1,1,4,8,1,4,0,3,3,0
Marketing,Marketing Specialist,2.9,2,1,3,1,5,0,2,8,4,1,4,4,2,0
Finance,Financial Advisor,2.6,6,0,2,1,5,1,0,3,1,3,7,1,0,0
Engineering,Chemical Engineer,3.14,0,1,0,0,8,0,4,2,10,2,8,2,0,1
Finance,Financial Analyst,3.48,2,0,4,1,2,0,3,2,0,2,9,1,2,0
Art,Graphic Designer,2.48,5,1,4,0,3,0,0,2,2,3,2,3,4,0
Law,Lawyer,2.07,4,0,4,1,5,0,1,9,3,3,0,4,0,0
Medicine,Doctor,3.5315531845577732,9,0,4,1,1,0,3,0,0,2,2,0,3,1
Computer Science,Data Scientist,3.08,1,0,4,0,5,0,8,3,3,2,3,0,0,0
Law,Legal Analyst,3.78,7,1,1,1,9,0,1,10,1,0,0,0,1,1
Marketing,Marketing Specialist,2.31,7,0,4,0,1,0,1,7,2,0,4,4,3,0
Art,Art Director,3.87,5,1,4,0,6,1,2,1,1,3,0,2,4,0
Computer Science,Software Developer,3.26,5,2,0,0,7,1,9,3,2,4,1,2,0,0
Physics,Astronomer,2.32,3,0,0,0,9,0,4,1,4,1,3,1,1,1
Business,Construction Manager,4.0,1,0,1,1,3,0,4,10,0,4,0,0,1,1
Medicine,Surgeon,3.7284089022780678,9,2,0,1,6,0,1,4,4,3,0,0,3,1
Business,Construction Manager,3.67,1,0,2,0,8,1,3,10,1,4,3,2,1,0
Law,Legal Consultant,3.67,4,0,2,1,1,1,3,9,3,1,3,1,1,1
Biology,Microbiologist,3.75,5,1,0,0,2,1,2,1,0,1,3,2,0,0
Engineering,Aerospace Engineer,3.28,0,0,1,1,4,1,2,3,10,4,7,3,4,1
Physics,Astronomer,2.53,8,2,2,0,7,1,4,1,2,4,1,3,0,0
Education,Principal,2.66,5,0,1,0,4,0,2,2,2,0,4,4,3,1
Art,Graphic Designer,3.94,9,0,3,1,7,0,3,4,2,4,1,4,1,1
Law,Judge,2.04,5,0,0,0,3,0,4,9,2,1,0,0,2,1
Engineering,Mechanical Engineer,2.46,2,1,1,1,8,1,2,3,10,3,7,3,3,0
Chemistry,Physical Chemist,3.21,2,2,0,0,2,1,2,1,1,4,2,2,2,1
Marketing,Digital Marketing Specialist,3.46,2,0,4,1,7,1,0,10,4,2,0,0,3,1
Law,Lawyer,3.96,9,1,2,1,8,1,1,7,1,3,4,2,3,0
Medicine,Doctor,3.631204188244651,9,2,1,1,3,0,3,0,2,4,2,1,1,1
Finance,Accountant,3.61,5,0,2,0,1,1,0,4,1,3,7,1,4,1
Engineering,Mechanical Engineer,2.89,5,2,4,0,7,1,4,4,9,0,10,1,4,1
Engineering,Electrical Engineer,3.82,2,1,0,1,7,1,1,4,7,0,8,0,4,0
Computer Science,AI Researcher,2.51,6,0,0,1,3,1,8,4,0,1,3,3,3,0
Law,Legal Secretary,3.38,2,1,0,0,0,0,0,8,1,3,3,2,2,0
Engineering,Fluid Mechanics Engineer,2.07,5,1,1,1,6,1,3,3,7,0,10,0,3,0
Physics,Astronomer,2.36,5,2,4,0,1,0,2,0,2,4,2,4,0,1
Physics,Quantum Physicist,3.51,9,0,0,0,1,1,0,2,3,0,4,0,4,0
Music,Sound Engineer,3.57,6,0,4,1,5,0,0,0,0,4,4,1,3,1
Education,Special Education Teacher,2.63,8,0,1,0,9,0,2,1,3,4,2,4,3,1
Education,Teacher,2.73,1,2,2,1,9,1,2,4,1,0,3,4,1,1
Computer Science,Data Scientist,2.36,9,1,0,0,8,1,8,2,2,1,3,3,3,1
Architecture,Urban Planner,2.53,2,1,3,0,7,0,2,4,4,4,0,1,2,1
Chemistry,Organic Chemist,2.55,3,0,1,0,6,1,1,1,2,0,2,3,2,1
Education,Special Education Teacher,3.58,7,0,0,1,1,0,2,0,4,1,3,3,2,1
Marketing,Marketing Manager,2.89,5,1,1,0,4,1,0,9,4,1,2,3,1,0
Medicine,Dentist,3.85043284862194,3,2,1,0,1,1,4,3,1,2,3,1,2,0
Art,Illustrator,3.5,0,1,4,0,2,0,2,0,2,1,4,0,2,0
Biology,Geneticist,3.04,7,0,2,1,3,0,0,4,2,1,2,2,2,0
Medicine,Doctor,3.727824774719939,7,2,3,0,3,0,4,3,2,4,1,0,4,1
Chemistry,Analytical Chemist,3.78,3,1,0,1,4,1,0,1,1,0,3,3,4,1
Finance,Financial Analyst,2.48,9,2,3,0,9,1,4,2,3,0,9,1,0,1
Medicine,Nurse,3.6409591777986257,7,1,1,0,9,0,4,3,3,3,0,3,1,1
Marketing,Marketing Manager,2.36,4,1,1,0,1,1,2,10,3,2,2,2,1,1
Art,Graphic Designer,3.13,9,2,3,0,6,1,4,0,4,4,4,1,1,1
Music,Conductor,2.95,6,0,0,1,8,1,4,4,2,0,4,0,3,0
Architecture,Architect,2.41,2,1,4,1,7,0,2,4,2,0,4,0,0,1
Psychology,Art Therapist,3.04,1,2,1,1,5,0,0,2,4,0,4,0,4,1
Medicine,Doctor,3.773203537106066,8,1,1,1,3,1,3,2,1,2,1,3,0,1
Art,Animator,2.06,7,2,5,0,9,1,1,1,4,4,0,3,0,0
Physics,Physicist,3.35,9,2,0,0,7,1,3,2,4,4,1,0,1,0
Engineering,Electrical Engineer,2.51,8,2,2,0,1,1,0,4,10,1,8,2,4,1
Engineering,Electrical Engineer,3.11,0,0,3,0,6,1,2,2,8,1,8,1,2,0
Psychology,Counselor,3.88,4,2,2,0,1,0,4,4,3,2,1,3,2,0
Architecture,Interior Designer,3.49,7,1,0,1,4,0,2,4,3,0,3,2,2,0
Architecture,Landscape Architect,3.35,9,1,4,1,2,0,0,3,3,4,1,2,4,1
Medicine,Pharmacist,3.766413518700697,4,0,2,0,8,1,1,4,0,4,0,4,4,0
Computer Science,Game Developer,2.61,9,1,4,0,3,1,8,1,4,1,3,2,2,0
Music,Musician,2.04,6,1,1,0,1,1,4,2,2,2,0,4,3,0
Education,Curriculum Developer,3.35,7,0,1,1,2,0,1,4,0,4,2,1,4,1
Finance,Credit Analyst,2.17,4,0,1,1,8,1,2,4,2,0,8,4,0,0
Medicine,Doctor,3.7878326264987097,8,2,3,1,5,1,4,0,4,3,1,2,3,1
Architecture,Landscape Architect,3.61,4,1,3,1,7,1,0,1,2,1,1,1,1,1
Architecture,Architect,3.51,5,0,0,0,9,0,2,4,0,2,1,3,4,0
Psychology,Art Therapist,2.13,6,2,3,1,8,1,0,1,2,3,3,4,0,0
Art,Animator,2.44,3,2,3,0,2,1,3,2,2,3,3,0,2,1
Music,Composer,2.6,6,1,1,1,5,0,3,0,0,1,4,1,4,1
Law,Paralegal,3.49,7,0,0,0,7,1,0,7,0,1,4,0,2,0
Biology,Biologist,3.54,8,0,0,0,5,0,0,0,2,2,2,1,3,1
Engineering,Acoustics Specialist,3.84,0,1,0,1,2,0,0,2,8,0,8,4,1,1
Chemistry,Organic Chemist,2.74,9,1,4,0,4,0,1,4,0,4,3,3,2,0
Education,Special Education Teacher,2.41,9,1,3,1,4,0,2,0,1,1,4,1,3,1
Law,Judge,2.9,7,0,0,1,3,0,0,9,3,4,2,2,3,1
Education,Special Education Teacher,2.96,1,1,0,1,2,0,3,1,3,3,1,0,3,0
Psychology,Art Therapist,2.72,6,1,4,1,6,0,1,3,3,4,2,2,1,1
Art,Art Director,2.44,0,1,5,0,5,1,0,2,2,0,4,3,0,0
Biology,Biochemist,3.97,7,1,0,0,3,0,2,4,1,1,3,4,1,0
Art,Graphic Designer,2.74,2,1,3,1,4,0,4,4,3,3,4,0,4,1
Business,Manager,2.28,2,2,0,1,4,1,2,9,1,3,4,3,1,0
Marketing,Advertising Manager,3.64,3,1,1,1,0,0,1,7,4,1,2,1,1,1
Computer Science,Game Developer,2.59,6,0,4,1,9,0,7,4,3,0,0,4,1,0
Marketing,Marketing Manager,2.41,0,2,1,0,7,0,4,9,3,0,1,1,2,1
Finance,Credit Analyst,2.82,1,0,3,1,0,1,1,1,4,4,10,4,0,1
Law,Legal Analyst,2.65,1,1,0,0,8,1,4,9,3,4,1,2,3,1
Business,Human Resources Specialist,2.86,2,0,4,1,7,1,2,10,2,0,0,4,1,1
Computer Science,AI Researcher,2.56,9,0,2,0,3,1,7,1,2,1,1,4,1,0
Computer Science,Web Developer,2.71,0,1,2,0,6,0,10,2,4,4,0,2,2,1
Music,Sound Engineer,2.85,6,0,4,1,2,1,2,0,1,3,3,0,2,1
Music,Conductor,3.05,8,1,4,1,0,0,3,3,4,0,4,2,0,0
Medicine,Pharmacist,3.691066454412994,5,2,1,0,6,0,2,4,3,3,0,0,0,0
Education,Teacher,2.85,4,0,1,1,1,0,4,2,2,2,3,0,3,0
Music,Musician,3.08,5,0,3,0,3,0,1,1,1,0,4,1,3,1
Psychology,Art Therapist,3.24,4,1,3,0,9,0,3,1,4,1,4,2,1,0
Education,Special Education Teacher,2.77,7,0,1,1,3,1,4,4,4,2,3,0,1,0
Engineering,Aerospace Engineer,3.24,3,1,3,0,9,1,2,4,10,1,10,2,3,0
Biology,Geneticist,3.71,6,2,1,1,6,0,0,2,1,3,0,4,1,1
Law,Legal Analyst,2.9,1,1,2,0,4,1,0,8,0,1,2,2,0,1
Education,Principal,3.04,8,0,1,0,6,0,4,2,2,4,4,3,1,1
Biology,Biotechnologist,2.28,5,1,3,1,7,0,3,4,4,3,1,0,2,0
Art,Graphic Designer,2.5,3,1,3,0,0,1,1,3,2,1,4,2,3,1
Law,Legal Consultant,2.66,6,2,1,0,7,1,4,8,1,4,2,4,2,1
Medicine,Nurse,3.9690905862623613,7,2,2,1,5,0,2,1,1,0,3,0,3,1
Education,Special Education Teacher,3.44,9,1,3,0,5,0,1,2,0,0,2,2,2,1
Biology,Biotechnologist,2.23,1,2,0,1,4,1,1,3,2,2,4,3,2,1
Law,Lawyer,3.39,3,1,4,0,4,1,2,9,3,3,4,2,1,1
Biology,Biologist,2.03,6,1,0,0,0,0,3,4,1,3,3,2,0,0
Business,Construction Manager,2.35,7,0,0,1,3,1,0,7,1,4,0,0,0,1
Medicine,Nurse,3.6024012045281046,1,2,1,1,3,1,1,1,3,3,1,2,1,0
Computer Science,Software Developer,2.63,1,2,2,1,8,1,9,2,2,0,0,3,3,0
Marketing,Marketing Specialist,3.86,7,2,2,1,8,0,1,9,3,2,2,1,2,0
Biology,Biotechnologist,2.84,3,2,0,1,8,0,0,3,1,1,4,0,3,1
Marketing,Advertising Manager,2.54,1,0,4,0,5,0,2,9,2,3,0,4,3,1
Marketing,Marketing Specialist,3.35,8,1,0,0,3,1,4,9,2,4,4,4,0,1
Law,Legal Consultant,3.06,8,1,0,1,3,1,1,10,3,4,3,3,2,1
Psychology,Music Therapist,3.57,9,0,3,0,8,1,0,1,1,0,2,3,0,1
Art,Illustrator,2.67,9,1,5,1,1,0,1,1,1,1,2,2,2,1
Biology,Microbiologist,3.98,8,0,2,0,8,1,4,1,3,3,0,2,0,0
Engineering,Fluid Mechanics Engineer,3.01,9,1,3,1,7,1,3,2,10,0,10,2,0,0
Art,Art Director,2.71,0,0,5,0,7,1,0,0,1,1,4,0,1,0
Psychology,Counselor,3.62,7,1,0,1,6,0,0,2,2,0,1,4,3,1
Architecture,Landscape Architect,2.53,0,1,2,0,8,1,2,4,0,4,1,1,4,1
Finance,Financial Controller,2.96,7,2,4,0,1,0,1,4,0,0,9,1,2,1
Business,Manager,3.9,3,1,1,1,2,0,0,7,2,2,1,4,0,1
Architecture,Architectural Technologist,3.64,7,1,3,0,0,1,1,2,2,2,2,0,1,1
Chemistry,Organic Chemist,3.17,1,2,3,0,3,0,3,1,4,1,4,0,0,1
Marketing,Brand Manager,3.47,2,2,4,0,5,1,1,9,1,2,1,0,2,0
Marketing,Marketing Specialist,2.39,2,2,1,0,4,1,3,9,2,2,3,0,1,1
Biology,Biologist,2.98,9,1,2,0,0,1,0,1,3,2,0,3,3,1
Engineering,Biomedical Engineer,2.75,1,0,0,0,3,0,2,2,7,4,8,4,4,0
Architecture,Landscape Architect,2.99,6,2,3,0,6,0,2,2,4,1,1,3,0,1
Law,Legal Analyst,2.27,5,1,0,0,4,1,3,7,4,4,2,2,2,0
Education,Curriculum Developer,2.65,6,2,3,0,0,1,1,0,1,3,3,2,0,1
Education,Principal,2.54,6,2,3,0,5,0,1,3,0,3,1,1,4,0
Architecture,Landscape Architect,3.32,1,0,2,1,2,0,0,3,2,0,2,3,2,0
Marketing,Social Media Manager,3.32,5,2,0,1,0,0,0,10,3,1,3,1,4,1
Art,Illustrator,3.28,7,0,3,0,7,0,4,4,3,0,0,2,0,1
Chemistry,Organic Chemist,2.61,6,0,2,0,0,1,0,3,4,1,1,4,2,1
Art,Graphic Designer,3.63,4,2,3,0,6,0,4,2,4,0,0,3,0,0
Physics,Nuclear Physicist,3.72,4,2,3,0,7,1,0,2,0,4,0,3,1,0
Marketing,Social Media Manager,2.67,7,2,1,0,4,0,1,7,4,1,1,1,0,1
Music,Composer,3.13,7,1,4,0,6,1,3,3,1,0,1,3,3,1
Engineering,Fluid Mechanics Engineer,2.63,6,0,3,1,9,1,1,4,8,4,9,1,1,0
Biology,Microbiologist,2.08,8,1,1,0,4,1,1,3,1,4,3,0,0,0
Engineering,Aerospace Engineer,2.57,2,2,1,0,4,1,3,0,8,3,9,3,2,0
Computer Science,Software Developer,3.51,0,0,2,0,2,1,8,0,4,1,0,3,3,1
Music,Musician,3.95,5,0,4,0,0,0,4,2,4,2,4,4,2,0
Business,Human Resources Specialist,3.51,8,0,3,1,1,1,4,7,1,1,3,2,2,0
Architecture,Landscape Architect,3.06,6,0,0,1,8,1,3,1,2,4,4,4,3,0
Physics,Nuclear Physicist,3.75,6,0,1,1,6,1,2,1,1,4,4,4,4,0
Engineering,Biomedical Engineer,3.05,2,1,1,0,2,0,2,1,7,2,8,4,2,1
Medicine,Physician Assistant,3.519200438663172,9,2,4,0,3,0,2,2,1,1,1,3,3,0
Chemistry,Analytical Chemist,2.33,7,2,4,1,1,0,1,2,1,1,2,3,0,0
Music,Composer,2.19,6,2,1,1,7,0,1,1,4,1,3,1,0,1
Law,Lawyer,2.25,1,1,1,0,9,1,1,10,2,4,2,4,0,1
Finance,Financial Analyst,3.89,2,1,2,1,9,0,2,2,2,4,10,3,2,1
Marketing,Marketing Manager,2.3,5,2,1,0,2,0,3,9,0,4,0,3,0,1
Psychology,Clinical Psychologist,2.03,5,1,2,1,5,0,3,3,0,2,1,3,3,1
Education,Special Education Teacher,3.16,6,2,3,0,2,0,2,1,4,2,2,4,1,1
Marketing,Marketing Specialist,3.11,8,0,2,0,6,1,3,10,4,1,4,1,3,0
Medicine,Nurse,3.8485831271451754,9,1,3,1,2,0,1,0,3,4,4,4,4,0
Physics,Astronomer,3.32,6,0,3,1,0,0,2,1,1,1,4,1,4,0
Art,Graphic Designer,3.55,0,0,3,1,0,0,2,0,1,0,2,0,0,0
Physics,Astronomer,2.88,8,2,1,0,8,1,3,4,4,3,2,2,2,0
Psychology,Forensic Psychologist,2.71,3,0,2,0,3,1,2,0,0,4,4,4,4,0
Chemistry,Inorganic Chemist,3.87,5,2,1,1,8,0,4,0,4,4,3,0,1,1
Chemistry,Chemist,3.21,4,1,4,0,8,1,2,0,3,4,0,1,3,0
Engineering,Chemical Engineer,3.6,2,1,4,1,9,0,4,0,7,3,9,3,3,0
Finance,Risk Analyst,3.48,3,2,4,0,8,0,4,1,0,4,10,2,2,0
Business,Human Resources Specialist,3.12,4,2,0,1,4,1,2,10,2,1,1,1,0,0
Music,Music Teacher,2.03,10,2,0,1,8,1,0,2,3,3,3,3,0,1
Marketing,Advertising Manager,3.73,1,2,0,1,6,0,2,10,3,1,1,4,1,0
Architecture,Landscape Architect,2.31,3,1,4,1,4,0,0,4,3,3,4,2,3,0
Computer Science,Game Developer,3.91,2,2,4,1,9,0,7,3,2,4,4,2,2,1
Computer Science,Software Developer,3.47,2,2,3,1,2,1,8,1,2,4,4,1,1,0
Engineering,Acoustics Specialist,3.86,9,2,0,1,5,0,1,0,9,1,7,3,3,0
Education,Curriculum Developer,2.85,5,2,1,1,5,0,3,2,0,2,1,1,4,1
Biology,Microbiologist,2.01,2,1,4,1,0,1,3,4,4,0,3,1,0,0
Computer Science,AI Researcher,3.18,0,1,1,1,6,0,8,0,4,0,3,0,1,1
Marketing,Market Research Analyst,3.06,6,1,4,1,0,1,0,10,0,0,3,0,3,0
Business,Construction Manager,3.38,3,2,3,0,7,1,0,10,0,1,0,2,3,1
Music,Composer,2.52,9,2,1,1,4,0,4,2,0,2,1,1,3,0
Art,Illustrator,2.85,5,0,5,1,4,1,0,1,1,1,2,1,3,1
Law,Lawyer,3.85,5,1,4,0,3,1,2,10,3,2,3,4,3,0
Music,Sound Engineer,3.73,8,2,2,0,8,0,1,1,3,0,4,2,4,0
Finance,Investment Banker,2.99,4,2,4,1,7,1,3,0,3,2,8,2,3,1
Education,Principal,2.28,7,2,0,0,8,1,4,3,4,2,4,1,3,1
Biology,Biotechnologist,3.49,0,2,4,0,8,0,1,0,2,1,4,1,2,1
Music,Music Teacher,2.21,6,1,2,1,0,0,2,2,1,0,1,4,1,1
Music,Conductor,2.69,9,0,0,1,5,0,1,3,0,4,1,2,0,0
Business,Human Resources Specialist,3.12,9,1,4,0,7,0,2,7,3,1,1,0,3,1
Biology,Microbiologist,2.38,8,0,0,1,4,1,2,3,2,2,3,4,1,0
Medicine,Doctor,3.6273743536683596,1,0,3,0,6,1,4,4,2,3,1,1,4,1
Art,Artist,2.44,0,2,5,0,4,0,4,2,4,2,2,4,1,0
Marketing,Advertising Manager,2.99,7,0,0,1,8,1,1,10,2,2,4,0,1,0
Psychology,Psychologist,3.49,8,0,4,0,5,0,2,0,4,4,4,2,0,0
Physics,Quantum Physicist,3.68,1,2,0,1,0,0,4,0,0,2,3,1,2,1
Computer Science,Software Developer,2.41,2,1,1,1,3,0,9,2,0,3,3,1,4,0
Marketing,Marketing Specialist,3.63,4,1,4,1,0,0,2,7,4,0,3,3,2,1
Biology,Ecologist,2.67,7,2,4,0,1,0,3,4,3,3,4,3,1,1
Education,Curriculum Developer,3.61,1,2,3,0,5,0,1,2,1,4,4,2,1,0
Chemistry,Chemist,3.62,8,1,1,0,2,0,4,2,3,0,3,1,4,1
Medicine,Surgeon,3.5235291897300094,6,2,2,1,5,1,0,1,2,0,0,4,0,0
Education,Principal,3.25,7,1,0,1,5,0,4,2,3,0,0,3,1,1
Psychology,School Counselor,3.99,8,1,0,0,9,1,2,0,3,0,2,3,0,1
Music,Musician,3.64,9,2,1,1,2,1,2,3,4,4,2,4,3,0
Architecture,Interior Designer,3.74,2,1,1,1,9,0,0,4,3,2,1,4,4,1
Education,Education Administrator,3.1,4,0,2,1,2,0,4,3,3,0,3,0,1,1
Physics,Quantum Physicist,3.0,3,2,1,0,8,1,1,1,1,2,4,0,1,0
Architecture,Urban Planner,3.39,5,2,3,1,1,1,4,2,0,4,3,2,3,1
Art,Art Director,2.55,0,0,3,1,0,1,3,4,2,3,2,1,4,1
Law,Legal Secretary,3.97,6,2,4,1,9,1,3,10,2,0,2,2,2,1
Medicine,Surgeon,3.7842159771652515,7,0,3,1,9,0,4,0,1,3,2,0,0,1
Marketing,Brand Manager,2.93,6,1,3,1,7,1,0,7,3,0,3,3,1,0
Music,Musician,2.83,6,1,2,0,6,0,0,1,3,3,1,4,1,0
Finance,Actuary,3.81,6,0,2,1,9,1,0,2,0,3,8,3,0,1
Physics,Nuclear Physicist,2.88,7,1,4,0,2,0,3,4,3,3,0,3,4,0
Biology,Ecologist,2.91,8,0,3,0,9,0,0,0,0,3,2,1,0,0
Engineering,Civil Engineer,2.14,3,0,4,0,8,0,0,3,9,4,7,4,2,1
Physics,Astronomer,2.29,9,0,1,1,7,1,1,0,1,3,2,1,0,1
Marketing,Brand Manager,2.52,6,2,4,0,6,1,2,7,3,1,0,3,0,1
Law,Paralegal,3.62,5,2,0,1,4,0,4,9,1,4,4,2,4,1
Finance,Risk Analyst,3.12,8,1,2,0,9,1,4,4,1,0,10,3,3,0
Music,Musician,2.96,8,2,0,1,9,1,1,4,3,4,3,3,1,0
Engineering,Aerospace Engineer,2.63,3,1,1,0,6,0,4,4,7,1,8,1,1,1
Education,Special Education Teacher,2.41,0,1,4,1,3,0,3,3,0,0,2,3,3,0
Education,Curriculum Developer,3.16,7,0,0,0,8,1,0,4,3,3,3,4,1,1
Computer Science,Game Developer,2.18,7,0,2,0,6,0,8,2,3,4,0,4,0,1
Computer Science,AI Researcher,3.91,5,0,2,1,0,1,7,3,0,3,0,2,1,0
Chemistry,Physical Chemist,3.05,3,0,3,0,3,1,1,4,4,0,3,2,2,1
Law,Judge,2.79,3,2,0,0,0,1,0,10,1,0,0,3,3,0
Engineering,Civil Engineer,2.82,3,1,3,0,0,1,2,4,7,1,7,1,3,0
Computer Science,Data Scientist,2.27,9,2,1,0,5,1,8,3,0,4,4,4,4,1
Biology,Biotechnologist,2.6,8,1,1,1,7,0,1,0,0,4,0,3,4,0
Biology,Geneticist,2.45,3,2,0,0,5,0,1,2,3,3,1,4,2,1
Biology,Biologist,3.93,1,1,0,0,1,0,4,3,1,1,4,2,1,0
Chemistry,Analytical Chemist,2.11,9,1,4,0,5,0,2,2,0,2,1,0,3,1
Business,Manager,3.53,3,1,3,0,6,1,4,9,2,0,3,0,3,0
Finance,Financial Controller,2.14,7,2,1,1,3,0,4,4,2,2,8,0,2,0
Computer Science,Game Developer,2.1,8,0,3,1,0,1,9,3,4,4,1,4,0,0
Engineering,Chemical Engineer,2.7,7,0,3,1,5,0,2,2,10,3,10,3,4,1
Psychology,Counselor,2.91,3,2,1,1,8,0,4,2,2,0,3,2,1,1
Engineering,Acoustics Specialist,2.58,2,0,3,1,6,1,1,1,9,4,10,3,1,1
Finance,Risk Analyst,2.48,7,0,1,1,0,0,4,4,1,1,9,2,3,0
Chemistry,Analytical Chemist,3.43,5,0,1,1,9,0,1,3,2,4,4,4,0,0
Marketing,Advertising Manager,3.79,2,2,3,0,1,0,0,7,0,1,1,4,2,1
Architecture,Architect,2.26,6,0,4,1,7,0,1,4,2,0,2,2,1,0
Education,Teacher,2.89,7,1,4,0,4,0,1,2,0,3,3,3,2,1
Engineering,Civil Engineer,3.32,3,2,1,1,1,1,3,2,8,2,7,3,0,1
Medicine,Nurse,3.9741847763944596,8,0,0,0,6,0,1,2,0,1,1,1,1,0
Computer Science,AI Researcher,2.8,6,0,3,0,9,0,9,2,2,4,1,3,1,0
Computer Science,Cybersecurity Analyst,3.5,2,1,2,1,5,0,8,3,2,0,4,1,1,1
Education,Education Administrator,2.94,1,2,1,0,5,0,1,3,4,2,2,2,3,1
Art,Illustrator,3.38,2,1,3,1,1,1,1,0,1,3,3,4,2,0
Art,Art Director,3.54,4,2,5,1,9,1,0,0,3,3,4,1,4,0
Art,Graphic Designer,3.6,1,2,5,0,0,0,4,2,3,3,0,1,3,0
Engineering,Aerospace Engineer,2.25,8,0,2,1,5,1,0,4,9,3,10,1,1,0
Medicine,Surgeon,3.6065710596569684,6,2,4,0,3,1,3,0,3,4,2,3,4,1
Finance,Financial Analyst,3.66,4,2,2,1,2,1,3,2,4,1,7,1,2,1
Chemistry,Analytical Chemist,3.79,2,0,2,0,1,0,1,4,1,2,2,3,2,1
Art,Art Director,3.8,6,0,5,0,6,1,3,0,1,0,0,2,2,1
Finance,Actuary,3.48,7,2,1,1,8,0,1,3,2,1,10,1,4,1
Chemistry,Physical Chemist,3.11,4,0,3,0,6,1,4,3,1,2,4,4,1,0
Computer Science,Web Developer,2.97,3,1,0,1,2,1,8,2,2,1,2,4,4,0
Medicine,Surgeon,3.926658593333293,5,2,0,1,4,0,1,4,4,4,1,2,0,0
Architecture,Landscape Architect,2.06,1,0,2,0,2,0,3,3,4,0,2,0,4,1
Engineering,Chemical Engineer,3.24,6,2,0,1,5,0,1,3,7,4,10,1,2,0
Computer Science,Software Developer,2.48,3,1,0,1,9,0,10,0,4,1,1,4,0,1
Education,Education Administrator,2.6,5,0,2,0,7,0,2,2,2,0,1,2,3,0
Architecture,Architectural Technologist,3.47,4,0,4,1,3,0,4,0,4,1,2,4,1,1
Marketing,Social Media Manager,2.78,6,2,1,0,3,1,0,8,0,1,2,0,3,0
Architecture,Architect,3.02,6,0,2,0,7,0,4,3,1,4,1,1,0,0
Music,Composer,2.19,8,1,1,0,1,1,2,0,3,3,2,1,1,1
Marketing,Social Media Manager,3.63,2,2,0,1,3,1,2,7,0,4,1,2,1,1
Chemistry,Analytical Chemist,3.99,9,1,4,1,8,1,0,1,4,1,1,4,2,0
Business,Human Resources Specialist,3.94,2,2,3,1,7,1,1,9,2,2,0,3,0,1
Psychology,Psychologist,2.37,1,0,1,1,4,1,4,2,0,1,3,4,4,1
Chemistry,Chemist,2.74,4,1,2,0,1,1,3,2,4,3,4,4,2,1
Music,Musician,2.98,5,0,3,0,5,0,2,2,3,4,1,0,0,1
Business,Human Resources Specialist,2.22,4,0,4,0,3,1,3,10,3,2,3,0,1,0
Education,Special Education Teacher,2.11,3,0,4,1,8,1,4,2,2,1,4,4,3,0
Computer Science,Game Developer,3.71,3,0,3,0,7,0,9,4,1,3,3,2,0,0
Architecture,Interior Designer,2.6,3,2,3,1,5,0,0,1,0,4,3,2,0,0
Physics,Nuclear Physicist,2.16,4,0,3,0,9,0,4,2,2,2,2,1,3,1
Music,Sound Engineer,2.34,8,0,4,1,4,0,2,4,1,3,2,1,4,1
Chemistry,Inorganic Chemist,3.56,1,2,2,1,1,0,1,4,3,0,4,4,3,1
Chemistry,Chemist,3.08,0,1,1,1,9,1,4,0,0,4,3,2,3,0
Psychology,Art Therapist,2.06,9,0,2,0,8,0,0,4,1,0,1,1,3,0
Art,Art Director,3.74,7,0,3,1,0,1,3,2,3,2,2,3,4,0
Computer Science,Software Developer,3.52,4,0,0,1,4,0,8,0,1,1,4,0,1,1
Physics,Nuclear Physicist,2.18,5,2,3,0,5,1,1,3,0,1,3,2,4,1
Physics,Nuclear Physicist,2.66,7,0,2,0,0,0,1,0,0,3,2,4,1,1
Medicine,Nurse,3.5927044251870273,0,1,4,1,2,0,0,3,3,0,0,4,4,1
Physics,Nuclear Physicist,2.34,8,0,2,0,0,1,4,3,2,3,4,4,1,0
Computer Science,Web Developer,2.72,9,0,3,1,5,0,8,0,2,3,1,2,4,0
Medicine,Doctor,3.922398790594073,8,1,1,1,8,1,2,2,1,1,4,1,0,0
Physics,Quantum Physicist,2.74,1,0,4,0,9,0,3,3,2,2,1,0,0,1
Computer Science,Data Scientist,3.53,3,1,4,1,6,0,10,1,3,4,4,3,1,0
Physics,Astronomer,2.09,2,2,4,0,8,0,4,3,2,2,1,0,0,0
Medicine,Nurse,3.56972511810258,6,1,0,1,1,1,3,2,4,0,4,3,3,0
Marketing,Advertising Manager,2.98,9,0,4,0,2,1,2,8,4,2,2,1,2,1
Biology,Biochemist,3.08,5,1,4,0,0,1,3,2,1,2,4,1,1,0
Chemistry,Organic Chemist,2.9,2,1,3,1,8,1,2,0,3,0,1,1,0,1
Chemistry,Inorganic Chemist,2.31,9,0,2,1,8,1,4,3,4,2,4,4,0,1
Music,Music Teacher,3.48,8,2,3,1,1,1,3,1,3,1,0,0,0,1
Marketing,Marketing Specialist,3.04,3,2,3,0,2,1,2,9,2,3,1,0,1,0
Music,Conductor,2.51,7,2,0,0,8,1,3,2,0,4,1,2,4,1
Biology,Biologist,3.43,9,1,3,1,0,0,2,2,2,0,3,0,3,0
Computer Science,AI Researcher,3.06,2,2,4,0,1,0,10,3,0,2,2,1,2,0
Music,Composer,3.36,7,2,2,0,7,1,3,4,4,0,1,1,0,0
Physics,Astronomer,3.92,1,1,1,1,5,1,4,3,1,2,3,1,3,0
Art,Animator,2.84,6,0,4,1,3,0,4,3,3,3,1,2,1,0
Art,Illustrator,2.91,6,2,4,0,9,1,3,3,4,1,2,0,3,1
Medicine,Pharmacist,3.918724797541731,8,1,1,0,9,0,1,1,0,2,2,2,0,1
Chemistry,Chemist,3.1,3,1,3,1,5,0,0,2,3,2,3,4,0,1
Law,Paralegal,2.49,8,0,2,1,9,1,1,10,3,2,4,3,3,1
Education,Principal,2.56,0,1,1,0,8,0,3,2,1,3,3,4,0,1
Marketing,Brand Manager,3.78,0,2,3,0,0,1,4,8,1,0,4,1,1,1
Chemistry,Inorganic Chemist,2.23,5,1,1,0,3,0,1,0,1,2,0,1,0,0
Art,Animator,3.2,8,0,4,1,3,0,3,4,1,3,2,1,0,1
Engineering,Biomedical Engineer,2.21,7,0,3,0,9,1,3,0,9,2,10,3,0,0
Psychology,Industrial-Organizational Psychologist,3.53,7,1,2,1,8,0,1,0,4,2,2,0,4,0
Biology,Biologist,3.61,4,0,1,1,0,0,1,1,2,3,0,0,4,0
Art,Art Director,3.42,5,1,5,1,5,0,2,0,0,3,0,3,2,1
Biology,Biologist,2.31,2,2,2,1,2,0,4,1,3,0,3,0,0,0
Education,Special Education Teacher,2.36,4,2,1,1,6,0,4,2,2,0,2,1,2,0
Art,Graphic Designer,3.78,6,1,3,0,3,1,1,3,1,3,3,3,4,0
Medicine,Pharmacist,3.596128959234046,6,1,1,1,8,1,4,0,3,3,0,0,2,0
Engineering,Aerospace Engineer,3.29,3,2,3,1,3,0,0,3,10,2,10,0,3,1
Business,Human Resources Specialist,2.53,8,2,3,1,3,0,3,8,2,4,1,3,0,1
Physics,Astronomer,2.19,8,2,2,0,7,0,3,3,1,3,3,2,2,0
Computer Science,Cybersecurity Analyst,3.87,4,0,0,0,4,0,9,1,2,0,1,0,2,0
Medicine,Physician Assistant,3.8205124288176773,0,2,3,1,7,0,2,2,2,1,0,4,1,1
Biology,Biologist,2.14,5,2,2,0,5,1,3,0,2,4,0,0,1,0
Psychology,Clinical Psychologist,3.82,0,0,3,1,1,0,0,1,2,4,2,0,0,1
Medicine,Physician Assistant,3.501354074910226,8,1,4,0,9,1,3,4,0,3,2,1,0,1
Music,Composer,3.05,8,2,2,1,8,1,2,2,1,0,2,0,0,1
Art,Artist,3.8,0,2,5,1,7,0,1,4,3,4,1,4,1,1
Art,Graphic Designer,2.92,4,0,4,0,4,0,2,2,3,0,4,2,3,0
Engineering,Mechanical Engineer,2.71,2,0,0,0,0,1,3,4,7,1,8,0,0,0
Computer Science,Cybersecurity Analyst,2.71,5,0,3,0,0,0,9,2,1,2,0,1,0,1
Education,Principal,2.04,2,1,0,0,8,1,0,3,2,3,0,3,2,1
Law,Paralegal,3.56,9,2,1,1,2,0,2,9,2,2,3,2,2,1
Business,Entrepreneur,3.47,3,2,3,1,4,0,0,8,3,4,2,0,0,0
Education,Principal,3.28,0,0,4,1,4,1,1,1,0,4,0,3,1,0
Law,Legal Analyst,3.01,9,2,0,0,5,1,1,8,2,3,2,1,3,0
Architecture,Interior Designer,2.67,5,2,3,0,1,0,4,4,0,2,2,2,0,0
Music,Composer,3.63,10,1,1,1,0,1,0,1,3,1,0,4,1,1
Law,Legal Secretary,3.58,9,2,0,1,3,0,0,8,0,4,3,0,2,1
Chemistry,Analytical Chemist,2.55,1,0,0,0,7,1,0,4,1,4,4,0,1,1
Music,Composer,2.29,9,1,2,1,2,1,0,4,3,4,2,2,4,1
Engineering,Chemical Engineer,2.08,3,2,0,1,2,0,2,2,10,1,7,2,4,0
Music,Conductor,2.64,9,0,0,1,9,1,3,3,1,4,4,2,4,1
Computer Science,Cybersecurity Analyst,3.95,8,2,4,1,6,1,10,0,0,0,4,4,2,0
Engineering,Mechanical Engineer,3.48,2,2,3,0,2,0,1,1,10,3,9,2,1,1
Physics,Physicist,3.5,0,0,3,1,7,0,1,2,0,3,3,3,1,0
Biology,Biochemist,2.66,6,2,3,1,0,1,3,1,1,3,2,0,2,0
Medicine,Physician Assistant,3.880164110702069,0,0,1,0,7,1,2,4,1,3,4,2,1,1
Marketing,Social Media Manager,3.18,3,2,4,1,7,1,4,7,2,3,1,2,3,0
Business,Human Resources Specialist,2.19,7,1,4,1,2,1,2,7,4,1,0,1,2,1
Education,Education Administrator,2.43,7,0,1,1,7,0,1,4,2,1,4,0,3,0
Medicine,Dentist,3.695458713420581,4,0,2,0,4,0,1,3,2,2,2,2,3,1
Physics,Quantum Physicist,2.94,6,0,1,1,4,0,1,1,4,2,4,3,0,1
Art,Artist,2.75,6,0,5,1,3,1,2,0,1,3,0,2,0,0
Law,Judge,2.56,0,0,4,0,2,0,1,10,0,0,3,0,0,0
Law,Lawyer,2.33,6,0,3,0,3,1,4,7,3,0,1,4,3,1
Computer Science,AI Researcher,2.65,5,2,0,0,6,0,9,3,2,3,3,2,2,0
Music,Musician,2.75,5,2,3,0,3,1,1,2,1,2,0,1,4,0
Business,Construction Manager,2.18,3,1,1,1,5,0,3,7,3,1,4,3,1,0
Education,Special Education Teacher,3.18,6,0,0,0,0,1,2,1,4,1,3,1,1,1
Physics,Astronomer,2.91,1,2,0,0,8,1,2,0,0,1,1,4,4,0
Marketing,Marketing Specialist,3.29,5,1,3,1,7,1,4,7,4,3,3,1,3,0
Medicine,Nurse,3.822242530760297,9,2,4,0,0,1,0,2,3,4,1,0,0,1
Physics,Quantum Physicist,2.51,3,1,0,0,3,1,1,2,1,3,4,0,3,0
Chemistry,Chemist,2.33,6,0,3,0,9,0,4,0,2,3,2,3,2,1
Medicine,Nurse,3.81781599932002,1,0,1,1,3,1,1,0,3,0,3,0,0,1
Law,Legal Consultant,2.75,6,0,0,1,4,0,4,7,4,1,2,2,1,0
Education,Curriculum Developer,2.4,3,1,2,1,3,1,4,2,2,2,1,1,2,1
Music,Musician,2.83,6,2,3,0,5,1,3,3,3,4,1,4,4,0
Music,Musician,2.38,8,2,3,1,9,0,2,1,4,2,4,3,3,1
Medicine,Nurse,3.9331164351338352,1,0,3,1,7,1,0,1,1,0,2,2,0,1
Medicine,Physician Assistant,3.652047317985642,6,1,1,0,4,0,0,4,4,4,4,4,1,1
Art,Artist,2.54,9,0,5,0,0,0,1,2,0,0,2,4,0,0
Physics,Quantum Physicist,2.58,2,1,0,0,8,0,3,4,1,4,2,2,4,0
Art,Graphic Designer,3.0,2,2,3,0,6,1,1,1,3,2,3,2,3,1
Education,Special Education Teacher,2.65,9,1,4,0,7,0,3,4,1,3,2,4,3,1
Architecture,Architectural Technologist,2.36,1,0,0,1,9,1,0,3,2,4,3,4,1,1
Computer Science,Software Developer,2.84,0,2,4,1,2,0,7,4,1,1,2,3,3,0
Business,Manager,3.4,2,1,1,0,7,1,0,7,1,3,4,4,4,1
Business,Construction Manager,3.69,8,1,4,1,1,0,3,7,3,4,4,1,4,0
Medicine,Doctor,3.5781810708224375,8,2,4,1,7,0,0,0,3,1,4,2,0,0
Business,Construction Manager,2.44,6,0,3,1,2,1,1,8,2,1,0,0,1,1
Finance,Risk Analyst,2.07,2,0,0,0,6,1,0,0,2,0,10,4,4,0
Psychology,School Psychologist,3.97,2,0,2,1,0,0,4,0,2,0,0,4,0,1
Music,Composer,3.16,9,0,0,1,9,1,2,3,1,0,3,2,3,0
Architecture,Urban Planner,2.12,3,0,2,1,2,0,3,3,1,3,3,4,0,0
Chemistry,Analytical Chemist,2.12,4,2,4,1,2,0,2,1,3,3,3,2,4,0
Art,Animator,3.65,5,0,4,0,2,1,2,1,1,1,3,0,0,1
Psychology,Clinical Psychologist,2.82,6,1,3,0,9,0,4,3,1,2,3,1,2,1
Chemistry,Organic Chemist,3.05,8,2,0,1,6,0,2,0,3,4,2,3,3,0
Architecture,Interior Designer,2.86,0,1,2,1,1,0,2,2,4,4,4,1,4,1
Law,Judge,2.26,0,2,4,1,9,0,2,7,0,2,1,0,4,0
Business,Human Resources Specialist,3.48,8,1,0,0,8,1,1,7,4,4,4,1,0,0
Psychology,Counselor,2.81,3,0,1,1,2,0,2,1,1,1,2,1,4,1
Music,Conductor,3.64,8,2,3,1,3,0,1,0,0,3,2,1,3,1
Computer Science,Software Developer,3.57,0,1,3,0,6,1,8,3,3,0,1,3,1,1
Chemistry,Organic Chemist,2.43,5,1,3,0,9,1,2,4,2,2,4,4,2,0
Finance,Risk Analyst,2.84,1,1,1,1,3,1,2,3,2,0,7,3,0,0
Music,Musician,2.7,5,0,1,0,4,1,4,3,4,2,4,3,3,1
Engineering,Acoustics Specialist,3.83,5,0,0,1,0,0,0,4,8,2,9,3,3,0
Chemistry,Physical Chemist,2.15,1,0,0,0,6,0,4,2,3,1,4,3,1,0
Biology,Zoologist,2.99,5,2,2,0,3,1,2,2,4,0,1,3,3,0
Law,Judge,3.06,4,0,4,0,6,0,3,8,0,4,0,2,1,0
Physics,Astronomer,3.27,6,1,1,0,0,1,3,2,0,3,0,4,1,0
Chemistry,Organic Chemist,3.96,1,2,2,0,8,1,0,4,0,3,0,0,4,1
Computer Science,AI Researcher,2.31,8,2,2,1,4,0,10,3,4,4,2,2,1,0
Engineering,Civil Engineer,3.89,0,1,2,1,8,1,0,0,10,3,9,1,2,1
Marketing,Marketing Manager,2.28,5,2,1,1,4,1,1,7,3,2,0,1,3,1
Marketing,Advertising Manager,3.05,4,0,4,1,4,0,4,7,4,3,3,4,1,0
Biology,Biochemist,2.32,1,2,3,0,5,0,1,3,2,1,2,2,4,0
Architecture,Architect,2.12,6,1,1,1,5,1,0,0,0,2,2,2,3,0
Art,Graphic Designer,2.06,4,2,5,1,1,0,0,3,4,2,2,1,1,1
Chemistry,Physical Chemist,3.01,6,1,4,0,5,0,2,2,2,3,4,2,3,0
Biology,Zoologist,2.79,3,1,2,1,6,0,1,3,3,3,4,1,1,1
Law,Legal Consultant,3.59,6,2,3,0,1,0,4,8,2,1,3,4,4,1
Music,Sound Engineer,3.27,9,1,2,1,6,1,4,1,0,3,3,0,1,1
Business,Entrepreneur,3.06,4,2,3,1,3,0,1,9,1,0,4,3,1,0
Medicine,Doctor,3.6325566252075743,5,2,2,1,7,1,0,3,0,4,3,3,2,1
Art,Artist,3.06,4,2,4,1,7,1,0,3,3,3,4,4,0,0
Law,Lawyer,2.39,2,2,3,1,8,1,1,10,0,1,4,2,4,1
Medicine,Physician Assistant,3.792517584359331,2,1,4,1,9,1,2,2,0,3,1,0,2,1
Architecture,Urban Planner,4.0,5,1,0,0,7,0,4,1,1,3,1,1,1,0
Physics,Quantum Physicist,2.68,6,1,0,0,8,1,1,0,4,0,4,4,3,1
Biology,Microbiologist,2.77,9,0,2,1,9,0,4,1,3,3,2,2,4,0
Law,Legal Secretary,2.85,8,1,4,1,1,1,3,7,0,4,2,1,2,1
Music,Conductor,2.04,7,2,2,1,6,0,2,0,3,0,2,0,2,0
Computer Science,Game Developer,3.3,3,1,3,1,1,1,9,2,2,0,4,0,0,0
Computer Science,Web Developer,3.52,1,2,2,0,2,0,7,4,1,3,1,4,3,0
Music,Sound Engineer,3.75,8,1,3,1,0,0,0,1,2,0,2,2,2,0
Marketing,Advertising Manager,3.94,3,0,2,1,6,0,4,9,2,1,0,0,4,1
Education,Principal,3.53,6,2,2,0,8,0,0,0,3,3,3,1,3,0
Music,Sound Engineer,3.18,7,2,0,1,6,1,4,4,0,4,2,1,2,0
Physics,Astronomer,3.82,6,2,1,1,5,1,1,3,3,2,4,0,0,0
Education,Principal,3.01,7,1,4,0,5,1,4,1,4,0,2,4,4,1
Biology,Zoologist,3.15,6,1,2,0,0,0,3,2,4,1,0,1,2,0
Art,Animator,2.5,9,1,5,1,7,0,1,3,0,3,1,0,3,1
Psychology,Music Therapist,3.44,3,0,4,0,8,1,3,2,2,4,1,4,2,1
Engineering,Acoustics Specialist,2.77,7,1,3,0,3,1,2,3,10,0,9,1,3,0
Medicine,Doctor,3.984745449703089,6,2,1,1,1,0,2,3,1,1,3,0,3,1
Psychology,School Psychologist,2.55,1,1,1,0,6,1,3,0,4,1,0,4,4,1
Marketing,Marketing Manager,3.68,7,2,2,0,8,0,4,10,0,3,0,3,4,1
Biology,Biotechnologist,3.88,1,0,4,0,1,0,3,4,0,4,2,2,3,0
Medicine,Physician Assistant,3.8195539234973532,7,0,1,1,6,1,0,0,0,1,4,4,0,0
Architecture,Interior Designer,3.2,6,2,3,0,2,0,1,0,3,3,3,1,1,1
Psychology,Forensic Psychologist,3.16,9,2,3,0,0,0,2,4,4,1,1,3,1,1
Physics,Quantum Physicist,2.85,7,0,0,1,0,0,3,3,3,2,3,0,3,0
Engineering,Aerospace Engineer,3.18,9,1,1,0,4,1,3,1,10,2,9,0,1,1
Law,Legal Analyst,3.3,0,0,4,1,0,0,3,10,1,1,2,1,2,0
Medicine,Nurse,3.5123222023181615,8,0,4,0,3,1,4,1,2,1,0,1,2,1
Marketing,Social Media Manager,2.01,2,2,0,1,4,0,1,9,3,1,4,1,4,0
Physics,Nuclear Physicist,3.75,9,0,0,0,7,0,2,1,1,0,3,3,1,1
Engineering,Civil Engineer,3.73,5,0,3,0,3,1,1,1,9,0,7,2,4,0
Psychology,Music Therapist,2.41,3,1,3,1,7,0,3,4,0,4,4,1,2,1
Psychology,Counselor,2.02,4,1,0,1,0,0,2,0,0,3,1,0,4,0
Law,Judge,2.28,6,2,1,1,1,0,3,10,1,2,1,0,0,0
Chemistry,Analytical Chemist,2.38,0,1,0,1,0,0,1,1,2,4,0,4,0,0
Education,Principal,3.24,5,2,0,0,3,0,0,4,0,0,2,4,2,1
Chemistry,Analytical Chemist,3.03,4,1,4,1,3,0,0,4,1,1,3,2,4,0
Computer Science,Software Developer,2.72,6,1,3,0,3,0,9,3,3,1,3,3,1,1
Law,Judge,3.61,2,2,2,1,7,1,0,9,3,0,1,4,4,0
Education,Special Education Teacher,2.89,1,1,2,0,1,1,0,3,1,3,0,1,0,0
Computer Science,Software Developer,3.94,7,0,0,1,7,1,7,4,0,2,4,4,0,1
Law,Judge,2.68,3,2,4,1,7,1,3,8,4,3,0,0,4,0
Architecture,Landscape Architect,2.04,2,0,0,0,4,1,1,1,4,3,0,4,1,0
Biology,Geneticist,2.58,0,2,4,0,3,0,3,3,3,2,3,1,0,0
Law,Judge,3.69,6,2,3,0,8,1,3,8,3,1,4,2,0,0
Education,Principal,3.14,2,0,0,0,3,1,0,1,0,3,3,1,0,1
Architecture,Landscape Architect,3.19,1,2,1,0,5,1,1,3,4,4,2,3,1,0
Business,Manager,2.23,2,2,2,1,7,0,0,10,2,1,2,1,4,1
Medicine,Doctor,3.5275507675794158,5,1,1,1,8,0,2,3,0,1,4,3,0,1
Engineering,Mechanical Engineer,2.25,0,0,4,1,4,0,4,1,10,1,8,4,0,0
Education,Curriculum Developer,2.48,3,2,0,1,4,0,1,2,2,2,2,1,0,0
Psychology,Counselor,3.63,2,1,2,0,5,0,1,4,2,1,1,4,4,1
Law,Paralegal,3.19,1,2,4,1,1,1,1,10,4,4,2,0,4,1
Education,Curriculum Developer,3.5,4,2,4,0,4,0,3,2,1,4,4,1,4,1
Architecture,Architect,3.64,6,1,1,0,1,1,1,0,3,3,2,2,2,0
Music,Conductor,2.98,7,2,3,1,2,1,4,1,1,0,2,3,0,1
Chemistry,Organic Chemist,2.56,4,1,3,1,5,0,0,1,4,4,0,0,3,0
Finance,Financial Controller,2.18,5,0,3,0,2,0,0,4,0,3,8,3,4,1
Law,Legal Consultant,3.77,5,1,3,1,1,1,4,7,2,1,0,2,3,0
Education,Curriculum Developer,2.14,4,0,0,1,4,1,2,4,0,3,3,3,0,1
Computer Science,Game Developer,2.51,1,2,1,1,7,1,8,1,4,2,0,1,1,1
Computer Science,AI Researcher,3.5,0,2,1,1,3,1,9,3,4,0,0,0,3,0
Education,Special Education Teacher,2.27,9,2,4,0,9,1,3,0,1,2,3,0,0,0
Marketing,Social Media Manager,3.77,3,2,1,1,4,0,1,10,2,0,1,2,3,1
Computer Science,Game Developer,3.56,0,2,0,1,0,0,8,4,0,2,2,3,2,1
Medicine,Nurse,3.5512645991139005,4,0,1,1,7,1,3,4,3,2,0,0,1,0
Law,Legal Analyst,2.36,0,2,0,0,1,0,1,9,1,2,2,0,3,0
Art,Illustrator,2.77,8,1,5,0,5,1,4,3,2,4,2,0,1,0
Biology,Zoologist,2.53,6,0,0,1,7,0,3,1,4,3,4,0,1,1
Architecture,Architectural Technologist,3.47,6,2,3,0,9,0,0,3,1,2,2,2,4,0
Education,Education Administrator,3.17,9,0,4,0,4,0,0,1,1,4,2,4,4,0
Physics,Physicist,2.99,5,0,4,1,6,1,3,3,1,0,1,0,1,1
Computer Science,Cybersecurity Analyst,2.32,7,1,0,0,8,1,8,3,2,2,4,4,1,0
Music,Composer,3.66,10,0,4,1,8,0,0,1,1,1,1,2,2,1
Physics,Astronomer,3.6,9,1,1,0,3,0,4,4,4,3,4,3,0,0
Engineering,Mechanical Engineer,3.57,1,0,3,1,0,1,3,3,9,0,8,1,0,0
Art,Art Director,2.97,0,0,5,0,9,0,1,1,4,1,1,0,2,0
Computer Science,Software Developer,2.92,6,0,1,1,9,1,7,2,1,3,4,2,0,0
Marketing,Digital Marketing Specialist,3.57,5,2,1,1,4,1,3,10,2,4,1,2,2,1
Biology,Ecologist,2.37,7,2,1,1,5,1,2,2,2,0,4,2,3,0
Education,Curriculum Developer,2.22,4,1,3,0,8,1,4,4,2,1,3,0,2,0
Engineering,Fluid Mechanics Engineer,3.3,9,1,4,1,5,1,2,2,8,3,9,3,3,1
Art,Animator,2.88,3,2,4,1,3,1,1,0,2,3,3,2,0,0
Biology,Ecologist,3.12,3,2,4,0,8,1,3,0,2,2,4,3,0,0
Engineering,Biomedical Engineer,2.47,9,0,0,0,2,0,4,1,7,3,8,0,3,0
Engineering,Acoustics Specialist,3.21,4,1,3,1,4,0,4,2,7,3,10,0,4,0
Biology,Zoologist,2.93,2,2,3,0,3,1,1,3,2,3,2,3,2,1
Engineering,Aerospace Engineer,3.68,2,0,4,0,4,1,3,4,8,0,8,3,1,1
Chemistry,Physical Chemist,3.94,6,0,3,0,5,0,4,0,1,2,4,3,4,0
Chemistry,Inorganic Chemist,3.33,7,0,0,0,5,1,3,0,3,0,1,3,1,0
Education,Special Education Teacher,3.75,6,0,3,0,0,0,1,4,2,1,2,4,0,1
Business,Manager,2.04,3,2,4,1,4,0,3,8,0,0,3,0,3,0
Marketing,Advertising Manager,2.23,9,1,4,1,4,0,3,8,2,2,4,0,4,1
Biology,Zoologist,3.44,5,1,0,0,9,0,2,3,2,1,0,2,4,0
Music,Conductor,3.49,9,1,2,0,3,1,4,0,1,1,4,0,1,0
Psychology,Music Therapist,2.37,1,1,3,1,3,1,3,1,2,3,2,3,3,0
Art,Illustrator,3.54,7,2,4,1,0,1,0,0,4,3,1,2,3,0
Chemistry,Physical Chemist,3.12,1,0,1,1,4,1,1,1,3,2,1,3,1,0
Engineering,Civil Engineer,3.22,3,1,1,1,6,0,2,0,7,2,7,0,0,1
Art,Art Director,3.5,0,2,5,1,0,0,3,4,1,0,3,0,2,1
Engineering,Electrical Engineer,3.88,0,0,0,1,1,1,3,4,7,3,10,2,3,0
Physics,Astronomer,2.16,6,1,4,1,4,0,2,1,2,4,3,2,3,0
Art,Animator,2.31,7,0,5,0,4,1,0,2,4,1,1,3,3,1
Physics,Physicist,3.28,5,0,2,1,3,0,0,0,2,0,4,0,4,0
Marketing,Brand Manager,3.69,5,2,1,0,1,0,0,10,4,2,1,4,3,0
Chemistry,Inorganic Chemist,3.39,9,0,2,1,7,0,3,1,2,0,2,2,1,0
Education,Curriculum Developer,3.69,8,2,0,0,1,0,2,2,2,0,0,3,2,1
Medicine,Dentist,3.946556870661236,9,2,0,0,9,1,2,2,1,4,1,0,3,1
Business,Entrepreneur,2.34,0,0,0,1,0,1,1,10,3,4,3,4,2,1
Art,Art Director,2.66,3,2,5,1,3,1,0,3,2,3,3,3,0,1
Art,Graphic Designer,2.83,5,0,4,0,2,1,2,1,3,4,1,1,0,0
Medicine,Doctor,3.8380978731782696,0,0,4,1,0,0,2,4,1,4,3,3,2,1
Medicine,Dentist,3.809873927245783,2,1,2,0,5,0,3,0,0,2,0,3,1,0
Business,Human Resources Specialist,2.24,9,2,2,0,3,1,0,8,3,2,0,4,4,1
Medicine,Doctor,3.5920506616804784,9,2,2,1,4,1,4,4,3,2,4,1,0,1
Engineering,Aerospace Engineer,2.2,0,1,3,1,4,0,2,4,9,3,7,4,4,0
Architecture,Architectural Technologist,2.36,5,2,2,0,5,1,3,0,0,0,0,0,3,0
Computer Science,Cybersecurity Analyst,3.42,6,1,0,1,4,1,8,1,2,4,0,2,1,0
Education,Curriculum Developer,2.37,0,1,2,1,4,0,3,0,3,2,2,0,1,0
Art,Graphic Designer,3.23,3,1,4,0,2,1,4,3,3,2,1,0,1,0
Education,Principal,2.52,5,2,1,1,6,0,2,0,0,3,4,0,4,1
Marketing,Social Media Manager,2.64,4,0,4,0,8,1,0,9,3,2,0,0,2,0
Psychology,Counselor,3.62,1,1,4,0,9,1,0,0,2,1,2,1,2,1
Engineering,Chemical Engineer,2.55,7,2,3,0,6,1,0,0,7,2,8,2,4,1
Art,Illustrator,3.53,4,0,5,0,7,1,0,1,4,4,2,0,4,0
Chemistry,Inorganic Chemist,2.71,5,2,0,0,5,1,3,4,4,2,3,0,2,0
Computer Science,Software Developer,3.67,8,2,4,1,2,1,7,0,2,0,0,1,2,0
Physics,Physicist,3.29,9,0,2,1,4,0,3,4,1,4,0,2,2,1
Marketing,Brand Manager,2.18,6,0,1,1,2,1,0,7,3,3,3,3,4,0
Architecture,Architectural Technologist,3.55,4,2,1,1,0,0,1,0,4,1,2,0,0,1
Physics,Quantum Physicist,3.05,0,0,2,0,6,0,0,2,1,2,0,1,1,1
Chemistry,Physical Chemist,2.27,1,2,3,0,1,1,1,1,1,2,1,0,0,1
Psychology,School Counselor,3.25,7,2,1,0,3,1,4,1,0,0,1,4,2,0
Architecture,Interior Designer,2.86,1,2,0,1,0,1,3,3,0,2,3,1,3,1
Marketing,Marketing Specialist,3.92,7,1,2,0,0,1,1,9,1,0,0,3,3,1
Physics,Nuclear Physicist,2.9,4,0,1,1,9,0,1,4,1,0,1,1,3,1
Art,Illustrator,2.08,6,2,3,1,2,0,2,2,0,2,2,3,3,0
Law,Legal Consultant,2.2,9,0,0,0,1,1,1,7,1,4,1,3,0,1
Biology,Biologist,2.92,4,1,4,1,8,0,0,3,3,0,1,4,2,0
Business,Construction Manager,2.23,0,0,0,0,0,1,0,9,3,1,2,4,2,1
Physics,Astronomer,3.86,8,2,1,0,0,1,4,3,2,3,1,2,4,1
Architecture,Interior Designer,2.06,3,2,4,0,3,0,2,2,1,1,1,3,2,0
Psychology,Industrial-Organizational Psychologist,2.45,4,1,0,0,2,0,4,1,0,3,0,0,4,1
Psychology,Clinical Psychologist,3.49,2,1,0,0,8,0,0,3,2,1,3,2,1,1
Engineering,Fluid Mechanics Engineer,2.19,2,0,1,0,2,0,3,1,10,2,10,1,3,1
Education,Education Administrator,2.71,5,2,2,0,6,0,1,0,3,1,4,3,4,0
Psychology,Psychologist,3.34,2,1,0,1,1,0,0,2,2,2,1,2,3,1
Finance,Investment Banker,2.44,3,2,0,0,4,0,4,3,1,3,8,4,4,1
Art,Art Director,3.82,3,0,4,1,6,1,1,1,4,2,1,0,3,1
Chemistry,Analytical Chemist,3.5,9,1,0,1,9,0,0,4,2,4,1,0,2,1
Chemistry,Chemist,3.99,4,1,4,1,8,1,3,3,1,1,1,2,0,0
Education,Principal,2.46,3,0,0,1,7,1,4,3,4,4,4,2,2,0
Business,Human Resources Specialist,3.6,4,1,1,1,0,1,4,10,2,0,0,0,4,0
Music,Composer,3.22,9,2,4,0,4,1,2,3,3,2,0,0,0,1
Physics,Nuclear Physicist,3.91,6,0,4,0,3,0,4,1,4,0,3,2,2,1
Computer Science,Game Developer,3.28,3,1,4,0,7,1,8,1,4,3,4,2,4,1
Computer Science,Data Scientist,2.25,0,1,4,0,6,0,8,1,1,4,0,0,4,0
Medicine,Doctor,3.647408619173383,9,0,4,0,0,0,0,0,4,3,0,2,4,0
Finance,Financial Analyst,2.88,9,2,3,1,8,1,3,1,0,4,8,1,2,0
Physics,Nuclear Physicist,2.84,5,0,0,0,8,1,4,1,0,2,3,3,4,0
Computer Science,Data Scientist,2.75,3,0,1,0,1,1,9,4,3,3,1,3,0,0
Business,Human Resources Specialist,3.9,7,2,0,1,1,1,4,10,3,4,2,1,2,1
Engineering,Biomedical Engineer,3.37,9,2,4,1,4,0,2,2,8,1,7,1,2,0
Psychology,Psychologist,2.49,5,0,4,1,8,1,4,1,3,2,2,0,1,0
Marketing,Advertising Manager,3.09,2,2,4,0,0,0,0,10,0,2,0,3,4,1
Business,Human Resources Specialist,3.32,6,1,3,1,0,1,3,8,2,0,0,2,0,1
Medicine,Surgeon,3.806841593864372,1,1,3,1,7,1,3,2,4,2,3,4,4,1
Physics,Quantum Physicist,2.57,7,2,4,0,6,1,2,4,0,2,1,4,1,1
Art,Illustrator,3.58,8,2,4,0,5,0,3,2,3,4,1,2,2,0
Music,Sound Engineer,2.37,8,0,3,0,9,1,1,3,3,3,1,4,1,0
Architecture,Landscape Architect,3.27,8,2,4,0,1,0,4,0,1,2,3,1,1,1
Law,Legal Analyst,3.68,2,2,1,1,5,0,0,7,0,3,1,1,4,1
Architecture,Landscape Architect,3.66,9,1,3,1,2,1,0,3,0,4,1,0,2,1
Computer Science,Data Scientist,3.25,4,2,4,1,6,0,10,4,1,1,3,2,2,0
Biology,Ecologist,2.94,5,2,0,1,5,0,1,2,2,1,1,2,1,1
Physics,Astronomer,2.73,0,1,2,1,5,1,3,4,2,1,2,3,3,0
Music,Musician,3.26,5,0,3,1,7,1,4,0,4,0,3,4,4,1
Medicine,Surgeon,3.7573921174665674,6,2,1,1,1,1,4,3,4,2,3,3,1,0
Psychology,School Psychologist,2.35,7,0,0,1,9,1,2,4,3,0,4,3,3,0
Physics,Physicist,2.74,4,2,2,0,9,1,2,3,3,1,1,4,4,1
Marketing,Advertising Manager,3.59,2,1,3,1,2,1,1,10,2,4,1,4,2,1
Engineering,Electrical Engineer,2.79,8,2,4,1,6,1,4,0,10,1,8,3,4,1
Computer Science,Data Scientist,2.15,0,0,4,0,3,0,7,1,4,1,3,0,4,0
Law,Paralegal,2.05,9,0,3,1,1,0,4,7,0,1,3,2,4,1
Music,Sound Engineer,2.19,8,1,1,1,4,1,0,0,2,2,3,1,3,0
Marketing,Market Research Analyst,2.64,4,1,2,0,3,1,4,10,2,1,3,1,0,0
Business,Construction Manager,2.0,7,0,4,1,1,1,1,10,4,2,2,3,4,1
Marketing,Advertising Manager,2.83,5,0,0,0,7,0,3,8,1,1,0,2,1,1
Architecture,Urban Planner,3.03,3,2,1,1,8,1,3,4,2,1,3,2,2,1
Education,Teacher,3.45,5,2,1,0,6,1,2,0,3,0,4,4,3,0
Law,Legal Consultant,2.35,5,0,4,0,3,1,3,8,4,3,4,2,1,1
Engineering,Mechanical Engineer,3.1,0,1,4,1,8,1,3,2,10,2,7,4,0,1
Education,Special Education Teacher,2.6,7,2,1,0,5,0,0,3,4,3,2,1,3,1
Art,Animator,3.23,3,2,4,0,0,0,4,1,3,3,3,1,4,0
Music,Music Teacher,2.4,9,0,4,0,7,1,0,2,0,0,3,1,2,0
Law,Lawyer,2.74,3,1,1,0,2,0,1,10,2,0,4,3,1,0
Art,Illustrator,2.77,4,1,5,0,5,0,3,4,0,0,1,0,4,0
Computer Science,Data Scientist,2.06,6,2,1,0,4,0,7,4,4,2,4,3,4,1
Biology,Zoologist,3.3,2,0,1,1,3,1,4,0,3,4,2,2,4,1
Finance,Financial Advisor,3.46,1,2,1,0,9,0,0,3,0,1,7,3,4,1
Biology,Biotechnologist,2.26,0,1,2,1,4,0,3,1,3,4,3,2,2,1
Finance,Financial Analyst,2.12,2,0,2,1,9,0,1,2,4,1,10,3,2,0
Architecture,Interior Designer,2.24,6,0,4,1,6,1,4,3,1,2,1,0,4,0
Law,Lawyer,3.58,7,0,2,0,9,0,0,9,4,1,4,1,0,1
Architecture,Urban Planner,3.3,8,2,4,0,1,0,1,4,0,0,0,3,0,0
Psychology,Forensic Psychologist,2.76,8,0,1,1,8,1,3,0,3,2,1,2,4,0
Architecture,Urban Planner,2.12,2,1,3,1,1,0,2,3,0,3,1,3,3,0
Medicine,Nurse,3.8992779190652995,5,1,4,0,7,0,0,1,4,1,1,3,0,0
Chemistry,Analytical Chemist,3.16,6,2,0,0,1,0,0,1,4,3,1,0,2,0
Physics,Physicist,2.01,3,0,2,0,7,1,4,4,4,3,3,1,0,0
Physics,Nuclear Physicist,2.7,6,0,2,0,9,1,2,0,1,4,4,2,4,1
Architecture,Interior Designer,2.16,9,1,2,0,0,1,4,1,1,3,2,3,4,0
Finance,Financial Controller,2.12,1,1,2,0,8,1,4,4,4,4,8,4,0,1
Business,Construction Manager,2.2,6,0,0,0,6,0,4,10,4,3,1,0,3,1
Psychology,Forensic Psychologist,3.82,0,1,3,1,4,0,2,4,1,1,4,4,4,0
Chemistry,Inorganic Chemist,2.19,9,1,0,1,6,1,3,3,4,4,4,2,2,0
Marketing,Brand Manager,2.11,9,0,0,0,8,1,0,7,0,2,4,3,0,1
Physics,Physicist,2.75,7,1,0,0,4,1,4,4,4,1,1,1,2,0
Psychology,Psychologist,2.9,1,0,0,0,4,0,1,4,3,0,0,2,3,1
Psychology,Art Therapist,2.85,2,1,3,1,4,0,4,3,1,0,0,1,2,1
Psychology,School Counselor,3.03,5,1,0,1,8,1,2,3,1,2,1,2,2,0
Biology,Biologist,2.17,8,1,2,0,7,1,2,4,3,2,4,3,0,1
Chemistry,Chemist,2.22,8,2,4,0,3,1,3,2,1,1,2,3,0,1
Business,Construction Manager,2.78,6,2,2,1,5,1,1,10,2,4,2,4,1,1
Music,Music Teacher,3.38,5,1,2,1,7,0,3,3,2,1,2,0,3,0
Marketing,Marketing Specialist,3.01,0,1,0,0,8,1,3,7,0,4,4,1,4,1
Marketing,Advertising Manager,2.9,8,2,1,1,5,0,3,7,3,0,4,0,4,0
Chemistry,Organic Chemist,2.53,7,2,2,0,9,0,2,4,4,0,2,0,0,0
Biology,Ecologist,3.86,5,2,1,1,2,0,1,3,1,3,1,2,3,1
Law,Lawyer,2.36,3,1,4,0,7,0,3,9,1,0,3,3,1,0
Psychology,Music Therapist,2.33,1,1,4,1,9,1,1,4,1,2,2,2,0,0
Physics,Quantum Physicist,3.47,1,1,4,1,9,0,4,4,0,4,0,0,2,0
Art,Graphic Designer,2.74,0,1,3,1,0,0,3,0,1,1,1,1,0,1
Education,Curriculum Developer,2.31,9,1,4,1,2,0,1,4,1,1,1,1,2,1
Computer Science,Web Developer,2.15,4,1,4,0,2,1,8,4,0,1,2,2,2,1
Medicine,Doctor,3.5730482827706602,6,0,2,0,1,0,4,2,3,3,4,3,2,0
Music,Musician,3.35,7,0,4,0,1,0,0,2,2,4,4,1,1,0
Chemistry,Analytical Chemist,2.97,6,2,4,0,3,0,4,3,0,3,4,1,2,1
Music,Composer,2.27,6,1,3,0,2,1,1,4,2,1,0,1,3,1
Music,Music Teacher,2.17,10,1,2,1,8,1,2,4,0,0,0,4,0,0
Education,Curriculum Developer,2.21,0,2,2,0,0,1,3,0,2,3,3,3,3,1
Music,Music Teacher,2.87,6,2,0,1,1,0,0,4,1,4,4,0,4,1
Education,Principal,2.93,6,0,4,1,7,1,2,1,3,1,1,0,4,0
Law,Paralegal,3.59,4,1,3,0,1,0,3,8,1,0,1,3,4,0
Architecture,Architect,3.12,9,2,0,0,5,1,4,2,3,4,4,1,3,1
Music,Conductor,2.98,10,0,0,0,1,0,2,2,0,2,2,3,1,1
Music,Sound Engineer,2.26,8,2,3,1,2,0,0,3,3,1,2,2,0,0
Marketing,Digital Marketing Specialist,2.19,2,0,0,1,6,1,4,8,3,1,3,2,1,0
Business,Manager,3.87,7,0,3,0,4,1,1,10,3,3,3,3,0,0
Education,Special Education Teacher,2.73,9,2,3,0,9,1,1,0,4,0,2,4,2,1
Chemistry,Physical Chemist,2.94,1,1,0,1,8,0,0,1,0,4,0,0,0,1
Psychology,Industrial-Organizational Psychologist,2.55,8,0,2,0,4,0,4,4,0,4,3,4,4,1
Architecture,Landscape Architect,3.26,7,1,0,1,2,1,3,3,4,4,3,0,3,1
Education,Principal,2.47,7,2,3,1,8,1,3,3,3,0,4,1,3,1
Computer Science,Web Developer,3.02,0,0,1,1,2,1,7,3,2,4,2,4,3,0
Physics,Astronomer,2.51,9,0,2,1,4,1,3,2,0,4,2,4,0,0
Computer Science,Game Developer,2.29,4,0,3,1,8,0,9,1,2,2,1,4,0,1
Chemistry,Physical Chemist,2.44,0,1,3,0,4,0,3,2,1,1,2,0,4,0
Education,Teacher,3.76,1,0,2,0,1,0,4,0,3,1,0,0,0,1
Finance,Financial Analyst,2.16,7,1,3,0,3,1,0,0,2,4,10,0,0,0
Finance,Accountant,3.1,2,2,1,1,2,0,1,0,0,4,8,4,4,0
Physics,Nuclear Physicist,2.72,2,2,4,0,0,0,2,1,2,0,3,3,3,1
Music,Music Teacher,3.72,8,2,4,0,5,1,3,3,4,2,2,1,1,1
Education,Curriculum Developer,3.38,7,2,0,1,0,1,2,1,1,3,1,2,2,0
Business,Human Resources Specialist,3.9,8,0,1,1,4,0,0,8,1,2,3,4,2,1
Psychology,School Counselor,3.1,0,1,3,1,3,0,4,4,1,3,2,4,4,1
Psychology,School Counselor,3.08,8,2,1,1,9,1,3,4,1,3,1,3,0,1
Music,Music Teacher,2.68,6,2,1,0,0,1,2,2,3,0,2,0,0,1
Law,Legal Secretary,2.64,7,1,0,0,1,0,0,9,1,3,2,4,3,1
Finance,Financial Advisor,2.85,8,1,3,0,5,1,0,1,4,3,10,4,0,1
Biology,Biologist,2.26,8,1,1,1,5,1,3,3,3,3,1,0,1,1
Medicine,Nurse,3.583269256748635,3,0,2,0,0,1,4,1,4,3,4,4,1,1
Chemistry,Inorganic Chemist,3.46,3,0,0,0,8,0,2,0,1,2,4,4,0,0
Marketing,Brand Manager,3.23,6,2,2,1,9,0,3,9,3,1,0,0,2,0
Biology,Zoologist,3.09,2,2,4,0,1,0,3,1,3,1,4,3,0,0
Computer Science,Software Developer,2.17,0,0,3,1,3,0,8,2,0,4,4,2,1,1
Business,Manager,2.3,5,0,0,1,3,0,1,8,2,1,3,2,1,0
Computer Science,Software Developer,3.45,5,1,1,1,0,0,10,3,4,2,3,2,2,1
Psychology,Counselor,3.5,4,2,2,0,5,1,1,4,0,0,2,0,3,0
Engineering,Fluid Mechanics Engineer,2.26,6,2,0,1,8,0,1,0,7,3,8,0,3,0
Law,Legal Secretary,3.72,2,0,2,0,5,0,2,7,1,1,3,1,2,0
Physics,Astronomer,3.75,3,2,0,0,2,1,0,0,1,1,3,1,0,1
Physics,Astronomer,3.35,2,2,1,1,2,0,0,2,2,4,3,4,1,0
Business,Construction Manager,3.81,5,1,0,1,4,0,3,8,2,1,4,3,1,1
Computer Science,Data Scientist,3.24,3,1,2,0,0,0,9,2,1,2,3,1,2,1
Chemistry,Chemist,2.51,4,2,2,0,7,1,4,4,1,1,0,3,1,1
Biology,Microbiologist,3.95,5,2,4,1,3,1,2,4,2,3,0,4,0,1
Marketing,Advertising Manager,3.27,5,1,0,1,1,1,4,8,0,1,2,1,0,0
Medicine,Physician Assistant,3.791118724401293,8,0,0,1,6,0,1,0,2,1,3,3,0,0
Chemistry,Analytical Chemist,2.25,1,1,2,1,7,1,0,2,0,1,4,1,0,0
Art,Animator,2.17,9,2,5,0,6,0,0,1,4,4,2,4,0,0
Physics,Astronomer,2.59,0,2,2,0,6,1,0,3,2,2,4,0,0,1
Medicine,Surgeon,3.908028378557162,8,0,0,0,4,0,3,3,2,3,3,3,2,1
Physics,Physicist,2.13,6,2,4,1,2,0,3,4,4,1,3,0,2,1
Marketing,Marketing Specialist,3.05,8,0,0,0,4,0,4,9,2,0,1,0,0,1
Physics,Quantum Physicist,3.67,0,1,4,0,6,0,1,1,2,0,2,4,2,1
Music,Music Teacher,2.3,5,1,3,0,2,1,3,1,2,2,0,0,1,0
Art,Graphic Designer,3.87,5,2,3,1,1,0,4,2,2,3,2,2,3,0
Medicine,Pharmacist,3.8021522099107394,9,0,2,0,3,1,0,4,2,4,2,2,3,0
Medicine,Doctor,3.7086914709002365,5,1,3,1,7,0,4,4,3,4,3,2,4,0
Medicine,Dentist,3.813385259708611,1,0,1,0,4,1,4,3,0,2,4,1,2,0
Chemistry,Inorganic Chemist,2.13,9,2,3,0,4,1,4,1,3,4,0,4,1,1
Education,Special Education Teacher,2.52,3,0,1,1,8,0,0,0,1,0,2,2,1,1
Chemistry,Physical Chemist,3.62,4,1,4,1,4,0,3,0,1,4,4,2,1,1
Physics,Nuclear Physicist,3.89,1,2,1,1,5,1,0,1,0,0,1,4,0,1
Biology,Ecologist,3.87,7,2,1,0,2,0,0,0,2,3,0,1,4,0
Law,Legal Consultant,2.39,4,1,0,1,4,1,0,9,1,3,1,3,4,1
Engineering,Biomedical Engineer,3.66,5,0,4,1,2,1,2,1,10,4,7,1,3,0
Medicine,Physician Assistant,3.7530223462059182,0,2,1,1,8,0,0,4,4,4,0,0,3,0
Law,Lawyer,2.58,3,2,3,0,9,0,1,9,2,3,2,0,0,1
Art,Art Director,2.51,0,1,5,1,6,0,2,3,4,4,0,3,3,1
Music,Musician,3.95,5,0,2,0,3,1,2,4,3,3,4,2,0,0
Law,Judge,2.01,3,2,1,0,9,0,0,7,2,1,3,4,2,1
Psychology,Industrial-Organizational Psychologist,3.23,3,1,0,0,5,0,1,4,2,0,0,0,0,0
Psychology,School Psychologist,3.66,8,0,1,0,5,0,0,3,4,0,3,3,0,1
Music,Composer,2.34,6,1,0,0,1,1,3,1,0,3,3,1,4,0
Biology,Geneticist,3.06,8,1,2,0,1,0,3,3,0,0,4,3,0,0
Marketing,Marketing Specialist,2.35,9,2,0,1,2,0,0,9,4,1,0,0,3,0
Engineering,Fluid Mechanics Engineer,2.76,8,2,1,0,0,0,4,1,8,1,8,3,3,1
Education,Curriculum Developer,2.66,0,1,1,0,0,1,0,4,1,1,4,0,3,0
Medicine,Pharmacist,3.8590340806004306,7,1,4,1,1,0,4,2,2,4,2,3,0,0
Music,Composer,3.74,9,2,3,1,4,1,1,1,3,1,0,3,4,0
Education,Education Administrator,3.59,4,1,4,1,5,0,4,3,1,2,1,2,4,0
Finance,Accountant,2.02,9,1,4,1,1,1,4,3,3,4,9,0,1,0
Education,Principal,2.71,5,2,3,0,2,1,4,1,3,2,4,2,0,0
Architecture,Landscape Architect,2.43,2,0,0,1,4,1,1,0,3,2,2,2,3,0
Marketing,Advertising Manager,2.06,2,2,3,0,2,0,1,8,0,3,1,3,2,1
Music,Musician,2.27,9,0,0,1,4,0,4,0,0,2,4,4,3,1
Biology,Biotechnologist,2.1,2,1,4,0,7,0,3,2,0,3,2,1,2,1
Psychology,Psychologist,3.0,3,0,4,0,5,0,1,2,4,0,1,2,0,0
Medicine,Doctor,3.79881621993445,2,0,3,1,5,1,0,2,4,1,3,0,2,1
Biology,Zoologist,3.25,6,0,0,1,5,0,0,3,4,0,4,1,3,1
Medicine,Dentist,3.5145849461453715,0,2,1,0,3,0,2,4,1,0,3,3,0,1
Marketing,Brand Manager,3.84,6,2,1,1,4,1,4,9,0,2,0,0,1,1
Computer Science,Software Developer,2.23,2,1,3,0,8,1,9,1,3,3,1,2,3,1
Architecture,Urban Planner,2.11,7,0,0,0,0,1,4,4,0,2,4,0,1,1
Architecture,Urban Planner,3.11,3,2,0,0,2,0,4,2,3,2,0,0,0,1
Music,Sound Engineer,3.21,10,1,3,1,1,0,1,2,2,3,2,4,0,0
Psychology,Forensic Psychologist,3.27,4,1,4,1,4,0,1,1,4,4,2,0,2,1
Law,Lawyer,3.39,2,2,4,1,5,1,4,8,3,3,2,4,1,0
Medicine,Surgeon,3.5653363152066313,5,0,2,0,3,0,1,2,1,3,1,1,4,0
Art,Graphic Designer,3.82,3,0,3,0,9,0,2,4,0,0,0,0,4,1
Law,Legal Secretary,2.07,0,0,1,0,1,1,0,8,0,0,2,0,0,1
Chemistry,Organic Chemist,2.33,7,2,1,0,1,1,0,0,2,1,1,3,3,1
Physics,Astronomer,2.78,7,0,2,1,0,0,3,4,4,4,0,1,4,1
Finance,Financial Analyst,2.08,8,1,3,0,0,0,4,4,0,3,10,0,2,0
Law,Legal Consultant,3.58,5,2,2,1,3,0,1,9,4,4,0,3,4,0
Marketing,Marketing Manager,2.35,6,0,4,0,9,1,0,10,3,2,3,3,3,1
Marketing,Market Research Analyst,3.36,2,0,2,0,0,0,0,8,0,2,3,2,2,1
Education,Teacher,3.18,2,1,2,1,6,1,3,1,4,2,2,0,1,1
Law,Legal Secretary,3.74,4,2,3,0,0,0,2,7,0,2,3,0,0,0
Biology,Microbiologist,2.73,8,0,4,0,2,1,4,3,3,3,1,1,3,0
Medicine,Physician Assistant,3.9158623156525447,5,0,1,0,1,0,2,0,2,1,3,2,0,1
Psychology,Music Therapist,2.93,4,0,3,0,1,0,2,4,4,1,0,3,3,0
Psychology,Music Therapist,3.9,5,2,0,0,8,1,3,1,4,4,1,4,0,0
Biology,Microbiologist,3.75,6,1,1,1,1,1,1,2,0,3,1,0,4,1
Finance,Credit Analyst,3.42,1,1,4,1,1,1,2,0,4,1,10,0,0,1
Physics,Nuclear Physicist,2.06,0,0,0,1,5,0,3,3,0,3,0,4,3,0
Psychology,Music Therapist,2.21,4,1,1,0,6,1,1,1,0,2,2,2,3,0
Biology,Geneticist,3.31,0,2,2,0,8,1,1,2,1,0,0,0,1,1
Music,Music Teacher,2.93,5,1,2,1,7,1,4,2,3,4,0,0,1,0
Medicine,Dentist,3.729352557833769,8,2,0,1,8,0,4,3,3,0,4,2,2,1
Finance,Financial Analyst,3.75,7,2,2,0,0,1,3,1,4,1,7,0,2,1
Psychology,Forensic Psychologist,2.88,6,2,0,1,0,0,1,0,1,2,3,1,1,0
Education,Education Administrator,2.8,0,1,4,0,3,1,3,3,4,1,0,3,4,0
Physics,Physicist,2.68,5,1,2,0,7,1,0,4,4,4,1,4,2,1
Architecture,Landscape Architect,3.69,2,0,2,0,7,1,1,2,4,1,0,4,4,0
Education,Principal,2.07,8,2,1,0,0,1,2,0,4,1,0,4,0,0
Art,Art Director,2.3,4,0,3,1,0,1,2,0,0,1,2,3,3,0
Finance,Financial Analyst,3.57,2,2,2,1,1,0,1,0,0,3,9,4,2,0
Physics,Astronomer,3.85,1,2,3,0,1,1,2,2,0,3,0,4,1,1
Physics,Astronomer,2.64,7,0,0,0,2,0,1,4,3,4,4,4,4,0
Education,Education Administrator,3.97,0,1,1,1,5,1,0,2,4,1,0,0,0,1
Engineering,Aerospace Engineer,3.49,1,1,1,1,2,1,1,1,9,3,9,1,4,1
Music,Music Teacher,3.04,7,1,1,1,8,0,4,3,2,0,0,0,2,1
Music,Conductor,3.22,7,2,2,1,7,1,0,3,3,1,0,3,0,0
Marketing,Brand Manager,3.61,1,0,2,1,2,0,2,8,2,4,0,1,4,0
Psychology,Forensic Psychologist,2.19,8,0,4,0,5,1,2,0,0,4,4,4,0,1
Finance,Accountant,2.27,7,1,3,1,5,1,1,0,4,0,10,0,0,0
Chemistry,Inorganic Chemist,3.94,1,0,4,1,9,1,0,4,2,2,4,0,3,1
Chemistry,Physical Chemist,3.07,9,0,2,1,1,0,2,2,4,2,3,1,4,1
Engineering,Electrical Engineer,2.31,5,2,1,0,0,1,0,2,7,1,9,1,2,1
Psychology,Clinical Psychologist,2.48,2,0,4,0,5,0,1,1,1,3,2,2,1,0
Law,Legal Analyst,3.78,1,1,0,1,1,1,2,7,4,1,2,2,3,1
Marketing,Brand Manager,3.11,0,2,3,0,2,0,1,10,0,0,1,1,2,1
Chemistry,Physical Chemist,2.77,4,2,4,0,3,0,1,3,3,0,1,4,0,1
Music,Music Teacher,3.39,8,0,3,0,7,1,2,4,2,2,1,2,0,0
Business,Manager,2.47,9,2,3,1,2,0,2,7,1,4,3,1,0,1
Law,Legal Consultant,3.09,1,2,4,1,3,0,4,7,3,2,4,2,0,1
Marketing,Advertising Manager,3.18,5,0,1,0,6,0,2,10,3,4,2,1,4,1
Medicine,Nurse,3.7666541812293706,8,0,0,1,0,0,1,3,2,2,2,1,4,0
Marketing,Brand Manager,2.2,4,0,4,0,4,1,2,9,4,4,0,0,3,0
Computer Science,Cybersecurity Analyst,2.58,7,1,2,1,5,1,8,0,2,2,4,1,0,0
Computer Science,Game Developer,2.17,0,2,3,0,0,0,9,2,4,3,0,2,0,1
Medicine,Physician Assistant,3.5207799241361295,1,0,2,0,3,1,2,3,4,0,1,2,3,1
Computer Science,Cybersecurity Analyst,3.61,7,2,2,0,3,1,7,0,1,3,3,0,4,1
Chemistry,Analytical Chemist,2.25,4,1,2,0,2,1,2,3,1,4,0,0,4,1
Business,Construction Manager,2.32,1,1,2,1,4,1,0,8,2,0,2,0,4,0
Law,Lawyer,3.04,7,1,2,1,0,1,3,10,3,4,0,3,1,1
Law,Judge,2.65,4,0,2,0,9,1,4,8,4,0,3,0,0,1
Chemistry,Organic Chemist,3.7,6,1,1,0,1,1,0,2,2,1,1,0,4,0
Education,Education Administrator,3.47,6,2,1,1,6,0,4,0,1,0,1,0,4,1
Art,Graphic Designer,3.58,4,1,3,0,8,0,1,3,2,2,3,2,1,1
Finance,Investment Banker,2.39,7,1,4,1,0,0,1,0,1,3,8,4,0,1
Law,Legal Secretary,2.86,0,2,1,0,8,1,2,10,2,2,4,4,2,1
Medicine,Surgeon,3.515756521541106,5,2,1,0,3,0,2,3,0,1,3,2,3,0
Finance,Financial Controller,3.61,8,1,2,1,8,1,0,3,3,2,9,1,0,1
Engineering,Aerospace Engineer,2.24,7,2,1,1,0,0,1,4,8,3,8,2,4,1
Architecture,Architect,3.88,9,0,3,1,3,1,0,3,0,1,0,3,1,0
Marketing,Marketing Specialist,2.48,8,2,4,1,2,1,0,9,4,2,0,4,4,0
Marketing,Advertising Manager,3.8,7,1,0,0,6,1,0,7,3,2,0,3,0,1
Psychology,Psychologist,3.6,2,0,0,0,7,0,2,3,0,3,0,4,0,0
Education,Curriculum Developer,3.91,0,1,4,0,8,0,1,4,0,0,2,1,4,0
Biology,Geneticist,3.83,1,2,2,0,3,1,2,3,1,3,2,4,4,0
Finance,Financial Analyst,3.1,6,0,0,0,3,0,2,4,1,4,9,3,1,1
Psychology,Music Therapist,3.27,6,2,0,1,7,1,2,4,1,3,1,4,0,0
Psychology,Forensic Psychologist,2.36,9,0,4,0,5,0,3,3,4,1,0,2,3,0
Finance,Risk Analyst,2.41,2,1,0,1,1,1,4,3,0,2,10,0,1,1
Music,Musician,3.72,8,2,1,1,7,0,3,3,3,1,4,4,2,0
Finance,Financial Controller,2.33,0,0,3,0,8,0,1,2,3,3,7,2,2,0
Biology,Zoologist,2.93,5,2,3,1,5,1,0,0,1,1,0,2,1,1
Business,Human Resources Specialist,2.98,5,1,3,0,3,1,1,10,1,4,4,2,3,0
Art,Graphic Designer,2.88,1,1,5,1,2,1,4,0,4,0,0,4,0,1
Art,Illustrator,3.86,4,1,5,1,7,1,0,4,2,3,2,3,2,0
Medicine,Pharmacist,3.608551614734945,3,1,4,1,9,0,1,2,2,1,0,0,3,0
Physics,Astronomer,2.91,1,1,0,0,7,0,0,2,0,2,1,1,1,0
Psychology,Music Therapist,3.59,5,0,0,1,1,0,0,2,3,1,2,0,4,0
Computer Science,AI Researcher,2.93,4,0,1,1,3,0,7,1,1,0,3,1,2,1
Finance,Accountant,2.24,9,2,1,0,4,0,4,3,1,2,7,4,4,0
Computer Science,Data Scientist,3.25,9,1,3,1,4,0,7,2,0,1,0,1,4,0
Finance,Investment Banker,3.86,0,1,3,1,4,0,1,2,4,3,9,3,1,1
Music,Conductor,3.06,6,0,0,0,3,0,3,4,2,0,4,1,1,1
Law,Lawyer,2.29,0,1,4,0,5,0,2,9,4,0,4,4,4,0
Physics,Astronomer,3.94,0,1,2,0,0,0,2,0,2,2,2,1,3,0
Medicine,Physician Assistant,3.508484564657733,3,0,2,1,1,0,3,2,1,2,0,4,4,1
Biology,Biochemist,3.3,8,0,4,0,4,0,4,1,4,1,2,2,2,0
Music,Musician,2.26,7,0,4,0,7,1,2,2,4,0,3,3,3,1
Finance,Credit Analyst,2.48,9,2,1,1,8,0,2,0,2,4,7,2,1,0
Medicine,Doctor,3.8506817801552207,7,2,1,0,8,1,1,0,3,1,1,1,4,1
Psychology,School Psychologist,3.7,8,1,1,0,5,1,1,1,3,4,1,3,1,0
Chemistry,Organic Chemist,2.05,9,0,1,1,8,1,1,0,2,0,4,2,3,0
Biology,Zoologist,2.95,9,1,1,1,5,1,2,0,0,3,1,0,0,1
Physics,Physicist,2.28,1,2,3,0,2,1,4,2,2,3,4,3,3,0
Medicine,Dentist,3.670837286909227,9,0,3,0,4,0,3,1,0,0,4,4,0,1
Finance,Actuary,3.73,4,0,1,0,4,1,1,0,4,3,7,2,2,0
Finance,Financial Controller,2.63,0,2,3,1,0,0,4,0,1,0,7,1,4,1
Chemistry,Inorganic Chemist,3.92,8,0,4,1,9,0,3,4,0,0,2,1,4,0
Music,Sound Engineer,3.79,10,2,2,0,9,1,1,2,2,4,2,1,0,0
Computer Science,Web Developer,3.72,8,1,3,0,8,1,8,1,3,2,3,1,3,0
Business,Manager,2.52,7,1,3,0,3,1,4,8,2,4,0,3,1,1
Medicine,Surgeon,3.882574424930632,0,0,4,0,4,0,2,4,1,0,1,3,3,1
Marketing,Marketing Specialist,3.3,0,1,1,1,8,0,1,7,1,1,1,4,2,1
Marketing,Marketing Manager,2.13,9,1,2,1,8,0,0,9,1,4,0,0,3,0
Biology,Biologist,2.65,5,0,2,1,9,1,2,1,3,1,3,3,2,1
Psychology,Psychologist,3.13,7,2,0,0,3,0,3,3,1,1,1,0,2,1
Finance,Investment Banker,2.32,3,0,4,0,0,0,4,1,2,1,7,2,0,0
Business,Manager,3.35,0,0,3,1,0,0,3,9,0,4,1,3,4,1
Art,Illustrator,2.63,4,1,3,0,0,1,3,1,4,2,3,0,1,0
Engineering,Civil Engineer,3.52,9,0,4,0,7,1,3,0,9,3,9,1,1,0
Computer Science,Web Developer,2.32,0,1,0,0,9,0,8,2,3,3,3,4,4,1
Medicine,Dentist,3.792465446989361,1,0,4,1,0,0,3,1,3,4,3,4,3,0
Architecture,Architectural Technologist,3.54,3,1,1,0,6,1,1,3,3,4,2,2,3,1
Computer Science,Software Developer,2.15,5,2,1,0,1,0,9,2,2,4,2,3,4,1
Engineering,Aerospace Engineer,2.69,6,2,2,0,7,1,2,3,10,4,9,0,1,1
Psychology,Art Therapist,3.24,0,2,3,0,3,0,0,3,4,2,2,4,1,0
Business,Construction Manager,2.11,3,0,2,1,1,0,2,9,4,2,0,0,2,0
Biology,Biotechnologist,3.5,5,2,2,0,3,1,4,3,1,4,2,4,4,0
Chemistry,Chemist,3.52,1,2,1,1,2,0,4,2,1,2,2,0,0,0
Psychology,Industrial-Organizational Psychologist,2.91,7,2,0,1,9,0,3,1,1,3,3,0,0,0
Engineering,Fluid Mechanics Engineer,3.37,6,2,0,0,2,0,4,4,10,2,8,2,2,0
Art,Illustrator,3.1,6,2,4,0,0,0,4,2,2,0,1,4,1,0
Psychology,Clinical Psychologist,2.79,0,1,1,0,5,0,2,3,1,0,0,3,1,1
Computer Science,Web Developer,3.78,0,0,3,0,6,0,7,2,4,1,1,0,3,1
Education,Curriculum Developer,2.13,0,2,2,1,0,0,4,4,0,1,2,1,1,0
Business,Entrepreneur,2.29,9,2,3,0,1,1,4,9,2,2,0,0,3,1
Marketing,Marketing Manager,3.88,2,0,0,0,9,0,1,8,4,3,2,1,0,1
Physics,Quantum Physicist,2.03,3,1,1,1,0,1,0,2,2,4,4,0,3,0
Physics,Quantum Physicist,2.2,5,2,1,1,1,1,2,2,1,0,4,4,3,0
Law,Legal Secretary,3.63,3,0,3,0,8,1,0,10,0,1,2,3,1,0
Law,Paralegal,3.57,6,2,1,0,1,0,4,7,3,1,2,4,4,0
Medicine,Doctor,3.5079601336313995,0,1,3,1,7,1,2,1,4,1,2,4,0,0
Biology,Microbiologist,2.51,9,1,3,0,0,0,3,4,2,2,2,1,2,0
Marketing,Advertising Manager,3.93,3,2,0,0,0,0,1,10,2,3,3,2,2,0
Biology,Geneticist,2.56,9,0,3,1,8,1,0,0,3,2,3,2,2,1
Architecture,Urban Planner,3.56,8,2,4,1,3,0,2,3,3,2,0,4,0,0
Law,Paralegal,2.97,0,1,4,0,7,0,4,7,4,3,3,4,1,0
Biology,Zoologist,3.09,8,2,2,1,6,1,0,1,1,2,0,2,2,0
Education,Curriculum Developer,2.02,8,1,2,1,9,1,3,0,2,1,3,0,1,1
Finance,Financial Advisor,3.25,2,2,4,1,4,1,3,1,2,2,10,0,0,0
Chemistry,Chemist,3.69,2,2,3,1,6,0,0,0,0,2,3,3,0,1
Biology,Microbiologist,2.95,5,1,4,1,9,1,1,2,2,3,1,0,1,1
Architecture,Urban Planner,3.19,9,0,1,1,9,0,1,4,3,1,0,0,3,1
Finance,Accountant,2.32,7,0,4,1,7,0,3,2,2,1,8,4,0,0
Architecture,Landscape Architect,3.97,9,0,3,0,2,1,3,1,2,4,1,1,2,0
Medicine,Doctor,3.5222545196380857,0,1,0,0,6,0,4,3,4,0,4,4,2,1
Art,Artist,2.16,6,1,4,0,8,1,3,1,1,4,1,1,4,1
Law,Legal Consultant,2.85,1,1,4,0,4,1,1,7,0,3,4,1,3,1
Chemistry,Physical Chemist,2.43,1,1,1,0,5,0,1,1,2,2,2,3,1,1
Psychology,Psychologist,3.61,5,2,2,0,9,1,0,1,0,0,0,3,3,1
Psychology,Psychologist,3.46,1,0,3,0,6,1,1,2,1,4,0,0,0,1
Biology,Biologist,2.1,0,1,3,1,6,1,1,0,2,4,2,3,2,1
Business,Manager,2.09,0,2,1,0,9,0,1,7,1,4,3,4,3,1
Business,Human Resources Specialist,3.01,4,2,1,1,3,1,1,7,1,3,4,2,1,0
Architecture,Interior Designer,2.42,3,0,2,1,3,0,0,0,1,3,3,4,4,1
Marketing,Marketing Manager,3.77,7,1,3,0,1,0,0,8,3,0,0,4,1,1
Music,Sound Engineer,2.28,8,2,1,1,6,0,1,2,1,4,4,2,0,0
Engineering,Aerospace Engineer,3.81,1,1,3,1,9,1,2,2,7,3,9,2,2,1
Law,Legal Analyst,3.04,6,0,1,0,1,0,3,8,2,4,2,3,1,0
Chemistry,Chemist,2.49,1,2,0,0,2,1,0,2,4,2,0,0,0,1
Education,Principal,3.52,4,2,2,1,3,0,2,2,3,2,3,4,1,0
Physics,Physicist,3.83,3,1,0,0,6,0,2,0,0,2,0,3,0,0
Education,Teacher,3.46,2,2,3,0,9,1,2,2,4,0,2,2,2,1
Architecture,Architectural Technologist,2.59,9,2,0,0,1,0,3,1,3,0,1,1,4,1
Business,Entrepreneur,3.46,6,1,1,1,1,1,2,7,4,3,4,1,4,1
Physics,Nuclear Physicist,2.99,7,1,4,1,3,0,1,0,1,1,4,2,4,0
Business,Human Resources Specialist,2.33,3,0,3,0,4,0,2,8,0,2,0,0,0,1
Chemistry,Analytical Chemist,3.24,3,0,3,0,9,1,2,1,2,4,4,3,2,0
Law,Legal Analyst,2.73,4,1,4,0,8,1,3,8,3,1,0,0,2,1
Art,Illustrator,3.62,3,0,3,0,1,0,3,2,2,4,1,3,2,1
Finance,Actuary,3.02,4,2,1,1,3,0,1,2,1,0,8,3,3,1
Finance,Financial Analyst,2.31,8,1,3,1,0,0,1,2,2,4,10,1,1,0
Business,Manager,2.03,1,2,3,0,2,0,1,9,4,4,1,0,2,1
Law,Judge,2.39,3,0,0,0,1,0,1,10,3,3,0,2,3,1
Marketing,Social Media Manager,2.29,6,1,0,1,4,1,2,7,0,0,3,2,4,1
Medicine,Dentist,3.723675274502813,2,0,4,0,2,1,4,2,4,1,0,1,4,1
Psychology,Psychologist,2.9,1,1,4,0,3,1,3,2,4,0,3,3,1,1
Music,Composer,2.96,6,2,1,0,8,0,2,4,1,0,0,3,4,1
Marketing,Marketing Specialist,2.75,2,2,2,0,4,1,2,10,0,4,0,0,2,1
Medicine,Nurse,3.7236513781263003,8,2,4,1,2,0,0,4,2,1,1,3,2,1
Education,Principal,2.84,0,1,0,1,0,1,3,1,2,2,1,4,1,0
Art,Artist,2.24,0,0,3,1,2,1,4,2,1,0,1,4,3,0
Chemistry,Chemist,2.95,3,1,3,1,6,1,2,0,3,3,1,2,4,1
Medicine,Physician Assistant,3.728882306352067,9,2,3,1,8,1,4,3,4,3,4,1,0,0
Education,Special Education Teacher,3.39,1,0,3,0,9,0,1,4,1,2,2,3,4,1
Medicine,Surgeon,3.6029940920942365,3,1,2,0,0,0,0,0,1,3,1,4,2,0
Law,Paralegal,3.36,2,0,2,1,2,0,2,7,3,1,1,1,4,0
Biology,Biotechnologist,2.63,5,1,1,1,7,1,3,4,0,1,1,3,1,0
Computer Science,AI Researcher,2.34,6,1,2,0,5,0,9,2,3,1,4,1,1,1
Medicine,Pharmacist,3.8879325326013934,6,2,3,0,0,0,4,4,0,2,1,3,0,1
Law,Lawyer,3.32,2,1,4,1,7,0,0,9,3,1,1,2,2,0
Law,Lawyer,3.8,4,1,1,0,3,1,0,7,4,1,3,4,3,1
Engineering,Aerospace Engineer,2.58,2,0,3,1,8,0,3,4,8,2,7,0,3,0
Engineering,Biomedical Engineer,3.71,2,1,4,1,2,1,1,0,7,4,9,3,4,0
Art,Graphic Designer,2.94,5,1,3,1,7,0,4,4,1,1,3,1,3,0
Education,Principal,2.98,4,2,2,0,5,0,4,0,2,1,1,1,1,0
Biology,Ecologist,2.0,2,1,0,0,3,1,2,4,0,3,0,1,2,1
Finance,Credit Analyst,3.02,7,0,1,0,9,0,3,1,0,3,8,4,0,1
Engineering,Biomedical Engineer,2.18,8,2,3,0,4,0,4,0,9,1,8,4,1,1
Computer Science,Data Scientist,2.68,5,1,2,0,4,1,9,4,1,3,2,4,2,1
Law,Legal Analyst,3.35,5,0,0,0,2,0,4,8,1,4,3,4,4,0
Physics,Quantum Physicist,3.1,1,0,0,1,5,0,1,0,3,4,4,0,1,0
Medicine,Surgeon,3.75960348730173,7,0,1,0,2,0,1,3,3,4,0,0,1,1
Business,Construction Manager,2.21,8,0,0,1,3,0,0,10,0,0,4,0,2,0
Law,Legal Consultant,2.04,0,2,1,1,7,0,4,10,1,4,0,1,3,1
Art,Animator,3.06,9,2,5,1,7,0,4,0,1,0,4,2,1,0
Medicine,Physician Assistant,3.8673796444246893,0,2,0,1,7,0,4,4,1,0,4,1,2,0
Computer Science,Data Scientist,3.96,6,2,0,1,3,0,10,1,4,0,4,0,0,1
Psychology,Clinical Psychologist,2.86,7,0,2,1,8,1,3,1,0,0,2,1,3,1
Biology,Microbiologist,2.8,1,2,2,1,2,0,0,1,3,4,0,3,2,0
Medicine,Physician Assistant,3.6348712329368835,3,0,2,0,9,1,4,4,1,1,4,4,3,1
Law,Legal Consultant,3.68,8,2,2,1,0,0,2,7,3,0,0,3,4,1
Business,Construction Manager,2.2,9,1,4,1,2,0,3,9,1,1,1,2,2,1
Art,Illustrator,3.34,8,0,4,0,6,0,0,4,0,0,4,4,1,1
Law,Legal Consultant,3.67,4,0,4,0,7,0,0,8,3,4,1,3,4,1
Law,Judge,3.82,9,2,0,1,4,1,0,8,4,3,4,0,4,0
Law,Legal Analyst,2.17,1,1,3,0,4,1,3,10,3,3,0,3,1,1
Chemistry,Analytical Chemist,2.51,5,2,3,0,9,0,0,1,4,4,0,2,1,1
Chemistry,Analytical Chemist,2.59,4,2,3,0,3,0,3,2,4,4,3,0,2,1
Music,Composer,2.05,5,2,2,0,2,1,1,1,3,2,0,2,1,0
Biology,Zoologist,3.99,8,2,2,1,0,1,3,2,4,4,0,0,1,1
Psychology,Clinical Psychologist,2.57,1,0,1,0,4,0,4,1,0,2,2,3,0,1
Chemistry,Analytical Chemist,3.32,8,0,4,1,4,1,4,3,0,2,0,3,2,1
Architecture,Landscape Architect,2.3,6,0,3,1,8,1,3,2,2,4,4,0,3,1
Medicine,Nurse,3.6879856109645694,3,2,3,0,9,0,3,1,0,2,2,0,1,1
Chemistry,Physical Chemist,2.48,8,1,0,1,9,1,4,0,1,4,0,1,3,0
Business,Entrepreneur,3.13,1,0,4,0,5,0,4,9,1,2,4,4,0,0
Marketing,Social Media Manager,3.67,3,1,3,1,0,0,2,10,4,4,3,1,1,1
Medicine,Doctor,3.810278423511729,2,1,4,0,8,0,2,2,4,3,3,2,3,0
Physics,Quantum Physicist,2.11,4,2,4,0,4,0,2,0,2,2,3,4,3,0
Psychology,Clinical Psychologist,2.67,2,1,3,1,0,1,3,3,2,3,0,1,3,1
Biology,Ecologist,3.73,1,0,4,1,5,0,0,2,0,1,3,3,2,1
Music,Music Teacher,3.1,10,2,3,0,2,0,3,4,4,0,2,1,1,0
Marketing,Digital Marketing Specialist,2.97,4,1,3,1,3,0,2,9,4,3,3,0,2,0
Computer Science,Cybersecurity Analyst,2.63,3,1,3,1,5,1,9,3,1,0,3,0,2,1
Business,Human Resources Specialist,2.38,5,1,2,1,0,0,0,10,1,4,3,3,0,0
Music,Music Teacher,3.46,7,1,4,0,8,1,0,3,1,1,4,0,0,0
Finance,Risk Analyst,3.74,5,0,1,0,8,1,1,1,2,0,7,4,3,0
Medicine,Nurse,3.891580014513951,4,2,1,0,9,1,2,3,0,4,1,1,1,1
Finance,Credit Analyst,2.11,0,2,3,0,7,0,2,0,3,2,8,3,3,1
Marketing,Social Media Manager,3.81,5,2,1,0,8,0,1,8,1,2,4,0,3,1
Law,Legal Secretary,3.79,7,2,1,1,6,1,3,8,2,3,4,0,1,0
Education,Education Administrator,3.29,8,0,3,1,7,1,0,3,4,2,1,2,3,1
Chemistry,Chemist,3.59,6,1,3,1,6,0,2,4,3,3,3,3,1,1
Biology,Geneticist,3.11,8,0,3,1,4,1,4,2,3,4,0,0,4,0
Psychology,School Psychologist,2.31,2,2,4,1,3,1,3,3,2,2,1,4,2,0
Computer Science,Game Developer,3.85,8,1,3,1,0,1,9,0,0,2,2,1,4,1
Business,Entrepreneur,2.47,3,0,4,0,8,0,3,10,1,2,2,1,1,1
Biology,Biochemist,2.53,0,0,4,1,3,1,1,0,1,1,2,1,4,1
Engineering,Electrical Engineer,2.24,0,0,0,1,2,1,4,3,7,0,9,0,3,1
Finance,Financial Controller,2.07,3,2,3,1,6,1,1,0,2,2,8,4,3,0
Education,Education Administrator,2.24,3,2,3,0,3,1,4,4,2,4,3,1,4,1
Medicine,Nurse,3.83282525031298,6,0,4,0,8,1,4,1,3,3,3,3,3,1
Marketing,Advertising Manager,3.64,8,2,3,1,8,0,1,10,1,1,4,2,0,1
Medicine,Pharmacist,3.6505877934986795,1,0,4,1,8,1,2,3,3,4,3,4,2,0
Finance,Financial Analyst,3.0,0,2,4,0,5,1,2,2,4,3,9,2,4,0
Computer Science,Game Developer,2.31,7,2,0,1,0,1,7,2,1,2,4,1,2,0
Finance,Actuary,3.53,3,2,4,1,8,0,0,3,0,3,10,0,3,0
Physics,Astronomer,3.63,1,2,4,1,2,1,3,0,0,0,3,2,0,1
Physics,Quantum Physicist,2.95,9,0,0,1,5,0,0,2,1,0,3,4,2,0
Medicine,Surgeon,3.6023597269749996,5,2,2,1,4,1,2,0,2,0,4,1,2,0
Education,Education Administrator,2.65,7,1,1,1,4,0,2,1,2,3,3,1,0,0
Law,Legal Analyst,2.91,5,2,4,1,0,1,0,7,3,4,2,2,2,0
Law,Legal Consultant,2.38,6,1,2,0,5,0,3,8,0,3,1,2,1,0
Biology,Biologist,3.93,4,1,0,1,6,0,3,1,1,3,1,1,0,1
Chemistry,Analytical Chemist,3.14,3,0,2,0,3,1,4,2,0,4,2,4,0,0
Law,Lawyer,3.2,6,2,4,1,9,1,1,10,0,3,1,1,3,0
Law,Lawyer,3.7,8,2,3,1,3,0,1,9,2,1,4,4,3,1
Architecture,Urban Planner,2.2,7,2,2,0,0,1,3,1,3,0,1,0,4,1
Psychology,Music Therapist,2.93,7,2,0,0,1,0,0,3,1,4,1,4,2,1
Biology,Ecologist,3.53,2,2,3,1,7,1,3,0,4,0,0,0,1,1
Medicine,Physician Assistant,3.780797253856097,2,0,2,1,0,1,0,4,1,3,1,4,2,0
Education,Special Education Teacher,2.33,4,0,4,0,9,1,0,3,1,3,0,1,2,1
Music,Musician,3.07,9,1,4,0,7,1,4,2,1,1,4,1,0,0
Biology,Microbiologist,2.26,2,0,1,0,8,1,0,1,1,1,1,3,2,0
Architecture,Urban Planner,3.41,1,1,2,0,9,0,1,3,1,0,2,0,3,1
Education,Curriculum Developer,2.31,1,2,2,1,4,0,0,0,1,2,4,4,0,1
Psychology,Psychologist,3.66,8,1,4,0,7,0,1,3,3,4,2,2,4,1
Biology,Zoologist,2.82,3,1,1,1,6,0,4,3,2,3,0,2,4,1
Education,Special Education Teacher,2.48,3,2,3,0,1,0,1,2,3,3,1,3,1,1
Art,Illustrator,2.26,1,1,4,1,3,1,4,2,0,2,1,0,3,1
Computer Science,Software Developer,3.72,5,2,1,0,9,0,10,3,3,2,1,3,4,0
Physics,Astronomer,3.07,0,2,0,1,8,0,3,4,3,0,1,2,3,0
Music,Composer,2.15,10,1,3,0,2,0,3,0,2,1,2,1,0,0
Music,Composer,3.31,6,2,4,1,0,1,3,0,0,0,4,4,1,0
Art,Animator,2.78,7,1,4,0,0,1,0,1,1,0,1,3,0,0
Chemistry,Organic Chemist,3.2,9,2,3,0,7,1,1,4,0,0,4,3,3,1
Marketing,Digital Marketing Specialist,3.06,1,2,3,0,5,1,0,9,3,4,3,3,1,1
Marketing,Brand Manager,2.58,8,2,2,1,1,0,1,8,0,0,3,3,0,0
Education,Teacher,2.12,8,0,4,0,0,0,4,3,4,2,2,0,2,1
Psychology,Counselor,3.9,6,2,3,1,0,0,1,3,4,1,3,3,3,1
Chemistry,Inorganic Chemist,3.39,6,2,0,1,1,0,2,3,0,0,2,2,3,1
Computer Science,Web Developer,3.13,4,2,4,1,8,1,7,1,4,2,2,1,3,0
Architecture,Interior Designer,3.75,3,1,0,0,4,1,3,1,2,0,4,3,1,1
Music,Musician,3.33,8,0,4,0,9,0,3,2,0,0,4,0,1,1
Engineering,Biomedical Engineer,3.57,7,2,1,1,7,1,1,0,7,4,9,2,0,1
Physics,Astronomer,2.61,1,2,4,0,3,0,2,4,0,0,0,1,4,0
Marketing,Brand Manager,2.82,0,1,0,1,1,0,1,8,4,2,1,1,0,1
Chemistry,Organic Chemist,3.54,2,0,2,1,6,0,3,0,1,4,0,4,4,1
Medicine,Nurse,3.883639588757815,6,1,3,1,1,1,1,4,1,2,0,4,2,0
Computer Science,Cybersecurity Analyst,2.84,1,1,2,1,6,1,10,0,1,4,4,1,0,0
Business,Human Resources Specialist,2.77,0,0,1,0,8,1,1,8,4,2,2,1,1,1
Business,Entrepreneur,2.87,9,1,3,1,1,0,2,8,0,3,2,2,4,1
Business,Construction Manager,2.6,5,0,2,1,2,1,0,10,1,4,3,0,3,0
Education,Principal,2.28,1,1,3,0,4,1,2,3,2,2,4,0,4,1
Biology,Ecologist,2.05,7,1,3,0,9,0,4,4,1,2,2,0,4,0
Business,Manager,3.95,7,1,4,0,5,0,4,7,4,2,2,0,3,1
Education,Special Education Teacher,3.99,6,1,0,0,3,1,4,3,3,2,4,4,2,1
Marketing,Brand Manager,2.88,9,0,2,0,4,0,0,10,4,4,3,1,0,0
Music,Sound Engineer,2.47,5,1,3,1,1,0,0,1,4,1,0,1,2,0
Chemistry,Chemist,2.04,9,0,2,0,7,0,3,3,0,3,1,1,2,1
Art,Graphic Designer,2.65,2,1,4,1,6,0,2,1,3,4,2,0,0,1
Law,Legal Consultant,2.3,3,1,3,1,0,0,3,7,2,4,4,1,3,1
Finance,Financial Controller,2.54,4,1,2,1,9,1,2,1,4,3,8,2,1,0
Finance,Credit Analyst,2.79,2,2,1,1,1,0,4,4,3,4,9,3,2,1
Chemistry,Inorganic Chemist,2.39,2,1,3,0,0,0,4,0,4,0,4,4,0,0
Physics,Nuclear Physicist,2.24,8,0,0,0,9,1,0,3,3,1,2,4,0,0
Education,Special Education Teacher,3.34,6,0,0,0,8,1,1,1,2,4,4,0,2,1
Psychology,Art Therapist,3.02,3,2,3,0,6,1,0,3,4,4,4,2,1,0
Art,Graphic Designer,2.05,0,1,4,1,4,0,2,0,2,1,0,2,1,1
Marketing,Market Research Analyst,2.22,1,1,4,0,2,0,2,8,2,1,4,1,1,0
Marketing,Social Media Manager,3.63,6,0,0,1,3,1,3,10,3,2,3,3,1,1
Law,Lawyer,3.92,1,1,4,0,4,0,1,9,1,1,4,4,1,1
Law,Legal Secretary,3.67,6,1,4,1,7,1,4,10,0,0,2,0,3,1
Engineering,Acoustics Specialist,3.99,1,1,3,1,1,1,3,4,10,0,9,2,0,0
Art,Graphic Designer,2.1,3,1,4,1,1,1,4,4,4,2,0,1,3,1
Music,Musician,3.45,7,1,4,1,5,0,1,3,3,3,1,0,0,0
Computer Science,Web Developer,2.12,4,2,1,0,4,0,9,3,4,4,0,1,0,0
Art,Artist,2.33,4,2,5,1,9,0,2,3,4,2,2,1,1,0
Engineering,Biomedical Engineer,3.0,3,1,2,0,6,1,1,0,7,2,9,1,4,0
Law,Legal Secretary,2.42,4,0,3,1,7,1,1,8,2,4,3,0,3,0
Law,Legal Consultant,2.38,1,2,2,1,8,1,1,9,3,0,4,0,0,0
Biology,Microbiologist,2.09,5,0,3,0,4,0,4,3,4,2,0,2,3,1
Architecture,Architect,2.73,3,2,1,1,0,0,0,2,0,3,4,0,1,0
Engineering,Fluid Mechanics Engineer,3.38,8,0,4,1,0,1,0,3,8,1,9,2,3,0
Law,Lawyer,3.3,7,1,4,1,2,1,0,10,0,3,2,0,0,1
Biology,Biotechnologist,2.9,0,1,1,1,2,0,2,0,2,0,0,1,0,1
Engineering,Mechanical Engineer,2.14,6,2,3,1,3,0,3,1,10,3,7,0,0,0
Physics,Astronomer,2.57,8,2,2,1,0,0,4,1,3,3,4,2,0,0
Education,Special Education Teacher,3.77,5,1,4,0,7,1,4,3,1,4,3,4,0,0
Art,Art Director,2.2,5,0,5,0,6,0,2,2,4,0,1,4,2,1
Law,Judge,3.18,6,1,4,1,0,0,0,10,2,3,3,1,4,0
Psychology,Clinical Psychologist,2.68,0,2,3,0,6,1,2,1,3,0,4,0,1,0
Finance,Investment Banker,3.64,2,2,1,1,1,0,3,4,4,1,9,2,4,0
Architecture,Landscape Architect,3.54,9,1,1,0,8,1,0,2,2,2,4,0,4,0
Chemistry,Physical Chemist,2.8,1,2,0,0,9,1,2,1,2,3,3,4,2,1
Architecture,Interior Designer,3.71,3,2,3,1,4,0,2,2,3,1,1,2,2,0
Architecture,Architect,3.62,0,1,2,0,4,1,2,0,0,1,2,2,1,1
Physics,Quantum Physicist,3.11,7,2,1,0,6,1,0,4,2,0,1,2,4,0
Engineering,Mechanical Engineer,2.58,3,0,2,0,4,0,0,1,8,2,9,1,2,1
Medicine,Physician Assistant,3.578306407446325,8,0,4,0,6,1,2,3,1,2,0,4,0,0
Physics,Physicist,2.13,8,0,2,0,4,0,0,4,3,2,3,4,1,0
Education,Principal,3.54,9,0,3,1,6,0,0,1,3,2,0,3,0,1
Education,Education Administrator,2.02,0,2,1,1,4,1,3,2,3,3,0,3,1,0
Engineering,Fluid Mechanics Engineer,3.68,5,0,0,1,7,1,0,4,10,0,8,1,0,0
Finance,Financial Advisor,2.67,1,0,4,1,4,1,3,0,2,3,8,1,0,0
Biology,Geneticist,2.25,6,1,2,1,5,0,1,4,4,4,2,2,0,1
Finance,Investment Banker,3.38,0,1,1,0,7,0,4,1,3,0,10,3,4,0
Music,Musician,2.47,9,1,4,1,4,1,1,1,3,1,3,0,0,1
Business,Human Resources Specialist,3.49,8,1,2,0,3,1,1,8,1,3,0,1,0,1
Finance,Financial Analyst,2.34,0,0,1,0,0,1,3,4,4,2,7,0,2,0
Art,Graphic Designer,3.45,6,2,3,0,0,0,0,3,2,2,4,0,2,1
Physics,Physicist,3.49,2,0,1,1,5,0,2,2,1,4,1,0,3,0
Law,Legal Consultant,3.93,7,1,1,1,7,1,0,8,0,0,3,4,2,0
Art,Illustrator,3.36,4,2,5,1,5,0,4,2,3,4,0,2,4,1
Art,Animator,3.52,0,2,4,0,1,0,0,4,2,4,2,2,2,0
Physics,Quantum Physicist,3.45,2,1,2,0,7,0,4,0,0,0,3,1,0,0
Biology,Biologist,3.01,9,2,4,0,3,0,4,4,0,0,0,0,2,1
Marketing,Digital Marketing Specialist,2.92,8,2,3,0,6,1,0,8,4,2,1,0,1,0
Finance,Actuary,3.3,1,0,0,1,6,1,3,1,1,3,9,0,1,1
Education,Curriculum Developer,2.18,1,2,1,0,5,1,2,3,1,2,2,1,4,0
Art,Artist,3.37,2,1,5,1,2,0,2,2,1,2,1,2,1,1
Architecture,Architect,3.82,4,2,1,0,3,0,3,1,3,0,3,0,4,0
Finance,Investment Banker,3.94,2,1,2,1,3,0,4,2,0,4,10,3,2,1
Medicine,Surgeon,3.7222204788357494,0,0,3,0,0,0,3,4,0,1,3,0,3,0
Education,Curriculum Developer,2.5,4,1,1,0,0,1,0,1,3,4,1,2,0,0
Law,Lawyer,2.62,4,2,3,0,2,1,0,8,0,1,2,1,2,0
Psychology,Industrial-Organizational Psychologist,2.48,1,0,0,1,6,1,4,0,0,1,0,2,2,0
Education,Teacher,3.42,9,2,1,0,7,0,2,4,0,1,1,0,3,0
Computer Science,Cybersecurity Analyst,2.43,7,0,1,1,1,1,8,0,0,1,1,3,4,1
Medicine,Surgeon,3.5713928183339423,7,1,0,1,1,1,1,4,3,2,1,4,3,0
Business,Human Resources Specialist,3.13,4,1,4,0,2,1,4,8,1,4,2,3,3,1
Engineering,Biomedical Engineer,3.35,3,2,0,1,1,1,0,4,7,2,9,4,1,0
Biology,Ecologist,2.23,2,2,3,1,9,1,3,4,0,1,3,0,0,1
Physics,Quantum Physicist,2.97,3,2,2,1,0,0,0,4,3,0,0,4,1,1
Biology,Microbiologist,2.45,5,1,0,1,5,0,4,0,3,4,0,0,2,0
Computer Science,Software Developer,3.57,4,2,4,1,4,1,9,4,2,3,4,3,1,1
Computer Science,Web Developer,3.15,6,2,0,0,8,1,8,1,2,1,0,1,4,0
Biology,Zoologist,2.51,6,1,1,1,6,0,0,0,1,0,3,2,1,1
Medicine,Physician Assistant,3.862278954579409,4,2,0,1,2,0,4,0,3,4,3,2,0,1
Marketing,Marketing Specialist,2.41,8,0,4,0,3,0,4,8,0,2,3,4,4,1
Chemistry,Analytical Chemist,3.6,0,2,1,0,0,1,4,0,2,0,2,1,3,0
Physics,Quantum Physicist,2.43,4,0,3,0,2,0,4,0,3,1,4,1,1,1
Biology,Zoologist,2.54,1,2,0,1,2,1,1,3,1,4,3,3,0,1
Biology,Geneticist,3.61,3,0,1,1,8,0,2,4,0,2,0,1,1,1
Chemistry,Analytical Chemist,2.93,4,1,4,1,5,0,0,4,4,3,3,1,2,0
Education,Teacher,2.85,3,1,0,0,2,0,2,3,0,1,2,4,1,0
Art,Animator,2.1,7,0,5,1,0,0,0,1,4,0,4,4,3,1
Biology,Biochemist,2.61,3,1,3,1,8,1,4,0,0,0,0,2,0,0
Engineering,Fluid Mechanics Engineer,2.55,4,0,4,0,4,0,3,2,10,3,8,3,1,0
Art,Illustrator,2.07,9,0,5,1,1,1,1,1,2,2,1,3,2,1
Music,Conductor,2.74,5,1,3,0,9,1,3,4,0,1,4,4,2,1
Chemistry,Inorganic Chemist,3.25,8,0,3,0,9,1,3,1,2,1,0,1,2,1
Education,Curriculum Developer,2.03,8,2,2,0,2,0,4,3,2,1,2,3,2,1
Music,Conductor,2.73,5,0,4,1,1,0,1,4,3,3,2,0,0,0
Biology,Biochemist,3.52,7,0,0,1,2,1,3,4,2,3,3,4,3,1
Physics,Physicist,3.39,7,0,4,0,9,0,4,3,2,4,1,2,0,1
Business,Manager,3.15,3,0,1,1,0,1,2,7,1,2,0,3,2,1
Marketing,Advertising Manager,3.44,1,1,1,1,4,1,1,8,3,0,0,2,4,0
Psychology,Art Therapist,3.21,9,1,1,1,5,1,1,0,1,0,3,3,2,1
Psychology,Art Therapist,2.78,8,0,3,0,2,1,1,3,3,4,4,4,2,0
Chemistry,Organic Chemist,3.25,7,2,4,0,2,0,2,2,4,0,1,4,2,1
Medicine,Physician Assistant,3.8090514827808484,9,0,4,0,8,1,3,2,1,1,4,0,2,1
Psychology,School Counselor,3.69,6,2,2,1,2,0,2,2,4,0,3,1,4,0
Music,Sound Engineer,3.12,5,1,3,0,7,1,0,4,4,1,2,0,3,0
Finance,Actuary,2.68,7,2,3,0,1,0,1,3,2,3,7,3,0,0
Physics,Nuclear Physicist,3.81,8,1,3,1,3,1,0,2,4,1,1,2,4,1
Law,Legal Secretary,2.82,2,1,3,1,1,1,2,10,3,2,4,2,4,1
Architecture,Urban Planner,3.26,5,0,4,0,1,1,2,4,3,1,4,1,4,0
Music,Conductor,2.24,5,0,3,0,1,0,2,2,1,2,4,3,1,1
Finance,Accountant,3.12,3,2,4,0,7,0,1,1,1,1,9,3,2,0
Architecture,Interior Designer,2.72,6,0,2,0,3,0,3,0,4,2,3,4,4,1
Education,Special Education Teacher,2.52,1,2,3,0,7,1,4,1,4,4,4,4,4,1
Physics,Astronomer,4.0,0,2,2,1,3,0,0,1,1,1,2,0,0,1
Physics,Physicist,3.21,3,1,0,0,6,1,1,4,2,3,1,4,4,1
Law,Lawyer,2.71,0,0,0,0,3,0,1,7,0,1,0,2,3,0
Architecture,Architect,3.56,1,0,2,1,0,1,0,2,0,0,3,2,1,1
Physics,Nuclear Physicist,2.23,3,1,3,0,8,1,4,0,0,4,3,4,1,0
Biology,Ecologist,2.43,8,2,0,0,7,1,4,1,1,3,1,0,1,0
Finance,Financial Advisor,3.78,4,0,3,1,5,1,2,3,4,3,10,0,3,1
Marketing,Digital Marketing Specialist,3.2,9,1,1,1,9,1,1,7,1,4,0,2,1,0
Psychology,Forensic Psychologist,2.66,8,0,3,1,9,0,0,3,0,2,1,1,4,0
Engineering,Fluid Mechanics Engineer,2.41,1,1,1,1,6,1,3,3,7,0,10,2,3,0
Psychology,Industrial-Organizational Psychologist,3.56,9,1,2,0,6,1,3,1,2,2,3,3,0,0
Biology,Ecologist,3.01,2,0,3,1,2,1,2,4,3,2,4,0,1,1
Medicine,Pharmacist,3.9501561197872457,3,2,2,0,7,1,3,3,2,2,4,0,1,0
Physics,Quantum Physicist,3.4,4,1,1,1,9,1,2,4,4,3,1,0,0,0
Psychology,Industrial-Organizational Psychologist,2.2,9,2,0,0,0,0,1,1,2,2,2,3,4,0
Architecture,Interior Designer,3.29,5,1,1,0,4,1,1,4,0,3,2,0,3,1
Computer Science,Game Developer,3.72,7,0,1,1,0,0,10,1,4,4,1,0,1,0
Physics,Nuclear Physicist,3.66,8,1,3,1,3,0,2,1,0,0,3,0,2,1
Physics,Astronomer,3.34,3,1,3,0,8,1,4,2,3,0,3,3,4,1
Architecture,Interior Designer,3.36,7,1,0,0,4,0,2,2,0,1,2,0,4,1
Business,Human Resources Specialist,3.55,1,1,1,1,7,1,4,10,1,4,1,2,2,0
Psychology,Clinical Psychologist,3.3,3,0,0,0,3,0,0,1,1,2,1,4,3,0
Architecture,Architectural Technologist,2.26,4,1,3,1,8,0,0,1,4,3,0,0,3,0
Psychology,Industrial-Organizational Psychologist,2.27,6,0,2,0,1,0,3,4,0,2,4,2,2,0
Chemistry,Chemist,3.18,6,1,3,1,2,0,3,0,1,0,0,1,3,0
Computer Science,Cybersecurity Analyst,3.61,5,2,3,0,8,1,7,0,3,1,4,1,2,1
Finance,Risk Analyst,3.15,5,1,0,0,6,1,2,3,0,3,9,4,2,1
Business,Human Resources Specialist,3.26,9,0,3,0,4,1,4,10,3,3,4,4,0,0
Music,Composer,3.97,6,1,1,0,8,0,4,1,1,1,3,4,2,1
Finance,Financial Advisor,2.41,6,1,2,0,0,0,1,4,4,3,10,1,0,0
Law,Legal Consultant,2.69,8,1,4,0,7,0,3,10,3,4,1,4,4,0
Medicine,Surgeon,3.729102402626108,5,0,2,1,5,1,2,3,4,3,1,1,4,0
Finance,Financial Controller,3.65,0,2,3,1,9,0,2,3,2,2,7,2,4,0
Engineering,Biomedical Engineer,2.95,9,1,3,0,0,1,4,4,10,2,9,2,1,0
Education,Teacher,3.04,5,1,3,1,7,0,3,4,4,0,1,0,0,1
Biology,Biochemist,2.95,8,2,3,0,3,0,2,3,2,0,2,0,1,0
Architecture,Architect,2.45,1,1,2,1,3,0,3,1,0,2,3,2,4,1
Music,Music Teacher,3.24,9,2,1,0,9,1,1,3,4,4,2,0,1,1
Computer Science,Game Developer,2.85,9,2,1,0,0,0,8,4,0,4,2,2,4,0
Finance,Actuary,2.8,6,0,2,0,0,1,4,2,4,3,10,4,3,1
Architecture,Interior Designer,2.11,3,0,4,0,8,0,1,1,2,1,3,1,1,1
Medicine,Surgeon,3.915101442172881,6,1,1,1,5,0,0,0,2,1,3,4,2,1
Marketing,Market Research Analyst,2.85,2,2,0,1,0,0,2,7,1,0,3,2,3,0
Computer Science,Software Developer,2.58,9,2,4,0,4,1,9,1,2,2,3,2,3,1
Biology,Ecologist,2.61,9,2,0,1,8,0,4,2,1,3,0,1,0,1
Medicine,Nurse,3.762885168341613,3,2,4,0,8,1,1,3,3,4,4,1,3,1
Medicine,Dentist,3.790726973964312,9,1,2,1,5,1,0,3,0,1,2,1,1,1
Education,Curriculum Developer,2.55,9,1,3,0,2,1,3,2,0,1,4,0,4,1
Engineering,Fluid Mechanics Engineer,3.23,6,1,0,0,1,1,4,4,9,1,8,2,0,1
Engineering,Aerospace Engineer,3.14,0,1,1,1,5,1,3,2,7,4,7,2,3,1
Law,Paralegal,2.42,0,1,2,0,1,0,0,9,3,3,1,3,2,1
Business,Manager,3.69,7,1,3,1,3,0,3,9,1,4,4,1,0,1
Chemistry,Analytical Chemist,4.0,2,1,2,0,5,0,1,4,4,2,4,1,1,0
Education,Education Administrator,3.2,3,0,4,1,4,1,0,3,3,0,4,1,1,0
Marketing,Marketing Specialist,3.8,9,2,1,1,9,1,2,7,0,0,0,0,4,1
Marketing,Digital Marketing Specialist,2.54,5,0,1,1,7,0,4,7,2,4,3,2,4,1
Business,Human Resources Specialist,2.66,9,0,2,1,1,0,1,8,1,4,0,0,2,0
Marketing,Marketing Specialist,2.12,6,1,2,0,9,0,0,8,3,4,4,2,1,1
Engineering,Fluid Mechanics Engineer,2.74,1,0,2,0,6,1,1,0,10,2,7,3,3,1
Business,Human Resources Specialist,3.35,2,0,3,0,8,1,2,7,3,4,4,4,2,1
Psychology,Psychologist,3.25,8,0,0,1,8,0,2,3,2,2,0,4,1,0
Medicine,Doctor,3.7214755053739665,8,2,4,1,6,0,2,3,1,4,0,3,3,1
Marketing,Marketing Specialist,3.63,0,0,4,1,0,1,0,8,1,0,0,1,3,1
Business,Human Resources Specialist,2.58,7,1,4,1,6,0,0,10,1,4,3,0,3,0
Business,Construction Manager,2.26,1,2,1,1,9,0,0,9,0,2,0,2,2,0
Medicine,Pharmacist,3.9284750649346942,2,1,0,0,5,1,3,4,4,4,1,1,2,1
Education,Teacher,3.17,3,1,0,0,7,1,4,4,4,0,4,1,0,1
Biology,Geneticist,2.68,2,1,2,1,5,1,4,3,0,1,1,1,1,1
Finance,Financial Advisor,2.8,5,1,2,1,4,1,4,4,0,0,7,1,2,1
Business,Entrepreneur,2.42,8,0,2,1,9,1,3,10,0,0,1,2,3,1
Chemistry,Chemist,3.28,2,0,2,1,4,0,4,3,3,0,3,2,1,1
Architecture,Interior Designer,3.74,7,2,3,1,9,1,3,3,3,2,2,2,1,0
Biology,Ecologist,3.03,4,2,4,0,9,0,3,4,0,4,0,4,0,1
Engineering,Aerospace Engineer,2.31,6,1,1,0,1,0,3,0,7,2,7,3,3,1
Chemistry,Chemist,2.62,0,0,3,0,7,1,3,1,3,3,1,4,2,1
Physics,Quantum Physicist,2.27,0,0,4,1,9,1,4,0,1,3,4,4,2,1
Physics,Astronomer,3.03,4,2,1,1,3,0,2,3,0,4,0,2,0,0
Chemistry,Inorganic Chemist,2.2,6,0,2,1,2,0,3,3,0,0,0,3,3,1
Business,Construction Manager,3.4,7,0,0,0,0,0,2,10,3,4,3,4,2,1
Art,Art Director,2.79,1,0,5,1,8,1,0,2,0,0,0,4,4,1
Medicine,Surgeon,3.655503501835444,5,2,2,0,3,0,3,1,4,1,2,4,2,0
Computer Science,Web Developer,2.43,9,1,0,0,6,0,10,0,2,4,1,2,4,1
Business,Manager,3.89,7,2,2,1,2,1,1,9,3,3,0,3,2,0
Law,Legal Consultant,2.57,3,1,2,0,2,1,2,9,2,0,3,0,4,1
Law,Legal Secretary,2.48,4,0,1,0,5,0,3,8,3,1,3,0,2,0
Computer Science,Web Developer,2.49,4,1,0,1,9,0,9,1,3,4,3,4,0,1
Finance,Actuary,2.81,1,1,3,1,6,0,3,4,3,3,9,2,2,1
Music,Music Teacher,2.11,10,0,2,1,6,1,1,4,0,2,3,0,3,1
Education,Teacher,2.11,6,1,3,1,5,1,4,1,0,3,3,4,4,1
Computer Science,AI Researcher,3.92,1,1,1,1,3,1,7,3,2,4,0,4,4,1
Law,Legal Consultant,3.6,3,2,1,0,3,0,2,10,0,4,2,0,1,1
Computer Science,Software Developer,3.88,0,1,3,1,1,0,10,1,0,3,4,1,2,1
Biology,Ecologist,2.66,9,0,0,1,2,1,2,2,1,3,0,1,0,0
Marketing,Social Media Manager,3.01,4,1,1,1,0,0,3,10,0,2,4,1,3,1
Architecture,Interior Designer,3.12,2,0,2,0,3,1,0,0,0,2,4,1,2,1
Education,Principal,3.69,9,1,4,1,5,0,1,4,1,1,3,1,3,0
Education,Teacher,3.12,4,2,2,1,7,1,0,0,1,2,0,2,2,1
Business,Construction Manager,2.23,0,1,1,1,7,1,3,7,3,4,2,1,4,1
Computer Science,Web Developer,2.77,2,1,3,1,4,1,8,0,3,4,3,1,2,0
Computer Science,Data Scientist,2.43,1,0,0,0,2,1,10,3,3,0,0,1,0,0
Education,Curriculum Developer,3.1,1,2,3,1,4,0,3,3,0,4,1,0,0,1
Art,Art Director,3.54,8,1,4,0,4,0,1,4,3,3,3,0,1,1
Medicine,Nurse,3.9370844607410342,4,1,1,0,0,1,1,4,4,4,1,3,0,1
Chemistry,Analytical Chemist,3.24,3,2,3,1,2,1,0,4,1,4,3,2,0,1
Engineering,Chemical Engineer,2.07,3,1,0,0,5,1,0,2,8,3,9,2,2,1
Engineering,Biomedical Engineer,2.14,5,1,2,1,9,0,4,0,8,4,7,4,3,0
Marketing,Social Media Manager,3.47,0,2,1,1,1,0,1,9,1,2,3,4,0,1
Physics,Astronomer,2.77,5,1,3,0,7,0,2,1,4,0,0,2,1,1
Physics,Quantum Physicist,3.58,5,0,0,1,5,1,2,1,0,3,4,3,3,1
Biology,Biologist,3.59,7,1,3,0,5,0,2,4,3,1,0,1,4,0
Biology,Zoologist,2.74,0,0,2,0,7,0,4,0,2,3,0,2,2,0
Art,Artist,2.41,0,0,4,0,5,1,2,0,2,0,2,1,0,1
Psychology,Counselor,3.58,9,1,2,0,7,1,0,1,1,3,4,4,3,1
Architecture,Urban Planner,2.38,7,1,2,0,4,1,4,3,0,3,4,2,4,0
Architecture,Urban Planner,3.33,8,1,0,0,3,1,1,3,3,4,0,3,0,0
Chemistry,Chemist,2.96,4,1,1,0,3,1,1,3,1,4,1,2,1,1
Physics,Astronomer,3.12,1,0,1,0,6,1,2,2,2,1,0,0,4,0
Art,Art Director,2.39,1,2,3,0,3,1,4,2,4,0,1,3,3,1
Architecture,Interior Designer,2.37,7,0,1,0,8,0,4,3,4,4,3,1,0,1
Chemistry,Analytical Chemist,2.21,3,2,1,0,0,0,1,0,1,1,2,1,3,0
Art,Illustrator,3.68,9,0,4,1,1,0,3,0,1,1,2,2,1,0
Business,Manager,2.55,4,1,3,0,9,0,1,10,2,4,1,2,2,1
Art,Illustrator,3.57,2,1,4,1,3,1,1,2,4,4,1,2,4,1
Physics,Physicist,2.75,7,0,3,0,4,0,2,3,3,2,1,1,0,1
Medicine,Nurse,3.634023593689319,3,2,4,0,5,1,1,2,4,1,3,0,0,1
Music,Musician,2.17,6,0,4,1,1,0,4,2,3,0,4,1,4,1
Law,Legal Analyst,3.69,1,2,0,0,4,0,2,10,0,4,4,2,0,1
Law,Judge,2.89,3,0,4,1,9,1,0,9,0,1,3,1,1,1
Physics,Astronomer,2.35,1,1,1,0,8,0,2,2,1,1,2,3,0,1
Law,Judge,3.25,3,2,0,0,5,0,4,7,4,3,4,0,4,1
Engineering,Chemical Engineer,3.06,7,1,4,1,5,1,4,0,9,2,9,1,4,1
Chemistry,Organic Chemist,3.26,0,1,1,1,2,1,1,4,4,2,2,0,3,0
Finance,Investment Banker,3.03,7,0,0,1,6,0,3,3,3,2,8,4,0,1
Chemistry,Analytical Chemist,2.68,4,0,1,0,2,0,0,1,3,2,4,1,4,1
Psychology,School Counselor,3.64,1,2,4,0,0,1,0,2,1,4,4,0,1,0
Marketing,Marketing Specialist,3.24,6,1,1,0,4,0,0,9,1,1,0,1,4,1
Chemistry,Organic Chemist,3.87,2,0,3,1,1,1,0,2,4,2,0,4,0,0
Psychology,Clinical Psychologist,3.46,1,1,2,0,9,1,2,3,3,4,4,1,2,0
Business,Manager,3.04,5,0,3,0,0,0,0,7,3,3,3,1,1,1
Law,Legal Secretary,3.3,5,1,0,1,3,1,3,10,0,0,2,1,2,1
Music,Sound Engineer,3.59,7,1,0,1,4,1,1,0,2,1,1,0,2,0
Education,Education Administrator,2.9,3,0,3,0,6,1,0,0,4,1,1,2,1,1
Computer Science,Cybersecurity Analyst,2.41,5,2,3,1,9,1,7,1,0,1,3,4,3,1
Engineering,Electrical Engineer,2.8,5,1,0,1,4,0,4,2,9,3,10,4,1,0
Finance,Credit Analyst,2.93,1,1,1,1,3,0,0,4,2,0,8,3,1,1
Architecture,Urban Planner,3.14,7,0,0,0,1,0,4,1,2,2,2,2,2,0
Medicine,Pharmacist,3.691804520177579,2,0,4,1,6,1,0,4,4,1,1,3,0,1
Engineering,Biomedical Engineer,2.82,6,1,1,0,4,0,1,1,7,0,10,1,3,1
Marketing,Marketing Manager,2.28,3,2,0,0,5,0,2,10,2,0,2,4,2,1
Law,Legal Analyst,3.4,1,1,3,1,9,1,3,8,4,4,3,3,3,0
Education,Teacher,2.56,6,2,4,0,7,1,2,3,0,0,0,4,1,1
Chemistry,Chemist,3.77,9,0,3,0,4,1,2,1,3,3,0,3,3,1
Computer Science,Web Developer,2.59,8,1,4,0,8,1,7,0,2,4,4,3,3,0
Law,Legal Analyst,2.05,9,2,0,1,0,1,4,10,1,3,0,1,4,0
Finance,Risk Analyst,2.99,0,0,3,0,6,1,2,3,2,3,9,0,1,0
Art,Art Director,3.18,9,1,5,0,2,1,1,1,3,4,3,4,3,0
Art,Graphic Designer,2.55,1,2,3,0,6,0,3,1,4,3,3,3,3,1
Chemistry,Physical Chemist,2.33,6,1,1,0,7,1,3,1,3,2,2,0,4,1
Architecture,Architect,3.45,4,0,4,1,7,0,1,3,4,2,1,3,1,0
Medicine,Doctor,3.920553654469435,6,2,0,1,3,1,2,4,4,2,3,1,1,0
Architecture,Architect,2.08,2,0,4,1,3,0,1,1,0,0,2,0,2,1
Architecture,Landscape Architect,3.88,9,1,1,0,3,0,4,2,2,2,2,0,2,1
Chemistry,Analytical Chemist,2.09,7,1,4,0,7,0,0,4,1,2,4,3,4,1
Chemistry,Inorganic Chemist,2.43,4,0,4,1,3,0,4,1,3,3,4,4,3,1
Law,Paralegal,2.6,8,2,3,0,6,0,4,10,3,3,3,0,4,0
Art,Art Director,2.26,2,0,3,1,4,1,4,4,4,2,1,4,4,1
Education,Education Administrator,3.81,5,1,3,0,9,1,3,3,0,2,3,3,3,0
Physics,Astronomer,2.21,2,0,2,1,6,0,1,4,0,4,4,0,4,1
Law,Legal Analyst,2.92,0,1,2,1,5,0,4,9,1,3,0,0,1,1
Chemistry,Chemist,2.88,6,2,1,1,1,0,4,1,0,4,3,1,1,1
Physics,Quantum Physicist,2.83,7,0,2,0,3,1,4,1,3,2,2,3,1,1
Biology,Microbiologist,2.51,1,1,3,0,5,0,3,2,0,3,3,1,1,1
Finance,Credit Analyst,2.81,5,0,3,1,3,0,1,3,1,0,9,1,2,1
Psychology,Counselor,2.36,4,0,0,0,8,0,4,2,3,1,0,3,1,1
Finance,Credit Analyst,3.85,7,1,4,0,5,1,4,0,4,1,9,0,3,0
Engineering,Civil Engineer,3.71,2,1,3,0,5,0,2,0,8,3,9,0,1,1
Music,Musician,2.79,7,0,4,1,3,1,1,2,0,3,1,3,0,1
Psychology,Counselor,2.15,9,2,3,1,2,0,3,4,4,0,0,0,0,1
Medicine,Dentist,3.593453648225059,3,0,0,0,9,0,4,0,4,1,1,1,3,0
Finance,Financial Controller,2.49,7,2,0,0,6,0,2,0,3,0,7,4,3,1
Marketing,Marketing Manager,2.26,5,2,0,0,6,1,2,7,4,0,4,3,3,0
Computer Science,Web Developer,2.1,4,1,1,1,9,1,10,4,0,3,3,1,1,0
Medicine,Nurse,3.5400091348788396,0,2,4,0,8,0,4,0,4,0,2,2,0,0
Business,Construction Manager,3.33,4,1,2,1,5,0,0,7,3,1,0,3,0,0
Marketing,Advertising Manager,3.34,7,2,3,0,3,1,4,8,4,3,0,1,1,0
Psychology,School Counselor,3.16,1,2,4,0,0,0,1,3,1,2,2,2,2,0
Education,Education Administrator,2.49,3,0,0,1,7,0,0,2,3,0,4,2,3,0
Music,Sound Engineer,2.61,6,1,3,0,6,1,2,0,2,4,2,2,4,0
Computer Science,Software Developer,2.76,4,2,0,0,7,0,9,3,1,3,3,0,1,0
Engineering,Electrical Engineer,2.53,3,2,0,0,7,0,2,2,9,4,8,3,1,1
Business,Manager,3.47,2,1,3,0,7,0,1,9,3,3,2,1,1,0
Finance,Credit Analyst,3.13,3,1,3,1,9,1,0,1,4,2,8,2,3,1
Education,Education Administrator,3.83,2,1,1,1,6,0,3,2,2,4,2,3,1,1
Finance,Actuary,3.73,0,1,0,1,0,0,4,0,0,0,8,1,1,1
Psychology,Music Therapist,3.36,8,0,2,1,1,0,2,1,3,3,4,2,3,1
Medicine,Surgeon,3.7794766201351884,5,2,1,0,1,1,1,1,2,1,1,1,0,0
Engineering,Acoustics Specialist,2.85,2,1,1,1,1,0,3,0,8,2,10,4,4,0
Music,Conductor,3.41,5,2,0,0,5,1,1,4,0,4,3,4,3,1
Architecture,Architect,2.78,7,2,0,0,2,0,2,3,4,2,3,3,3,0
Psychology,Psychologist,2.88,4,1,1,1,6,0,0,2,1,2,0,1,4,0
Medicine,Nurse,3.6203407948629427,8,1,0,1,8,0,1,0,1,2,4,1,4,0
Chemistry,Organic Chemist,3.85,3,2,1,0,9,1,3,3,1,2,4,4,1,0
Engineering,Chemical Engineer,3.49,3,0,0,0,1,0,1,1,7,4,9,0,0,0
Engineering,Civil Engineer,3.21,5,2,2,1,3,0,1,3,7,3,7,2,2,1
Music,Musician,3.11,5,2,2,1,1,0,3,1,3,4,0,1,3,1
Finance,Actuary,2.9,7,1,0,0,3,1,3,2,4,2,9,4,1,1
Engineering,Mechanical Engineer,3.36,7,0,4,0,2,0,2,1,8,3,7,1,0,0
Physics,Nuclear Physicist,2.18,9,2,1,0,9,1,4,1,0,1,2,1,0,1
Architecture,Interior Designer,2.2,2,1,4,1,3,0,1,1,1,3,2,1,2,0
Computer Science,Software Developer,3.47,2,1,0,1,0,1,9,1,2,3,3,3,0,0
Chemistry,Physical Chemist,2.57,5,2,4,0,9,0,1,1,2,1,4,1,4,1
Physics,Quantum Physicist,2.13,2,1,2,0,4,1,1,3,4,1,3,2,2,1
Art,Animator,3.04,8,2,4,0,6,1,1,4,4,0,4,2,2,0
Education,Curriculum Developer,2.46,5,0,4,0,1,1,0,2,3,1,3,2,2,0
Chemistry,Chemist,2.47,5,0,4,0,2,0,1,4,4,1,4,4,2,0
Chemistry,Physical Chemist,2.35,7,1,3,1,7,0,0,2,1,4,4,0,4,0
Law,Lawyer,2.57,1,1,4,0,7,1,2,8,1,2,1,3,3,1
Architecture,Architectural Technologist,3.63,5,2,2,1,1,1,2,1,4,1,2,1,3,0
Education,Special Education Teacher,3.55,7,2,4,0,7,0,0,2,1,3,4,0,4,1
Art,Illustrator,2.53,2,2,4,1,9,1,0,0,0,2,4,0,0,0
Biology,Biochemist,3.74,3,1,1,0,3,0,0,0,4,0,4,2,3,0
Music,Sound Engineer,3.38,9,1,4,0,9,1,2,1,0,4,3,2,3,0
Biology,Ecologist,2.47,0,0,4,0,4,0,3,3,2,4,2,3,2,0
Architecture,Architectural Technologist,2.23,5,1,4,1,6,1,0,1,3,0,4,0,4,1
Art,Art Director,3.04,9,1,4,1,9,0,0,3,3,4,4,0,3,0
Architecture,Landscape Architect,2.08,7,1,0,0,1,0,0,4,0,0,1,2,3,0
Finance,Accountant,3.88,2,2,0,1,5,0,0,2,2,0,8,1,2,1
Medicine,Pharmacist,3.8184107321421763,8,0,0,1,6,1,4,4,0,0,3,3,2,0
Music,Musician,3.71,9,2,4,1,7,1,2,1,4,2,1,3,3,0
Chemistry,Inorganic Chemist,2.8,8,0,3,0,8,0,4,1,4,2,4,0,3,0
Business,Construction Manager,2.54,7,2,0,0,4,0,2,10,0,3,2,1,2,0
Education,Education Administrator,2.37,4,2,1,0,3,1,2,3,3,2,3,2,1,0
Marketing,Marketing Manager,2.96,0,1,4,0,4,1,2,9,3,4,4,2,0,0
Art,Art Director,2.9,6,2,4,1,4,0,0,2,1,0,2,1,2,1
Engineering,Biomedical Engineer,3.93,1,2,3,0,7,1,2,0,10,2,8,1,4,0
Music,Music Teacher,2.73,6,1,1,0,6,1,4,0,3,0,2,4,1,1
Computer Science,AI Researcher,3.25,0,1,0,0,0,1,8,2,1,1,1,4,3,1
Art,Art Director,3.88,0,1,5,0,4,0,2,0,0,2,1,3,1,1
Physics,Physicist,2.93,9,0,3,1,6,1,4,3,2,4,0,3,3,0
Marketing,Marketing Manager,2.57,8,1,0,0,1,1,3,7,2,0,4,0,2,0
Medicine,Doctor,3.62494380321545,4,1,0,1,7,1,1,2,0,4,3,1,0,0
Business,Manager,2.61,5,2,2,0,8,0,2,10,2,3,4,0,1,0
Architecture,Interior Designer,3.02,4,2,0,0,9,0,0,2,3,4,0,3,3,0
Physics,Nuclear Physicist,3.11,6,1,0,1,8,1,3,1,1,1,1,0,1,1
Architecture,Interior Designer,4.0,6,1,2,1,6,0,2,0,2,4,1,2,1,0
Music,Conductor,3.38,10,2,0,0,8,0,3,1,1,0,2,4,1,1
Architecture,Interior Designer,3.21,2,1,0,1,6,0,3,2,2,2,0,3,4,1
Architecture,Landscape Architect,2.79,5,0,4,0,2,0,1,4,0,0,2,2,2,1
Art,Illustrator,3.19,4,0,3,1,4,0,1,0,0,3,2,2,0,1
Chemistry,Analytical Chemist,3.28,2,2,2,0,9,0,0,1,0,1,3,3,1,1
Music,Conductor,3.84,5,1,3,0,5,1,4,0,4,3,4,1,4,1
Architecture,Architectural Technologist,3.3,1,1,3,1,5,0,4,3,3,0,1,2,2,1
Psychology,School Counselor,2.08,5,2,0,0,2,0,1,3,3,4,4,0,0,0
Marketing,Digital Marketing Specialist,2.68,0,0,4,0,4,0,1,10,2,4,3,2,2,1
Business,Construction Manager,2.43,9,1,3,1,8,1,4,9,3,2,4,4,3,0
Chemistry,Chemist,3.6,6,2,2,0,6,0,3,3,0,3,2,3,2,0
Computer Science,Software Developer,3.39,0,2,0,1,3,1,8,3,4,0,1,1,0,0
Medicine,Doctor,3.629196323935185,6,2,3,0,9,1,1,0,2,1,1,3,2,0
Marketing,Market Research Analyst,3.91,3,1,1,1,0,1,3,8,0,4,1,2,4,1
Biology,Biochemist,2.03,6,0,3,0,4,0,0,4,0,4,4,4,4,0
Art,Illustrator,3.29,1,0,5,0,6,0,1,2,4,3,3,3,2,1
Business,Human Resources Specialist,2.62,8,0,1,0,2,0,0,9,1,3,1,0,3,0
Finance,Investment Banker,2.04,5,0,1,1,4,1,2,0,1,3,8,0,1,0
Finance,Accountant,2.11,5,0,1,1,0,0,4,2,1,0,7,0,2,0
Medicine,Dentist,3.5181703741581214,8,2,2,0,1,0,0,3,4,1,4,2,3,1
Art,Graphic Designer,2.31,7,0,4,1,6,0,3,0,2,4,4,3,3,0
Biology,Biologist,3.01,2,0,1,0,0,0,0,4,4,0,4,0,0,0
Art,Art Director,2.38,2,1,3,0,8,0,0,4,4,1,0,1,2,1
Chemistry,Organic Chemist,3.56,3,0,0,0,1,1,0,4,2,2,0,2,0,0
Business,Construction Manager,3.69,5,2,4,1,0,1,0,9,4,1,2,0,1,0
Education,Curriculum Developer,3.59,3,0,1,0,7,0,1,4,3,0,1,0,0,1
Physics,Astronomer,3.61,4,1,1,0,2,0,0,2,2,3,2,2,2,1
Biology,Ecologist,3.16,3,0,1,1,1,1,2,3,0,3,0,4,2,1
Business,Human Resources Specialist,3.86,9,2,4,0,6,1,1,8,2,3,4,3,0,1
Biology,Biologist,3.83,8,2,1,1,4,1,1,2,3,0,4,2,1,1
Law,Paralegal,3.24,9,0,0,0,8,1,1,8,0,3,0,4,4,1
Business,Construction Manager,2.66,9,2,3,1,1,0,0,8,2,3,4,2,0,1
Education,Special Education Teacher,3.79,8,0,1,0,6,0,4,1,2,2,3,3,0,1
Engineering,Aerospace Engineer,3.64,4,1,0,0,7,1,2,0,10,1,9,3,1,0
Architecture,Urban Planner,3.1,7,2,3,1,1,0,1,1,1,4,3,1,1,1
Business,Entrepreneur,3.16,5,0,4,0,0,1,2,9,3,4,2,3,0,1
Computer Science,Data Scientist,2.99,9,0,3,1,9,1,10,2,4,0,1,3,1,1
Engineering,Chemical Engineer,2.66,7,0,4,1,9,0,2,1,7,4,9,3,3,0
Physics,Physicist,3.22,6,1,1,1,3,0,0,2,1,0,4,1,0,1
Engineering,Mechanical Engineer,2.69,9,0,1,1,9,1,4,0,8,4,7,3,1,1
Law,Lawyer,3.78,4,1,2,1,6,1,1,10,4,2,3,1,1,0
Medicine,Dentist,3.542701242145437,3,1,3,0,9,0,4,2,0,2,1,4,4,1
Marketing,Market Research Analyst,2.67,8,2,1,0,4,1,2,8,2,2,4,1,1,0
Chemistry,Analytical Chemist,2.24,2,1,4,0,4,0,3,4,0,0,4,2,0,1
Architecture,Interior Designer,2.13,5,1,4,1,3,0,0,1,2,2,3,4,1,1
Music,Composer,3.2,7,2,3,0,0,0,4,3,2,3,1,4,4,1
Education,Curriculum Developer,2.68,7,1,1,0,0,1,2,2,4,2,3,0,2,1
Engineering,Chemical Engineer,3.64,6,1,2,0,4,0,4,3,8,4,10,0,2,1
Art,Art Director,3.05,5,2,4,0,0,0,1,3,1,4,2,0,0,1
Chemistry,Organic Chemist,2.46,4,0,3,0,0,1,3,4,4,0,1,1,3,1
Chemistry,Organic Chemist,3.51,1,1,4,1,7,1,2,3,4,3,3,0,1,0
Psychology,Counselor,3.9,5,0,1,1,6,0,4,3,2,1,4,0,1,1
Finance,Actuary,3.77,5,1,0,0,6,0,3,2,4,2,7,3,0,1
Engineering,Fluid Mechanics Engineer,2.03,4,2,3,1,5,1,3,2,10,4,8,2,4,0
Medicine,Pharmacist,3.7089842540069435,7,0,0,1,9,0,3,1,3,4,0,2,2,0
Chemistry,Organic Chemist,2.78,2,0,3,0,3,0,3,1,1,0,1,1,4,0
Finance,Credit Analyst,3.94,3,0,3,0,3,1,0,2,1,0,8,3,4,1
Education,Principal,2.02,1,0,4,0,3,1,0,4,4,0,1,1,2,1
Music,Sound Engineer,2.84,7,1,0,0,5,1,4,2,4,0,2,2,4,0
Architecture,Architect,3.59,6,0,3,1,2,1,1,0,4,0,0,0,4,0
Architecture,Urban Planner,2.8,7,2,2,0,1,1,3,1,1,1,1,0,0,0
Architecture,Architect,3.83,0,2,4,0,4,1,2,1,4,2,3,4,4,1
Music,Composer,2.13,6,2,4,1,9,0,1,1,3,1,1,3,0,1
Music,Sound Engineer,2.71,8,2,4,0,9,0,0,3,4,0,3,3,0,1
Education,Curriculum Developer,3.53,2,0,3,1,1,1,2,3,1,0,3,2,0,0
Engineering,Biomedical Engineer,2.27,4,0,1,0,4,0,3,4,10,3,7,3,3,0
Music,Musician,3.74,8,0,0,0,6,1,2,4,1,4,0,2,2,0
Marketing,Marketing Specialist,2.73,0,1,3,0,2,0,2,10,4,4,1,3,3,0
Art,Graphic Designer,2.39,0,1,3,0,5,1,3,0,1,3,3,3,2,0
Law,Legal Secretary,2.34,1,2,2,0,7,1,1,8,4,3,0,4,1,1
Marketing,Marketing Manager,2.89,1,2,4,0,5,1,0,10,4,0,4,4,3,0
Psychology,Clinical Psychologist,3.5,7,0,3,1,7,1,4,0,2,2,3,2,0,1
Chemistry,Physical Chemist,2.2,3,2,0,0,6,1,2,0,4,1,3,2,4,1
Biology,Geneticist,3.47,1,1,1,0,8,0,0,0,4,0,1,3,2,1
Business,Construction Manager,3.1,1,2,2,1,1,0,3,10,0,1,1,0,0,1
Engineering,Biomedical Engineer,3.47,3,1,2,0,7,1,1,0,7,3,9,3,3,1
Architecture,Architectural Technologist,2.33,1,0,3,0,7,1,1,0,3,4,1,4,3,0
Computer Science,AI Researcher,2.5,3,0,2,1,9,0,8,2,0,4,0,4,2,1
Biology,Microbiologist,2.2,8,2,2,1,5,0,1,4,1,2,3,1,3,1
Architecture,Architect,3.96,2,0,3,0,8,0,4,2,4,4,0,1,3,0
Psychology,Psychologist,3.06,0,1,1,1,3,1,3,2,4,2,4,2,2,1
Physics,Nuclear Physicist,2.79,4,0,3,1,6,0,4,4,4,0,1,1,0,1
Chemistry,Analytical Chemist,2.21,1,0,4,1,9,0,2,3,0,3,4,3,1,0
Education,Education Administrator,3.23,0,0,2,0,8,0,2,3,3,0,3,2,1,0
Medicine,Nurse,3.758503141604854,4,0,0,1,8,1,0,3,3,3,2,0,1,0
Finance,Accountant,3.19,8,0,4,0,0,1,3,0,3,2,8,4,1,0
Education,Principal,3.41,5,1,1,1,1,1,0,3,1,0,1,1,4,0
Architecture,Landscape Architect,2.01,1,2,2,0,6,1,0,0,0,4,3,4,2,0
Medicine,Dentist,3.7717422142915074,5,2,3,1,3,1,4,0,4,1,1,1,2,1
Chemistry,Inorganic Chemist,2.59,0,2,3,1,3,0,0,0,1,0,1,4,2,0
Physics,Astronomer,3.03,9,2,0,0,3,0,3,3,3,2,0,0,3,1
Marketing,Brand Manager,2.22,7,0,4,1,7,1,1,8,4,3,0,4,3,1
Law,Legal Secretary,3.11,8,1,1,1,8,0,1,10,2,1,1,4,2,1
Engineering,Biomedical Engineer,3.25,4,1,2,1,9,0,0,0,8,0,8,0,1,0
Biology,Microbiologist,2.72,5,0,3,0,2,0,0,0,1,2,4,3,0,1
Business,Construction Manager,2.81,5,1,2,0,0,0,0,8,4,4,2,1,1,0
Biology,Geneticist,3.41,3,0,4,0,6,0,0,2,2,4,0,2,1,0
Physics,Physicist,3.61,4,1,0,0,6,0,2,0,2,1,3,0,4,1
Chemistry,Physical Chemist,2.13,0,2,1,0,6,0,2,2,4,2,4,1,3,0
Computer Science,Cybersecurity Analyst,2.35,1,0,4,0,0,1,8,0,3,2,2,0,4,1
Law,Legal Consultant,3.69,7,1,2,0,9,1,4,7,1,2,2,4,1,1
Engineering,Aerospace Engineer,2.74,1,0,3,1,4,1,0,0,9,0,10,4,3,1
Computer Science,Web Developer,2.31,0,1,0,0,4,0,9,0,0,0,4,2,0,1
Chemistry,Chemist,2.5,1,2,2,0,8,1,1,3,0,3,2,3,0,1
Education,Principal,2.81,6,0,4,1,1,0,4,2,2,2,2,1,3,1
Law,Legal Secretary,3.2,1,0,1,1,1,1,4,7,1,3,2,1,1,0
Psychology,Psychologist,2.81,1,2,4,0,3,1,0,2,1,0,2,2,3,0
Business,Manager,3.87,4,2,4,1,3,0,4,10,0,1,4,1,2,0
Business,Manager,3.52,5,2,1,0,1,1,4,9,3,3,1,0,2,1
Chemistry,Inorganic Chemist,2.45,9,2,4,0,2,0,2,2,0,0,4,3,3,0
Computer Science,Web Developer,2.43,6,1,1,1,5,1,10,2,0,0,2,4,3,1
Psychology,Clinical Psychologist,3.46,7,0,4,1,6,1,1,4,0,0,3,1,2,0
Law,Lawyer,2.73,5,1,0,1,9,0,4,7,0,3,2,2,0,1
Business,Construction Manager,2.27,0,0,3,1,4,0,3,8,2,1,1,1,1,0
Marketing,Social Media Manager,3.25,8,1,1,1,8,0,1,10,4,1,4,3,1,0
Medicine,Doctor,3.928514514165289,4,1,1,1,1,0,3,1,1,3,0,1,1,0
Law,Lawyer,2.52,2,2,2,1,6,0,4,8,2,4,3,2,2,0
Biology,Geneticist,2.07,1,1,1,0,7,1,4,3,0,1,0,0,2,0
Computer Science,AI Researcher,3.77,2,2,2,0,4,0,9,0,2,2,0,4,3,1
Chemistry,Physical Chemist,3.8,1,0,2,1,9,1,0,3,2,3,3,3,4,1
Engineering,Fluid Mechanics Engineer,2.61,9,1,4,1,4,1,0,4,9,0,7,2,1,1
Architecture,Architectural Technologist,3.7,4,0,2,0,3,1,3,4,2,4,3,2,3,0
Psychology,Forensic Psychologist,3.73,5,0,4,0,6,0,1,2,1,0,4,1,1,1
Business,Human Resources Specialist,2.07,2,0,3,1,7,0,3,8,3,2,1,3,1,0
Chemistry,Physical Chemist,2.05,0,2,0,0,9,0,4,1,4,1,0,3,1,1
Computer Science,Game Developer,2.94,5,0,1,1,8,0,7,1,3,0,1,2,3,0
Business,Construction Manager,2.43,5,2,0,0,8,1,0,8,0,3,3,1,2,0
Marketing,Marketing Specialist,3.38,1,2,4,1,0,0,4,8,2,1,2,1,1,0
Engineering,Fluid Mechanics Engineer,2.63,1,0,2,1,5,0,0,4,7,2,7,4,3,1
Finance,Accountant,3.15,7,1,0,1,1,1,3,0,2,1,8,0,2,0
Computer Science,AI Researcher,3.3,3,1,2,0,6,0,9,3,2,1,0,3,4,0
Art,Illustrator,2.21,7,1,4,1,8,1,0,1,3,2,1,0,2,1
Law,Judge,2.22,8,1,3,0,8,0,0,7,4,3,0,2,1,1
Business,Entrepreneur,3.18,8,1,3,0,4,1,3,10,0,1,1,0,0,1
Engineering,Fluid Mechanics Engineer,4.0,6,0,3,0,8,1,0,2,7,0,10,1,2,1
Architecture,Landscape Architect,2.38,6,0,1,1,9,1,2,3,3,1,2,2,2,0
Engineering,Acoustics Specialist,3.56,6,0,3,1,7,0,3,4,7,1,7,0,0,1
Education,Principal,2.32,1,0,4,1,9,1,2,1,3,2,2,4,3,0
Biology,Biotechnologist,2.01,7,2,1,1,9,0,4,2,0,3,0,0,1,1
Finance,Investment Banker,3.42,9,1,2,0,4,0,3,1,2,2,10,0,0,1
Psychology,Counselor,2.27,6,1,3,1,1,1,2,4,1,0,4,4,0,0
Music,Conductor,2.56,6,0,1,0,0,1,1,3,3,1,4,1,4,0
Business,Human Resources Specialist,3.56,2,0,2,1,4,0,4,7,3,0,3,0,1,1
Psychology,School Psychologist,2.1,1,0,2,0,4,1,1,3,1,3,2,2,3,1
Art,Art Director,2.45,2,2,5,1,8,1,3,2,3,0,2,1,0,1
Law,Legal Analyst,2.97,0,1,0,0,8,0,1,8,4,3,4,3,3,1
Finance,Accountant,3.39,0,0,2,1,2,0,3,0,1,0,8,2,2,1
Education,Curriculum Developer,2.48,5,0,0,1,9,1,1,1,3,0,1,4,0,1
Biology,Biologist,3.48,2,0,4,0,7,0,1,0,0,3,1,4,2,0
Computer Science,Web Developer,3.88,5,2,2,0,4,0,9,0,2,1,3,3,0,0
Marketing,Digital Marketing Specialist,2.93,8,0,4,1,2,1,2,9,0,3,4,2,3,0
Engineering,Civil Engineer,3.73,7,2,4,1,5,1,2,2,7,0,7,0,2,1
Psychology,Music Therapist,3.62,2,2,4,0,3,1,3,2,1,4,4,0,3,0
Medicine,Surgeon,3.793673895621514,6,0,0,0,8,0,2,4,0,3,2,4,4,1
Biology,Zoologist,3.69,4,1,2,1,7,0,1,1,0,1,0,2,4,1
Computer Science,Web Developer,3.38,6,0,2,1,7,0,7,0,0,2,1,3,1,1
Architecture,Interior Designer,2.55,7,2,2,1,6,1,3,3,3,3,3,2,3,1
Law,Lawyer,3.76,8,2,3,1,6,1,1,8,0,4,4,4,4,1
Engineering,Biomedical Engineer,3.39,3,2,0,0,7,0,2,4,9,4,8,3,0,1
Music,Conductor,3.36,8,0,4,1,4,0,2,3,4,0,2,3,1,0
Computer Science,Game Developer,3.81,4,2,0,1,2,1,7,1,2,0,2,1,4,1
Law,Lawyer,2.07,5,0,1,0,2,0,4,9,3,4,2,0,0,1
Finance,Actuary,2.21,9,0,0,1,9,1,0,4,1,3,8,4,3,0
Computer Science,Game Developer,3.5,1,0,0,1,4,1,9,1,3,1,4,0,2,1
Marketing,Social Media Manager,3.22,0,2,3,1,9,1,3,7,0,3,0,4,0,1
Marketing,Marketing Specialist,3.86,1,2,1,1,4,0,1,7,1,1,4,1,4,1
Medicine,Doctor,3.9875435848538405,1,2,2,0,3,1,4,0,1,1,0,0,4,0
Music,Musician,3.42,9,0,1,1,8,1,3,4,0,4,3,0,3,0
Biology,Zoologist,3.77,8,2,0,0,6,1,2,3,1,0,3,0,4,1
Education,Principal,3.78,7,0,0,1,9,1,0,1,0,3,0,2,1,1
Finance,Actuary,3.51,7,1,3,0,3,1,0,4,2,1,10,1,4,0
Finance,Financial Controller,3.71,6,0,2,1,2,1,2,4,2,2,10,3,0,1
Art,Illustrator,3.73,8,0,4,1,8,0,3,3,1,4,0,1,1,1
Architecture,Landscape Architect,3.67,5,2,0,0,4,0,4,4,4,0,2,1,2,0
Marketing,Brand Manager,3.21,1,1,3,0,1,1,0,10,1,0,4,1,3,0
Chemistry,Organic Chemist,2.85,8,0,3,0,8,0,1,4,4,0,3,4,3,1
Law,Legal Analyst,3.08,5,0,3,0,5,0,3,7,4,3,3,3,4,0
Education,Principal,3.57,8,0,1,0,9,1,1,0,4,0,2,3,1,0
Chemistry,Organic Chemist,2.47,6,1,4,0,9,1,2,3,4,3,2,0,1,1
Engineering,Mechanical Engineer,3.34,6,2,0,1,0,0,4,1,8,4,9,0,1,1
Art,Art Director,2.34,2,1,5,1,3,1,4,3,2,2,2,0,0,0
Psychology,Art Therapist,3.38,6,1,3,1,2,1,3,1,4,0,3,1,0,0
Psychology,Psychologist,3.69,3,0,0,0,7,1,1,3,1,4,2,3,0,1
Music,Musician,2.36,8,1,2,0,5,1,0,0,4,4,0,3,0,1
Marketing,Advertising Manager,3.8,5,2,1,0,7,1,2,10,2,2,4,1,4,0
Physics,Astronomer,3.03,9,0,0,1,2,0,0,4,1,3,4,0,2,0
Psychology,Forensic Psychologist,2.65,3,1,2,1,1,0,2,2,0,4,3,2,2,1
Medicine,Surgeon,3.970607347060343,6,0,0,0,3,0,4,1,4,0,3,2,0,0
Architecture,Architect,2.74,1,1,4,1,1,1,4,2,1,1,2,0,1,0
Music,Music Teacher,2.87,9,1,4,1,1,1,0,0,4,4,4,0,0,1
Physics,Astronomer,2.02,1,1,3,0,1,0,4,1,4,0,1,2,3,0
Music,Musician,3.45,5,0,3,0,6,0,3,3,0,2,4,0,0,1
Music,Sound Engineer,2.85,5,1,3,0,8,0,3,3,3,2,1,3,1,1
Computer Science,Game Developer,2.41,1,1,1,1,5,1,10,2,2,2,1,0,1,0
Education,Teacher,3.93,5,1,0,1,4,0,4,2,1,0,4,0,2,1
Computer Science,Web Developer,2.12,8,1,0,0,3,0,9,2,0,0,0,0,4,1
Psychology,Forensic Psychologist,3.34,0,2,2,0,7,1,4,4,1,2,2,4,0,0
Finance,Risk Analyst,2.64,8,0,0,0,0,0,3,1,4,4,7,1,3,0
Finance,Investment Banker,2.96,0,2,1,0,6,0,0,1,1,2,7,1,2,0
Computer Science,Software Developer,3.29,5,0,4,1,0,0,8,2,1,3,3,4,4,1
Law,Legal Analyst,2.32,2,0,1,0,6,0,1,8,3,2,3,1,3,1
Architecture,Interior Designer,3.85,3,0,3,1,2,1,0,4,4,3,2,0,3,0
Medicine,Pharmacist,3.609694694598123,7,1,2,0,2,0,4,3,2,4,0,1,2,0
Art,Artist,2.36,2,0,3,1,0,1,1,1,2,0,1,3,3,1
Art,Artist,3.51,9,1,5,1,5,1,4,0,1,2,3,0,1,1
Engineering,Civil Engineer,3.99,3,0,3,0,5,1,4,3,7,1,9,2,3,1
Law,Legal Consultant,3.44,8,2,2,0,9,0,0,10,4,3,1,3,3,1
Architecture,Architectural Technologist,3.78,7,2,2,0,7,1,0,2,3,3,4,0,2,0
Music,Sound Engineer,2.55,7,1,0,0,8,0,0,2,1,4,0,4,2,0
Chemistry,Organic Chemist,2.93,0,1,0,1,2,0,3,2,1,1,0,1,2,1
Marketing,Advertising Manager,3.6,6,1,2,1,2,1,4,8,0,3,2,3,1,0
Education,Teacher,2.28,9,0,3,1,5,0,2,2,3,2,2,3,0,1
Engineering,Electrical Engineer,3.89,4,0,0,0,1,0,2,3,10,4,10,4,2,1
Education,Teacher,2.73,9,0,0,0,9,0,2,4,2,2,2,4,2,0
Art,Graphic Designer,2.13,3,1,3,0,0,0,4,1,2,3,2,4,3,1
Biology,Biologist,3.92,7,0,3,0,1,1,4,4,2,0,3,2,2,1
Architecture,Landscape Architect,2.24,5,0,3,1,9,0,4,0,2,2,2,3,4,1
Law,Paralegal,2.67,8,2,4,1,9,1,0,8,2,1,3,4,0,1
Business,Entrepreneur,2.76,1,1,0,1,3,0,1,7,4,2,4,3,0,1
Physics,Nuclear Physicist,3.31,4,0,0,0,1,1,3,2,0,1,2,4,0,0
Marketing,Marketing Manager,2.95,8,2,2,1,4,0,2,8,0,0,1,2,1,1
Finance,Credit Analyst,3.59,2,1,1,1,0,1,2,1,3,3,10,1,1,1
Biology,Microbiologist,2.17,1,1,2,1,0,0,0,4,0,0,4,0,0,1
Computer Science,Cybersecurity Analyst,2.62,4,1,3,1,3,1,9,2,3,3,0,4,2,0
Business,Entrepreneur,3.66,4,0,1,1,5,1,4,8,3,1,2,4,4,0
Marketing,Marketing Specialist,3.64,8,2,1,1,5,1,1,8,0,1,4,4,1,1
Computer Science,Cybersecurity Analyst,2.86,6,0,1,1,9,0,8,1,2,3,4,0,3,1
Business,Entrepreneur,2.39,1,2,4,0,4,0,0,8,0,0,0,4,0,0
Physics,Quantum Physicist,3.72,4,2,3,1,9,0,3,1,3,4,0,4,3,0
Art,Graphic Designer,3.56,5,0,3,1,4,0,0,4,1,2,0,3,2,1
Business,Manager,3.35,9,0,3,0,0,0,0,10,3,2,2,0,3,1
Computer Science,Cybersecurity Analyst,4.0,5,0,2,0,0,0,7,3,3,1,3,1,3,1
Chemistry,Physical Chemist,2.7,0,2,3,1,5,0,4,2,0,4,0,0,1,0
Music,Musician,2.77,6,2,3,0,3,0,2,0,1,1,1,2,2,1
Biology,Ecologist,2.03,5,2,2,0,6,1,3,0,0,3,1,3,0,0
Biology,Biotechnologist,2.85,5,2,0,0,0,0,4,4,3,3,0,3,4,1
Computer Science,Cybersecurity Analyst,3.3,5,1,3,1,3,1,9,1,3,0,3,2,3,1
Education,Education Administrator,2.02,4,0,2,1,7,0,1,0,2,4,3,4,0,1
Biology,Geneticist,3.77,2,1,1,0,9,0,0,2,3,0,0,1,0,1
Psychology,Art Therapist,3.57,4,1,0,0,4,0,0,0,0,1,4,2,2,0
Law,Judge,2.84,9,0,3,0,5,0,0,10,4,0,0,3,0,0
Architecture,Landscape Architect,3.16,2,2,0,0,3,1,2,2,3,3,4,4,1,0
Law,Legal Analyst,2.32,2,0,2,0,6,0,2,8,2,0,3,2,2,0
Medicine,Surgeon,3.8595998477978837,7,2,0,1,8,1,4,1,0,0,2,3,2,1
Engineering,Mechanical Engineer,2.37,3,0,0,1,0,1,3,1,8,4,8,0,2,1
Psychology,School Counselor,2.67,3,2,3,0,3,0,2,1,1,1,1,1,3,1
Art,Artist,3.64,3,2,5,0,2,0,4,3,1,1,3,2,0,0
Biology,Microbiologist,3.65,8,0,3,0,4,1,3,0,0,2,2,3,2,0
Finance,Credit Analyst,3.68,6,2,0,0,4,0,0,1,4,3,10,4,2,0
Architecture,Architectural Technologist,2.8,8,2,0,0,5,1,0,1,3,1,3,4,4,1
Medicine,Dentist,3.700626291601864,1,0,4,0,4,0,2,1,4,1,1,0,2,0
Psychology,Clinical Psychologist,3.7,3,2,0,0,1,0,0,3,0,3,0,4,3,0
Physics,Astronomer,3.03,8,2,1,0,8,1,4,2,0,0,0,0,4,1
Finance,Credit Analyst,3.41,2,2,1,1,0,1,1,4,3,3,10,1,1,0
Music,Conductor,2.49,7,0,0,0,0,0,4,0,4,1,1,1,4,0
Engineering,Acoustics Specialist,3.82,8,0,1,0,3,0,4,1,7,3,9,3,3,0
Business,Entrepreneur,2.22,6,2,1,1,2,1,3,9,0,0,2,2,3,1
Physics,Physicist,3.95,6,1,3,1,2,1,1,3,3,2,1,0,2,1
Chemistry,Analytical Chemist,3.72,1,2,1,1,6,0,3,4,1,3,3,3,2,1
Finance,Risk Analyst,3.68,2,0,2,0,6,0,4,0,1,2,8,2,4,1
Psychology,School Counselor,2.54,7,1,2,1,3,0,3,2,4,0,2,1,3,1
Art,Artist,3.82,1,1,5,1,2,1,4,0,2,2,2,1,2,0
Education,Principal,3.92,6,1,0,0,9,0,2,2,4,1,4,3,1,1
Engineering,Fluid Mechanics Engineer,2.85,4,1,3,0,2,1,2,2,7,4,8,3,0,0
Physics,Nuclear Physicist,3.25,6,2,3,0,9,0,3,1,1,1,3,1,3,1
Architecture,Urban Planner,3.04,1,2,3,0,9,0,4,3,3,1,0,2,3,0
Engineering,Mechanical Engineer,2.82,2,2,0,1,0,1,4,1,10,2,7,1,0,0
Biology,Zoologist,3.0,3,2,0,1,2,1,3,2,4,0,3,3,3,1
Finance,Credit Analyst,2.71,0,1,4,1,9,0,3,0,0,1,7,0,0,0
Art,Art Director,2.65,4,1,4,0,3,0,3,1,0,0,1,1,0,1
Architecture,Urban Planner,3.66,9,1,1,1,3,1,4,1,1,0,4,2,0,0
Education,Teacher,3.99,8,2,1,1,1,1,0,0,1,1,2,3,3,1
Business,Construction Manager,3.03,0,1,4,0,3,0,4,7,1,4,3,0,3,0
Physics,Nuclear Physicist,2.36,9,0,3,1,7,1,2,2,1,3,4,2,0,0
Psychology,School Counselor,3.8,8,2,4,0,2,0,3,2,0,1,2,3,1,0
Architecture,Architectural Technologist,3.96,7,1,0,0,6,1,2,4,3,1,1,3,3,1
Chemistry,Physical Chemist,3.62,9,0,0,1,0,0,3,2,0,3,2,4,4,0
Architecture,Urban Planner,3.38,3,2,0,1,9,0,0,4,4,3,2,2,0,0
Art,Artist,3.34,5,0,3,0,7,1,2,2,0,2,0,2,1,0
Architecture,Urban Planner,3.31,4,2,0,0,8,1,2,4,0,2,0,4,2,1
Chemistry,Organic Chemist,3.27,4,1,2,0,5,1,3,3,1,4,0,0,1,1
Psychology,Art Therapist,3.3,3,1,4,0,9,1,3,4,0,0,2,0,1,0
Architecture,Architect,3.3,6,2,0,1,9,0,3,1,1,4,3,4,0,0
Computer Science,Software Developer,3.42,2,2,0,1,0,0,7,2,1,4,0,2,3,0
Music,Music Teacher,2.03,8,2,4,0,7,1,0,3,4,1,2,1,0,0
Finance,Investment Banker,3.73,3,2,0,0,5,1,3,0,2,2,8,3,3,1
Medicine,Doctor,3.502442233010126,1,2,0,0,6,1,0,1,3,1,2,2,2,1
Marketing,Marketing Specialist,3.25,5,2,3,1,6,1,3,8,3,2,3,2,2,0
Music,Musician,2.78,9,2,2,1,6,0,0,3,0,4,4,2,2,0
Finance,Accountant,3.31,1,1,4,1,7,0,1,4,2,4,10,4,0,1
Chemistry,Analytical Chemist,3.64,4,1,3,1,6,1,0,0,2,2,1,0,1,0
Physics,Astronomer,2.09,0,0,1,0,6,1,4,3,0,3,4,1,3,1
Law,Judge,3.8,5,0,3,1,6,1,0,7,2,0,0,4,4,1
Business,Manager,2.43,7,2,4,0,5,0,3,9,0,2,4,1,2,0
Biology,Biotechnologist,2.7,8,0,1,1,4,1,4,4,4,0,4,2,2,0
Physics,Astronomer,2.63,1,0,4,1,5,1,0,1,4,0,3,3,3,1
Physics,Quantum Physicist,2.17,3,2,0,1,1,0,1,1,0,3,2,0,4,1
Computer Science,AI Researcher,3.76,5,2,2,0,2,1,8,1,4,2,4,3,3,1
Education,Teacher,3.37,2,2,0,0,7,1,2,1,0,0,3,3,2,0
Architecture,Urban Planner,3.91,3,1,4,1,6,1,4,4,0,0,2,0,4,0
Business,Construction Manager,3.39,1,2,2,0,4,0,4,8,2,4,0,2,0,1
Computer Science,Cybersecurity Analyst,3.12,9,2,0,1,8,0,10,4,0,1,1,4,4,0
Medicine,Doctor,3.7108871209680627,1,2,3,1,2,1,4,4,3,1,1,0,2,1
Law,Legal Analyst,2.86,1,0,0,1,5,1,3,9,0,3,3,0,4,1
Chemistry,Inorganic Chemist,3.09,2,0,1,1,6,0,0,4,1,3,2,2,4,0
Biology,Zoologist,3.57,8,0,0,1,7,1,1,4,1,0,2,1,1,0
Medicine,Nurse,3.6312551452415827,7,1,2,0,6,1,0,4,0,1,4,3,1,0
Medicine,Physician Assistant,3.6154896552640317,4,1,0,0,1,0,4,0,2,2,0,2,2,1
Education,Teacher,2.13,3,2,3,0,9,1,2,1,4,4,4,4,2,1
Art,Artist,2.18,3,2,3,0,7,0,3,2,1,0,1,1,4,1
Business,Entrepreneur,3.66,3,2,4,1,7,0,0,8,1,0,4,0,1,0
Music,Sound Engineer,3.53,8,1,3,1,3,0,4,0,1,0,3,0,0,0
Business,Manager,2.19,8,2,3,1,9,0,2,10,1,2,0,1,4,1
Physics,Nuclear Physicist,3.7,5,1,1,1,3,1,2,1,2,0,0,2,4,0
Computer Science,Web Developer,3.86,1,2,3,1,6,1,9,1,0,0,1,2,0,1
Art,Animator,2.38,9,0,5,0,6,0,1,1,1,0,3,3,0,0
Art,Artist,3.78,5,2,5,0,5,1,0,1,1,2,0,1,3,0
Biology,Biochemist,3.01,4,1,4,0,2,1,0,2,4,3,2,2,0,1
Psychology,Industrial-Organizational Psychologist,3.8,8,0,2,0,5,1,0,2,1,2,1,3,3,0
Medicine,Physician Assistant,3.7059732743061318,4,0,3,1,3,1,4,0,3,4,1,1,0,0
Art,Illustrator,3.41,5,2,5,0,4,0,2,1,2,4,4,4,4,1
Chemistry,Physical Chemist,3.23,3,0,4,0,6,0,3,3,0,1,1,1,0,1
Psychology,Clinical Psychologist,3.92,2,2,0,1,6,0,3,3,1,4,2,3,2,1
Chemistry,Inorganic Chemist,2.08,2,0,0,1,9,0,1,1,3,2,0,1,4,0
Architecture,Landscape Architect,2.33,1,2,0,0,5,0,4,2,3,0,3,0,0,0
Art,Illustrator,3.5,8,1,5,1,8,0,2,2,4,0,3,0,4,1
Chemistry,Physical Chemist,2.48,9,1,4,1,1,1,0,2,0,0,1,2,1,0
Computer Science,Game Developer,3.25,4,1,1,0,7,0,7,3,4,0,3,3,1,0
Art,Illustrator,3.3,4,2,3,1,0,1,2,4,0,4,1,2,3,0
Chemistry,Physical Chemist,3.44,4,0,0,0,7,0,0,1,2,1,0,1,3,0
Physics,Quantum Physicist,2.37,2,2,3,1,7,1,0,2,2,4,1,1,3,1
Psychology,Music Therapist,2.05,1,1,0,0,5,1,2,1,0,3,2,3,3,0
Physics,Astronomer,3.28,3,1,1,1,7,1,4,1,0,2,1,0,1,0
Psychology,Forensic Psychologist,2.21,1,1,0,0,2,1,4,3,0,0,3,2,2,0
Marketing,Market Research Analyst,3.85,8,2,3,1,3,1,3,8,2,3,1,3,1,1
Finance,Investment Banker,3.84,8,2,2,0,8,0,1,3,0,3,10,3,0,1
Marketing,Brand Manager,2.95,4,0,0,0,8,0,4,7,3,4,0,2,0,0
Marketing,Advertising Manager,3.62,5,1,0,1,3,1,1,7,3,3,3,1,0,0
Psychology,Art Therapist,2.67,2,2,2,0,1,1,1,3,2,3,0,1,2,0
Music,Music Teacher,2.35,6,0,4,1,7,0,4,3,0,1,3,0,1,0
Psychology,Music Therapist,3.8,1,0,2,0,3,1,3,2,4,0,0,1,4,0
Computer Science,Game Developer,3.16,3,1,4,1,1,1,8,2,3,1,4,3,1,0
Psychology,School Counselor,3.62,6,2,0,1,1,0,0,4,2,1,2,2,3,1
Business,Manager,3.6,1,0,1,0,3,1,4,8,1,0,2,2,0,0
Psychology,Clinical Psychologist,2.61,3,1,4,1,5,1,3,1,3,1,1,2,3,0
Finance,Credit Analyst,2.41,5,1,2,0,0,1,4,0,2,2,10,0,4,0
Marketing,Marketing Manager,3.92,9,1,1,0,1,0,1,7,0,0,3,4,4,0
Physics,Quantum Physicist,2.3,3,2,3,1,6,0,3,4,4,4,3,3,3,1
Chemistry,Physical Chemist,3.83,8,0,1,0,4,1,1,0,4,3,1,2,1,0
Architecture,Interior Designer,3.92,9,2,4,0,8,1,3,4,2,4,0,2,1,0
Art,Graphic Designer,3.35,9,2,3,0,7,1,4,3,4,3,2,4,4,1
Biology,Geneticist,2.45,5,2,2,1,6,0,1,2,1,4,1,2,3,0
Biology,Biochemist,2.3,6,2,0,0,4,1,3,2,4,4,1,0,4,0
Education,Education Administrator,2.94,1,1,2,0,6,1,3,1,4,2,1,1,1,0
Music,Sound Engineer,2.5,8,1,4,0,1,0,2,1,0,4,4,1,0,1
Engineering,Chemical Engineer,3.26,8,1,4,1,6,1,4,3,8,3,10,2,3,1
Education,Education Administrator,3.57,7,0,0,0,9,0,0,3,4,2,4,0,2,1
Music,Sound Engineer,2.52,5,2,1,1,9,0,4,4,4,2,2,4,3,1
Biology,Zoologist,3.15,5,1,0,1,9,0,4,3,2,3,3,3,3,1
Law,Legal Secretary,3.51,1,2,3,0,7,0,4,9,0,3,2,0,2,0
Education,Teacher,3.83,3,2,4,1,1,0,2,0,2,2,4,4,4,0
Law,Judge,3.39,2,2,1,0,9,1,4,8,2,2,1,0,2,1
Law,Lawyer,2.93,6,1,4,1,1,1,0,8,2,4,0,4,3,0
Art,Artist,3.21,1,0,5,1,9,1,4,1,0,2,2,4,3,0
Business,Entrepreneur,2.66,9,0,4,1,3,0,0,9,4,2,4,0,1,0
Computer Science,Web Developer,3.99,5,2,3,0,3,1,8,2,3,3,3,3,3,1
Music,Conductor,3.64,9,1,0,1,0,0,1,4,0,1,3,4,4,0
Medicine,Physician Assistant,3.7071635070101037,6,2,0,1,1,0,4,2,3,0,1,2,0,0
Biology,Zoologist,3.71,4,2,3,1,6,1,4,2,2,0,1,0,3,0
Marketing,Market Research Analyst,2.64,1,2,4,1,1,1,0,8,3,0,4,4,4,0
Psychology,Music Therapist,3.39,9,2,2,1,6,0,2,0,1,4,2,4,2,1
Biology,Ecologist,2.66,3,0,2,1,6,1,2,2,4,1,2,0,4,1
Physics,Quantum Physicist,3.91,3,0,3,0,4,1,1,0,1,1,3,2,0,1
Architecture,Architect,2.66,3,1,3,0,6,0,2,1,0,2,3,0,1,1
Medicine,Physician Assistant,3.6462575101705155,8,2,4,1,9,0,1,2,4,1,4,0,4,0
Physics,Physicist,3.47,4,0,0,0,5,1,4,2,1,2,3,1,4,1
Art,Art Director,3.39,7,0,4,0,5,1,4,1,4,3,2,4,3,1
Biology,Biologist,2.12,1,2,3,1,5,0,0,0,4,4,3,2,3,0
Finance,Investment Banker,2.78,2,0,0,0,9,0,4,4,4,0,8,3,1,0
Music,Musician,3.96,5,1,2,0,7,1,3,2,4,1,3,3,3,1
Engineering,Fluid Mechanics Engineer,2.57,6,2,0,1,7,1,2,0,8,1,7,3,2,0
Physics,Physicist,2.18,1,1,4,0,1,1,0,2,2,4,3,2,2,0
Chemistry,Organic Chemist,2.29,8,2,1,1,4,1,1,2,4,4,4,2,1,0
Music,Conductor,3.21,9,0,3,0,3,0,4,0,0,3,1,1,1,0
Business,Human Resources Specialist,3.54,3,0,1,1,5,1,1,7,2,2,0,2,3,0
Architecture,Architect,3.12,0,1,3,1,8,1,2,1,3,2,0,4,3,1
Education,Curriculum Developer,3.24,6,2,4,1,9,0,0,4,3,0,0,3,4,0
Law,Paralegal,2.65,2,0,1,0,4,0,0,7,4,2,0,1,3,1
Business,Human Resources Specialist,3.07,6,2,1,1,2,1,0,7,1,4,4,1,3,1
Psychology,Music Therapist,2.88,6,2,2,1,8,1,0,0,1,3,0,1,3,0
Marketing,Brand Manager,3.6,0,2,4,0,1,1,1,8,3,0,1,4,2,0
Chemistry,Inorganic Chemist,3.29,5,2,2,1,2,0,0,3,4,0,0,2,1,0
Psychology,Counselor,3.53,4,0,1,0,4,1,3,4,2,4,1,0,4,0
Education,Teacher,3.21,7,0,1,0,8,1,1,0,2,0,3,4,2,0
Biology,Microbiologist,3.24,4,0,0,0,8,1,2,1,0,1,4,4,4,1
Computer Science,Data Scientist,2.16,1,1,4,0,5,1,8,3,1,3,0,3,3,0
Education,Teacher,2.05,9,2,3,1,0,1,1,4,0,2,4,1,1,0
Law,Lawyer,2.96,1,1,0,1,0,1,4,9,0,2,3,0,2,1
Business,Manager,2.18,6,0,1,0,0,0,1,9,1,3,3,4,0,1
Chemistry,Analytical Chemist,2.25,8,0,4,0,3,0,0,3,2,3,4,4,1,1
Engineering,Civil Engineer,2.94,9,0,2,0,3,1,3,4,9,3,7,3,3,0
Art,Artist,3.65,6,1,3,1,3,0,3,4,1,1,0,0,4,0
Art,Animator,2.09,2,2,5,1,7,1,2,4,1,0,2,0,4,0
Engineering,Electrical Engineer,2.61,3,0,0,1,2,1,4,0,7,2,9,3,2,0
Education,Special Education Teacher,3.52,5,1,4,0,6,1,1,3,2,0,4,3,4,0
Medicine,Physician Assistant,3.6041159043041073,9,0,3,1,5,0,1,2,4,3,3,2,4,0
Business,Human Resources Specialist,2.42,5,0,3,0,7,1,0,7,4,4,1,0,0,0
Business,Entrepreneur,2.55,4,1,1,1,4,1,4,7,3,3,2,1,2,0
Psychology,Forensic Psychologist,2.23,0,0,1,1,3,0,0,0,2,3,1,2,1,1
Marketing,Social Media Manager,3.09,7,2,2,0,0,0,2,8,2,4,3,3,0,1
Computer Science,Data Scientist,3.01,2,1,3,0,7,0,7,3,3,0,2,3,3,0
Business,Construction Manager,2.29,2,2,4,0,6,1,1,7,3,2,0,4,0,0
Engineering,Acoustics Specialist,3.59,1,1,4,0,7,1,1,3,9,2,10,0,0,1
Architecture,Interior Designer,3.92,5,0,1,1,1,1,1,4,1,3,4,1,2,1
Music,Musician,2.93,5,1,0,1,8,1,3,0,1,0,2,4,2,1
Physics,Astronomer,3.54,6,0,0,1,1,1,3,3,0,0,2,3,3,1
Physics,Quantum Physicist,2.42,8,2,2,0,9,1,3,2,4,3,0,2,2,0
Medicine,Surgeon,3.654866624473006,7,0,2,0,8,1,3,3,0,0,3,0,0,1
Law,Judge,2.78,8,0,3,0,6,1,4,7,1,3,3,3,1,1
Psychology,Industrial-Organizational Psychologist,2.56,3,1,1,0,2,0,4,1,1,0,3,1,4,0
Medicine,Dentist,3.53815122708704,0,0,0,1,9,0,3,4,0,1,3,2,1,1
Biology,Biochemist,3.37,5,1,0,1,3,1,2,2,4,3,1,4,0,0
Architecture,Landscape Architect,2.85,8,2,1,1,9,0,0,0,4,4,3,3,1,1
Chemistry,Chemist,2.96,8,0,0,1,4,0,0,4,0,3,3,1,2,1
Music,Musician,2.42,7,0,2,1,7,0,3,4,1,0,2,0,0,1
Psychology,School Counselor,2.73,4,2,3,0,5,1,3,4,1,3,3,3,3,0
Psychology,Clinical Psychologist,2.47,9,1,4,0,7,0,1,2,1,1,2,3,4,0
Medicine,Pharmacist,3.818066833864033,9,1,3,0,2,1,2,0,4,4,3,0,4,0
Medicine,Dentist,3.7228649104514346,6,2,2,1,0,0,4,0,1,3,0,0,1,0
Psychology,Counselor,3.66,1,0,4,1,5,0,3,4,4,1,4,3,4,0
Engineering,Aerospace Engineer,3.2,4,0,4,1,9,0,2,3,10,1,10,4,3,0
Business,Manager,2.27,4,1,1,1,1,0,0,9,1,4,1,3,0,1
Chemistry,Inorganic Chemist,3.8,4,1,4,0,5,0,2,2,1,2,2,4,1,1
Computer Science,Software Developer,3.78,9,1,3,1,8,0,10,1,3,0,1,2,3,0
Music,Sound Engineer,2.52,5,0,2,1,0,0,1,3,0,2,1,1,3,0
Business,Human Resources Specialist,3.09,4,2,2,0,0,0,2,10,1,3,1,4,4,0
Art,Art Director,2.08,9,1,4,1,4,1,0,1,0,0,2,4,4,0
Music,Music Teacher,2.94,10,2,3,1,1,1,0,3,0,3,3,4,1,1
Law,Lawyer,2.37,1,1,4,0,1,1,2,9,1,3,3,1,0,1
Marketing,Market Research Analyst,3.92,9,0,4,1,6,0,4,10,4,2,1,0,1,1
Music,Conductor,2.46,10,0,3,0,0,0,0,0,3,3,3,1,0,1
Business,Manager,2.92,8,0,3,1,0,0,4,7,3,4,2,0,2,1
Art,Art Director,3.41,5,2,5,0,1,1,1,1,2,3,3,4,0,1
Law,Legal Analyst,3.08,5,0,3,0,1,0,4,7,0,4,0,2,0,0
Psychology,School Counselor,3.63,4,0,3,0,9,1,2,0,0,2,3,1,3,1
Architecture,Interior Designer,3.72,4,1,0,1,7,0,3,4,3,2,1,2,2,0
Marketing,Brand Manager,2.16,2,2,0,0,2,0,1,9,0,1,2,1,1,0
Engineering,Civil Engineer,3.05,5,2,1,0,1,0,4,2,8,2,8,2,2,0
Law,Legal Consultant,3.11,0,2,1,0,3,0,1,10,3,4,1,1,1,0
Marketing,Marketing Manager,3.82,8,0,0,0,0,0,1,8,1,1,4,4,0,1
Chemistry,Chemist,2.13,5,1,1,0,9,1,4,3,4,2,0,1,3,1
Medicine,Doctor,3.9554121101651982,4,1,2,1,1,1,4,0,3,0,1,2,0,1
Marketing,Digital Marketing Specialist,2.49,6,1,0,0,6,1,4,8,2,1,1,0,4,1
Law,Paralegal,3.65,8,1,2,0,9,0,2,10,4,1,2,0,3,1
Physics,Astronomer,2.16,2,0,4,1,8,0,1,2,0,0,3,2,1,0
Music,Sound Engineer,2.61,7,2,3,1,8,1,0,3,4,3,1,2,1,0
Music,Music Teacher,2.24,6,2,3,1,7,1,3,0,1,4,4,2,3,0
Architecture,Interior Designer,2.38,5,2,2,0,4,0,1,4,3,2,4,4,3,0
Psychology,School Psychologist,2.58,4,1,0,1,1,0,3,1,4,1,3,3,2,0
Education,Teacher,3.21,8,2,3,0,3,0,2,2,3,3,1,0,0,0
Music,Musician,2.83,8,2,1,1,9,0,4,2,1,0,4,1,1,0
Physics,Astronomer,3.47,6,0,3,1,3,1,0,4,3,1,4,1,3,1
Music,Sound Engineer,2.31,6,2,2,1,1,1,2,1,1,2,3,2,0,1
Chemistry,Physical Chemist,3.33,5,0,1,1,3,1,0,0,1,3,3,0,2,1
Law,Lawyer,2.55,7,1,4,0,5,1,2,10,3,1,1,4,2,0
Education,Teacher,2.76,7,0,1,0,8,1,3,0,3,0,0,2,3,0
Law,Lawyer,3.59,3,0,3,1,3,0,3,8,2,3,4,2,2,0
Computer Science,Software Developer,2.87,2,2,2,1,6,0,9,3,4,3,1,0,0,0
Psychology,Forensic Psychologist,3.0,9,0,0,1,5,1,4,2,2,0,2,4,4,1
Medicine,Pharmacist,3.716383540854097,8,2,3,0,4,0,0,0,1,2,2,0,3,0
Marketing,Market Research Analyst,3.85,8,2,2,0,4,0,0,8,4,1,3,2,2,0
Architecture,Landscape Architect,3.14,5,0,1,0,3,1,1,2,0,0,0,3,1,0
Marketing,Brand Manager,3.46,4,2,2,0,0,0,2,10,4,1,0,3,1,1
Chemistry,Physical Chemist,3.34,6,2,4,1,9,1,3,3,2,2,2,1,0,1
Art,Artist,2.85,4,2,5,0,1,1,1,1,1,0,4,0,3,0
Physics,Astronomer,3.73,7,2,4,0,7,1,4,0,0,4,1,2,4,0
Biology,Zoologist,2.77,1,0,2,1,8,1,2,2,0,1,0,0,3,0
Computer Science,Cybersecurity Analyst,2.5,9,0,0,1,9,1,7,4,2,2,0,2,3,1
Medicine,Nurse,3.5454677249565205,7,0,0,0,6,0,1,0,2,4,4,1,0,0
Art,Illustrator,2.86,7,1,3,0,9,1,3,4,2,3,0,3,1,0
Architecture,Architect,3.15,3,1,4,0,4,0,0,3,2,2,1,3,0,0
Architecture,Landscape Architect,2.37,1,2,0,1,6,1,1,3,3,3,0,0,0,1
Physics,Astronomer,2.86,3,2,3,1,3,0,1,1,3,4,4,4,2,1
Medicine,Dentist,3.9177858525453244,4,2,3,1,2,1,3,3,1,0,1,2,2,1
Education,Principal,2.72,5,2,2,0,1,0,2,3,1,1,1,0,0,0
Physics,Nuclear Physicist,2.78,6,0,1,0,6,1,4,4,0,4,1,1,2,0
Music,Conductor,3.83,10,0,3,0,0,1,3,1,3,1,0,4,3,0
Law,Paralegal,3.21,8,2,4,0,9,1,2,7,1,0,3,2,4,0
Finance,Financial Advisor,2.63,7,0,1,0,7,1,3,2,0,3,10,2,3,1
Marketing,Digital Marketing Specialist,2.64,3,0,4,0,6,1,1,8,2,2,0,4,3,1
Art,Illustrator,2.51,2,2,5,1,0,1,3,2,0,3,3,3,2,1
Medicine,Doctor,3.8320503355739453,1,0,2,1,8,1,1,0,4,4,1,4,0,0
Engineering,Mechanical Engineer,3.25,7,2,4,0,0,1,3,3,7,0,10,4,2,0
Music,Musician,3.73,10,2,0,0,3,0,3,1,1,1,0,2,3,1
Chemistry,Physical Chemist,3.61,9,1,3,1,4,0,1,1,4,2,3,3,1,0
Business,Human Resources Specialist,3.07,6,0,3,1,2,0,3,9,3,0,4,4,2,0
Finance,Financial Analyst,2.12,6,1,2,1,6,0,2,3,2,3,9,0,0,1
Education,Curriculum Developer,2.55,1,1,1,0,3,0,3,3,1,4,2,3,3,0
Art,Illustrator,2.05,3,0,3,0,3,1,1,1,0,2,0,2,2,0
Physics,Quantum Physicist,2.59,6,2,2,1,6,0,3,1,3,4,3,1,0,1
Computer Science,Web Developer,3.41,5,0,1,0,5,0,10,4,1,0,0,4,4,1
Law,Lawyer,3.16,9,2,0,0,1,1,3,9,3,3,3,2,4,1
Medicine,Doctor,3.8505056335475203,3,0,4,0,5,0,4,3,1,1,1,1,3,0
Finance,Credit Analyst,2.33,1,2,2,0,4,1,3,3,4,4,9,1,0,1
Engineering,Acoustics Specialist,2.97,2,1,0,1,4,1,1,1,10,3,7,2,1,0
Chemistry,Inorganic Chemist,3.32,6,2,0,1,5,1,4,1,3,0,3,3,2,1
Psychology,Music Therapist,2.17,9,0,1,1,1,1,4,0,4,0,0,4,0,0
Marketing,Brand Manager,3.87,5,1,4,1,5,0,4,8,1,0,1,2,0,1
Music,Music Teacher,2.07,10,2,2,0,9,1,0,4,3,3,0,2,3,0
Biology,Biologist,3.69,3,1,3,0,9,1,1,3,2,1,1,4,0,0
Chemistry,Chemist,2.0,9,2,4,1,4,0,4,2,0,4,0,4,2,1
Business,Manager,3.64,9,0,1,0,0,1,2,8,1,1,3,2,3,0
Biology,Microbiologist,2.94,1,0,4,0,8,0,0,3,4,2,3,4,2,1
Marketing,Brand Manager,3.06,2,2,4,0,6,1,0,8,4,2,1,3,2,0
Marketing,Digital Marketing Specialist,2.12,5,1,1,0,1,1,0,8,3,4,4,0,3,0
Music,Music Teacher,2.64,10,1,2,0,6,1,0,2,1,1,4,0,2,1
Medicine,Physician Assistant,3.581091686203939,9,1,3,1,6,1,0,4,3,1,2,4,4,1
Computer Science,AI Researcher,3.05,1,2,4,0,2,1,8,2,4,3,2,2,2,0
Biology,Geneticist,3.39,0,0,2,0,6,0,1,1,1,2,2,4,1,0
Art,Art Director,3.24,3,1,3,0,0,0,4,2,3,0,2,0,1,0
Education,Teacher,2.41,7,0,3,1,5,1,3,2,3,4,0,3,3,1
Music,Conductor,2.76,9,0,0,0,1,1,1,2,2,1,1,3,1,0
Medicine,Doctor,3.972888248623174,5,2,4,0,4,0,1,2,4,1,2,2,2,1
Business,Manager,3.96,4,2,0,1,7,1,4,7,4,4,3,4,0,1
Computer Science,Web Developer,2.9,2,0,1,0,4,1,8,4,4,3,2,3,0,1
Biology,Biologist,2.75,9,2,4,0,0,1,0,1,0,2,3,1,3,0
Business,Human Resources Specialist,3.32,6,2,1,0,8,0,0,9,1,0,3,2,4,1
Education,Curriculum Developer,2.37,4,1,1,0,5,0,2,0,0,2,0,2,0,0
Law,Legal Analyst,3.77,3,0,1,0,3,1,0,7,0,4,3,4,2,0
Art,Illustrator,2.31,5,0,5,0,3,1,3,4,1,4,1,2,4,1
Art,Art Director,3.78,4,0,5,0,4,0,4,3,3,0,3,2,4,1
Physics,Physicist,3.66,4,0,4,1,6,1,3,2,0,3,3,0,4,1
Medicine,Physician Assistant,3.9102345081804266,9,0,1,0,0,0,0,2,4,1,3,0,0,0
Engineering,Biomedical Engineer,2.29,8,0,0,1,8,1,3,4,9,3,8,0,1,0
Chemistry,Analytical Chemist,2.75,5,2,2,1,4,1,2,4,2,3,2,4,4,0
Engineering,Aerospace Engineer,3.96,3,2,1,1,7,1,2,0,8,0,9,0,0,1
Computer Science,Web Developer,3.62,3,1,4,0,6,1,7,2,0,0,2,3,0,0
Biology,Biotechnologist,2.84,2,1,0,0,0,0,0,2,1,2,0,0,3,1
Medicine,Pharmacist,3.864944558851799,8,1,0,1,5,1,3,3,1,1,1,4,2,0
Business,Entrepreneur,3.83,0,2,1,0,3,1,0,8,2,4,2,3,1,1
Education,Special Education Teacher,2.84,6,1,3,1,1,1,3,2,2,4,0,1,4,1
Business,Manager,3.85,5,1,3,1,7,1,3,9,3,0,3,1,3,1
Physics,Nuclear Physicist,2.76,9,1,0,0,3,0,2,0,1,2,1,2,2,1
Finance,Accountant,3.53,5,0,0,0,0,0,4,3,0,0,10,4,4,0
Music,Composer,3.44,9,0,0,0,8,0,1,1,3,0,3,1,2,0
Art,Artist,3.78,5,0,4,1,9,1,3,4,1,4,0,4,1,1
Biology,Ecologist,3.47,7,1,2,1,1,0,2,2,2,3,2,3,0,1
Engineering,Chemical Engineer,2.71,1,2,4,1,5,0,0,2,10,1,8,2,3,0
Biology,Biotechnologist,3.15,2,1,2,0,9,0,1,2,4,4,2,3,0,1
Law,Legal Analyst,3.58,3,2,4,0,9,1,3,9,2,2,4,3,3,1
Psychology,School Psychologist,2.3,7,2,3,0,3,0,1,0,4,0,3,3,2,1
Art,Artist,2.67,2,1,3,0,1,0,3,0,0,1,2,2,2,1
Computer Science,Data Scientist,3.69,7,1,2,1,9,1,8,0,0,4,0,0,2,0
Biology,Geneticist,2.01,2,0,2,0,4,1,4,0,2,1,1,2,0,0
Education,Principal,3.99,6,0,1,0,7,1,1,1,1,1,0,0,4,1
Chemistry,Physical Chemist,3.04,9,2,1,1,6,1,2,1,1,4,0,2,2,1
Business,Construction Manager,2.69,1,2,0,0,1,1,3,8,2,1,2,1,3,1
Music,Music Teacher,3.94,8,2,3,0,2,1,2,2,3,0,0,2,3,0
Psychology,Clinical Psychologist,3.93,6,2,0,0,4,0,3,3,4,0,0,0,4,0
Education,Principal,2.3,8,2,4,1,5,0,4,4,0,0,4,4,3,1
Music,Sound Engineer,3.21,5,1,0,1,9,0,3,3,3,1,2,4,4,1
Architecture,Landscape Architect,3.62,1,1,0,1,8,1,3,0,2,4,1,0,4,1
Medicine,Pharmacist,3.5673736325654537,9,0,2,0,3,0,4,3,1,4,1,3,2,1
Physics,Nuclear Physicist,3.68,7,1,3,1,4,0,4,2,1,0,1,2,0,0
Biology,Biotechnologist,2.6,7,1,2,1,5,0,1,4,3,3,0,0,3,0
Business,Construction Manager,2.49,2,1,1,1,2,0,3,8,0,3,3,4,0,0
Biology,Biologist,3.02,8,1,3,1,7,0,2,1,4,3,2,3,4,1
Business,Human Resources Specialist,3.29,5,2,1,1,9,1,4,9,1,3,0,3,0,1
Music,Music Teacher,3.67,5,2,2,0,0,1,1,3,3,0,3,1,1,1
Music,Conductor,2.09,5,1,3,0,3,0,4,0,1,2,0,0,0,0
Business,Entrepreneur,2.03,0,1,1,0,7,1,2,8,4,3,2,0,4,0
Medicine,Nurse,3.556526483917255,0,0,1,0,6,0,1,1,3,3,0,4,3,1
Medicine,Doctor,3.7524664020447,4,0,3,1,3,1,0,1,0,1,3,3,4,1
Finance,Financial Controller,2.72,7,1,1,1,7,0,4,1,4,1,10,3,4,0
Business,Human Resources Specialist,2.92,1,2,4,1,7,0,2,9,1,1,4,3,2,0
Education,Special Education Teacher,3.61,6,0,4,1,2,1,2,4,0,1,4,4,0,0
Art,Art Director,3.42,3,2,3,1,2,0,4,2,2,3,1,2,0,1
Art,Artist,3.07,7,0,5,0,2,0,1,0,4,3,3,1,1,1
Business,Construction Manager,3.22,6,2,4,1,5,1,1,8,2,3,4,4,3,0
Finance,Financial Analyst,2.48,0,0,2,0,8,1,3,3,2,3,9,1,2,1
Biology,Zoologist,2.02,9,2,1,1,8,1,1,0,4,4,3,4,3,0
Medicine,Doctor,3.9374938440263256,5,0,0,1,2,1,2,1,3,0,3,3,2,1
Physics,Astronomer,3.62,4,0,4,1,8,0,4,1,2,1,3,3,2,1
Computer Science,AI Researcher,2.3,4,2,0,1,0,0,7,4,3,2,1,4,3,1
Psychology,School Counselor,3.82,1,1,2,0,8,0,0,4,4,4,3,1,4,0
Physics,Nuclear Physicist,2.55,5,0,2,1,8,1,2,2,2,1,4,1,0,0
Art,Animator,3.1,0,0,5,0,4,1,0,0,3,1,2,4,0,0
Law,Judge,3.6,4,2,3,0,8,0,1,9,1,0,0,4,3,1
Business,Construction Manager,3.58,1,1,0,1,8,1,0,8,2,4,2,4,4,0
Education,Principal,3.14,2,1,3,0,5,1,3,1,2,1,3,0,2,0
Biology,Biologist,3.24,7,1,3,1,3,1,1,2,3,3,0,3,1,0
Art,Animator,3.08,6,2,4,0,5,1,0,1,2,2,4,1,1,0
Music,Conductor,2.6,8,1,1,1,9,0,0,1,2,2,1,4,3,1
Engineering,Electrical Engineer,2.18,5,1,2,1,9,0,1,4,7,3,9,4,3,1
Chemistry,Chemist,2.11,7,0,4,0,0,1,1,1,1,2,4,4,4,1
Psychology,Psychologist,3.1,3,1,0,1,4,1,4,3,3,1,4,4,4,1
Physics,Quantum Physicist,3.69,9,0,2,1,3,1,0,4,2,1,4,0,1,1
Finance,Credit Analyst,3.79,5,2,4,1,5,1,2,3,1,4,9,4,3,0
Medicine,Surgeon,3.9866971457180216,3,2,3,0,2,1,4,0,3,2,4,2,2,1
Law,Legal Analyst,3.64,5,1,0,1,2,1,0,9,4,1,1,2,0,1
Architecture,Landscape Architect,3.64,8,1,3,1,4,0,4,4,0,1,3,3,3,1
Engineering,Acoustics Specialist,2.56,0,2,2,0,3,0,1,2,8,4,8,2,1,0
Chemistry,Inorganic Chemist,3.7,9,1,4,1,8,1,2,2,0,2,2,0,2,0
Medicine,Dentist,3.929662475535238,8,2,2,1,9,1,0,3,3,4,1,1,4,0
Finance,Actuary,3.56,5,0,0,1,8,0,0,2,1,2,7,4,1,1
Music,Music Teacher,2.06,7,2,4,0,4,1,3,1,0,2,3,1,3,1
Marketing,Marketing Manager,3.47,3,2,1,1,2,1,2,7,3,1,0,4,1,0
Chemistry,Inorganic Chemist,3.69,5,0,4,1,2,1,4,4,1,1,2,4,1,0
Architecture,Urban Planner,3.62,4,0,2,0,4,0,3,0,1,2,3,3,3,1
Business,Manager,2.23,5,0,2,0,9,1,4,9,4,2,1,3,4,1
Music,Musician,3.09,8,0,0,1,3,1,2,1,2,2,0,2,3,0
Marketing,Marketing Manager,2.0,9,1,0,1,9,1,0,9,0,4,2,3,3,1
Music,Music Teacher,3.35,5,1,4,0,8,1,0,1,0,3,2,3,4,1
Business,Human Resources Specialist,2.25,5,2,4,0,6,0,3,8,4,2,2,0,1,1
Law,Legal Secretary,3.58,6,0,2,1,5,1,4,10,0,1,3,0,1,0
Engineering,Fluid Mechanics Engineer,3.4,1,2,1,1,4,0,3,2,10,4,9,0,4,0
Physics,Astronomer,2.39,1,2,2,1,3,0,0,3,4,0,3,4,3,0
Marketing,Brand Manager,2.93,7,1,1,1,8,0,4,7,1,2,1,4,4,0
Architecture,Interior Designer,3.91,4,2,4,1,4,0,3,4,1,3,3,0,2,0
Chemistry,Organic Chemist,3.83,8,1,2,0,9,0,2,2,4,1,1,4,1,1
Business,Manager,2.91,6,2,2,1,5,1,4,10,1,3,1,4,1,1
Architecture,Landscape Architect,3.15,0,1,0,0,0,0,1,0,1,3,3,1,1,0
Art,Animator,2.33,9,2,3,0,6,1,0,0,4,4,4,2,2,0
Engineering,Civil Engineer,2.05,8,2,1,1,5,1,4,2,8,0,9,2,3,1
Education,Education Administrator,2.89,2,1,4,0,2,1,2,1,2,3,3,4,2,0
Music,Music Teacher,2.57,7,1,4,0,1,0,4,1,0,4,3,4,0,0
Art,Art Director,2.83,2,1,5,1,4,0,1,2,3,2,0,2,1,0
Engineering,Mechanical Engineer,2.87,7,2,3,1,5,1,1,4,7,2,10,0,2,0
Business,Manager,3.53,2,2,3,1,9,0,2,7,3,3,1,2,2,1
Chemistry,Analytical Chemist,2.97,4,2,3,1,8,0,2,3,3,4,0,4,4,1
Psychology,Music Therapist,2.04,1,1,3,1,1,0,2,2,4,1,3,3,2,0
Computer Science,Software Developer,2.71,1,2,2,1,6,1,8,4,4,2,0,0,3,0
Architecture,Architectural Technologist,2.34,2,2,3,1,5,0,3,2,3,3,3,3,2,1
Computer Science,AI Researcher,2.28,1,0,0,1,3,0,10,0,4,4,4,1,4,0
Education,Curriculum Developer,3.42,2,2,0,1,2,0,0,1,1,1,0,1,3,1
Law,Judge,3.01,6,0,1,0,5,1,2,8,3,3,0,2,3,1
Architecture,Landscape Architect,2.8,1,2,2,1,5,0,2,3,1,4,3,4,1,0
Biology,Ecologist,3.18,8,1,0,1,9,0,3,1,4,3,2,2,0,1
Music,Music Teacher,2.42,9,2,2,0,2,1,3,0,2,0,0,1,4,1
Music,Music Teacher,2.73,8,0,1,1,0,0,3,2,3,3,2,1,2,1
Biology,Microbiologist,3.69,4,0,1,0,9,0,0,2,2,0,1,2,4,1
Architecture,Urban Planner,2.18,1,2,2,0,5,1,1,4,0,3,0,4,3,0
Law,Legal Consultant,3.33,7,2,2,1,6,0,0,8,0,2,1,3,3,1
Business,Manager,3.15,9,0,2,1,1,1,2,8,4,2,1,3,1,0
Chemistry,Physical Chemist,2.54,2,1,4,1,5,0,3,0,1,4,3,0,0,1
Marketing,Market Research Analyst,2.89,8,2,0,0,3,0,4,7,3,0,2,3,3,1
Biology,Biologist,2.55,1,1,3,0,9,0,2,0,4,2,0,0,4,1
Chemistry,Chemist,2.8,2,2,0,1,9,1,2,3,4,1,0,3,3,0
Law,Lawyer,2.33,3,0,4,0,1,1,3,8,3,3,2,2,3,0
Computer Science,Software Developer,3.64,2,2,4,1,7,1,8,3,3,3,4,3,2,1
Business,Manager,2.52,7,2,3,0,8,0,2,9,2,3,4,2,4,1
Law,Paralegal,3.24,8,1,3,1,3,0,2,7,3,0,3,1,2,1
Medicine,Dentist,3.603911920729418,5,1,4,1,8,0,0,3,4,4,4,3,3,0
Engineering,Aerospace Engineer,3.35,8,0,3,0,6,0,4,3,7,0,7,4,1,1
Education,Teacher,2.71,4,1,1,0,7,1,3,2,0,1,4,4,4,1
Architecture,Architect,2.8,7,0,2,0,9,0,2,0,0,1,1,2,2,0
Medicine,Pharmacist,3.861186753816399,4,1,1,0,4,0,1,2,1,1,2,0,1,1
Psychology,Music Therapist,3.07,8,1,1,1,8,1,1,2,3,0,4,0,1,1
Chemistry,Chemist,3.46,3,2,2,1,0,0,1,3,2,0,3,0,4,1
Business,Manager,2.23,1,0,1,0,9,1,4,7,4,0,0,0,2,0
Music,Conductor,3.96,6,1,2,0,8,1,0,4,4,3,0,0,1,1
Art,Graphic Designer,2.5,3,1,5,0,4,0,0,2,0,2,4,1,3,0
Engineering,Civil Engineer,3.79,2,1,3,0,1,1,0,0,10,1,9,2,2,1
Biology,Geneticist,2.22,2,1,2,1,6,1,2,4,4,4,3,4,0,0
Finance,Financial Controller,2.72,7,1,3,0,7,0,4,1,1,1,8,1,4,1
Finance,Financial Analyst,3.32,2,0,0,1,9,1,4,4,1,0,7,0,3,0
Finance,Risk Analyst,3.49,7,1,3,1,9,1,3,2,4,0,7,0,1,0
Computer Science,Web Developer,2.18,4,1,0,0,8,0,8,2,3,1,2,2,4,1
Marketing,Market Research Analyst,3.08,9,1,1,1,9,0,3,7,1,2,1,3,1,1
Physics,Physicist,3.18,1,1,1,1,7,1,0,2,3,4,0,1,1,1
Physics,Physicist,2.28,6,0,0,1,0,0,1,0,3,2,3,2,3,0
Education,Special Education Teacher,2.1,5,0,0,1,3,0,4,3,4,0,1,3,4,1
Business,Construction Manager,3.65,4,2,0,0,7,1,4,10,3,0,3,4,2,0
Psychology,Counselor,2.94,0,1,1,0,6,0,1,4,3,4,1,1,3,1
Education,Education Administrator,2.28,6,1,4,1,6,1,2,2,2,0,1,0,1,1
Architecture,Interior Designer,3.79,6,1,3,1,3,1,2,0,1,2,3,0,0,1
Finance,Accountant,2.5,2,2,3,1,0,0,4,4,4,0,8,3,3,0
Finance,Actuary,2.64,6,0,3,0,3,1,2,2,1,2,7,4,2,0
Physics,Astronomer,2.65,5,0,3,0,9,1,0,0,1,1,3,3,1,0
Engineering,Acoustics Specialist,3.72,4,0,2,1,2,1,4,0,8,1,8,4,2,0
Computer Science,Software Developer,2.48,9,2,1,1,3,0,10,3,4,3,0,4,4,1
Law,Judge,2.18,2,1,2,0,8,1,1,9,2,3,3,2,1,0
Physics,Quantum Physicist,2.86,8,0,1,1,2,0,4,2,4,4,4,4,1,1
Architecture,Architectural Technologist,2.63,4,0,2,1,8,1,0,0,4,2,3,3,4,0
Biology,Ecologist,3.78,6,1,4,1,8,0,1,3,1,3,4,3,1,1
Education,Principal,3.88,3,1,3,1,7,1,4,0,0,4,0,0,3,1
Computer Science,Software Developer,2.22,0,1,0,1,8,1,10,1,3,2,0,0,2,0
Law,Lawyer,2.83,8,2,4,1,9,1,3,8,4,2,0,4,1,0
Engineering,Chemical Engineer,3.94,0,0,1,1,2,1,1,2,8,2,7,4,3,1
Physics,Physicist,2.37,0,1,3,1,6,0,3,2,2,0,3,1,1,1
Art,Illustrator,2.05,8,2,3,0,6,1,4,4,2,1,0,1,4,0
Medicine,Physician Assistant,3.90670344678234,5,2,0,0,8,0,0,4,0,4,3,4,4,1
Art,Graphic Designer,3.74,1,1,3,1,9,1,2,1,1,1,1,1,0,0
Biology,Microbiologist,2.31,6,0,4,1,4,0,3,3,4,3,1,0,3,1
Engineering,Biomedical Engineer,3.9,4,2,0,1,7,1,3,4,10,3,9,4,2,0
Physics,Astronomer,2.45,8,0,4,0,9,0,2,4,0,4,1,1,2,0
Finance,Credit Analyst,3.93,3,2,1,0,6,0,3,1,1,1,10,1,1,0
Law,Lawyer,2.79,3,1,0,1,9,0,3,9,1,4,0,2,0,0
Finance,Financial Controller,2.23,1,2,3,1,5,0,2,2,2,0,9,3,3,1
Marketing,Advertising Manager,2.45,7,0,0,1,9,0,1,7,0,1,4,0,4,0
Law,Legal Secretary,2.88,3,1,2,0,9,1,2,7,3,3,0,1,1,0
Engineering,Mechanical Engineer,3.14,6,0,1,1,0,0,0,2,9,0,10,1,2,1
Biology,Biochemist,2.14,5,0,1,1,2,0,2,2,0,4,3,3,0,1
Architecture,Interior Designer,2.93,7,0,3,1,7,0,0,3,2,4,0,4,2,1
Chemistry,Inorganic Chemist,3.46,0,2,2,0,3,1,0,0,4,3,4,3,4,1
Architecture,Architect,3.46,4,1,4,1,0,0,3,3,4,3,2,3,1,1
Finance,Credit Analyst,3.4,8,0,0,0,8,1,0,2,3,2,9,0,3,1
Education,Special Education Teacher,3.84,8,0,0,1,7,1,3,0,0,1,4,3,3,0
Business,Construction Manager,2.52,6,2,2,1,1,0,0,8,4,1,1,4,1,0
Biology,Ecologist,3.36,4,2,2,1,3,1,3,4,3,4,2,2,3,0
Architecture,Architect,3.43,3,1,3,0,6,0,2,2,4,4,4,4,4,0
Art,Animator,2.84,2,1,5,0,7,0,4,0,3,2,0,2,1,1
Law,Legal Secretary,2.1,1,1,1,0,0,1,2,9,4,3,4,1,0,0
Chemistry,Chemist,3.17,0,0,3,0,0,1,0,2,2,0,0,0,2,1
Marketing,Marketing Specialist,3.84,1,0,0,1,1,1,1,8,4,4,1,4,2,0
Medicine,Dentist,3.853321260874467,0,0,1,0,7,1,1,0,0,1,1,1,1,1
Engineering,Electrical Engineer,2.34,8,2,1,1,0,0,1,2,7,2,9,0,4,0
Computer Science,AI Researcher,2.57,0,2,3,0,1,0,7,2,4,0,3,3,2,0
Finance,Investment Banker,3.45,8,1,2,1,2,0,3,4,4,0,10,4,2,0
Business,Construction Manager,3.78,5,0,4,1,0,1,3,10,0,0,0,2,1,1
Chemistry,Physical Chemist,2.24,8,1,3,1,1,1,1,0,0,3,0,4,0,1
Finance,Financial Analyst,2.23,1,2,2,0,1,0,4,0,2,2,7,4,3,0
Finance,Actuary,3.73,2,2,1,1,1,0,1,1,1,4,9,2,1,0
Architecture,Urban Planner,2.9,4,2,3,0,7,0,0,0,0,0,2,0,3,0
Art,Art Director,3.03,2,1,3,1,5,1,1,0,4,3,2,2,0,1
Finance,Financial Analyst,3.67,0,1,3,0,0,0,4,2,1,0,8,1,1,1
Medicine,Doctor,3.617099529894045,2,0,4,1,7,0,0,0,3,4,1,0,2,1
Physics,Quantum Physicist,3.69,4,0,0,1,2,0,1,2,0,2,1,3,2,0
Finance,Accountant,2.72,4,2,0,1,6,1,1,1,0,3,10,2,3,1
Biology,Biochemist,2.44,5,0,3,1,5,0,2,3,1,0,3,0,4,1
Finance,Investment Banker,3.26,7,0,4,1,1,0,0,3,1,2,7,2,0,1
Chemistry,Organic Chemist,3.35,1,0,0,1,5,0,4,1,3,4,4,0,0,0
Physics,Physicist,3.52,1,1,2,1,3,1,0,3,0,3,3,3,2,1
Physics,Quantum Physicist,3.83,8,1,2,0,7,1,1,3,3,2,1,2,2,0
Engineering,Aerospace Engineer,2.45,7,0,1,0,3,0,4,2,7,3,7,0,4,1
Music,Conductor,2.62,9,2,1,1,3,0,4,3,4,2,4,3,0,1
Engineering,Electrical Engineer,3.51,0,0,1,1,1,1,4,2,10,0,7,0,0,0
Music,Composer,2.99,6,2,4,1,2,1,3,4,2,2,1,2,4,0
Music,Music Teacher,3.95,8,1,1,1,0,1,1,4,4,3,1,4,2,0
Finance,Risk Analyst,3.83,6,1,0,1,5,1,1,0,3,2,9,2,2,0
Education,Principal,2.87,2,2,3,1,7,0,4,0,2,3,0,4,3,1
Biology,Biotechnologist,3.89,5,2,0,0,5,1,0,4,4,4,1,0,1,0
Chemistry,Chemist,2.86,0,1,3,0,0,0,4,3,0,1,3,0,3,0
Psychology,Psychologist,3.76,2,1,0,0,8,1,3,1,0,3,4,0,4,1
Finance,Credit Analyst,3.28,5,0,2,0,0,1,4,2,0,0,10,1,4,0
Chemistry,Analytical Chemist,3.58,5,1,0,1,2,1,4,1,1,4,0,2,3,0
Marketing,Marketing Specialist,2.23,3,1,4,0,7,1,0,10,4,2,0,4,1,0
Medicine,Dentist,3.7944051350781116,0,2,3,1,6,0,1,2,4,2,3,0,1,0
Marketing,Marketing Manager,2.03,8,1,0,1,2,0,3,9,4,0,0,2,2,1
Marketing,Advertising Manager,2.53,5,0,1,0,1,1,1,8,4,0,0,1,2,0
Finance,Risk Analyst,3.33,9,0,1,0,0,1,4,4,1,1,8,4,2,1
Engineering,Mechanical Engineer,3.42,1,2,3,1,8,0,0,1,9,3,7,1,4,0
Architecture,Urban Planner,2.72,7,0,0,0,4,0,3,0,2,3,2,0,2,0
Physics,Astronomer,2.06,6,1,0,0,0,1,0,3,4,1,3,0,1,1
Art,Graphic Designer,3.48,6,0,5,1,9,1,4,1,3,3,2,1,0,1
Finance,Credit Analyst,2.76,5,0,2,0,2,1,1,3,0,0,7,3,2,0
Biology,Ecologist,2.57,9,1,2,1,1,1,1,1,0,3,1,4,4,0
Psychology,Psychologist,3.34,7,2,3,1,1,0,4,0,2,2,0,0,2,0
Music,Sound Engineer,3.4,10,1,0,0,6,1,2,0,0,3,0,0,1,0
Education,Special Education Teacher,3.21,8,0,3,1,1,1,1,2,2,1,1,4,4,1
Business,Manager,2.43,8,0,0,1,7,0,1,9,3,4,4,0,1,1
Finance,Risk Analyst,2.77,9,2,1,0,7,0,4,1,3,2,9,4,4,0
Marketing,Marketing Manager,2.07,4,0,4,0,1,1,4,9,4,0,0,3,1,0
Engineering,Mechanical Engineer,2.66,0,0,4,1,5,1,3,3,9,3,8,2,1,0
Marketing,Marketing Manager,2.05,2,1,1,1,2,1,3,7,2,1,1,4,3,1
Marketing,Social Media Manager,2.88,5,1,2,0,3,0,3,7,4,0,2,4,3,0
Education,Special Education Teacher,3.35,9,2,0,0,5,1,2,1,3,1,4,0,1,0
Physics,Nuclear Physicist,3.28,9,0,2,0,7,1,2,2,3,0,0,0,4,0
Computer Science,AI Researcher,3.99,5,0,4,1,1,0,8,3,4,4,1,4,3,0
Psychology,Art Therapist,2.14,2,0,4,0,0,1,4,0,3,0,1,1,2,1
Music,Composer,3.9,8,1,2,0,8,1,0,2,0,0,3,3,2,1
Psychology,Clinical Psychologist,2.57,7,0,0,1,5,1,4,3,0,2,4,2,0,0
Psychology,School Psychologist,2.99,6,0,3,1,8,0,4,1,0,1,3,1,2,0
Art,Graphic Designer,3.88,2,0,5,0,7,0,1,2,4,2,3,3,1,0
Education,Teacher,2.57,5,2,3,0,6,1,3,1,3,4,2,0,1,1
Biology,Biologist,2.52,9,2,4,1,1,0,4,1,3,0,0,0,1,1
Finance,Credit Analyst,2.58,7,0,0,1,9,0,1,2,2,4,8,3,3,0
Law,Paralegal,2.93,9,1,0,1,9,0,0,9,0,3,4,0,1,1
Computer Science,Game Developer,3.5,1,0,0,0,3,1,10,0,4,4,3,0,4,1
Engineering,Civil Engineer,3.43,6,2,1,1,3,0,2,1,9,2,7,4,2,1
Finance,Financial Controller,2.34,5,2,1,1,1,1,3,0,3,2,10,0,2,0
Marketing,Social Media Manager,3.89,0,2,0,1,4,1,0,9,2,2,4,0,1,1
Psychology,Clinical Psychologist,2.1,8,1,0,1,9,0,1,4,1,1,2,2,0,1
Biology,Geneticist,2.09,2,0,3,0,2,1,0,4,0,3,2,2,3,0
Psychology,Psychologist,2.62,9,0,3,1,5,0,4,4,0,4,2,2,1,1
Music,Musician,3.66,6,1,0,1,4,0,0,0,4,2,3,4,0,1
Marketing,Digital Marketing Specialist,3.84,5,1,0,1,7,1,4,7,3,2,3,2,0,0
Architecture,Landscape Architect,3.36,0,1,0,0,2,0,3,1,4,0,2,2,2,0
Education,Principal,2.45,8,0,1,0,8,1,3,2,2,2,4,0,4,0
Finance,Actuary,2.82,6,2,1,1,1,1,3,0,0,1,7,3,0,1
Physics,Quantum Physicist,2.75,6,0,1,0,2,1,1,4,0,2,1,4,2,0
Marketing,Brand Manager,3.46,1,2,2,0,7,1,1,7,4,4,4,4,4,1
Marketing,Market Research Analyst,2.98,7,2,1,1,8,0,0,9,4,2,2,4,3,1
Education,Teacher,3.63,7,1,0,1,9,0,2,2,3,0,1,4,4,1
Education,Special Education Teacher,3.86,0,1,1,0,9,1,4,2,2,4,3,3,4,1
Art,Artist,2.81,9,0,4,1,4,1,1,4,4,1,4,1,3,1
Psychology,Industrial-Organizational Psychologist,3.76,9,0,0,1,2,0,3,1,4,3,4,3,3,1
Art,Graphic Designer,3.88,5,1,3,0,7,1,3,1,1,3,4,0,2,0
Music,Composer,2.26,9,2,2,1,8,0,4,0,0,1,0,2,0,1
Marketing,Social Media Manager,3.39,6,1,3,1,3,0,4,9,4,3,1,4,0,1
Business,Human Resources Specialist,2.1,1,1,2,0,4,1,1,10,1,0,1,3,4,1
Architecture,Architect,3.3,9,2,3,1,6,1,4,1,2,1,4,2,2,1
Law,Judge,3.65,1,2,3,1,2,1,4,9,3,0,0,3,3,1
Architecture,Architectural Technologist,3.93,9,2,0,0,9,0,3,1,3,0,4,4,1,1
Physics,Nuclear Physicist,3.55,2,2,3,0,1,1,0,2,4,4,2,0,2,1
Business,Manager,2.39,6,2,0,1,0,0,2,7,0,1,3,2,0,1
Art,Art Director,3.99,6,0,3,1,7,0,3,4,0,4,1,2,2,1
Biology,Biotechnologist,3.85,5,0,4,1,4,0,4,2,0,2,1,4,0,1
Chemistry,Organic Chemist,3.07,4,1,4,1,6,1,3,2,0,0,3,0,1,1
Biology,Microbiologist,3.13,3,2,2,0,0,0,2,4,2,2,0,0,0,1
Physics,Quantum Physicist,3.4,5,2,2,1,6,0,0,4,3,2,0,3,2,1
Chemistry,Chemist,2.59,0,2,4,0,7,1,1,3,3,0,2,1,1,1
Law,Legal Secretary,3.86,1,0,0,0,8,0,1,8,4,1,2,4,3,0
Business,Human Resources Specialist,3.59,9,2,2,1,8,0,0,7,4,4,3,4,2,0
Art,Artist,3.35,8,0,5,0,9,0,2,1,4,1,3,1,2,0
Engineering,Acoustics Specialist,2.84,9,1,0,0,0,0,2,3,9,0,7,3,4,0
Computer Science,Web Developer,3.91,3,0,1,1,7,0,7,0,3,3,2,3,2,0
Marketing,Advertising Manager,2.34,6,2,2,0,5,1,0,9,1,2,2,4,4,0
Psychology,Art Therapist,2.88,9,2,4,1,4,0,0,2,1,2,0,0,4,1
Biology,Microbiologist,2.46,3,2,3,0,6,0,1,0,4,1,1,4,1,1
Engineering,Civil Engineer,2.97,5,1,3,0,6,0,0,4,9,2,8,3,4,1
Physics,Astronomer,3.09,5,0,4,1,8,1,4,2,0,0,4,3,1,1
Physics,Quantum Physicist,3.7,1,1,1,1,9,1,2,1,4,1,0,1,2,0
Art,Artist,3.68,4,1,3,1,8,1,0,0,3,3,1,1,1,1
Computer Science,Game Developer,3.53,0,1,0,0,5,0,9,4,2,0,0,1,3,0
Computer Science,Web Developer,3.45,8,1,3,0,8,0,9,0,0,4,2,1,0,0
Computer Science,Software Developer,3.32,9,2,1,1,6,1,10,3,2,4,0,3,4,1
Architecture,Architectural Technologist,2.64,9,1,3,0,6,1,4,1,3,0,4,3,0,0
Chemistry,Analytical Chemist,2.61,4,0,2,1,7,0,4,4,3,3,2,2,1,0
Architecture,Architect,2.57,7,2,3,1,7,0,0,3,3,1,1,4,1,1
Psychology,Music Therapist,3.52,5,0,0,1,2,0,2,1,1,4,2,2,1,0
Physics,Astronomer,2.02,8,2,1,0,2,1,2,2,3,4,2,2,3,1
Art,Art Director,3.57,6,0,3,1,6,1,4,4,2,3,3,2,4,0
Music,Composer,3.52,10,2,2,0,9,0,4,4,3,0,2,4,1,1
Education,Special Education Teacher,2.78,2,1,3,0,4,1,2,3,3,0,0,0,0,0
Computer Science,Software Developer,3.37,7,1,3,1,2,1,7,3,4,2,4,3,3,0
Architecture,Architect,3.34,3,1,0,1,1,1,0,0,1,4,1,3,4,0
Chemistry,Inorganic Chemist,2.4,4,2,1,0,9,0,0,3,0,4,1,4,3,0
Architecture,Interior Designer,2.09,8,0,4,1,3,0,4,4,1,1,3,3,2,1
Business,Entrepreneur,3.18,5,1,4,1,4,1,3,9,3,2,4,4,3,0
Architecture,Architect,2.95,5,0,4,1,5,1,3,3,1,3,1,0,4,0
Business,Manager,3.27,7,1,3,1,0,0,4,7,4,3,1,1,1,1
Medicine,Dentist,3.5191819306778505,4,2,2,1,5,0,2,0,4,0,4,2,0,0
Physics,Quantum Physicist,3.26,2,2,4,1,2,0,3,0,0,0,4,2,2,1
Law,Lawyer,2.28,8,2,0,0,5,1,1,10,2,3,3,0,0,0
Business,Entrepreneur,3.7,6,1,3,1,8,1,1,7,0,3,0,3,3,1
Biology,Biotechnologist,3.71,6,2,3,1,7,1,0,4,2,2,3,1,3,0
Law,Paralegal,3.48,4,2,2,0,8,1,2,8,1,2,2,3,3,0
Finance,Risk Analyst,2.42,5,2,1,1,8,1,2,0,4,4,8,2,1,0
Law,Lawyer,2.74,0,2,0,0,2,0,2,9,1,4,1,4,3,1
Physics,Physicist,2.65,8,2,3,1,2,1,4,3,1,4,4,4,4,1
Psychology,School Psychologist,2.37,4,2,2,1,6,0,0,4,1,4,3,4,0,0
Marketing,Brand Manager,3.54,9,0,2,1,2,1,3,8,3,1,2,1,1,1
Business,Construction Manager,2.9,1,0,2,1,2,0,4,8,2,2,1,3,1,1
Art,Art Director,2.88,1,1,5,0,8,1,1,4,0,1,3,2,2,0
Physics,Nuclear Physicist,3.69,7,0,1,1,4,0,1,2,0,2,2,1,1,0
Music,Sound Engineer,3.12,9,1,4,0,1,1,1,3,4,2,3,2,4,0
Physics,Physicist,3.4,8,0,2,0,2,0,4,0,0,1,3,1,4,0
Engineering,Mechanical Engineer,2.74,3,1,4,1,5,1,4,1,10,0,7,1,2,1
Music,Sound Engineer,2.99,7,1,0,0,5,1,4,2,1,4,4,2,4,1
Computer Science,Game Developer,3.25,7,0,2,0,7,0,10,0,1,2,1,4,3,1
Art,Animator,2.12,4,0,3,0,9,0,4,0,1,0,2,3,1,0
Engineering,Biomedical Engineer,3.56,7,2,0,1,1,1,4,3,10,0,8,0,4,0
Psychology,Counselor,3.93,3,0,1,0,4,1,3,2,1,2,2,1,4,0
Art,Animator,2.23,5,1,5,0,0,0,1,3,0,2,3,3,0,0
Business,Manager,2.26,3,1,0,1,0,0,2,7,1,0,3,0,0,1
Art,Art Director,3.01,5,2,3,0,8,1,2,1,4,1,3,4,0,1
Chemistry,Inorganic Chemist,2.44,8,1,4,0,3,0,2,4,3,3,1,3,0,0
Physics,Quantum Physicist,3.33,0,2,3,0,7,0,1,3,4,2,3,0,4,0
Medicine,Doctor,3.9857581784020697,5,0,3,1,1,0,3,1,2,0,1,4,2,1
Finance,Accountant,2.98,4,2,1,1,8,0,0,0,4,3,7,1,4,0
Engineering,Aerospace Engineer,2.94,3,2,3,1,7,1,4,3,8,3,8,2,4,0
Engineering,Mechanical Engineer,2.23,6,1,2,1,6,1,0,0,10,2,7,0,1,1
Engineering,Biomedical Engineer,2.07,2,2,0,0,1,1,3,2,10,3,8,2,2,0
Engineering,Mechanical Engineer,3.76,1,0,1,0,5,0,0,2,7,3,7,0,2,0
Music,Musician,3.19,9,0,3,1,0,0,2,2,3,4,2,1,4,1
Computer Science,Game Developer,3.05,3,1,2,0,0,1,9,2,1,0,1,3,3,1
Computer Science,Cybersecurity Analyst,3.47,0,1,1,1,6,1,9,3,4,4,1,4,0,1
Physics,Astronomer,3.69,4,0,0,0,3,1,2,1,0,1,0,0,4,0
Finance,Financial Advisor,3.59,4,2,3,0,9,1,1,0,3,3,9,4,2,1
Finance,Actuary,2.85,0,0,3,1,3,1,4,1,4,4,8,2,4,1
Law,Paralegal,2.25,9,2,2,1,4,1,3,7,3,4,4,3,4,1
Biology,Microbiologist,2.49,0,2,3,1,5,1,2,3,1,3,1,0,2,1
Biology,Biologist,3.17,0,1,2,1,9,0,0,2,0,4,4,3,1,1
Psychology,School Psychologist,2.45,8,2,1,0,9,1,2,3,3,0,3,3,1,0
Architecture,Landscape Architect,3.28,1,2,0,1,6,1,4,0,1,4,3,1,4,1
Finance,Investment Banker,3.81,6,1,0,1,5,1,3,3,1,1,8,0,1,1
Law,Lawyer,3.86,6,0,4,0,0,0,1,8,0,3,0,2,0,1
Medicine,Nurse,3.979556145998147,0,1,4,0,6,1,2,2,4,1,4,1,3,1
Engineering,Mechanical Engineer,3.43,7,2,4,1,7,0,4,3,7,1,8,0,2,0
Law,Judge,2.34,1,1,4,0,7,0,1,8,3,4,4,3,4,1
Computer Science,Software Developer,3.21,8,0,2,1,6,1,8,0,4,4,3,1,2,0
Psychology,Industrial-Organizational Psychologist,2.84,7,1,2,0,6,0,1,0,2,2,0,2,1,1
Business,Manager,3.09,9,0,1,0,3,1,4,7,3,1,0,4,2,1
Education,Principal,2.76,1,1,4,1,2,0,3,2,2,3,2,0,1,1
Engineering,Biomedical Engineer,3.73,4,2,1,0,2,1,1,1,9,4,10,2,0,0
Psychology,Art Therapist,3.95,5,1,4,1,2,0,1,4,1,1,1,0,0,0
Psychology,School Psychologist,2.8,7,1,2,0,4,1,4,0,4,4,4,0,1,0
Physics,Physicist,3.75,2,0,1,0,0,0,3,0,2,1,4,3,4,1
Education,Education Administrator,2.06,2,2,4,1,6,1,1,2,2,2,4,4,2,0
Education,Teacher,3.68,2,2,4,1,2,0,3,3,0,2,4,2,0,0
Computer Science,Game Developer,2.05,9,2,1,0,6,1,9,3,2,1,4,2,4,0
Biology,Biochemist,3.31,2,2,0,1,3,1,4,1,1,3,0,4,3,1
Education,Principal,3.71,5,2,4,1,6,1,2,3,2,3,3,1,0,1
Business,Manager,2.78,7,2,4,1,3,1,0,7,0,3,2,0,4,0
Psychology,School Counselor,2.96,6,0,3,1,0,0,1,1,4,1,0,4,1,0
Architecture,Architect,2.49,5,2,0,1,6,1,1,1,2,4,1,3,3,1
Finance,Accountant,2.37,0,0,1,0,6,1,2,3,1,3,8,0,0,1
Business,Human Resources Specialist,2.79,2,1,1,0,1,1,3,8,1,4,0,2,4,0
Marketing,Market Research Analyst,2.48,5,1,1,1,2,0,3,8,2,4,3,4,2,0
Business,Manager,2.0,2,1,0,0,4,0,3,8,3,1,0,1,3,1
Medicine,Dentist,3.523342409949637,0,2,3,1,1,0,1,2,4,2,3,2,0,1
Engineering,Chemical Engineer,2.19,8,2,4,1,8,0,0,3,8,0,7,1,1,0
Engineering,Chemical Engineer,2.17,7,1,2,1,0,1,0,3,10,3,8,2,0,0
Law,Judge,2.41,2,0,3,0,7,0,4,9,0,0,0,0,2,0
Marketing,Brand Manager,2.46,5,1,0,0,2,1,0,8,1,3,0,1,1,0
Computer Science,Cybersecurity Analyst,3.22,0,0,4,1,9,1,10,4,3,2,4,1,4,1
Psychology,Clinical Psychologist,3.07,4,2,4,0,3,0,2,2,4,0,1,2,4,0
Engineering,Fluid Mechanics Engineer,3.99,4,2,1,1,3,0,2,1,7,3,10,3,4,1
Computer Science,Game Developer,2.47,9,0,3,1,9,0,7,2,2,1,0,4,1,1
Physics,Physicist,2.12,5,1,0,1,0,1,1,3,1,1,0,1,0,1
Medicine,Surgeon,3.77128772626779,9,0,3,0,6,0,2,2,0,0,0,0,0,1
Business,Construction Manager,3.49,0,0,1,1,1,0,4,8,4,3,3,3,3,0
Architecture,Urban Planner,2.61,8,0,3,0,0,1,0,3,4,2,3,3,0,1
Chemistry,Analytical Chemist,3.82,6,1,0,1,5,0,1,2,4,2,4,3,2,1
Marketing,Advertising Manager,3.08,8,2,3,1,5,1,3,10,4,4,3,4,3,1
Marketing,Digital Marketing Specialist,2.25,6,1,4,0,6,1,4,7,0,4,4,3,0,0
Chemistry,Physical Chemist,2.27,4,1,0,1,6,0,3,0,4,0,4,0,2,0
Physics,Quantum Physicist,2.95,3,1,0,1,3,0,0,1,4,4,0,3,4,1
Chemistry,Analytical Chemist,3.85,2,2,0,1,1,1,0,2,4,4,1,1,2,0
Medicine,Surgeon,3.9103207801772393,4,0,3,0,0,0,1,3,2,4,4,0,1,0
Art,Graphic Designer,3.46,1,0,5,0,7,0,1,4,4,4,3,4,0,0
Physics,Quantum Physicist,3.41,9,0,1,1,6,1,3,0,4,3,3,4,1,0
Medicine,Pharmacist,3.811158318624276,0,1,4,0,5,0,2,4,3,2,2,1,0,1
Architecture,Architect,3.81,4,1,3,1,0,1,1,2,0,4,3,1,3,0
Biology,Microbiologist,3.24,5,0,4,1,8,0,2,4,3,2,3,4,2,0
Medicine,Physician Assistant,3.611889193135488,8,0,3,1,4,0,3,3,2,1,3,4,4,0
Marketing,Market Research Analyst,3.64,4,2,0,1,6,1,3,7,3,1,0,1,2,1
Finance,Investment Banker,2.25,0,1,0,0,2,1,0,1,4,0,10,4,2,0
Law,Judge,2.47,9,2,1,1,2,0,0,10,2,0,4,3,4,0
Art,Art Director,3.24,9,2,5,1,5,0,2,0,4,4,3,3,2,1
Psychology,Art Therapist,3.52,2,2,4,0,3,0,4,4,1,0,0,1,2,0
Education,Teacher,3.72,1,2,4,0,9,0,0,0,3,4,3,0,2,1
Architecture,Architect,3.44,0,0,0,0,2,0,2,4,4,1,3,3,0,0
Finance,Accountant,3.77,9,1,3,1,3,1,2,1,1,1,9,0,0,0
Physics,Physicist,2.64,7,1,2,1,5,1,4,2,1,0,4,3,3,0
Education,Special Education Teacher,2.62,1,2,3,0,1,1,2,0,3,4,4,1,2,0
Chemistry,Chemist,3.24,9,1,3,1,6,1,3,2,4,4,0,2,3,1
Law,Legal Analyst,2.85,4,2,4,0,0,0,2,10,2,4,1,3,1,1
Biology,Microbiologist,3.69,8,0,1,0,1,1,3,2,4,0,1,2,4,1
Architecture,Architectural Technologist,3.87,2,0,1,1,7,1,1,4,1,4,4,4,3,0
Biology,Geneticist,3.64,7,0,2,0,7,1,2,3,2,0,2,3,1,1
Marketing,Marketing Manager,2.35,0,1,0,1,4,1,1,7,2,1,0,3,2,0
Music,Musician,3.09,10,1,4,0,5,0,1,3,3,2,1,1,2,0
Education,Teacher,3.46,7,0,4,1,6,1,1,0,4,2,2,0,1,1
Engineering,Biomedical Engineer,3.77,0,2,0,1,2,1,3,2,9,2,7,1,3,1
Art,Graphic Designer,2.69,3,2,3,0,1,0,1,0,1,3,0,2,1,1
Computer Science,Cybersecurity Analyst,2.53,9,0,2,0,4,1,7,0,4,0,3,2,3,0
Business,Human Resources Specialist,2.92,3,0,2,1,9,0,2,8,2,3,1,0,0,0
Biology,Biotechnologist,3.49,2,1,2,0,3,1,0,2,3,3,3,0,0,0
Architecture,Interior Designer,2.09,8,0,1,1,3,0,0,0,4,1,0,0,2,1
Law,Legal Consultant,3.45,9,0,1,1,8,1,1,7,2,2,4,0,4,1
Medicine,Doctor,3.6405369427225565,0,0,0,0,0,0,2,1,4,1,2,0,3,1
Physics,Quantum Physicist,2.64,8,2,1,1,5,0,0,0,1,4,0,0,0,0
Architecture,Interior Designer,2.03,3,0,2,0,9,0,4,1,3,2,1,0,3,1
Engineering,Mechanical Engineer,2.77,8,0,1,1,0,0,1,3,7,1,8,1,2,1
Psychology,Psychologist,2.91,5,2,3,0,2,0,3,0,0,4,0,4,2,0
Art,Graphic Designer,2.06,9,1,3,0,7,0,2,3,1,0,4,3,0,0
Finance,Accountant,3.02,4,2,1,1,0,0,1,2,3,3,9,3,1,1
Physics,Quantum Physicist,2.18,8,0,0,0,6,0,2,3,4,0,4,3,3,1
Computer Science,AI Researcher,2.94,8,1,0,1,6,1,7,2,3,2,2,1,2,0
Business,Human Resources Specialist,2.51,6,1,2,0,1,1,4,8,4,0,1,2,4,1
Finance,Investment Banker,2.85,3,2,4,1,8,0,3,0,3,2,7,3,2,1
Biology,Zoologist,3.4,0,1,4,0,0,0,2,2,3,0,3,0,4,0
Medicine,Surgeon,3.920301811386596,9,0,0,0,6,1,0,1,0,1,3,3,1,0
Chemistry,Analytical Chemist,2.07,6,2,0,1,9,0,2,0,2,0,3,2,1,1
Chemistry,Inorganic Chemist,2.41,1,1,2,0,8,1,1,1,1,2,4,4,2,0
Chemistry,Physical Chemist,3.23,4,0,2,1,5,1,3,1,1,3,3,0,1,1
Biology,Biochemist,2.02,2,1,0,1,5,1,0,4,4,4,3,0,4,1
Physics,Physicist,2.13,0,0,0,1,7,0,2,4,2,0,3,3,2,1
Finance,Financial Controller,2.58,3,2,3,1,9,0,3,0,1,3,10,1,4,1
Biology,Geneticist,2.94,0,1,3,1,2,1,0,1,0,4,3,3,0,0
Art,Art Director,2.04,1,2,3,0,3,0,2,3,2,2,4,2,4,0
Biology,Biotechnologist,2.6,7,2,4,0,0,1,0,3,1,4,0,0,3,1
Business,Construction Manager,3.54,2,2,2,1,1,0,2,7,3,2,0,2,1,1
Medicine,Nurse,3.845311371040671,2,1,1,1,0,0,0,4,1,0,3,2,1,0
Medicine,Surgeon,3.8405250558652226,9,1,3,1,0,0,3,4,3,1,2,0,4,0
Business,Construction Manager,2.8,1,1,0,0,0,1,1,10,0,0,2,1,0,0
Architecture,Architect,3.49,7,1,2,1,4,1,1,4,0,0,4,0,3,1
Art,Art Director,2.09,6,2,4,0,8,1,3,4,0,1,2,3,2,0
Physics,Astronomer,3.44,0,0,3,0,3,1,2,2,1,1,2,2,4,1
Art,Animator,2.71,4,0,5,0,2,1,0,1,0,4,3,1,1,1
Engineering,Electrical Engineer,2.12,3,1,0,1,6,1,1,2,7,2,10,3,4,0
Music,Conductor,2.94,6,2,1,0,8,0,4,1,3,2,3,2,2,0
Medicine,Physician Assistant,3.991798649869387,1,2,1,1,3,0,1,1,2,0,0,1,2,0
Finance,Financial Advisor,2.14,3,2,3,1,4,0,1,2,4,0,9,4,3,1
Law,Legal Secretary,3.41,5,1,0,0,6,1,1,8,3,4,4,2,3,0
Psychology,Forensic Psychologist,2.83,2,1,4,0,6,1,1,4,4,0,1,0,1,0
Chemistry,Analytical Chemist,3.77,7,2,4,0,3,0,1,3,0,4,0,2,0,0
Chemistry,Organic Chemist,2.92,3,1,4,1,0,1,4,0,3,2,4,0,4,0
Education,Teacher,2.06,9,2,2,0,1,1,4,2,2,4,2,3,3,1
Art,Animator,3.91,3,2,3,0,7,0,2,3,4,4,0,1,2,1
Biology,Microbiologist,3.48,6,1,1,0,8,1,0,0,1,3,2,4,2,1
Law,Legal Analyst,3.46,6,0,1,0,9,0,1,7,0,0,4,1,3,1
Psychology,Music Therapist,3.98,9,0,0,0,2,0,4,2,0,3,3,3,1,1
Psychology,Psychologist,3.04,5,1,4,0,7,1,2,4,3,4,3,1,2,1
Biology,Zoologist,3.16,5,2,4,0,4,1,1,3,4,4,1,0,3,1
Education,Special Education Teacher,2.37,1,2,3,0,3,0,4,1,2,2,4,0,1,0
Psychology,Psychologist,3.34,8,2,1,1,8,1,3,3,0,3,4,0,2,1
Architecture,Architect,3.47,3,1,0,0,8,1,3,3,1,4,1,2,0,0
Marketing,Market Research Analyst,2.4,5,0,4,0,0,1,3,8,4,2,2,4,4,0
Law,Legal Consultant,2.35,8,0,3,0,9,1,3,7,0,2,2,1,1,0
Psychology,Music Therapist,3.61,6,2,1,0,4,0,1,3,2,2,3,0,4,0
Law,Judge,3.31,1,2,0,1,8,1,4,7,0,0,3,3,4,0
Art,Artist,2.75,1,2,3,0,6,0,2,3,3,4,3,4,3,1
Marketing,Marketing Manager,3.03,3,0,3,1,9,0,1,10,1,4,4,0,0,0
Music,Musician,3.46,9,1,1,1,0,1,1,1,3,4,1,2,1,1
Art,Animator,2.63,9,1,5,0,7,0,4,4,0,4,3,2,0,0
Engineering,Acoustics Specialist,2.93,8,2,1,1,9,0,3,3,9,2,7,0,3,1
Finance,Financial Advisor,2.98,5,1,3,1,9,0,1,1,4,1,9,4,3,0
Biology,Zoologist,2.17,1,0,0,1,1,0,3,1,4,1,0,1,3,0
Physics,Quantum Physicist,3.09,9,2,4,0,5,1,0,4,2,4,3,0,4,1
Marketing,Digital Marketing Specialist,2.7,9,2,0,1,6,1,4,7,0,4,2,1,3,1
Law,Legal Analyst,2.44,9,1,4,0,3,1,1,7,4,0,4,3,0,0
Medicine,Physician Assistant,3.6787566642136182,9,1,4,0,0,1,2,0,3,4,4,0,3,1
Music,Conductor,2.06,7,0,4,1,9,0,1,3,0,0,1,1,0,1
Biology,Biotechnologist,3.38,3,0,0,0,6,1,2,2,2,4,2,0,2,0
Law,Legal Consultant,3.86,5,1,1,0,6,1,4,8,2,3,4,2,1,1
Law,Legal Analyst,2.55,3,0,1,1,2,1,3,9,0,2,0,0,3,1
Psychology,Industrial-Organizational Psychologist,3.09,4,1,4,1,7,0,1,2,0,4,4,3,4,1
Computer Science,Data Scientist,2.2,9,0,0,0,4,1,8,4,2,2,2,2,1,1
Marketing,Market Research Analyst,2.86,4,2,1,1,2,1,2,8,2,1,2,3,4,1
Chemistry,Organic Chemist,2.18,0,0,4,1,3,0,0,2,2,0,1,2,4,1
Education,Teacher,3.29,8,2,4,0,6,0,1,2,0,0,4,4,0,0
Computer Science,Game Developer,3.45,7,2,3,0,4,1,7,2,0,0,4,3,3,0
Psychology,Psychologist,2.06,7,1,1,0,6,0,1,2,4,3,0,4,1,1
Physics,Nuclear Physicist,2.1,6,2,1,0,9,1,1,4,2,1,0,4,2,0
Biology,Geneticist,3.61,1,2,3,1,6,0,2,2,4,4,0,1,3,0
Art,Artist,2.64,2,0,5,1,9,1,0,2,0,4,4,3,3,1
Engineering,Chemical Engineer,3.25,6,0,2,1,8,0,1,0,9,0,9,4,0,1
Medicine,Nurse,3.5468287263037372,5,1,4,1,5,1,0,0,0,3,1,3,1,0
Computer Science,Cybersecurity Analyst,3.94,7,1,0,0,7,0,9,2,4,4,3,0,0,0
Marketing,Brand Manager,2.73,3,1,3,1,5,1,4,7,0,2,0,4,4,1
Medicine,Pharmacist,3.6531196226142004,8,2,3,1,3,0,1,1,1,2,2,3,2,1
Architecture,Architect,2.55,0,0,2,0,4,0,3,4,0,4,3,0,2,0
Education,Curriculum Developer,3.81,1,2,0,1,8,1,1,3,4,2,4,4,0,0
Law,Legal Consultant,3.39,1,1,2,1,3,0,0,10,4,1,4,1,3,0
Education,Teacher,3.86,8,2,4,1,2,0,0,4,2,0,1,3,3,0
Music,Composer,2.16,7,0,1,0,3,0,0,1,1,2,1,2,0,0
Finance,Actuary,3.67,8,0,3,0,8,0,1,2,2,4,9,4,2,0
Physics,Nuclear Physicist,3.38,3,1,3,1,5,1,2,0,0,0,0,4,2,0
Medicine,Surgeon,3.839061250768323,3,0,4,0,4,1,1,3,4,3,2,4,4,1
Art,Artist,2.14,0,0,3,0,8,1,4,0,4,4,3,1,2,1
Art,Graphic Designer,2.87,6,2,3,0,5,1,1,4,2,1,0,2,2,1
Art,Illustrator,3.58,9,1,3,0,6,0,4,2,1,1,0,3,3,0
Architecture,Architect,3.59,7,1,3,0,7,0,3,0,2,4,3,1,0,0
Psychology,Art Therapist,3.74,6,2,1,1,0,1,3,3,1,4,1,1,0,1
Music,Sound Engineer,3.5,10,1,4,0,6,1,0,3,0,1,1,1,4,0
Chemistry,Analytical Chemist,2.06,8,0,2,0,3,1,0,4,0,3,4,2,3,0
Education,Special Education Teacher,2.6,9,2,0,0,0,0,3,0,4,2,4,3,4,0
Medicine,Pharmacist,3.670108119227667,4,1,1,1,8,1,2,1,2,0,0,0,4,0
Chemistry,Inorganic Chemist,3.69,3,0,3,0,2,1,0,4,2,0,1,3,1,0
Law,Legal Secretary,3.39,5,2,3,1,9,1,2,9,0,0,0,1,0,0
Music,Conductor,2.61,9,0,4,1,4,1,3,1,1,1,3,3,1,0
Education,Curriculum Developer,2.39,8,1,0,0,7,0,2,1,3,3,0,2,3,0
Architecture,Landscape Architect,2.2,3,2,3,0,1,1,0,0,3,1,1,0,2,0
Art,Graphic Designer,2.51,3,0,5,0,5,1,0,3,0,4,0,1,3,1
Marketing,Advertising Manager,2.94,3,1,2,0,9,0,2,9,4,2,1,1,3,1
Law,Judge,2.88,0,2,1,0,8,0,0,8,4,3,2,0,2,1
Music,Music Teacher,2.3,6,1,0,1,4,0,3,2,1,3,1,4,0,1
Music,Sound Engineer,2.45,9,1,3,1,3,0,4,1,0,4,0,4,4,0
Education,Curriculum Developer,2.16,9,2,1,0,6,1,4,1,1,0,0,4,2,1
Engineering,Electrical Engineer,3.26,3,1,1,1,9,0,4,3,10,4,8,1,2,1
Physics,Nuclear Physicist,4.0,0,0,2,1,3,0,0,1,0,3,3,2,0,1
Medicine,Surgeon,3.5026744943471115,5,0,1,0,6,0,4,2,4,2,3,3,0,0
Law,Legal Secretary,2.49,2,1,0,0,8,0,1,10,2,2,3,0,2,0
Marketing,Advertising Manager,3.34,8,0,4,1,7,0,4,8,1,2,1,4,3,1
Education,Education Administrator,2.66,2,0,2,1,9,0,1,0,0,2,1,4,4,0
Physics,Physicist,2.55,6,0,1,0,2,1,4,3,4,2,4,2,4,1
Education,Education Administrator,3.58,0,2,2,0,6,0,2,0,0,2,2,1,0,0
Engineering,Electrical Engineer,2.24,5,1,1,0,0,0,4,4,10,1,10,1,1,0
Marketing,Marketing Specialist,3.87,6,1,4,0,5,0,2,10,1,2,0,3,3,1
Education,Education Administrator,2.86,6,0,1,1,5,1,1,3,3,2,1,2,4,1
Medicine,Surgeon,3.9050700453727307,9,2,0,1,8,1,1,0,4,1,1,2,0,1
Medicine,Physician Assistant,3.7819335159458833,5,1,0,0,3,1,2,0,3,1,4,3,4,1
Architecture,Urban Planner,2.36,5,0,3,1,0,1,1,4,0,4,4,0,0,1
Psychology,School Psychologist,2.71,0,2,1,1,0,1,0,4,3,4,3,2,1,0
Marketing,Market Research Analyst,2.49,6,1,2,0,4,0,1,10,4,4,2,1,0,0
Medicine,Physician Assistant,3.5812578223785576,9,1,3,0,1,1,3,4,3,3,0,0,1,0
Engineering,Chemical Engineer,2.32,3,1,4,1,5,0,2,2,10,1,7,2,2,1
Music,Music Teacher,2.19,7,2,2,0,2,1,3,0,4,4,1,0,2,1
Chemistry,Organic Chemist,2.4,1,0,2,0,4,1,1,0,1,1,0,2,4,0
Law,Lawyer,2.53,3,2,3,1,2,0,4,8,1,4,3,1,0,1
Marketing,Marketing Manager,3.49,7,2,0,1,0,1,0,10,0,0,2,0,0,0
Art,Illustrator,3.51,1,2,3,0,6,1,1,1,4,3,4,4,3,1
Education,Principal,2.05,2,2,2,1,4,1,4,0,0,0,2,1,3,0
Engineering,Mechanical Engineer,3.76,5,1,4,1,5,0,0,1,10,0,7,2,3,1
Art,Art Director,3.07,8,0,3,1,8,0,0,0,1,4,2,0,1,1
Chemistry,Inorganic Chemist,3.59,9,1,3,1,2,0,2,4,4,4,2,2,4,0
Medicine,Surgeon,3.94465937996416,2,0,4,0,2,0,3,4,0,0,1,4,2,1
Education,Teacher,3.6,5,1,0,0,7,0,0,0,3,0,0,0,1,1
Biology,Microbiologist,3.23,3,1,2,0,5,0,3,4,4,1,2,0,1,0
Biology,Biotechnologist,3.39,9,2,0,1,0,0,1,2,4,4,2,4,4,0
Art,Art Director,2.3,9,2,3,1,8,0,3,1,3,0,3,3,4,1
Physics,Astronomer,2.38,4,2,2,0,1,1,4,4,0,0,0,0,3,1
Business,Entrepreneur,2.47,6,2,4,1,4,0,0,8,4,3,1,3,1,0
Education,Special Education Teacher,2.71,0,2,4,1,3,1,3,3,0,2,0,1,1,0
Engineering,Fluid Mechanics Engineer,3.61,2,1,1,1,6,1,1,4,10,1,9,4,3,0
Education,Curriculum Developer,2.72,4,1,4,1,3,0,4,3,4,0,3,3,2,0
Business,Human Resources Specialist,3.22,8,1,4,1,4,1,4,9,0,1,2,3,4,1
Engineering,Chemical Engineer,3.69,0,1,2,0,5,0,4,0,7,2,7,3,1,1
Computer Science,Software Developer,2.48,4,2,2,1,2,0,8,4,0,4,1,4,2,0
Marketing,Marketing Specialist,3.58,1,0,4,1,0,1,3,9,3,3,3,3,3,1
Education,Education Administrator,3.07,1,0,3,0,5,1,4,2,3,2,4,3,2,0
Chemistry,Chemist,2.85,5,1,2,1,6,1,0,3,4,1,0,4,0,1
Marketing,Advertising Manager,2.66,9,0,4,0,6,0,0,9,4,2,0,2,0,1
Engineering,Biomedical Engineer,2.47,3,1,2,1,4,0,1,1,8,3,8,2,0,0
Education,Curriculum Developer,2.36,7,2,2,1,2,0,1,3,0,1,1,3,4,0
Marketing,Marketing Specialist,2.28,2,2,3,0,0,1,0,7,4,0,1,4,3,1
Architecture,Architectural Technologist,2.51,7,0,1,1,1,1,2,3,1,4,2,4,3,0
Marketing,Advertising Manager,2.83,1,1,3,1,1,1,4,8,2,4,3,1,1,1
Education,Education Administrator,3.06,9,2,0,1,0,0,0,3,2,4,3,0,1,1
Computer Science,Cybersecurity Analyst,2.77,6,2,3,0,1,1,9,3,1,3,3,4,4,0
Computer Science,Game Developer,3.35,1,2,0,0,9,0,9,4,4,4,0,1,2,1
Computer Science,AI Researcher,3.78,5,0,2,1,4,0,9,0,0,3,3,1,4,1
Biology,Biotechnologist,2.32,6,2,0,0,4,1,3,0,0,2,1,2,2,1
Physics,Physicist,2.28,3,1,3,0,1,1,4,4,0,4,3,4,4,0
Architecture,Urban Planner,2.77,4,1,0,0,2,1,1,1,4,0,3,1,0,0
Law,Legal Consultant,3.58,0,1,0,1,2,1,0,8,3,1,0,3,2,0
Art,Illustrator,2.79,9,1,3,0,0,1,2,0,2,3,3,2,1,0
Finance,Actuary,2.83,6,0,0,0,1,0,1,0,1,3,10,0,2,0
Psychology,Industrial-Organizational Psychologist,2.21,0,0,3,1,7,1,4,2,4,0,0,4,2,0
Art,Artist,2.65,4,0,4,1,5,0,3,4,0,1,3,1,2,1
Music,Sound Engineer,3.24,9,1,1,0,5,0,0,0,4,4,0,2,3,1
Biology,Biotechnologist,3.91,3,1,2,1,8,0,2,2,3,3,4,0,1,1
Physics,Physicist,3.09,1,2,3,0,0,1,4,4,2,0,1,3,3,1
Psychology,School Psychologist,3.82,2,0,3,0,0,1,2,1,2,3,0,1,3,0
Biology,Biotechnologist,2.89,5,2,3,0,1,1,2,0,0,0,4,1,0,1
Marketing,Market Research Analyst,2.67,5,0,0,1,1,0,0,7,3,3,0,3,2,1
Marketing,Market Research Analyst,2.73,2,0,4,1,7,0,0,8,0,3,1,4,1,0
Marketing,Brand Manager,3.85,3,1,1,0,4,0,4,9,3,4,3,3,2,1
Architecture,Landscape Architect,3.54,3,1,0,1,4,0,0,2,0,1,2,1,1,0
Art,Art Director,2.16,7,0,5,1,6,1,3,4,3,1,3,3,3,1
Education,Special Education Teacher,3.46,6,0,2,0,0,1,0,0,1,4,1,2,3,1
Psychology,Music Therapist,2.14,6,0,4,0,2,1,4,1,0,2,4,1,3,1
Marketing,Marketing Specialist,2.9,1,1,3,0,1,0,4,9,4,1,3,4,2,0
Architecture,Architect,4.0,2,2,2,1,9,0,0,3,3,0,2,3,1,0
Architecture,Landscape Architect,2.05,5,1,1,0,2,0,4,0,4,4,2,2,2,1
Physics,Nuclear Physicist,3.33,3,2,0,1,3,1,0,2,3,1,4,0,1,1
Computer Science,AI Researcher,2.46,8,0,3,1,1,1,7,0,0,4,3,3,2,0
Marketing,Digital Marketing Specialist,2.4,5,0,1,0,2,1,4,10,0,1,1,1,2,1
Marketing,Advertising Manager,2.2,5,0,1,0,8,0,2,7,0,1,3,3,0,1
Education,Principal,3.09,1,1,1,1,3,0,0,2,4,2,3,3,4,0
Finance,Financial Controller,3.48,1,1,3,0,0,0,3,0,4,4,9,2,0,1
Biology,Biochemist,2.29,4,0,1,0,0,1,2,0,2,1,2,1,0,1
Finance,Financial Controller,2.06,7,1,2,0,2,0,4,3,4,2,7,0,3,1
Engineering,Biomedical Engineer,3.17,0,2,2,1,9,0,4,3,10,3,10,4,0,1
Business,Entrepreneur,2.34,7,0,4,0,5,1,3,8,0,0,4,0,1,0
Architecture,Landscape Architect,3.84,3,1,0,0,2,1,1,3,2,1,2,0,2,1
Law,Judge,2.21,2,2,0,0,4,0,0,9,1,1,3,3,0,1
Art,Graphic Designer,3.12,1,2,3,1,6,1,2,3,2,4,3,1,3,0
Medicine,Surgeon,3.8075456436849944,4,2,3,0,6,0,4,3,4,1,0,4,1,0
Finance,Financial Analyst,3.69,7,0,0,1,0,0,4,2,3,3,7,1,4,0
Chemistry,Chemist,3.82,2,2,1,1,2,1,0,2,4,3,2,2,4,1
Biology,Zoologist,3.27,3,1,1,0,5,1,1,0,0,3,1,2,1,0
Computer Science,Game Developer,2.01,1,2,3,1,9,1,9,0,1,3,1,0,2,1
Law,Paralegal,2.63,1,0,3,1,2,0,0,8,1,1,3,1,2,0
Psychology,Psychologist,3.63,2,0,2,0,8,1,1,1,3,0,3,0,0,1
Art,Animator,3.55,8,1,5,0,0,1,0,2,2,4,3,2,1,1
Biology,Geneticist,3.81,6,2,1,0,9,1,1,4,3,2,2,2,4,0
Biology,Zoologist,3.78,5,2,4,1,5,0,1,3,1,4,2,0,3,1
Medicine,Doctor,3.6905734410173676,6,1,3,1,7,0,1,2,0,1,1,0,1,0
Psychology,Forensic Psychologist,2.35,9,1,4,0,6,0,0,2,2,2,4,4,4,0
Finance,Credit Analyst,3.73,6,0,3,1,8,1,0,3,1,0,8,0,3,0
Law,Legal Secretary,3.93,4,1,4,0,3,0,3,7,1,0,4,4,4,0
Biology,Geneticist,2.65,2,2,4,1,0,1,3,2,2,1,1,3,3,1
Psychology,School Psychologist,3.24,7,1,3,1,5,0,1,3,1,2,4,0,3,0
Education,Education Administrator,2.92,1,0,0,0,8,1,0,1,0,1,2,4,0,1
Architecture,Architectural Technologist,2.38,8,2,2,1,4,1,2,4,3,1,1,1,2,0
Business,Construction Manager,3.39,2,2,4,0,4,0,0,7,3,2,0,4,3,1
Medicine,Pharmacist,3.5475282684162823,5,1,4,0,4,1,1,3,3,0,4,4,1,1
Music,Musician,3.8,6,2,0,1,8,0,2,1,1,1,3,0,0,1
Art,Illustrator,2.33,9,2,4,0,0,0,1,4,0,4,2,0,1,0
Engineering,Aerospace Engineer,2.05,0,2,2,0,3,0,2,0,9,0,7,2,2,1
Finance,Credit Analyst,3.12,5,1,0,0,8,0,4,1,1,3,7,1,3,0
Music,Composer,2.26,9,2,4,0,1,0,1,3,1,1,3,2,0,0
Marketing,Marketing Specialist,3.72,0,1,3,0,6,1,4,8,2,3,3,4,4,0
Engineering,Fluid Mechanics Engineer,2.09,0,1,4,1,4,1,2,1,8,0,7,0,3,1
Medicine,Physician Assistant,3.705574466170069,1,2,1,0,3,0,0,1,4,2,0,1,1,1
Finance,Investment Banker,3.73,7,1,4,0,0,0,2,2,0,1,8,1,2,0
Education,Curriculum Developer,3.7,0,0,1,0,0,1,2,1,4,4,2,1,1,1
Biology,Geneticist,3.41,1,0,1,0,8,1,4,3,1,4,0,1,2,0
Education,Education Administrator,2.19,4,2,1,0,8,0,3,0,1,1,1,4,3,1
Business,Entrepreneur,3.24,0,1,1,1,0,0,4,10,1,4,3,4,0,0
Medicine,Dentist,3.8072705091106576,1,0,0,0,0,1,0,2,2,3,1,2,1,0
Law,Judge,2.38,2,1,1,1,7,0,1,8,1,4,3,1,4,1
Law,Legal Consultant,3.72,2,2,1,1,5,1,1,9,3,0,3,2,4,0
Law,Legal Analyst,2.45,2,2,3,0,8,1,2,10,1,4,3,4,0,1
Physics,Physicist,2.66,4,0,1,1,4,1,2,4,3,0,2,1,3,0
Art,Graphic Designer,3.01,9,0,3,1,1,0,2,2,4,3,0,1,0,0
Computer Science,Web Developer,3.63,5,2,3,0,3,1,10,3,1,3,1,3,0,0
Physics,Nuclear Physicist,3.05,6,0,3,1,4,0,1,4,4,2,2,1,2,1
Art,Artist,3.74,2,2,3,1,4,1,1,0,0,1,4,4,1,0
Computer Science,Cybersecurity Analyst,3.6,3,1,1,0,3,0,8,2,3,1,3,4,2,0
Law,Legal Analyst,3.49,0,0,1,1,3,0,4,10,2,0,0,4,2,0
Computer Science,Software Developer,3.49,4,2,0,1,5,0,9,2,3,0,2,4,4,0
Finance,Investment Banker,2.35,8,2,4,0,2,0,1,1,1,3,9,0,4,0
Art,Graphic Designer,2.02,1,1,5,1,1,1,4,4,1,0,1,2,3,1
Engineering,Fluid Mechanics Engineer,3.25,1,0,3,0,3,1,0,2,7,4,8,2,0,0
Finance,Risk Analyst,2.52,7,2,2,1,1,1,0,2,4,2,10,2,0,0
Education,Teacher,2.04,0,1,2,1,1,0,3,1,3,3,1,1,2,1
Education,Special Education Teacher,2.94,3,1,3,0,0,0,3,2,1,1,4,4,4,1
Medicine,Pharmacist,3.596858525388149,8,2,4,1,3,0,0,1,1,4,1,4,3,1
Education,Principal,2.58,7,0,1,0,5,1,2,2,2,1,1,3,3,1
Education,Special Education Teacher,2.57,2,1,0,1,6,1,2,0,3,0,2,3,2,1
Education,Teacher,2.83,6,1,1,0,8,0,2,1,1,3,3,1,4,1
Engineering,Biomedical Engineer,3.22,0,2,0,1,7,1,3,2,10,2,8,2,4,1
Physics,Quantum Physicist,2.74,1,0,4,1,0,0,2,3,1,3,3,4,0,1
Architecture,Interior Designer,3.9,8,1,4,1,4,1,1,3,4,0,0,3,2,0
Medicine,Surgeon,3.6643871437462954,9,1,1,1,9,1,4,1,1,2,0,1,2,0
Engineering,Civil Engineer,3.11,4,2,1,1,2,0,2,4,9,2,8,1,2,1
Architecture,Architectural Technologist,2.33,7,0,0,1,6,1,4,0,3,2,0,3,2,0
Engineering,Mechanical Engineer,3.95,7,0,3,1,4,0,0,0,10,4,10,0,1,0
Law,Legal Secretary,3.05,0,1,2,0,1,1,4,10,1,4,3,3,2,0
Chemistry,Chemist,3.95,5,0,2,0,5,0,4,1,3,0,4,1,1,0
Marketing,Market Research Analyst,2.03,6,0,4,1,5,0,4,8,3,1,3,4,2,1
Medicine,Physician Assistant,3.8733354823933186,0,1,2,0,9,1,4,4,1,4,3,0,3,1
Medicine,Doctor,3.7748111505530173,0,0,2,0,0,1,0,0,2,0,1,1,1,0
Art,Illustrator,2.15,9,0,5,1,2,0,3,3,3,4,2,4,0,0
Finance,Credit Analyst,3.09,8,1,2,1,9,1,0,1,2,2,7,1,4,0
Education,Education Administrator,2.82,3,1,2,0,8,0,3,0,4,1,0,3,0,1
Architecture,Interior Designer,3.96,9,0,0,0,4,0,2,2,2,3,0,2,3,1
Art,Graphic Designer,3.53,1,2,5,0,1,1,3,3,2,4,3,3,1,0
Law,Legal Analyst,2.3,0,0,2,0,4,0,4,10,0,2,4,1,0,0
Chemistry,Chemist,2.24,1,0,1,1,0,1,1,2,0,3,3,0,0,0
Education,Teacher,2.8,5,2,1,0,5,0,0,2,1,3,2,2,1,1
Physics,Nuclear Physicist,3.7,2,1,1,1,6,0,3,0,4,3,2,4,1,1
Education,Education Administrator,3.54,7,2,3,0,5,1,4,1,0,3,1,1,2,1
Education,Special Education Teacher,3.01,9,2,0,1,8,0,2,3,2,1,0,0,3,1
Art,Animator,2.9,2,2,4,0,8,1,1,1,0,3,1,1,4,0
Law,Judge,3.69,0,1,3,0,6,0,0,10,2,3,2,1,1,1
Engineering,Biomedical Engineer,2.52,7,1,4,1,7,1,3,3,8,4,7,3,1,1
Engineering,Civil Engineer,2.45,9,2,4,0,7,1,3,3,9,0,10,2,4,1
Biology,Biotechnologist,3.1,1,0,1,0,8,1,2,3,0,2,0,1,2,1
Architecture,Landscape Architect,3.03,9,0,1,0,3,0,2,2,1,2,3,0,0,1
Architecture,Interior Designer,3.92,1,1,3,0,6,1,0,2,4,3,3,4,2,0
Medicine,Doctor,3.662277054865463,4,0,4,1,5,1,0,1,0,3,4,0,4,0
Art,Artist,2.68,8,2,5,0,5,0,0,4,2,0,0,3,1,1
Finance,Credit Analyst,2.72,2,1,0,1,4,0,0,3,0,4,7,1,4,0
Education,Special Education Teacher,3.02,7,2,1,1,1,1,0,3,2,3,0,4,4,0
Law,Lawyer,2.17,5,1,1,0,1,1,1,9,2,3,1,4,4,0
Law,Legal Analyst,2.64,7,2,2,1,0,0,4,10,2,0,2,0,0,1
Computer Science,Software Developer,3.65,0,0,1,1,6,1,9,0,0,2,3,2,0,0
Art,Illustrator,2.39,1,1,5,1,3,0,0,2,4,0,0,1,1,0
Art,Artist,3.83,1,0,4,1,8,0,1,4,0,4,3,0,1,1
Physics,Nuclear Physicist,3.28,1,0,1,0,7,1,0,4,2,0,0,1,3,0
Chemistry,Analytical Chemist,3.49,0,2,1,0,7,0,1,1,4,0,3,0,4,1
Business,Human Resources Specialist,3.09,4,1,0,0,2,1,3,7,1,1,2,0,1,0
Music,Conductor,3.08,5,0,1,1,4,1,0,3,0,4,1,1,3,0
Biology,Biologist,3.24,3,1,3,1,7,0,2,2,1,3,0,2,2,1
Engineering,Acoustics Specialist,3.76,4,0,4,1,3,0,3,4,9,2,8,1,4,1
Medicine,Dentist,3.556880979402275,0,0,4,1,2,1,0,2,2,2,2,4,2,1
Psychology,Clinical Psychologist,3.93,4,1,0,0,7,1,2,2,2,2,4,3,0,0
Medicine,Physician Assistant,3.8239185193041134,4,2,0,0,2,0,0,4,1,3,4,4,4,1
Architecture,Landscape Architect,2.25,8,0,4,1,8,0,4,0,1,2,4,2,0,0
Engineering,Biomedical Engineer,3.05,0,0,4,0,7,1,0,4,8,0,10,4,0,0
Art,Illustrator,2.88,3,2,5,0,2,0,0,0,1,1,0,2,2,0
Business,Human Resources Specialist,3.88,5,2,4,0,6,1,2,7,3,0,1,1,0,0
Physics,Quantum Physicist,3.5,6,0,2,1,2,1,3,0,3,1,1,3,1,1
Chemistry,Analytical Chemist,2.95,7,0,4,1,9,1,3,0,1,1,4,4,4,0
Marketing,Marketing Manager,3.08,1,2,1,0,1,1,4,8,1,4,2,0,4,0
Business,Human Resources Specialist,3.56,7,2,4,1,3,1,0,7,3,0,0,2,2,1
Computer Science,Software Developer,3.93,1,2,4,1,1,1,10,1,0,0,1,0,0,0
Music,Musician,2.62,9,0,0,0,7,0,0,2,2,1,1,1,4,0
Art,Animator,3.94,3,1,5,0,0,1,2,3,2,2,4,2,2,0
Psychology,Music Therapist,2.76,7,1,1,0,5,1,3,0,4,0,2,0,1,1
Marketing,Marketing Manager,2.09,3,1,0,1,1,0,3,9,0,3,3,2,2,0
Computer Science,Data Scientist,3.92,0,2,2,0,9,1,9,4,3,3,2,2,1,1
Music,Sound Engineer,3.52,9,1,0,0,6,0,2,0,4,2,1,4,3,1
Music,Sound Engineer,3.66,10,2,4,1,6,0,3,1,4,0,2,0,1,1
Music,Music Teacher,3.5,10,1,3,1,0,0,2,1,4,2,2,1,4,1
Law,Lawyer,2.73,3,2,4,0,7,0,2,7,2,2,0,0,2,0
Psychology,Psychologist,3.85,0,0,1,0,7,0,0,4,0,2,0,4,2,0
Law,Lawyer,3.2,7,1,1,0,0,0,3,7,1,2,4,0,2,1
Law,Paralegal,2.8,0,2,2,1,5,1,1,7,1,1,1,1,0,0
Business,Entrepreneur,3.68,6,1,1,1,7,0,2,10,3,2,3,1,2,0
Marketing,Marketing Specialist,3.03,3,1,2,1,8,1,1,8,1,2,3,0,0,1
Biology,Zoologist,3.38,9,1,3,0,0,1,3,0,1,3,0,4,4,1
Art,Artist,3.14,1,0,3,1,7,0,0,3,2,2,4,3,2,0
Business,Entrepreneur,2.97,9,0,0,0,6,1,0,10,1,4,3,1,3,0
Education,Education Administrator,2.79,1,2,3,1,1,1,4,4,4,0,1,0,4,1
Marketing,Digital Marketing Specialist,2.0,1,0,3,0,2,0,2,8,1,4,4,4,0,1
Physics,Nuclear Physicist,3.36,1,1,1,0,6,1,4,4,0,4,0,3,3,0
Physics,Nuclear Physicist,3.93,5,2,0,1,7,0,3,0,2,0,3,0,3,1
Law,Legal Secretary,2.6,6,2,0,1,3,0,3,9,3,3,0,0,2,1
Computer Science,AI Researcher,2.09,8,1,4,0,6,1,9,0,4,4,1,0,1,1
Engineering,Fluid Mechanics Engineer,2.79,3,0,2,0,6,0,4,4,9,4,8,4,3,0
Marketing,Market Research Analyst,2.98,0,1,4,1,3,1,4,9,0,2,4,3,0,0
Engineering,Aerospace Engineer,3.69,3,1,1,1,6,0,1,2,8,2,9,1,1,1
Physics,Astronomer,2.95,8,1,4,0,7,1,2,2,4,1,3,0,2,0
Psychology,Forensic Psychologist,3.27,9,2,0,1,3,1,0,1,4,3,4,1,1,0
Business,Construction Manager,2.12,0,1,1,0,4,0,4,7,1,3,2,3,4,1
Business,Construction Manager,2.76,0,1,3,1,9,0,2,10,3,2,1,4,1,1
Biology,Zoologist,3.16,1,1,1,0,1,0,0,1,3,3,0,2,3,0
Computer Science,Web Developer,3.01,7,1,0,1,2,1,10,2,0,0,2,4,4,1
Marketing,Advertising Manager,3.78,1,0,3,0,5,1,4,10,4,2,0,2,2,0
Finance,Financial Controller,2.86,2,1,4,1,4,1,3,0,1,1,9,2,4,1
Computer Science,Game Developer,3.94,2,2,3,1,1,0,8,0,4,1,3,3,0,1
Finance,Financial Advisor,2.55,8,1,4,1,6,0,2,1,2,4,7,1,4,0
Computer Science,Cybersecurity Analyst,2.01,0,0,2,0,6,1,9,3,2,0,3,0,2,1
Psychology,Art Therapist,3.15,1,1,3,1,4,0,3,2,3,2,0,2,3,0
Art,Artist,3.2,2,1,4,1,1,1,0,3,1,4,0,0,3,1
Engineering,Electrical Engineer,2.56,2,0,4,1,7,0,0,4,8,2,7,1,1,0
Music,Composer,3.05,7,1,4,1,7,1,1,0,0,4,0,1,2,0
Computer Science,Cybersecurity Analyst,3.24,5,0,3,0,5,0,9,2,4,2,4,3,0,1
Biology,Zoologist,2.55,4,0,1,0,4,0,1,1,4,0,0,0,4,1
Engineering,Acoustics Specialist,2.47,0,2,2,0,5,0,1,2,7,2,7,2,3,0
Architecture,Architect,2.09,1,1,0,0,1,1,3,3,2,1,3,1,0,1
Architecture,Architectural Technologist,2.24,2,0,4,0,0,0,2,3,4,2,4,3,1,1
Art,Art Director,3.12,3,0,4,0,3,0,3,0,1,4,3,1,3,1
Art,Animator,2.24,7,2,5,1,5,1,2,3,3,2,0,1,2,1
Music,Sound Engineer,3.87,9,2,0,1,0,1,2,2,3,2,1,2,2,1
Marketing,Brand Manager,2.99,0,0,2,1,4,1,3,9,3,2,0,4,2,1
Art,Artist,3.76,9,0,4,0,7,0,3,3,0,3,2,1,3,1
Psychology,School Psychologist,3.85,4,0,4,0,9,0,1,1,3,1,3,0,1,0
Computer Science,Game Developer,3.24,5,2,3,0,3,0,8,3,4,1,3,1,4,1
Psychology,Industrial-Organizational Psychologist,2.73,9,0,3,1,0,1,0,2,4,1,4,2,4,1
Law,Legal Analyst,2.08,8,2,4,0,1,1,4,9,4,1,4,3,4,0
Art,Art Director,2.98,6,1,4,0,4,1,0,3,1,2,0,3,2,1
Biology,Ecologist,2.8,1,0,3,0,7,0,3,4,2,1,3,4,1,0
Medicine,Dentist,3.637005890192774,2,0,2,0,0,1,2,4,1,3,0,2,3,1
Engineering,Mechanical Engineer,2.49,1,1,2,0,4,1,2,4,7,3,8,1,1,0
Computer Science,Cybersecurity Analyst,3.39,5,1,4,0,7,0,8,0,1,4,3,1,1,0
Art,Artist,2.56,1,2,5,1,9,0,2,3,1,3,2,0,3,1
Physics,Quantum Physicist,2.48,3,0,3,0,1,1,2,1,1,0,2,3,3,1
Finance,Credit Analyst,2.91,3,2,2,1,1,0,0,3,4,2,7,1,1,0
Art,Graphic Designer,2.36,8,0,3,0,7,0,4,3,4,2,0,1,3,1
Finance,Financial Advisor,2.79,1,0,1,0,9,0,0,4,1,2,8,4,0,1
Law,Legal Consultant,3.7,3,0,3,0,3,1,4,9,0,2,2,1,1,0
Marketing,Advertising Manager,2.89,1,0,2,1,8,0,1,7,0,1,4,1,3,1
Physics,Astronomer,3.79,5,0,2,1,4,1,4,3,2,2,3,0,2,1
Medicine,Surgeon,3.7023225142200498,3,1,1,0,4,1,0,3,1,4,2,2,1,0
Finance,Actuary,3.59,5,1,3,1,4,1,1,2,3,1,10,0,1,0
Finance,Actuary,3.96,9,1,0,1,1,1,2,3,2,3,7,1,4,1
Psychology,Counselor,2.55,8,2,4,1,0,1,2,2,1,3,4,2,4,1
Education,Education Administrator,3.78,1,2,0,1,0,0,2,3,2,0,3,2,4,0
Engineering,Mechanical Engineer,3.5,7,0,0,1,3,1,4,4,8,3,7,2,0,0
Finance,Actuary,2.96,1,1,1,1,2,0,3,4,2,1,7,3,3,1
Business,Manager,2.3,1,2,2,1,5,1,2,10,1,3,1,2,3,0
Computer Science,Data Scientist,2.65,1,2,4,1,9,0,10,1,2,3,0,4,2,1
Computer Science,AI Researcher,2.92,9,0,2,1,5,0,10,1,4,1,0,4,0,1
Business,Human Resources Specialist,3.35,0,2,4,0,2,0,4,10,2,2,1,4,0,1
Art,Graphic Designer,3.81,8,0,4,0,7,0,3,4,0,1,4,1,0,1
Architecture,Urban Planner,2.31,9,1,2,1,1,1,1,4,0,4,2,0,2,0
Marketing,Market Research Analyst,2.42,6,2,3,1,7,0,2,7,1,4,3,1,4,0
Art,Graphic Designer,3.15,0,0,4,1,9,1,3,4,1,3,0,3,0,1
Law,Judge,3.32,9,1,4,0,0,1,3,10,4,2,4,4,0,0
Architecture,Landscape Architect,3.12,4,0,2,1,4,1,2,1,3,0,3,1,4,1
Business,Entrepreneur,2.94,3,0,0,0,5,0,3,7,0,2,1,1,3,1
Law,Lawyer,2.75,5,2,3,0,1,1,4,10,1,4,0,4,3,1
Medicine,Nurse,3.7030410662798854,9,2,0,1,8,1,0,4,1,2,3,3,3,0
Chemistry,Physical Chemist,3.33,4,2,1,0,6,0,3,0,4,0,1,0,3,1
Education,Special Education Teacher,2.14,2,1,4,0,3,1,3,3,1,1,1,4,0,1
Computer Science,Game Developer,2.57,5,1,1,1,6,0,7,4,1,1,1,3,3,0
Biology,Zoologist,2.15,0,0,3,0,9,0,4,1,0,4,0,0,4,1
Education,Education Administrator,3.73,4,0,3,1,3,1,0,2,1,4,2,1,4,0
Physics,Quantum Physicist,3.26,6,0,0,1,7,0,4,0,1,0,4,4,4,1
Computer Science,Web Developer,3.05,0,1,1,1,7,1,8,1,1,4,2,0,0,0
Business,Human Resources Specialist,3.14,0,0,1,1,1,1,4,8,1,0,4,3,2,0
Architecture,Architect,2.09,4,0,3,1,2,1,4,3,2,0,3,2,1,1
Engineering,Acoustics Specialist,2.35,3,1,0,1,6,0,2,0,9,2,7,3,3,0
Engineering,Acoustics Specialist,2.02,1,1,2,1,2,1,1,3,9,1,8,4,3,0
Education,Principal,2.93,6,1,3,1,4,0,4,1,3,1,1,3,2,0
Finance,Risk Analyst,2.92,4,0,2,1,2,0,4,1,1,3,9,2,4,0
Engineering,Aerospace Engineer,2.65,0,1,2,1,2,1,2,3,9,0,8,1,0,1
Education,Special Education Teacher,3.67,0,2,2,0,1,1,0,4,1,2,1,4,4,1
Law,Lawyer,2.28,0,0,2,1,5,0,0,7,4,0,3,0,0,1
Computer Science,Cybersecurity Analyst,3.59,5,2,4,0,5,0,8,0,3,3,0,2,4,1
Physics,Astronomer,3.39,4,2,2,1,4,1,1,3,1,0,4,3,0,1
Education,Education Administrator,3.51,7,1,4,0,9,0,3,4,1,4,2,2,2,0
Biology,Biochemist,3.5,7,1,2,1,4,1,3,4,0,4,2,3,0,0
Architecture,Architect,3.23,1,2,2,1,8,0,1,1,1,0,4,3,2,0
Chemistry,Physical Chemist,2.23,9,0,0,0,5,0,1,2,4,0,3,1,4,0
Marketing,Digital Marketing Specialist,3.48,8,1,0,0,7,0,2,9,2,4,4,4,0,0
Business,Human Resources Specialist,3.49,0,2,3,0,4,1,3,7,1,1,4,3,3,1
Engineering,Fluid Mechanics Engineer,3.43,5,1,2,0,8,1,3,0,9,4,10,4,0,1
Art,Art Director,2.41,9,2,5,0,8,0,2,4,3,2,0,3,0,1
Marketing,Marketing Manager,2.29,3,1,3,1,8,0,3,7,2,2,2,2,3,1
Law,Paralegal,2.64,7,1,4,1,4,1,1,9,4,2,1,0,1,0
Marketing,Advertising Manager,2.33,0,1,1,0,3,0,2,10,2,4,1,3,3,1
Chemistry,Chemist,2.54,1,2,3,1,4,1,1,0,3,2,3,2,0,0
Biology,Geneticist,3.15,0,1,3,0,2,0,4,1,2,0,1,2,1,1
Physics,Astronomer,2.18,1,2,0,1,7,1,3,2,0,0,2,0,4,0
Music,Musician,2.01,9,1,2,0,1,1,0,4,1,0,4,4,1,0
Engineering,Civil Engineer,3.65,7,0,4,1,7,0,4,4,10,2,8,0,2,0
Biology,Zoologist,3.57,7,0,4,0,4,0,2,2,2,4,2,4,4,0
Finance,Credit Analyst,3.52,9,2,1,1,2,0,2,4,2,0,10,4,0,0
Finance,Actuary,2.06,5,1,4,0,9,0,0,3,1,3,10,1,1,1
Business,Entrepreneur,2.67,8,0,3,0,5,1,4,9,2,3,3,0,4,0
Marketing,Brand Manager,3.43,9,2,4,0,3,0,4,7,0,2,0,0,1,1
Physics,Physicist,3.92,0,0,2,1,0,0,1,3,3,4,2,0,2,1
Psychology,Industrial-Organizational Psychologist,3.17,1,2,0,0,1,0,4,4,1,1,4,0,4,0
Medicine,Surgeon,3.5049234125060056,6,1,1,0,8,0,0,2,0,0,4,0,1,1
Engineering,Biomedical Engineer,3.23,7,0,3,1,2,1,0,2,10,0,7,2,1,1
Education,Teacher,3.52,6,1,0,0,1,0,4,4,3,4,1,4,2,1
Education,Special Education Teacher,3.47,0,0,0,0,1,0,0,3,4,1,4,1,0,1
Medicine,Doctor,3.6204390318527415,3,0,0,0,7,0,2,3,3,1,1,1,1,0
Marketing,Brand Manager,2.15,9,0,1,0,8,0,0,8,1,4,0,2,0,1
Business,Manager,3.21,2,1,4,0,5,1,4,8,2,0,2,0,0,1
Art,Graphic Designer,2.39,9,2,3,1,8,1,1,2,4,1,4,2,1,1
Architecture,Architect,3.25,1,0,4,0,8,1,1,2,1,2,3,0,0,0
Biology,Ecologist,3.44,6,2,2,1,1,1,2,3,3,3,4,1,1,0
Chemistry,Organic Chemist,2.16,3,0,3,1,7,0,4,4,2,1,2,0,1,0
Biology,Microbiologist,3.55,5,2,0,1,6,1,0,4,3,3,4,3,2,0
Education,Special Education Teacher,3.03,8,1,4,1,4,1,0,0,4,0,2,4,0,0
Biology,Zoologist,2.13,4,0,1,0,0,0,2,4,0,4,2,2,1,1
Biology,Microbiologist,2.2,0,2,4,0,1,0,4,3,4,3,4,3,4,1
Education,Principal,3.0,1,1,3,1,4,1,1,3,3,1,2,0,4,1
Engineering,Acoustics Specialist,3.0,1,2,3,0,8,1,3,2,9,3,7,4,1,1
Computer Science,Data Scientist,2.82,2,2,1,0,5,1,7,3,0,3,1,1,1,1
Art,Illustrator,3.39,3,0,3,1,1,0,2,0,1,0,0,3,3,1
Business,Entrepreneur,3.94,6,2,3,0,3,1,1,10,3,4,3,0,1,0
Finance,Accountant,2.52,9,2,3,0,0,1,2,2,0,1,10,2,0,1
Medicine,Pharmacist,3.830363696554576,6,1,3,1,3,1,4,4,1,4,3,2,3,1
Architecture,Architect,3.51,3,0,1,0,5,1,2,1,0,0,4,0,2,1
Education,Principal,3.69,0,2,3,1,1,1,1,0,3,4,1,3,4,1
Physics,Quantum Physicist,3.85,2,1,0,0,6,0,1,1,1,3,3,4,2,1
Chemistry,Inorganic Chemist,2.8,0,2,4,1,6,1,0,0,2,3,4,2,4,0
Chemistry,Physical Chemist,2.31,2,0,2,0,8,1,2,1,2,1,4,3,3,0
Biology,Biochemist,3.26,2,1,2,1,3,1,0,2,2,3,2,2,1,0
Computer Science,AI Researcher,2.93,2,2,4,1,3,0,7,2,2,0,3,4,0,1
Chemistry,Organic Chemist,3.65,8,2,3,0,8,1,1,3,0,1,1,3,3,0
Psychology,Industrial-Organizational Psychologist,3.81,4,0,4,0,9,1,2,2,4,3,3,0,4,0
Business,Manager,2.78,8,0,4,1,9,1,2,9,4,4,3,3,2,1
Engineering,Chemical Engineer,2.1,1,2,2,0,3,1,3,2,7,1,8,2,1,0
Computer Science,Web Developer,2.53,5,1,3,0,4,0,8,2,2,4,2,2,3,0
Biology,Zoologist,2.47,5,1,1,0,9,1,1,4,2,0,3,0,4,1
Finance,Accountant,3.76,9,2,4,0,6,0,1,0,2,2,10,0,2,0
Engineering,Electrical Engineer,3.87,1,0,0,0,8,0,4,1,8,3,8,0,3,0
Architecture,Landscape Architect,2.74,7,2,0,1,3,0,0,3,3,3,3,3,4,0
Chemistry,Chemist,3.19,0,0,3,0,5,0,3,0,2,3,2,3,1,0
Law,Judge,2.53,1,1,1,1,4,1,4,10,1,4,0,0,3,1
Law,Paralegal,3.93,1,1,2,1,7,1,4,9,2,4,3,4,1,0
Art,Graphic Designer,3.75,6,1,5,0,5,0,2,2,3,0,3,2,1,1
Medicine,Surgeon,3.74741422831071,1,1,3,0,4,1,1,4,4,3,1,3,3,1
Law,Legal Consultant,3.46,2,2,0,1,6,1,3,8,3,2,2,0,4,1
Business,Manager,2.83,8,2,2,1,7,1,0,8,3,0,0,3,3,1
Art,Graphic Designer,2.21,8,0,4,1,7,0,4,1,3,4,1,4,2,1
Chemistry,Analytical Chemist,2.98,9,2,2,1,7,0,1,4,2,2,1,4,4,1
Art,Graphic Designer,2.75,2,2,3,0,7,0,3,3,1,0,4,0,0,1
Architecture,Landscape Architect,2.88,3,0,2,1,8,0,2,3,2,4,3,1,2,0
Medicine,Nurse,3.870151529949542,6,0,1,0,9,1,4,0,2,3,0,2,3,0
Biology,Biologist,3.33,9,0,2,1,4,1,3,1,2,1,3,4,4,0
Art,Illustrator,3.76,6,2,5,1,6,0,2,4,1,1,3,0,4,0
Marketing,Marketing Specialist,3.9,1,1,3,0,7,1,1,7,0,3,4,2,4,0
Computer Science,Cybersecurity Analyst,2.63,5,2,4,0,0,0,9,2,3,0,0,1,3,1
Computer Science,Game Developer,2.82,8,0,3,1,2,1,7,0,2,3,0,4,2,0
Chemistry,Analytical Chemist,2.73,7,2,2,0,1,1,2,2,1,4,2,0,0,1
Marketing,Digital Marketing Specialist,3.62,2,2,2,1,9,0,1,7,3,0,2,1,4,1
Architecture,Landscape Architect,3.98,6,0,0,1,4,1,0,0,3,4,2,0,1,1
Architecture,Architect,2.97,3,1,1,1,3,0,2,4,1,1,4,3,4,1
Art,Animator,3.55,5,0,5,1,4,1,3,1,1,4,2,0,3,1
Art,Graphic Designer,3.12,4,2,3,1,5,1,4,1,2,3,1,1,2,0
Computer Science,Game Developer,2.37,3,0,3,1,2,1,10,4,4,1,0,2,0,1
Medicine,Nurse,3.760091467866197,5,2,1,1,6,1,4,1,2,0,1,4,3,1
Computer Science,Web Developer,3.87,7,2,2,0,1,1,8,4,3,3,4,1,0,1
Art,Animator,3.8,6,1,4,1,0,0,4,2,4,1,0,2,4,1
Biology,Biotechnologist,2.44,9,2,4,0,3,0,0,3,1,2,2,0,2,0
Law,Paralegal,2.22,9,0,4,1,1,0,1,10,3,1,2,3,2,1
Business,Entrepreneur,2.15,7,0,3,1,3,1,0,7,4,4,3,0,3,0
Education,Education Administrator,3.24,7,2,3,0,5,0,2,3,3,0,4,4,2,0
Law,Paralegal,2.84,4,0,0,1,9,0,3,7,4,4,0,4,4,1
Medicine,Surgeon,3.845475683133978,0,2,2,0,1,0,1,1,0,4,1,0,4,0
Art,Artist,2.0,2,1,4,0,8,1,0,0,0,2,2,3,4,1
Marketing,Social Media Manager,2.86,6,0,3,0,1,1,4,7,2,3,1,4,1,0
Medicine,Doctor,3.7013880671741664,1,1,3,1,4,0,4,3,4,1,4,4,3,0
Law,Legal Consultant,3.25,2,1,4,0,5,0,4,8,2,4,4,4,0,0
Chemistry,Chemist,2.46,2,1,3,0,9,0,3,2,4,2,4,3,2,1
Physics,Physicist,3.5,7,1,0,1,1,1,1,4,4,1,1,2,3,1
Law,Legal Consultant,3.49,4,2,4,0,2,1,2,8,0,1,3,0,4,0
Engineering,Biomedical Engineer,3.76,5,2,0,1,1,1,1,2,10,1,9,3,0,0
Business,Human Resources Specialist,3.56,6,2,2,0,2,1,2,9,2,2,1,0,0,1
Business,Human Resources Specialist,2.07,8,1,4,1,2,1,4,7,1,0,0,3,3,1
Engineering,Electrical Engineer,3.78,2,0,0,0,1,1,2,3,8,4,9,2,1,0
Business,Manager,3.93,2,2,3,0,2,1,3,10,3,3,0,3,2,1
Marketing,Brand Manager,3.42,4,2,4,1,3,0,1,10,3,4,2,3,1,1
Art,Artist,2.53,9,0,5,0,8,1,4,3,1,4,3,1,2,0
Education,Principal,3.8,6,0,3,1,7,0,3,4,0,4,1,3,1,1
Education,Principal,3.99,7,0,0,1,2,1,1,2,4,4,1,0,1,0
Business,Construction Manager,2.88,4,0,2,0,6,0,1,8,1,4,2,0,3,1
Music,Composer,3.4,10,2,1,0,2,0,0,1,0,3,1,3,0,1
Medicine,Nurse,3.981392403990366,5,1,3,0,6,0,0,0,2,3,1,3,0,1
Music,Music Teacher,3.45,5,0,4,1,1,0,0,0,3,2,4,3,3,0
Music,Conductor,3.35,5,0,3,1,9,0,2,3,4,0,2,0,3,0
Art,Art Director,3.1,1,1,5,0,7,1,1,2,1,3,0,3,3,1
Business,Entrepreneur,3.89,0,2,0,1,0,0,2,9,3,2,3,1,4,0
Law,Legal Secretary,2.79,0,2,4,1,4,0,2,9,3,0,1,3,3,0
Finance,Credit Analyst,3.32,4,2,0,0,5,0,3,3,4,4,9,2,0,0
Law,Legal Secretary,2.66,0,1,0,1,7,0,2,9,1,4,3,1,0,0
Psychology,Psychologist,2.23,7,2,2,1,1,1,1,2,2,4,1,1,3,1
Music,Musician,2.22,8,2,1,1,0,0,0,1,4,0,3,4,2,0
Medicine,Doctor,3.599445851469009,5,2,2,1,9,1,2,3,3,2,4,0,0,1
Chemistry,Analytical Chemist,3.86,1,1,2,0,5,0,2,2,2,0,3,1,3,1
Engineering,Biomedical Engineer,2.01,4,0,1,0,1,0,3,4,10,0,9,0,2,0
Chemistry,Chemist,2.35,0,2,0,0,7,0,0,0,2,1,3,4,1,0
Marketing,Marketing Specialist,3.64,7,2,2,1,9,0,4,7,4,3,0,2,2,1
Finance,Risk Analyst,3.01,8,2,4,1,8,0,0,1,4,0,7,3,0,1
Law,Judge,2.94,7,0,3,0,3,1,2,9,2,2,0,4,2,0
Computer Science,Game Developer,2.59,6,0,2,1,7,0,10,2,2,0,3,3,0,0
Architecture,Architect,3.23,7,1,1,0,1,0,3,1,1,3,4,3,3,1
Chemistry,Chemist,2.92,8,2,3,0,2,0,1,3,2,2,4,3,1,1
Finance,Investment Banker,3.78,3,1,3,1,7,1,3,0,3,2,9,3,3,0
Education,Curriculum Developer,3.07,4,2,4,0,6,1,2,1,3,2,3,3,0,0
Business,Manager,2.96,7,0,3,1,0,0,1,8,0,1,3,2,1,0
Physics,Quantum Physicist,3.94,8,2,4,1,2,0,3,1,0,3,2,2,1,0
Medicine,Pharmacist,3.5746340063346236,6,1,4,0,6,0,0,1,0,1,3,1,1,1
Engineering,Biomedical Engineer,2.11,8,1,0,0,2,0,4,2,7,0,7,1,0,0
Art,Animator,3.8,1,2,4,0,0,1,4,4,1,3,4,2,0,0
Computer Science,Web Developer,2.87,1,2,1,1,7,0,8,0,2,3,2,4,0,1
Finance,Credit Analyst,2.07,9,1,1,1,6,0,1,2,1,1,10,3,0,0
Psychology,Music Therapist,2.73,0,0,0,1,1,1,2,0,4,1,2,1,4,0
Marketing,Marketing Manager,3.14,2,1,4,1,9,0,2,8,1,2,3,4,2,0
Physics,Physicist,3.43,3,2,1,1,3,1,4,3,3,3,4,3,4,0
Law,Legal Consultant,3.76,3,0,3,0,9,1,3,8,4,2,2,1,3,1
Finance,Financial Analyst,2.37,7,0,4,1,5,0,3,2,3,4,7,3,1,1
Law,Legal Secretary,3.71,9,2,3,1,7,1,3,10,1,4,0,4,4,1
Law,Legal Analyst,3.17,0,1,2,0,8,1,0,7,1,2,0,0,3,1
Biology,Geneticist,2.3,7,2,2,1,8,1,0,3,1,2,0,3,1,1
Music,Composer,2.2,7,2,4,1,5,0,1,3,2,4,3,3,0,1
Finance,Accountant,2.54,4,1,4,0,9,0,1,1,1,2,8,2,2,0
Biology,Biotechnologist,2.5,6,2,4,0,7,1,4,1,4,2,4,2,4,0
Business,Manager,3.47,7,1,3,1,5,1,1,8,2,0,3,0,3,1
Computer Science,Game Developer,2.34,3,2,4,0,0,0,8,3,4,3,1,3,1,1
Psychology,Psychologist,3.9,6,2,3,1,2,0,3,0,1,1,4,1,2,1
Biology,Biologist,3.46,5,2,2,0,3,0,4,1,3,3,4,3,1,0
Engineering,Biomedical Engineer,3.47,9,2,1,0,3,0,1,4,8,0,7,1,4,1
Art,Graphic Designer,3.3,7,0,5,0,1,1,4,1,1,4,3,2,2,1
Computer Science,Game Developer,2.86,8,2,0,0,0,1,7,3,3,2,4,3,1,0
Marketing,Market Research Analyst,2.56,6,0,4,0,0,1,3,10,2,1,0,1,1,0
Physics,Physicist,2.51,6,2,0,1,4,0,3,4,0,1,3,0,4,1
Biology,Biochemist,3.25,0,0,0,0,5,1,4,4,4,2,2,4,4,1
Physics,Astronomer,2.18,1,1,2,1,6,1,3,4,0,3,0,4,1,0
Chemistry,Analytical Chemist,3.3,3,2,3,1,4,0,3,1,0,3,3,2,4,0
Biology,Microbiologist,2.59,6,2,2,0,3,1,2,3,1,2,3,4,0,1
Biology,Zoologist,2.88,3,2,3,1,0,1,3,1,3,1,4,4,1,0
Music,Musician,3.41,9,2,0,1,9,0,3,3,3,3,3,1,4,0
Biology,Microbiologist,3.36,1,0,3,1,8,1,0,4,4,1,1,0,4,1
Medicine,Dentist,3.9356384940605786,8,0,0,0,0,1,1,2,0,2,2,0,2,0
Education,Principal,3.52,5,2,4,0,0,0,2,2,4,0,3,1,4,1
Biology,Zoologist,3.53,5,1,2,0,5,1,0,0,1,2,2,2,1,1
Physics,Physicist,3.45,7,0,1,1,6,1,1,4,4,3,2,1,3,1
Education,Education Administrator,3.62,0,1,0,1,0,1,1,0,1,1,3,3,0,1
Chemistry,Chemist,3.91,8,0,2,0,2,1,1,1,2,1,1,0,0,0
Law,Legal Consultant,3.51,1,2,3,0,7,0,4,9,0,4,3,3,2,0
Music,Conductor,2.69,6,1,4,1,7,1,0,3,1,2,3,0,4,0
Marketing,Brand Manager,2.95,5,0,2,0,6,0,2,9,1,1,4,3,3,1
Marketing,Digital Marketing Specialist,2.91,9,0,2,0,3,0,2,8,2,0,3,0,0,1
Computer Science,Data Scientist,2.74,3,0,3,0,9,0,8,1,3,1,1,2,1,1
Business,Construction Manager,2.7,5,1,2,0,0,0,2,9,4,4,1,2,2,1
Education,Curriculum Developer,3.96,2,1,4,0,5,1,4,0,4,0,4,4,3,0
Business,Human Resources Specialist,2.35,8,2,3,0,2,1,1,7,0,2,3,1,0,0
Law,Legal Analyst,2.19,4,2,0,0,5,1,0,7,1,3,4,0,3,1
Biology,Ecologist,3.96,0,1,2,1,6,0,1,3,1,2,0,4,4,0
Biology,Biotechnologist,2.91,6,1,0,0,8,0,2,2,1,3,1,0,4,1
Biology,Geneticist,2.03,2,1,2,1,1,1,4,1,0,2,2,4,1,0
Biology,Ecologist,2.34,3,1,2,0,1,1,0,3,4,1,1,0,4,1
Psychology,Art Therapist,2.2,9,2,2,0,3,1,1,2,3,4,0,0,4,0
Physics,Astronomer,3.08,6,1,1,0,7,0,3,2,0,1,2,1,2,1
Medicine,Pharmacist,3.5245763143623554,6,1,1,1,9,0,4,4,0,3,2,3,2,1
Computer Science,Data Scientist,2.34,0,1,0,1,5,1,7,2,1,2,2,1,4,1
Law,Legal Consultant,2.7,9,1,1,0,1,0,0,8,4,1,1,0,3,0
Psychology,Industrial-Organizational Psychologist,3.41,4,2,0,0,0,1,1,0,2,1,2,0,0,1
Physics,Quantum Physicist,2.28,8,1,4,1,2,0,2,2,1,1,4,0,4,0
Chemistry,Organic Chemist,3.11,6,0,1,1,9,1,3,1,3,3,2,1,1,1
Engineering,Acoustics Specialist,3.84,3,1,1,0,6,1,0,3,8,3,8,0,1,1
Chemistry,Physical Chemist,3.12,4,2,0,1,7,0,4,0,1,4,3,0,2,0
Computer Science,Data Scientist,2.84,9,0,4,0,7,0,7,4,0,1,3,3,4,0
Chemistry,Physical Chemist,2.21,7,1,3,1,2,1,4,2,0,1,4,3,1,1
Medicine,Dentist,3.520297992651187,3,0,4,0,8,0,0,0,2,3,0,0,1,0
Marketing,Brand Manager,2.79,4,2,3,1,7,0,2,10,1,2,4,1,4,0
Physics,Nuclear Physicist,2.93,0,1,1,1,2,0,1,0,3,0,3,1,2,0
Chemistry,Inorganic Chemist,3.25,2,1,4,1,8,1,2,1,4,0,1,2,1,1
Biology,Biochemist,3.1,8,0,3,1,9,1,2,4,0,1,4,0,3,0
Music,Musician,3.56,10,2,3,0,4,1,3,0,4,1,1,0,2,0
Finance,Financial Analyst,2.23,4,0,4,0,1,1,0,2,1,1,8,3,3,1
Physics,Quantum Physicist,3.7,3,2,4,1,9,1,3,0,2,2,1,4,1,1
Education,Special Education Teacher,3.34,1,1,1,1,6,1,3,1,4,1,0,4,0,1
Music,Conductor,3.62,6,0,4,0,9,1,1,3,3,2,1,2,3,0
Chemistry,Chemist,3.13,7,2,3,0,8,1,1,4,0,4,2,0,4,1
Engineering,Fluid Mechanics Engineer,2.63,1,2,4,1,4,0,0,0,7,1,9,4,1,0
Law,Legal Analyst,3.49,3,1,2,0,9,1,2,10,3,4,0,2,4,1
Engineering,Aerospace Engineer,2.99,4,2,2,1,2,0,4,4,9,4,9,4,2,1
Physics,Astronomer,2.59,4,1,3,1,2,1,1,4,3,4,1,3,0,0
Physics,Quantum Physicist,2.54,7,1,3,1,8,0,3,1,4,4,4,0,3,0
Art,Illustrator,2.86,5,0,5,1,1,1,1,4,2,1,0,2,3,1
Music,Music Teacher,2.14,8,1,0,1,1,0,1,4,0,3,0,2,0,1
Computer Science,Web Developer,2.15,2,2,0,0,3,1,7,0,3,2,3,1,4,0
Architecture,Architect,3.51,5,0,2,0,0,0,1,3,4,4,2,3,3,0
Physics,Nuclear Physicist,2.83,7,1,2,1,4,0,4,4,0,3,4,1,1,1
Art,Illustrator,2.81,9,2,4,0,7,0,1,0,3,2,3,4,3,1
Art,Graphic Designer,3.5,9,0,4,1,4,1,2,3,0,2,0,4,3,1
Marketing,Brand Manager,2.02,4,0,0,0,8,1,1,9,0,4,2,0,3,0
Biology,Biotechnologist,2.23,3,0,4,0,2,1,1,2,0,2,4,4,1,0
Finance,Financial Analyst,3.54,5,1,4,1,2,0,2,1,1,3,7,2,3,0
Education,Teacher,3.59,6,0,0,1,4,0,4,4,1,4,4,1,1,0
Psychology,Clinical Psychologist,3.62,6,2,2,1,6,0,3,4,4,3,0,1,4,1
Biology,Microbiologist,2.64,9,2,2,1,0,0,0,0,1,4,4,3,2,0
Physics,Nuclear Physicist,2.09,2,1,0,1,0,0,2,2,2,1,1,4,3,0
Finance,Risk Analyst,3.74,7,2,0,0,9,0,4,0,4,3,9,1,4,0
Marketing,Marketing Manager,2.94,3,0,2,1,2,0,4,7,0,2,2,3,1,1
Engineering,Acoustics Specialist,2.8,6,0,1,0,2,1,2,3,8,2,7,1,0,1
Art,Animator,2.25,2,0,3,0,9,0,1,3,4,3,1,3,0,0
Education,Education Administrator,2.07,6,2,2,1,0,0,0,0,2,3,2,1,4,1
Business,Human Resources Specialist,2.83,1,2,1,1,1,1,0,8,3,1,0,4,3,0
Chemistry,Organic Chemist,2.14,3,0,4,0,9,1,4,1,2,4,3,4,2,1
Engineering,Electrical Engineer,3.28,2,0,0,1,0,1,3,1,7,2,9,4,1,0
Engineering,Chemical Engineer,3.94,6,1,2,1,0,1,1,0,8,0,7,3,2,0
Computer Science,Cybersecurity Analyst,2.7,6,1,2,0,8,1,7,4,2,2,0,0,0,0
Law,Paralegal,3.6,5,1,0,1,3,1,4,9,2,0,3,1,4,0
Medicine,Dentist,3.984719687837939,1,0,4,0,0,0,2,0,1,2,1,1,3,1
Medicine,Doctor,3.8922682593424476,1,0,1,1,9,0,2,2,4,1,4,1,3,0
Education,Curriculum Developer,3.65,5,0,2,1,1,1,0,4,4,1,4,1,2,1
Marketing,Advertising Manager,3.93,6,0,4,1,8,1,2,7,3,0,4,4,1,1
Business,Construction Manager,3.42,8,1,0,0,5,0,1,10,1,3,2,2,3,1
Finance,Financial Analyst,3.14,9,0,2,0,4,1,4,4,1,0,9,4,1,1
Architecture,Architectural Technologist,2.41,9,1,0,0,7,0,3,0,0,1,2,4,1,1
Medicine,Physician Assistant,3.514168725191692,2,1,0,0,9,1,0,0,0,2,4,0,0,0
Law,Lawyer,3.69,4,1,2,0,1,0,1,7,1,1,4,3,0,0
Medicine,Doctor,3.6295175720516735,6,1,2,0,8,1,0,1,2,0,2,0,1,1
Chemistry,Physical Chemist,3.4,5,1,3,0,3,0,3,3,3,2,0,0,3,0
Chemistry,Inorganic Chemist,3.6,7,0,4,0,0,1,2,3,4,2,1,0,1,0
Biology,Biologist,3.48,4,2,0,0,5,1,3,3,1,2,1,3,2,1
Finance,Actuary,2.15,9,1,1,0,9,0,3,0,4,2,8,0,3,1
Chemistry,Analytical Chemist,3.17,9,2,3,1,1,1,3,4,3,3,4,2,4,0
Marketing,Brand Manager,2.48,8,2,1,1,1,1,3,10,2,1,1,0,3,1
Law,Judge,3.71,1,2,3,0,4,0,4,9,3,3,1,4,1,0
Music,Music Teacher,3.4,7,1,4,1,0,1,2,1,2,0,3,1,1,1
Medicine,Doctor,3.819978192557285,9,0,2,0,2,0,4,4,2,0,3,2,1,1
Architecture,Urban Planner,2.66,4,0,0,0,4,1,2,4,0,2,1,2,1,0
Business,Entrepreneur,2.87,0,2,4,0,7,1,3,9,2,4,4,3,2,0
Architecture,Urban Planner,3.3,8,1,4,0,3,1,4,1,1,3,2,1,4,1
Marketing,Market Research Analyst,2.99,8,2,4,1,0,0,3,9,1,4,1,4,2,1
Computer Science,Data Scientist,3.44,4,1,1,0,9,1,9,2,3,1,3,4,2,1
Marketing,Marketing Manager,3.93,0,0,3,1,6,0,0,9,1,3,2,0,1,1
Psychology,Clinical Psychologist,2.31,5,1,1,1,1,1,3,3,4,0,4,3,0,0
Engineering,Biomedical Engineer,3.07,0,1,3,1,4,1,1,1,8,0,7,1,2,0
Biology,Biologist,3.84,5,0,4,1,2,0,1,0,3,1,3,1,2,0
Architecture,Architectural Technologist,2.72,8,0,2,1,0,0,0,1,3,0,1,2,1,1
Engineering,Aerospace Engineer,2.54,4,1,1,0,9,1,0,1,9,4,7,1,2,0
Law,Legal Analyst,2.22,2,1,1,0,0,1,0,10,0,3,4,2,2,1
Biology,Biochemist,2.3,1,0,3,1,3,1,4,1,0,4,4,3,1,0
Chemistry,Physical Chemist,3.04,8,2,2,0,2,1,4,4,2,0,0,3,1,0
Physics,Quantum Physicist,2.67,7,1,3,0,2,0,3,0,4,4,2,0,2,1
Law,Legal Secretary,3.46,7,1,2,0,6,0,3,8,1,3,2,3,4,0
Music,Sound Engineer,2.57,10,2,2,1,0,0,4,0,0,4,4,0,1,0
Engineering,Acoustics Specialist,2.07,7,0,3,1,4,1,4,1,8,1,7,4,2,1
Education,Principal,2.81,0,0,3,0,9,1,0,0,0,1,1,3,0,1
Engineering,Acoustics Specialist,2.07,1,2,0,1,1,0,2,4,10,2,9,2,3,1
Business,Construction Manager,3.8,2,2,4,0,2,1,4,10,0,1,3,3,2,1
Physics,Nuclear Physicist,2.35,4,0,3,1,7,0,1,3,2,3,1,1,3,0
Psychology,Psychologist,2.32,9,2,0,1,5,0,4,2,4,1,1,4,0,1
Law,Legal Consultant,2.03,5,1,1,1,7,0,0,7,3,4,1,2,0,0
Education,Teacher,3.86,9,2,0,0,6,0,3,0,3,4,4,3,3,0
Education,Principal,3.5,6,2,0,0,3,0,4,0,2,1,2,2,2,0
Chemistry,Analytical Chemist,2.59,3,1,0,0,0,0,0,1,2,1,2,4,1,1
Psychology,Forensic Psychologist,2.55,0,0,2,1,2,0,3,2,0,0,4,0,4,1
Chemistry,Organic Chemist,2.74,0,2,1,1,2,1,1,3,2,1,3,3,2,0
Chemistry,Physical Chemist,2.44,4,2,1,0,0,0,1,0,0,2,2,2,0,1
Medicine,Surgeon,3.8764930965195927,1,1,0,0,3,0,3,1,0,1,1,0,2,0
Biology,Zoologist,2.99,0,0,4,1,0,1,1,2,4,3,4,0,3,0
Engineering,Aerospace Engineer,3.22,5,0,4,1,1,1,3,1,10,2,10,4,2,0
Medicine,Doctor,3.823310566828778,9,1,0,1,7,1,4,1,4,4,4,1,3,1
Physics,Astronomer,3.0,2,1,3,0,2,0,0,1,4,1,3,2,4,0
Architecture,Interior Designer,3.23,2,1,4,0,1,0,1,4,4,4,2,4,1,0
Education,Special Education Teacher,2.48,9,0,2,1,0,0,2,2,2,2,4,4,1,0
Art,Art Director,2.62,3,1,4,0,9,0,4,2,1,0,4,0,1,0
Finance,Risk Analyst,2.18,0,1,1,0,3,0,2,0,1,2,7,4,1,1
Art,Illustrator,3.99,3,1,4,0,6,0,2,1,1,4,1,0,2,1
Law,Judge,2.58,1,2,4,1,4,0,4,9,0,2,4,0,3,0
Education,Teacher,3.7,4,2,2,0,7,0,2,4,3,0,2,2,4,0
Education,Curriculum Developer,2.57,7,2,2,0,0,0,3,3,0,2,0,4,1,1
Finance,Financial Controller,3.33,4,0,1,0,8,0,0,3,0,3,8,2,4,0
Marketing,Brand Manager,2.23,7,0,4,0,3,0,0,7,0,3,2,1,4,1
Music,Conductor,2.69,5,0,2,0,7,0,4,2,0,0,3,3,3,0
Psychology,Clinical Psychologist,3.69,5,1,1,1,6,0,4,3,0,2,2,1,2,0
Marketing,Marketing Specialist,2.09,3,2,0,0,3,0,4,7,1,1,1,0,0,1
Law,Legal Analyst,2.12,6,2,4,0,4,0,0,10,1,2,4,3,4,0
Marketing,Social Media Manager,3.74,1,1,3,1,1,0,3,10,1,4,2,3,2,1
Art,Art Director,2.42,8,2,3,1,2,1,0,0,1,2,0,1,0,1
Chemistry,Analytical Chemist,2.12,5,0,1,0,2,0,2,3,3,4,0,1,0,0
Computer Science,Software Developer,2.13,4,0,0,1,3,1,7,3,2,2,3,0,4,0
Engineering,Chemical Engineer,3.22,1,0,1,1,6,1,1,3,8,3,9,0,1,1
Music,Conductor,2.87,6,0,0,1,0,0,4,2,3,2,0,4,2,0
Music,Composer,3.72,6,2,3,1,1,1,4,1,2,4,0,0,4,0
Architecture,Urban Planner,3.63,3,0,4,0,1,1,0,0,4,1,1,3,4,1
Music,Music Teacher,3.38,7,2,2,0,7,1,2,2,1,0,0,4,2,1
Art,Artist,2.02,5,1,5,0,1,1,3,0,3,0,2,3,4,1
Biology,Zoologist,2.93,9,0,3,0,5,0,0,2,0,1,4,0,1,0
Medicine,Nurse,3.757463754430336,8,0,0,1,7,0,3,4,2,0,4,2,3,1
Marketing,Advertising Manager,3.13,6,2,2,0,7,1,2,10,0,0,0,4,3,0
Architecture,Interior Designer,2.63,9,1,0,1,8,0,2,2,3,1,0,0,2,1
Biology,Zoologist,3.28,9,1,1,0,1,0,2,2,2,2,0,1,0,0
Business,Construction Manager,3.08,9,0,2,0,5,0,0,7,1,2,1,1,1,1
Art,Illustrator,3.68,0,2,4,1,6,0,4,2,2,4,0,1,1,1
Art,Illustrator,2.75,6,2,3,0,2,0,0,4,2,1,0,2,3,0
Business,Manager,3.31,1,2,0,1,3,1,4,10,0,2,3,0,2,0
Law,Judge,3.07,4,0,4,1,0,1,1,8,0,0,4,3,4,0
Chemistry,Physical Chemist,3.93,2,2,2,0,4,1,4,4,1,4,3,0,4,0
Art,Artist,3.51,0,0,5,1,6,0,0,1,4,4,1,2,2,0
Finance,Actuary,2.13,0,0,1,0,6,1,0,0,1,4,9,1,0,1
Computer Science,Software Developer,3.48,4,1,3,1,5,1,10,3,4,3,1,0,1,1
Art,Artist,3.5,0,1,4,0,7,0,3,3,2,2,2,0,4,0
Psychology,Industrial-Organizational Psychologist,2.84,7,0,4,1,2,0,0,4,2,4,2,2,4,0
Biology,Geneticist,3.79,3,0,2,0,9,0,3,1,2,3,4,2,3,1
Architecture,Architectural Technologist,3.1,7,0,3,1,1,1,1,0,2,3,3,0,3,1
Marketing,Digital Marketing Specialist,2.57,9,0,3,1,3,1,4,7,0,0,0,1,1,1
Education,Curriculum Developer,2.96,2,0,0,0,1,1,2,3,4,2,4,2,4,1
Engineering,Aerospace Engineer,2.21,1,0,2,1,0,0,0,1,9,2,8,2,0,0
Physics,Physicist,3.19,7,2,4,0,8,1,2,0,1,3,0,4,0,1
Business,Manager,3.12,6,0,1,1,7,1,3,8,3,1,1,2,1,0
Education,Curriculum Developer,2.55,7,1,0,1,5,1,0,0,2,0,4,2,2,1
Marketing,Market Research Analyst,2.81,6,1,1,1,3,0,2,8,0,3,2,2,0,0
Education,Curriculum Developer,2.65,6,0,4,1,6,1,2,0,4,1,2,1,0,1
Law,Legal Analyst,2.34,6,1,3,0,6,1,0,8,2,2,1,4,4,1
Music,Musician,3.02,10,0,4,0,2,0,2,2,2,3,1,2,4,1
Education,Education Administrator,3.26,7,2,4,0,4,1,4,3,0,3,3,0,0,1
Finance,Accountant,2.35,1,2,3,1,7,0,4,1,4,4,10,0,2,0
Physics,Nuclear Physicist,3.52,0,0,1,1,1,1,0,2,2,2,4,4,0,1
Psychology,School Psychologist,3.37,3,2,1,1,5,0,2,0,0,3,1,3,4,1
Finance,Credit Analyst,2.08,1,2,2,1,7,0,2,4,4,4,9,1,0,0
Music,Musician,2.4,6,1,4,0,2,1,4,0,1,2,2,3,3,0
Finance,Actuary,2.53,6,2,0,0,0,1,4,3,1,0,9,4,0,0
Architecture,Landscape Architect,2.19,1,1,1,1,3,1,2,1,3,4,0,1,1,1
Music,Composer,3.69,5,1,4,1,0,1,3,1,3,2,0,1,0,0
Art,Artist,3.82,7,0,3,1,7,1,1,3,0,2,0,4,2,0
Finance,Actuary,2.71,5,2,1,1,6,1,0,4,3,2,8,2,3,0
Business,Construction Manager,3.54,3,2,3,0,6,1,0,10,1,1,3,3,4,1
Architecture,Urban Planner,2.42,5,0,4,1,5,1,4,2,1,4,3,3,1,0
Art,Artist,3.61,2,1,4,0,2,1,4,3,2,3,1,4,2,0
Medicine,Pharmacist,3.6341698956373287,5,1,3,1,1,1,3,1,0,2,0,4,0,0
Art,Artist,2.59,8,0,3,0,0,1,0,1,0,1,3,3,4,0
Music,Sound Engineer,3.24,5,0,4,0,6,0,0,0,4,4,1,3,3,1
Biology,Biotechnologist,2.73,0,2,3,1,7,1,3,0,3,4,2,4,1,0
Computer Science,AI Researcher,3.54,3,0,3,0,9,1,9,0,4,2,2,4,1,1
Law,Legal Analyst,3.67,1,0,4,0,6,1,0,10,1,2,3,3,1,1
Business,Manager,3.86,7,2,2,1,8,1,0,10,2,3,4,1,3,1
Art,Illustrator,2.8,7,0,4,1,0,0,4,4,0,1,1,4,3,0
Art,Animator,3.54,1,2,5,0,4,1,1,3,1,4,2,2,4,0
Law,Paralegal,2.16,9,0,4,1,8,0,4,10,1,0,4,1,4,0
Engineering,Biomedical Engineer,2.11,9,1,1,0,5,1,3,3,10,0,9,1,0,1
Psychology,Art Therapist,3.2,2,1,2,0,0,0,4,2,1,1,3,4,4,1
Business,Manager,2.01,9,2,2,0,6,1,2,7,2,0,3,3,4,1
Psychology,School Counselor,2.16,6,2,0,1,8,1,2,4,2,3,1,4,2,1
Medicine,Doctor,3.589829644514956,0,1,2,1,8,1,4,3,3,1,1,1,0,1
Art,Art Director,2.35,7,2,4,1,2,1,0,2,3,3,0,2,4,0
Education,Teacher,2.65,2,1,1,1,7,1,4,4,2,0,4,1,0,1
Law,Legal Consultant,2.93,3,1,2,0,1,1,3,9,1,4,4,2,0,0
Biology,Zoologist,3.44,5,1,3,1,7,0,2,2,0,2,0,2,3,0
Biology,Biologist,3.45,9,2,0,0,7,1,2,3,2,3,2,2,4,1
Architecture,Interior Designer,2.75,9,0,0,0,4,1,0,2,3,3,3,4,2,1
Music,Sound Engineer,2.89,5,1,0,0,5,0,1,3,4,4,3,4,0,0
Law,Lawyer,2.39,9,1,2,1,8,1,2,8,0,0,4,4,1,0
Law,Judge,2.17,2,2,0,0,9,0,2,10,4,3,0,4,4,0
Medicine,Surgeon,3.601888017095532,2,1,4,0,8,1,2,0,0,4,4,1,2,1
Law,Legal Analyst,2.43,4,0,3,1,9,0,0,9,1,2,0,1,4,0
Business,Manager,2.05,4,2,2,0,8,1,3,9,3,1,3,2,1,0
Chemistry,Chemist,2.09,4,2,4,0,8,1,2,4,1,3,4,1,2,1
Business,Entrepreneur,2.6,6,0,4,1,2,1,3,9,2,0,0,0,4,0
Education,Education Administrator,2.43,8,2,4,1,7,0,1,3,2,2,4,2,1,0
Biology,Biotechnologist,3.25,5,1,4,1,5,0,2,1,1,1,1,4,1,1
Architecture,Architectural Technologist,3.95,1,1,2,0,9,0,0,4,2,0,3,0,4,1
Marketing,Digital Marketing Specialist,2.22,0,1,3,1,9,1,0,9,0,0,1,4,0,1
Architecture,Interior Designer,3.61,0,0,0,1,0,0,0,2,2,3,2,0,1,1
Physics,Nuclear Physicist,3.51,9,2,0,1,2,1,0,1,3,3,3,4,1,1
Education,Education Administrator,2.84,5,2,3,1,2,1,4,4,1,3,0,1,1,0
Physics,Astronomer,3.1,8,0,4,0,5,0,0,3,1,1,3,0,2,1
Education,Teacher,3.97,8,2,4,1,2,0,3,3,0,4,3,1,3,0
Psychology,Counselor,2.58,8,0,2,1,1,1,2,1,0,2,4,3,2,1
Chemistry,Inorganic Chemist,3.51,5,0,3,1,5,1,1,4,1,0,4,2,2,1
Architecture,Landscape Architect,3.24,2,1,0,1,2,1,2,2,0,4,4,4,3,1
Psychology,Industrial-Organizational Psychologist,3.72,1,2,0,1,2,1,4,3,2,3,1,0,0,1
Education,Education Administrator,2.71,9,0,3,0,3,1,0,4,2,2,0,0,2,0
Education,Curriculum Developer,2.31,8,2,0,0,5,0,4,2,4,2,1,2,4,0
Law,Legal Secretary,3.25,9,1,0,0,2,1,2,8,3,4,2,1,2,1
Physics,Astronomer,2.44,9,1,4,1,4,1,4,4,3,4,1,1,1,0
Computer Science,Software Developer,3.17,6,2,3,0,4,1,8,2,1,2,2,1,4,0
Business,Manager,2.1,2,2,2,1,2,1,4,9,4,2,3,4,3,1
Psychology,Music Therapist,2.98,6,0,4,1,8,0,4,1,1,1,3,2,3,1
Education,Curriculum Developer,2.79,6,2,0,1,5,0,0,0,1,0,1,4,4,1
Law,Legal Analyst,2.27,3,2,3,1,8,1,0,10,0,4,2,1,0,1
Engineering,Civil Engineer,2.11,4,1,2,0,8,0,1,0,9,0,10,2,0,0
Engineering,Chemical Engineer,3.08,6,0,2,0,3,1,2,1,9,3,7,0,3,0
Architecture,Landscape Architect,3.41,8,2,1,0,7,0,0,4,4,0,4,0,2,1
Chemistry,Physical Chemist,3.66,0,2,2,0,2,1,4,1,1,1,0,3,3,0
Education,Curriculum Developer,2.31,5,2,0,0,7,0,2,0,0,4,1,2,1,0
Architecture,Architect,2.8,1,0,4,1,7,1,2,3,2,4,3,2,4,1
Law,Legal Secretary,2.27,0,1,0,1,9,0,0,8,0,3,3,3,0,1
Medicine,Pharmacist,3.543212316223619,1,1,1,1,6,1,1,1,3,1,3,1,1,0
Physics,Physicist,3.43,3,1,4,0,9,0,3,2,3,2,3,1,3,0
Music,Conductor,3.89,9,2,2,0,9,0,2,1,4,4,0,4,0,1
Marketing,Advertising Manager,3.62,7,0,4,0,2,0,3,8,3,2,3,3,1,1
Finance,Investment Banker,2.51,2,2,3,0,0,1,3,3,3,2,7,2,2,0
Chemistry,Inorganic Chemist,3.86,8,0,1,1,3,1,0,4,2,3,1,0,1,1
Psychology,Counselor,3.88,5,1,0,0,2,1,3,1,1,3,4,0,1,0
Law,Paralegal,2.39,0,1,2,0,5,1,4,10,1,1,3,4,2,0
Finance,Financial Controller,3.15,6,2,0,0,2,0,1,4,3,1,7,0,2,0
Music,Conductor,2.18,5,2,0,1,4,1,4,0,3,3,0,0,1,0
Physics,Nuclear Physicist,2.59,7,0,4,1,6,1,3,3,1,0,2,0,1,0
Art,Illustrator,2.92,3,2,5,1,0,0,1,1,4,4,0,2,4,1
Computer Science,AI Researcher,2.55,9,0,1,0,0,0,10,4,0,1,3,2,0,0
Finance,Financial Analyst,3.37,6,0,4,0,7,1,1,0,1,3,8,0,2,0
Chemistry,Physical Chemist,2.72,1,1,4,1,6,0,0,1,2,2,1,3,1,1
Music,Composer,2.95,7,0,0,1,2,0,1,2,1,0,3,2,1,1
Chemistry,Physical Chemist,2.98,8,0,1,0,7,1,4,3,0,0,1,4,1,0
Business,Manager,2.47,6,2,3,0,7,0,2,7,0,3,0,3,2,1
Chemistry,Inorganic Chemist,2.97,5,0,0,1,9,1,2,0,4,3,2,3,0,0
Chemistry,Physical Chemist,3.28,3,2,1,0,8,1,0,4,2,1,2,3,1,1
Finance,Accountant,2.69,4,2,3,0,3,0,3,1,3,1,7,0,1,0
Chemistry,Analytical Chemist,2.03,8,1,4,1,2,0,3,4,2,1,1,2,4,1
Law,Legal Consultant,2.17,3,0,1,0,7,1,1,9,0,4,1,1,0,1
Music,Music Teacher,3.28,9,1,3,1,6,1,2,1,3,0,4,2,3,1
Law,Paralegal,2.44,5,0,0,1,6,0,3,10,0,2,0,2,4,1
Music,Sound Engineer,2.57,5,2,0,0,3,1,4,1,2,4,2,3,2,1
Business,Manager,2.92,2,0,0,1,1,0,1,8,1,4,1,2,3,1
Finance,Investment Banker,2.38,7,1,3,0,6,0,1,3,2,2,10,1,0,1
Music,Sound Engineer,2.85,9,2,4,0,2,0,2,4,3,4,1,0,3,1
Engineering,Electrical Engineer,2.27,9,1,1,0,8,0,0,2,8,3,10,4,3,0
Physics,Nuclear Physicist,2.51,8,2,3,1,7,0,3,3,1,1,4,0,3,0
Medicine,Dentist,3.8306801968306528,1,0,2,0,4,1,0,3,1,1,2,4,2,0
Music,Music Teacher,3.01,6,2,0,1,5,0,4,1,4,3,4,2,4,0
Business,Construction Manager,2.3,5,1,0,1,8,0,3,10,1,0,0,4,1,1
Business,Manager,2.67,0,0,0,0,7,0,2,9,2,1,2,1,2,1
Medicine,Pharmacist,3.6958377982677746,8,2,1,0,2,0,4,4,4,4,0,3,2,0
Biology,Biotechnologist,2.91,0,2,3,1,5,0,1,2,0,1,1,4,2,1
Biology,Biologist,2.48,1,2,2,1,9,1,0,0,4,4,1,0,3,0
Education,Curriculum Developer,3.02,3,2,2,0,3,0,2,1,0,1,3,3,0,1
Engineering,Electrical Engineer,2.07,7,1,1,0,7,0,2,0,9,0,7,3,4,0
Marketing,Marketing Manager,3.56,0,1,4,1,6,1,2,7,4,2,3,3,4,1
Architecture,Architect,2.95,7,0,2,0,4,1,2,4,2,4,0,1,0,1
Physics,Astronomer,3.22,9,0,2,0,0,1,4,0,1,1,3,1,4,0
Music,Musician,2.76,9,1,0,1,2,1,0,2,1,1,1,3,0,1
Computer Science,AI Researcher,3.36,3,2,2,1,6,1,10,1,4,0,2,0,0,0
Physics,Physicist,2.52,7,0,3,0,6,1,0,3,4,2,3,4,4,0
Business,Construction Manager,3.16,3,2,4,1,6,0,3,8,3,3,4,4,3,1
Marketing,Market Research Analyst,2.66,1,0,4,1,5,0,4,7,4,4,0,1,3,0
Music,Musician,3.75,9,0,4,1,5,1,3,1,2,3,3,4,1,0
Law,Legal Secretary,2.83,7,1,0,1,3,0,3,8,2,4,3,2,3,1
Chemistry,Analytical Chemist,2.58,8,0,4,1,3,0,2,1,4,0,3,2,0,1
Education,Special Education Teacher,2.9,7,2,4,0,0,0,4,4,3,1,3,1,2,0
Business,Entrepreneur,2.91,8,0,4,0,6,0,1,10,1,1,0,1,1,0
Chemistry,Inorganic Chemist,3.16,0,1,0,0,0,0,1,3,4,1,3,0,0,0
Music,Musician,3.58,9,2,1,0,2,0,0,3,3,4,4,0,4,1
Medicine,Pharmacist,3.984680622497888,0,2,1,1,9,0,4,0,3,1,3,1,2,1
Music,Sound Engineer,2.79,9,0,1,1,3,0,1,4,4,1,3,0,4,1
Medicine,Nurse,3.824104588724278,7,0,3,1,2,0,0,3,3,1,1,2,3,1
Business,Manager,2.56,0,0,1,1,7,0,4,9,1,4,3,0,1,1
Psychology,Clinical Psychologist,2.86,3,2,3,0,5,1,1,0,0,0,2,0,2,0
Engineering,Electrical Engineer,3.84,7,0,4,1,7,1,0,0,7,4,9,0,0,1
Chemistry,Chemist,2.16,9,0,4,0,0,1,4,3,1,0,3,2,3,0
Architecture,Architectural Technologist,2.56,5,0,4,0,0,1,2,1,1,3,3,0,3,0
Engineering,Chemical Engineer,3.91,4,2,2,0,5,1,2,2,7,4,9,1,4,0
Marketing,Advertising Manager,2.97,9,1,0,0,5,1,4,7,4,0,0,3,1,1
Art,Illustrator,3.17,7,0,5,1,1,0,0,1,4,1,2,4,0,1
Computer Science,Data Scientist,3.68,7,1,0,1,5,1,9,4,3,1,3,1,3,1
Marketing,Advertising Manager,3.29,6,1,4,0,9,1,0,8,2,0,3,0,0,1
Art,Illustrator,3.51,7,2,3,0,4,1,4,3,3,4,0,3,2,1
Education,Curriculum Developer,3.25,4,0,0,1,7,1,1,4,2,0,2,3,2,1
Law,Judge,3.86,9,1,0,0,1,0,2,9,2,3,3,2,1,1
Music,Conductor,2.63,8,2,1,1,4,0,4,4,3,0,0,0,2,1
Marketing,Marketing Manager,3.41,7,1,1,1,6,0,1,8,2,4,3,4,3,1
Medicine,Physician Assistant,3.643433437491397,5,0,0,1,5,0,3,1,0,4,0,1,4,0
Computer Science,Cybersecurity Analyst,3.68,2,2,1,0,3,0,8,3,4,2,3,1,0,1
Education,Education Administrator,2.01,3,1,2,1,3,1,1,3,4,1,1,1,0,0
Architecture,Urban Planner,3.76,5,0,0,0,9,1,1,0,3,3,1,0,0,1
Music,Sound Engineer,3.99,10,0,4,1,0,0,2,4,1,3,2,2,1,1
Law,Judge,3.16,3,0,0,0,7,1,2,7,0,4,2,3,0,0
Engineering,Mechanical Engineer,3.38,9,1,4,1,4,0,4,1,7,0,10,2,4,1
Biology,Biologist,3.46,1,0,3,1,0,0,2,2,4,2,4,2,4,0
Chemistry,Inorganic Chemist,3.46,7,2,2,0,8,0,3,2,1,0,2,2,2,1
Medicine,Pharmacist,3.634986818427731,4,0,4,1,2,1,3,3,2,3,4,1,3,0
Medicine,Nurse,3.6563413325138963,8,0,0,1,6,0,4,3,1,2,1,4,3,0
Music,Musician,3.72,5,2,4,1,6,1,3,2,2,1,3,1,1,1
Finance,Accountant,2.33,3,1,3,0,1,0,4,1,0,0,9,2,3,0
Architecture,Urban Planner,2.72,3,2,0,0,2,0,0,3,2,2,0,4,2,0
Finance,Accountant,3.06,7,0,3,1,1,0,0,4,1,3,7,1,0,0
Art,Animator,3.05,9,1,5,1,8,1,4,2,0,4,2,2,1,0
Art,Artist,3.43,5,1,5,0,7,1,2,0,2,2,2,4,0,1
Engineering,Chemical Engineer,2.09,6,0,2,0,2,0,3,1,8,2,9,1,0,0
Marketing,Market Research Analyst,2.71,8,0,4,0,0,1,2,10,1,1,4,3,0,1
Marketing,Digital Marketing Specialist,3.58,7,1,2,1,8,1,4,7,1,3,0,2,2,1
Education,Education Administrator,3.99,5,1,3,0,7,1,4,1,0,2,3,4,1,0
Medicine,Dentist,3.7714206871670375,6,1,1,1,4,1,1,2,3,1,1,1,1,0
Biology,Biotechnologist,3.25,1,0,4,0,1,1,3,2,3,3,1,2,3,1
Computer Science,Software Developer,2.25,9,0,2,1,3,1,7,3,1,0,3,3,4,0
Physics,Physicist,3.7,4,0,4,0,9,0,0,1,2,0,1,4,0,0
Physics,Astronomer,2.94,9,2,4,1,6,0,4,0,1,2,0,2,3,0
Architecture,Architect,3.38,7,1,2,0,4,0,3,0,2,4,1,4,3,1
Physics,Nuclear Physicist,3.39,6,2,1,1,9,0,1,0,2,1,4,0,2,1
Engineering,Biomedical Engineer,3.34,6,2,0,1,9,0,3,0,7,1,8,4,1,0
Engineering,Biomedical Engineer,2.92,6,0,2,0,6,1,2,2,9,0,8,2,1,0
Marketing,Marketing Specialist,2.58,7,0,1,0,6,0,3,8,0,3,1,3,0,0
Music,Musician,3.08,5,2,3,1,1,0,0,1,4,3,4,2,4,1
Art,Artist,3.63,0,2,3,0,1,0,3,4,4,0,4,4,2,0
Computer Science,Software Developer,3.85,4,0,3,0,9,0,8,1,2,0,1,3,3,0
Chemistry,Inorganic Chemist,3.28,1,1,1,1,7,1,0,3,2,0,3,3,3,1
Engineering,Civil Engineer,3.95,6,2,0,0,2,0,3,1,9,1,9,0,1,1
Marketing,Advertising Manager,3.38,1,2,2,1,3,1,4,7,3,3,3,1,3,0
Education,Teacher,3.93,6,2,3,1,3,0,2,0,1,1,2,3,4,1
Architecture,Urban Planner,2.44,5,2,2,1,7,1,2,2,4,3,1,1,1,0
Music,Music Teacher,3.35,7,1,3,1,7,0,4,4,0,3,0,3,0,1
Music,Musician,2.46,6,0,0,1,0,0,1,3,3,4,4,4,4,0
Architecture,Interior Designer,2.96,7,2,2,0,5,1,2,4,3,3,3,0,1,1
Medicine,Dentist,3.5074992501885682,3,0,3,1,5,0,4,3,2,4,3,4,0,1
Physics,Physicist,2.08,7,2,3,0,0,1,2,3,3,3,3,2,3,0
Biology,Biotechnologist,3.64,4,1,4,1,5,0,2,1,1,3,2,0,3,0
Chemistry,Chemist,2.46,8,0,0,1,0,0,3,0,0,2,1,0,4,0
Art,Illustrator,2.91,9,2,5,1,3,1,1,0,3,1,1,1,2,1
Law,Paralegal,3.74,1,2,4,0,6,0,3,7,2,2,2,4,2,1
Art,Artist,2.01,6,1,5,0,1,1,0,4,0,3,4,1,0,1
Marketing,Social Media Manager,3.4,5,1,0,1,8,1,4,10,2,0,1,3,1,1
Chemistry,Inorganic Chemist,2.23,5,1,2,0,1,1,0,1,2,3,1,1,0,0
Computer Science,Cybersecurity Analyst,3.85,3,0,1,0,3,1,10,3,4,1,4,4,3,0
Finance,Financial Controller,3.26,7,0,1,1,2,0,4,2,2,4,7,3,1,1
Law,Paralegal,3.44,0,0,0,1,3,0,4,8,4,0,0,1,4,1
Music,Composer,2.88,10,2,1,0,0,0,3,1,4,3,4,0,0,0
Art,Graphic Designer,2.75,9,1,4,1,6,1,4,2,4,2,4,3,0,1
Education,Curriculum Developer,3.03,4,0,2,0,2,1,3,4,0,3,1,1,2,1
Engineering,Civil Engineer,2.88,7,0,3,1,5,0,3,3,10,1,8,4,1,1
Chemistry,Physical Chemist,2.9,3,0,0,0,4,0,3,0,2,3,3,3,3,0
Psychology,School Psychologist,3.12,1,0,2,1,5,1,1,0,2,2,3,2,0,1
Chemistry,Analytical Chemist,2.84,2,2,3,0,9,1,3,4,1,0,2,3,0,1
Psychology,School Psychologist,2.27,8,2,1,1,9,0,3,3,4,2,1,0,0,1
Education,Education Administrator,3.17,5,1,2,0,6,1,4,0,0,1,1,1,2,1
Medicine,Doctor,3.7524374075476534,7,2,1,0,4,1,0,1,4,3,0,4,3,0
Music,Composer,2.04,6,2,0,0,2,1,3,0,2,2,0,0,1,1
Psychology,Industrial-Organizational Psychologist,3.22,7,0,1,1,7,1,1,3,3,2,3,1,1,0
Psychology,Art Therapist,2.59,7,1,1,0,8,0,3,0,3,0,4,4,4,1
Art,Illustrator,3.8,3,1,3,1,2,1,3,0,3,4,0,3,4,0
Finance,Accountant,3.1,5,1,4,0,4,1,0,1,2,1,7,2,4,0
Business,Manager,3.36,4,0,4,1,3,1,1,8,2,2,3,2,3,0
Finance,Risk Analyst,2.03,7,1,2,0,4,0,4,1,4,1,7,3,2,0
Physics,Quantum Physicist,3.56,6,0,2,1,7,1,1,0,0,0,4,2,1,0
Engineering,Biomedical Engineer,3.37,1,0,2,1,0,1,3,0,10,3,7,2,2,1
Architecture,Urban Planner,3.32,8,0,3,1,9,1,4,4,0,0,4,4,4,1
Music,Musician,2.85,9,1,2,0,6,1,1,1,3,2,1,4,0,0
Biology,Geneticist,3.84,0,2,0,0,0,0,2,1,0,2,3,1,2,1
Engineering,Chemical Engineer,3.58,7,0,1,1,6,0,1,2,8,1,9,1,4,0
Education,Special Education Teacher,2.79,7,0,1,1,7,0,1,1,0,4,1,2,3,1
Psychology,Counselor,3.79,0,0,4,0,1,0,1,4,4,0,4,2,4,0
Law,Legal Consultant,2.1,1,2,1,0,8,0,2,7,1,0,0,1,1,1
Architecture,Architectural Technologist,3.87,9,1,0,1,8,1,2,2,4,4,1,3,1,1
Chemistry,Inorganic Chemist,3.3,4,2,0,0,3,1,0,0,0,4,1,2,0,0
Business,Construction Manager,2.12,0,0,2,0,1,1,0,10,4,1,3,1,3,0
Psychology,Forensic Psychologist,2.74,5,0,4,1,2,0,3,0,4,4,4,0,3,1
Medicine,Doctor,3.577875811432765,6,0,4,1,5,0,4,3,2,2,4,1,0,1
Marketing,Advertising Manager,3.58,3,0,0,1,7,0,0,8,4,4,0,0,1,0
Biology,Geneticist,2.96,4,2,1,1,3,0,0,3,1,3,2,1,1,1
Chemistry,Analytical Chemist,3.16,3,0,3,0,7,1,4,2,1,0,3,1,2,1
Chemistry,Analytical Chemist,2.18,9,0,1,1,9,0,4,1,2,1,4,4,3,0
Engineering,Electrical Engineer,3.11,0,1,1,1,4,0,0,3,10,1,7,0,3,1
Computer Science,Data Scientist,2.23,8,2,3,1,3,0,10,1,1,0,2,3,0,1
Physics,Astronomer,2.97,1,1,4,0,5,0,2,4,4,0,3,1,2,0
Education,Principal,2.83,1,2,0,0,7,1,1,0,2,2,0,4,1,1
Finance,Investment Banker,3.81,5,2,1,1,8,0,1,1,2,3,8,3,2,1
Education,Curriculum Developer,3.78,9,1,4,1,5,0,3,0,3,2,3,2,1,1
Chemistry,Organic Chemist,2.98,3,1,1,1,9,1,0,2,2,2,1,4,3,0
Finance,Financial Advisor,3.5,0,1,3,1,3,1,0,3,3,0,9,1,4,0
Business,Construction Manager,3.87,6,0,3,1,1,1,0,8,3,0,3,0,3,1
Biology,Microbiologist,3.42,4,1,1,1,7,1,4,0,4,2,0,3,1,1
Chemistry,Inorganic Chemist,2.63,2,0,0,0,3,1,4,0,2,0,1,3,0,0
Business,Human Resources Specialist,3.12,0,1,0,0,2,0,4,8,2,2,4,0,1,0
Biology,Geneticist,3.57,3,1,1,1,6,1,3,1,2,4,1,3,0,0
Finance,Credit Analyst,3.05,4,2,0,1,1,1,4,1,4,0,9,4,4,0
Education,Principal,2.96,7,2,2,1,8,0,2,1,3,1,3,0,2,0
Music,Composer,3.54,8,0,2,0,6,0,4,0,2,3,2,1,2,0
Psychology,Psychologist,2.51,4,1,0,0,1,1,0,3,3,2,1,0,2,1
Finance,Actuary,2.17,8,1,4,1,0,0,4,3,3,1,9,1,2,1
Finance,Financial Controller,3.59,2,2,1,0,2,0,2,0,1,0,9,4,1,0
Chemistry,Inorganic Chemist,3.26,7,0,4,1,7,1,2,0,1,1,1,1,4,1
Music,Sound Engineer,2.69,9,0,3,0,9,1,2,2,3,0,2,4,1,0
Biology,Geneticist,3.63,9,2,1,1,7,1,2,1,1,0,1,0,2,1
Business,Human Resources Specialist,2.99,2,0,4,1,0,0,4,10,2,3,3,4,1,1
Physics,Nuclear Physicist,2.34,2,2,3,0,8,0,3,3,3,0,3,1,0,0
Law,Lawyer,3.54,0,1,1,0,3,1,3,8,2,3,3,1,0,0
Computer Science,Cybersecurity Analyst,2.29,4,0,0,0,1,0,10,0,3,3,3,4,2,0
Marketing,Brand Manager,3.03,5,2,3,1,0,1,0,10,1,3,3,3,4,1
Law,Legal Secretary,2.14,6,2,2,1,4,0,2,8,4,3,3,3,4,1
Physics,Nuclear Physicist,3.22,2,2,3,1,3,0,1,4,1,2,3,2,0,1
Computer Science,Game Developer,2.04,6,1,4,1,9,1,9,4,4,2,3,0,1,0
Law,Legal Consultant,2.54,1,2,0,1,1,1,3,7,2,0,1,1,4,0
Engineering,Chemical Engineer,2.54,0,2,3,0,4,1,0,0,10,4,8,3,3,1
Chemistry,Chemist,3.06,0,1,2,1,0,0,3,0,2,1,3,0,0,1
Music,Musician,3.11,6,0,3,0,3,1,1,4,4,3,3,3,1,0
Medicine,Nurse,3.646577971126651,4,0,1,0,9,0,1,3,0,2,3,1,0,0
Law,Legal Secretary,2.83,3,0,4,0,9,1,4,7,2,0,4,4,3,0
Finance,Financial Analyst,3.84,9,2,0,0,9,0,3,3,2,2,9,0,4,1
Engineering,Biomedical Engineer,2.34,6,1,3,1,8,1,1,2,10,4,10,4,2,0
Marketing,Market Research Analyst,2.99,8,2,3,0,5,0,0,10,3,1,0,2,1,0
Physics,Nuclear Physicist,3.71,0,1,1,0,6,1,3,0,3,0,0,0,1,0
Marketing,Marketing Manager,3.94,5,0,1,1,3,1,4,10,1,2,3,3,0,0
Finance,Accountant,3.64,6,2,3,1,2,0,2,1,0,4,8,4,1,0
Law,Legal Secretary,3.87,9,2,4,1,9,0,1,10,1,0,2,1,1,1
Psychology,Music Therapist,2.35,1,1,4,1,6,1,3,0,2,2,3,4,4,1
Music,Conductor,3.84,5,1,0,1,8,1,0,3,0,4,4,1,0,1
Business,Entrepreneur,2.74,4,0,0,1,5,1,3,10,1,0,0,2,1,1
Art,Animator,2.7,6,2,3,1,4,0,2,3,0,3,0,1,4,1
Business,Human Resources Specialist,2.26,5,1,3,1,8,1,3,10,1,2,3,4,0,0
Computer Science,AI Researcher,3.48,3,2,4,0,6,1,8,1,1,1,3,2,0,1
Law,Judge,2.84,8,2,1,1,3,1,1,10,4,4,0,2,3,1
Medicine,Dentist,3.902985064335477,9,2,2,0,1,1,1,4,1,2,2,2,3,1
Education,Special Education Teacher,3.45,2,1,3,1,0,1,2,1,3,0,4,2,0,1
Business,Entrepreneur,2.37,7,2,0,0,2,0,1,8,1,4,2,2,1,0
Computer Science,Game Developer,3.33,4,1,1,0,1,1,9,1,4,2,3,3,0,1
Computer Science,Cybersecurity Analyst,3.0,2,2,3,0,3,0,9,1,4,4,4,0,4,1
Computer Science,Software Developer,2.28,3,2,1,1,9,1,10,2,3,4,2,1,4,1
Biology,Biotechnologist,2.21,8,0,1,1,2,0,1,0,3,3,1,2,4,1
Computer Science,Web Developer,2.32,5,1,3,1,3,0,7,1,1,3,1,1,1,0
Biology,Biologist,2.72,5,0,2,0,3,1,1,3,2,1,4,3,3,1
Chemistry,Inorganic Chemist,3.39,0,2,3,1,3,0,3,3,2,3,0,0,0,1
Music,Conductor,3.72,9,0,2,0,3,0,2,3,3,1,2,2,2,1
Computer Science,Cybersecurity Analyst,2.34,8,2,1,0,1,0,9,4,4,1,2,3,4,0
Music,Musician,3.63,5,2,1,1,7,1,4,4,3,4,3,1,1,1
Law,Legal Secretary,3.32,0,0,1,1,6,1,2,10,0,1,3,1,2,0
Physics,Quantum Physicist,3.74,5,1,1,0,9,1,0,2,0,2,1,1,3,1
Engineering,Chemical Engineer,3.31,2,2,2,0,4,1,2,1,7,0,9,2,4,1
Finance,Accountant,2.77,2,2,2,0,7,0,3,3,0,2,10,2,0,0
Law,Legal Consultant,2.62,6,0,0,0,4,0,0,10,2,2,1,0,3,1
Computer Science,Data Scientist,2.36,4,2,1,1,3,0,7,2,3,4,3,3,2,0
Computer Science,Data Scientist,2.38,3,2,2,1,2,1,10,4,4,4,4,3,3,0
Chemistry,Organic Chemist,2.29,2,0,0,0,3,1,2,2,2,0,1,4,0,1
Computer Science,Web Developer,3.9,9,1,4,1,1,0,10,1,4,4,1,0,1,0
Physics,Physicist,2.02,1,2,2,0,5,1,1,2,1,2,0,1,1,0
Architecture,Landscape Architect,3.39,1,2,0,0,0,0,1,1,3,0,2,0,4,1
Law,Legal Consultant,2.74,7,2,0,1,9,1,4,7,0,4,2,4,3,0
Engineering,Electrical Engineer,3.36,8,0,1,0,8,0,0,3,7,3,10,1,0,1
Music,Sound Engineer,2.37,8,2,0,0,2,0,1,3,2,1,1,0,3,0
Finance,Investment Banker,3.5,9,1,4,1,2,0,0,3,2,1,9,3,1,0
Chemistry,Organic Chemist,3.23,2,1,3,0,8,1,1,3,2,2,3,1,4,1
Architecture,Architectural Technologist,3.09,7,1,2,0,4,0,4,0,0,0,4,1,2,0
Chemistry,Analytical Chemist,3.82,6,2,4,1,8,0,1,2,1,0,0,3,1,0
Marketing,Market Research Analyst,2.07,2,2,2,1,9,0,1,10,4,1,1,2,1,0
Architecture,Architect,3.23,3,1,2,1,8,1,1,1,2,3,4,2,4,0
Medicine,Pharmacist,3.8803306710118033,3,2,1,0,0,1,0,1,1,2,3,0,0,0
Psychology,Art Therapist,2.99,7,0,2,0,2,1,0,0,0,3,1,0,4,1
Architecture,Interior Designer,2.98,9,0,2,1,3,0,4,2,1,0,2,2,3,1
Physics,Physicist,2.71,6,0,2,0,9,0,0,2,1,1,0,4,4,1
Education,Education Administrator,3.67,4,1,3,1,3,0,1,2,3,1,1,4,0,0
Biology,Microbiologist,2.01,5,1,3,1,8,1,4,3,4,0,3,0,3,0
Architecture,Landscape Architect,3.09,5,0,0,0,0,1,2,2,3,3,0,4,0,1
Computer Science,Game Developer,4.0,9,1,1,0,5,1,10,4,4,3,1,4,2,1
Biology,Ecologist,2.16,2,1,3,1,5,0,2,0,0,1,2,1,4,0
Psychology,Psychologist,3.34,1,1,2,0,5,1,1,0,3,3,4,3,1,1
Law,Legal Secretary,3.5,6,1,2,0,9,0,3,10,4,3,0,3,3,1
Business,Human Resources Specialist,3.56,0,1,1,1,5,0,0,8,1,2,2,0,0,0
Business,Entrepreneur,3.07,8,1,4,1,3,0,2,9,0,0,2,0,4,0
Education,Special Education Teacher,2.31,5,0,4,1,8,0,3,4,0,0,1,2,4,0
Music,Conductor,3.02,10,2,4,0,1,1,3,0,0,4,3,3,0,1
Business,Construction Manager,3.36,7,0,4,0,3,0,0,9,3,3,1,1,0,0
Law,Legal Secretary,3.71,5,1,0,0,3,1,3,7,3,0,0,2,2,1
Physics,Astronomer,3.39,0,1,3,1,1,1,3,4,1,0,4,0,2,1
Marketing,Market Research Analyst,2.37,5,0,0,0,3,1,0,9,0,1,0,1,0,1
Finance,Accountant,3.97,7,0,3,0,0,1,2,0,2,1,10,0,3,0
Medicine,Doctor,3.7951904826019303,8,0,1,0,1,0,3,0,2,2,1,2,2,0
Computer Science,Game Developer,2.36,4,2,3,1,5,0,7,2,4,1,2,0,2,1
Education,Curriculum Developer,3.04,4,2,1,0,3,0,3,4,0,0,1,2,3,1
Business,Manager,2.76,0,0,3,1,5,0,1,7,0,1,4,4,0,1
Engineering,Aerospace Engineer,3.59,7,2,3,0,2,1,3,4,7,3,7,4,1,0
Physics,Nuclear Physicist,3.63,9,1,4,0,3,0,2,4,2,0,0,2,3,1
Psychology,Art Therapist,2.9,6,1,3,1,0,0,1,1,4,3,1,0,4,1
Medicine,Nurse,3.7781181970128865,5,0,0,0,5,0,0,1,2,4,0,4,1,0
Art,Illustrator,3.93,7,1,5,0,1,1,1,3,2,0,2,0,3,0
Computer Science,AI Researcher,3.8,9,0,1,1,8,1,7,3,2,4,4,1,3,1
Psychology,Art Therapist,3.93,1,1,3,0,1,0,4,1,1,4,3,4,3,1
Medicine,Surgeon,3.6392839766028295,1,2,0,1,6,0,1,3,3,4,2,2,0,0
Chemistry,Inorganic Chemist,2.41,2,1,0,1,3,1,3,3,0,1,0,4,2,1
Engineering,Biomedical Engineer,2.8,2,1,4,1,3,1,1,0,8,0,8,0,2,0
Marketing,Market Research Analyst,2.58,9,1,4,0,0,1,4,10,1,3,4,3,0,0
Art,Graphic Designer,3.39,4,0,3,1,6,0,2,4,0,2,4,2,0,0
Art,Animator,2.24,4,2,3,0,5,0,4,2,3,4,2,2,3,1
Music,Composer,3.85,9,0,0,1,5,0,4,1,1,1,0,2,0,1
Engineering,Mechanical Engineer,3.78,6,1,4,0,0,0,1,2,9,2,9,2,0,1
Architecture,Architectural Technologist,3.86,2,1,4,0,4,0,0,3,1,1,1,1,2,1
Education,Education Administrator,2.14,9,2,2,1,6,1,1,4,2,4,3,3,1,0
Finance,Risk Analyst,2.08,3,2,2,0,2,1,4,1,2,1,8,3,2,0
Computer Science,Game Developer,2.87,0,2,2,1,8,1,10,2,4,4,4,3,0,0
Medicine,Surgeon,3.754611269163539,2,1,3,1,8,1,0,3,1,4,3,2,4,1
Education,Principal,2.55,0,0,1,1,0,0,2,3,4,2,4,1,3,0
Marketing,Market Research Analyst,3.8,3,2,0,1,1,1,4,10,3,1,1,1,1,1
Architecture,Urban Planner,3.45,8,2,4,0,2,1,3,4,2,0,1,1,0,1
Physics,Quantum Physicist,2.25,0,0,1,1,5,0,1,1,3,1,2,0,3,0
Art,Graphic Designer,3.83,3,0,3,1,2,1,3,1,2,2,3,0,2,1
Art,Graphic Designer,2.46,9,0,3,1,7,0,1,4,0,1,0,3,0,1
Marketing,Advertising Manager,3.47,9,0,4,0,8,0,2,9,2,3,4,3,3,0
Psychology,Industrial-Organizational Psychologist,3.72,3,0,3,1,7,1,1,2,4,2,0,4,0,1
Engineering,Aerospace Engineer,2.25,6,1,2,1,5,1,1,2,9,3,10,2,2,1
Computer Science,Cybersecurity Analyst,2.11,5,2,0,0,1,0,8,4,3,2,4,3,1,0
Psychology,Industrial-Organizational Psychologist,3.53,4,1,4,0,3,0,2,4,0,4,4,4,1,1
Music,Musician,3.03,10,0,4,1,5,0,2,1,4,4,4,3,3,1
Finance,Financial Advisor,3.21,4,0,2,1,7,1,2,0,3,3,7,3,3,1
Education,Teacher,3.17,5,2,2,1,8,1,1,1,3,4,2,3,1,0
Psychology,Industrial-Organizational Psychologist,2.71,2,1,1,0,0,0,0,4,2,1,4,4,1,1
Psychology,Counselor,3.02,5,0,1,1,7,0,3,4,2,1,0,2,0,1
Architecture,Landscape Architect,2.02,4,1,2,1,4,0,0,1,2,0,4,3,1,0
Law,Legal Analyst,2.91,0,1,2,1,2,1,4,9,4,0,1,3,2,0
Law,Judge,2.52,2,0,3,1,1,0,0,8,0,3,3,2,0,0
Business,Entrepreneur,2.42,4,2,1,0,8,1,4,10,3,1,2,3,1,0
Law,Lawyer,3.19,0,1,4,1,5,0,0,7,0,4,3,4,0,1
Medicine,Pharmacist,3.5432228765866993,7,2,2,0,8,0,4,1,0,1,0,2,0,0
Medicine,Pharmacist,3.657022001508822,4,2,3,1,3,1,3,0,1,2,2,2,0,0
Art,Artist,2.56,9,1,5,1,3,0,1,4,2,2,3,0,2,1
Psychology,Industrial-Organizational Psychologist,3.02,4,0,2,1,1,1,4,3,0,4,2,3,1,0
Biology,Ecologist,2.67,5,1,3,1,8,1,3,1,4,4,3,4,1,0
Engineering,Aerospace Engineer,2.86,5,2,4,0,1,0,2,4,10,0,10,4,3,1
Education,Principal,2.78,1,0,3,1,4,1,0,0,4,0,2,4,4,1
Business,Construction Manager,3.63,6,1,2,0,9,0,0,9,0,4,2,4,0,1
Education,Curriculum Developer,2.58,1,1,1,0,3,0,0,4,2,4,3,1,0,0
Art,Animator,3.44,4,0,4,1,5,0,4,2,1,4,1,4,4,1
Law,Lawyer,2.34,8,0,2,1,3,1,2,7,3,2,2,1,0,1
Medicine,Nurse,3.7053502002932714,1,0,1,0,3,1,4,0,2,1,3,2,2,0
Psychology,Music Therapist,3.92,1,2,2,0,0,1,0,4,0,2,0,4,4,0
Education,Principal,2.31,5,1,1,1,7,1,1,3,3,3,0,3,1,1
Psychology,Forensic Psychologist,3.75,6,2,0,0,8,0,3,2,0,4,4,4,0,0
Marketing,Digital Marketing Specialist,2.11,9,2,3,1,7,0,0,7,3,1,0,2,3,0
Law,Legal Analyst,2.98,5,2,2,1,7,0,2,10,0,2,0,1,2,1
Finance,Financial Advisor,3.52,7,1,4,1,7,1,3,4,0,2,7,4,2,1
Business,Manager,3.09,9,0,0,1,0,1,1,7,4,3,3,2,0,0
Computer Science,Web Developer,2.19,5,2,1,1,2,1,7,1,2,2,1,2,2,1
Finance,Financial Analyst,2.91,0,2,0,1,0,1,3,1,0,1,10,3,3,0
Medicine,Physician Assistant,3.504182829992072,1,0,2,0,6,1,0,1,1,3,2,2,1,1
Finance,Financial Analyst,2.67,1,2,1,1,7,0,1,2,4,4,10,3,2,1
Computer Science,Web Developer,2.12,4,1,3,0,7,1,8,0,3,2,3,2,1,0
Education,Curriculum Developer,2.24,5,2,2,0,7,0,2,4,3,2,2,0,1,1
Marketing,Brand Manager,3.11,5,1,2,0,8,1,2,8,1,0,1,4,1,1
Biology,Microbiologist,2.03,9,1,3,0,9,0,2,0,1,1,3,4,2,0
Marketing,Marketing Specialist,2.39,8,0,1,0,6,1,0,7,4,4,0,1,2,1
Biology,Biotechnologist,3.18,2,2,2,0,4,1,1,3,2,0,0,1,1,0
Music,Music Teacher,2.63,9,2,0,1,2,0,2,3,1,4,2,4,3,0
Computer Science,Software Developer,3.49,7,1,0,0,6,1,8,0,3,1,3,2,2,0
Marketing,Advertising Manager,3.09,4,0,4,0,3,0,0,9,3,0,3,4,2,1
Biology,Biologist,3.11,3,1,1,0,0,1,3,4,4,2,2,2,1,0
Art,Art Director,2.55,0,2,4,0,7,1,1,2,2,1,0,0,0,0
Law,Legal Secretary,2.05,6,1,0,0,4,1,0,10,3,0,0,0,1,0
Finance,Credit Analyst,2.17,9,2,0,1,3,1,1,4,0,0,7,3,4,1
Biology,Geneticist,2.53,5,1,0,0,4,1,4,2,0,2,0,3,0,0
Business,Human Resources Specialist,3.23,7,2,3,0,4,1,2,10,3,1,0,3,4,0
Chemistry,Chemist,3.6,7,1,0,0,8,0,3,3,1,1,3,3,3,0
Psychology,Forensic Psychologist,2.73,3,1,0,1,0,0,4,3,4,3,4,2,1,1
Finance,Investment Banker,3.38,5,2,1,0,0,0,1,4,4,3,8,1,1,0
Art,Graphic Designer,3.39,3,1,4,0,8,0,1,3,2,2,2,1,1,0
Business,Entrepreneur,2.41,0,1,1,1,6,1,1,10,2,0,4,2,3,0
Music,Composer,2.63,10,2,0,0,4,1,2,0,2,4,3,4,3,0
Law,Legal Analyst,3.67,0,1,3,1,2,1,2,9,3,0,1,4,3,0
Psychology,Industrial-Organizational Psychologist,3.28,3,2,0,1,9,0,2,3,1,4,3,0,2,1
Computer Science,Data Scientist,3.22,7,1,1,0,4,1,10,1,2,0,3,4,4,0
Physics,Physicist,3.67,6,0,1,1,8,1,0,0,0,2,0,1,0,1
Physics,Physicist,3.98,4,1,4,0,1,1,4,1,1,0,4,3,4,0
Finance,Credit Analyst,2.16,7,1,0,0,0,1,4,2,1,2,8,4,0,0
Finance,Investment Banker,3.47,6,1,3,0,6,1,0,4,3,2,9,4,0,1
Marketing,Advertising Manager,3.44,0,1,4,0,6,0,3,10,1,2,2,0,4,1
Law,Legal Consultant,3.46,6,0,3,0,6,0,4,7,2,0,4,3,4,1
Chemistry,Analytical Chemist,3.83,1,1,3,0,0,0,0,2,2,2,4,0,3,0
Music,Music Teacher,3.1,7,2,1,0,7,1,3,0,3,4,2,3,0,0
Computer Science,Data Scientist,2.63,2,1,3,1,5,0,9,2,0,2,3,2,0,0
Finance,Credit Analyst,2.15,3,1,4,1,7,0,4,3,4,2,8,4,3,1
Architecture,Architectural Technologist,3.66,9,2,2,0,1,0,1,0,4,0,4,3,2,1
Physics,Astronomer,2.28,5,0,2,0,3,1,1,2,4,3,0,1,4,0
Education,Teacher,3.07,5,0,0,0,0,0,0,2,4,3,0,4,3,0
Chemistry,Physical Chemist,2.57,8,1,4,1,8,0,2,1,4,3,4,3,2,1
Biology,Microbiologist,3.92,9,0,0,0,6,1,2,2,1,4,3,1,2,0
Law,Lawyer,2.71,6,1,2,0,3,1,0,7,3,1,0,0,4,1
Finance,Accountant,2.2,1,0,2,0,0,0,1,0,0,1,8,2,1,1
Music,Musician,3.54,6,1,0,0,4,1,0,3,4,0,2,0,0,0
Psychology,Industrial-Organizational Psychologist,3.09,6,2,0,1,3,0,4,1,0,2,1,1,1,1
Chemistry,Inorganic Chemist,2.96,4,0,2,1,3,1,2,1,3,1,3,0,1,1
Physics,Physicist,2.22,3,1,2,0,2,0,3,2,1,3,3,2,1,1
Medicine,Pharmacist,3.5498319610383877,1,1,2,1,0,1,0,3,4,2,3,2,1,0
Medicine,Pharmacist,3.6977400140158285,1,2,3,1,7,1,1,0,1,2,3,2,4,0
Marketing,Brand Manager,2.73,9,0,2,1,9,0,3,9,2,0,2,4,1,0
Education,Special Education Teacher,2.59,1,0,1,1,0,1,4,1,0,1,1,3,0,0
Biology,Zoologist,3.26,2,0,2,1,7,1,1,1,1,2,0,4,2,1
Architecture,Landscape Architect,2.16,8,1,4,1,4,1,1,0,3,2,2,4,3,0
Finance,Accountant,2.34,6,1,3,1,2,0,4,4,0,2,9,0,1,1
Medicine,Surgeon,3.5259410387969963,9,2,2,1,9,0,0,0,2,3,3,2,1,0
Biology,Biologist,3.76,1,2,2,0,4,1,0,0,0,1,4,0,4,1
Music,Sound Engineer,3.39,8,2,3,1,6,1,2,2,3,3,2,0,1,1
Medicine,Surgeon,3.579063284816534,7,0,1,0,3,0,2,1,0,0,0,2,4,1
Law,Legal Secretary,3.64,6,1,4,0,6,1,3,9,3,4,4,4,3,0
Psychology,Clinical Psychologist,2.07,2,1,2,0,4,0,2,4,0,0,1,2,3,1
Computer Science,Web Developer,3.31,8,2,0,1,0,0,8,2,3,3,4,0,1,0
Architecture,Interior Designer,3.69,4,1,2,1,8,0,2,1,3,3,0,4,1,1
Marketing,Brand Manager,2.94,6,0,1,1,8,1,1,8,0,1,4,1,2,0
Medicine,Physician Assistant,3.8436872088488987,3,1,3,1,0,1,4,4,3,3,4,0,3,1
Computer Science,Web Developer,2.98,1,1,2,1,0,0,7,3,2,2,2,1,3,0
Computer Science,AI Researcher,3.5,1,2,0,1,9,0,8,3,3,2,1,1,2,1
Computer Science,Cybersecurity Analyst,2.74,9,2,1,1,2,0,8,0,4,1,0,3,4,0
Chemistry,Organic Chemist,3.5,2,2,3,1,3,0,4,0,4,1,4,1,4,0
Medicine,Physician Assistant,3.7414472182992995,8,2,0,0,2,0,1,4,4,1,3,0,1,1
Music,Conductor,2.54,9,1,2,1,8,1,3,2,3,4,1,0,2,1
Computer Science,Web Developer,3.04,5,2,2,1,1,0,7,4,2,2,1,1,0,1
Architecture,Architectural Technologist,2.42,7,0,3,1,8,0,4,4,4,2,4,2,1,1
Psychology,School Psychologist,3.22,1,0,2,1,5,0,3,0,2,0,0,0,4,0
Art,Illustrator,3.38,6,2,3,0,5,1,0,3,4,1,3,2,4,1
Chemistry,Analytical Chemist,2.64,2,1,2,0,1,1,0,2,4,0,3,2,4,0
Computer Science,Game Developer,2.41,4,0,4,0,8,1,7,3,1,4,4,0,4,0
Finance,Risk Analyst,2.03,2,1,1,0,8,1,0,4,4,0,7,2,2,1
Education,Education Administrator,2.32,4,2,4,1,2,1,0,4,1,3,2,4,2,0
Psychology,Psychologist,2.09,2,2,4,1,2,1,3,1,3,0,0,0,4,1
Psychology,Forensic Psychologist,3.63,3,1,4,0,4,0,1,2,0,2,3,1,0,0
Medicine,Physician Assistant,3.5820924820281794,2,1,4,0,1,1,0,1,0,4,0,3,2,1
Psychology,Forensic Psychologist,3.51,6,1,2,0,3,0,3,3,0,1,4,3,1,0
Computer Science,AI Researcher,2.87,2,2,1,1,4,0,10,3,2,3,4,0,1,1
Business,Human Resources Specialist,3.18,3,1,2,1,5,1,1,10,1,0,3,3,0,1
Computer Science,Game Developer,2.3,2,1,2,1,8,1,10,2,3,0,2,0,4,1
Psychology,Forensic Psychologist,3.86,4,1,0,1,6,1,1,4,1,1,1,0,0,1
Architecture,Urban Planner,3.67,4,1,1,1,2,0,0,3,1,4,2,1,4,0
Marketing,Marketing Specialist,2.97,7,2,3,1,4,1,2,9,1,1,3,4,4,0
Medicine,Physician Assistant,3.804722648663639,1,0,0,1,3,1,3,4,4,2,3,4,0,1
Computer Science,AI Researcher,2.15,6,1,3,0,9,1,10,1,2,3,1,1,4,1
Biology,Biotechnologist,3.86,5,0,1,0,7,0,4,2,1,3,2,3,2,0
Business,Construction Manager,2.45,0,0,3,0,4,0,3,10,3,3,2,1,2,1
Engineering,Civil Engineer,2.76,7,2,2,1,8,0,1,3,10,1,8,0,0,0
Business,Human Resources Specialist,2.34,9,1,4,1,6,0,2,10,2,3,2,0,0,1
Education,Special Education Teacher,3.6,7,2,3,1,7,1,1,4,4,3,3,4,4,1
Finance,Accountant,2.27,1,1,2,0,7,0,2,0,1,4,9,3,0,1
Law,Legal Secretary,3.59,1,0,2,1,3,0,0,8,0,3,1,4,0,0
Business,Human Resources Specialist,3.35,3,0,4,0,7,0,1,10,2,2,3,1,2,0
Physics,Physicist,3.77,7,2,3,1,4,1,1,2,1,0,1,3,4,0
Medicine,Nurse,3.8907615647665335,4,1,4,1,4,0,0,0,0,4,4,1,0,1
Finance,Credit Analyst,3.01,2,1,1,1,8,1,0,4,4,3,7,1,4,0
Chemistry,Inorganic Chemist,3.69,9,1,2,1,2,1,2,0,2,1,0,0,0,0
Architecture,Urban Planner,3.13,6,0,0,1,1,0,2,1,0,0,4,4,2,0
Medicine,Pharmacist,3.6390243741666697,4,1,4,1,8,1,3,0,4,2,3,3,1,1
Engineering,Aerospace Engineer,2.98,3,2,4,0,5,0,4,3,9,2,7,0,2,0
Education,Principal,3.6,6,2,4,1,1,0,1,2,4,3,4,3,3,1
Biology,Zoologist,3.19,2,2,4,0,7,1,2,1,2,1,2,2,4,0
Music,Sound Engineer,2.79,9,2,1,0,8,0,1,0,4,0,3,2,2,1
Law,Paralegal,2.46,2,0,2,1,8,1,1,8,3,3,2,2,0,1
Marketing,Social Media Manager,3.66,0,1,0,1,4,1,4,8,2,1,0,0,1,1
Marketing,Advertising Manager,3.85,1,1,3,1,7,0,0,10,0,0,4,2,4,0
Music,Music Teacher,2.62,6,1,2,0,8,1,4,3,2,2,0,2,4,0
Finance,Credit Analyst,3.03,3,0,4,1,7,1,4,2,0,3,8,0,2,0
Music,Musician,2.57,7,1,4,1,7,0,3,4,2,2,2,0,4,1
Education,Teacher,3.29,3,2,3,0,6,0,4,0,4,0,1,2,0,1
Computer Science,Data Scientist,2.02,2,0,1,0,9,1,8,3,4,3,0,0,1,1
Business,Manager,3.68,7,2,2,1,1,1,2,7,3,3,4,4,0,1
Medicine,Surgeon,3.8307621620730874,4,0,2,1,1,1,2,1,0,3,3,4,0,1
Business,Manager,2.27,4,0,3,1,3,1,4,7,4,0,1,0,3,0
Architecture,Interior Designer,2.34,9,2,4,0,1,0,2,3,2,4,3,1,2,1
Law,Lawyer,2.71,1,2,1,0,1,0,0,10,4,0,3,1,3,0
Psychology,Psychologist,2.53,5,2,2,1,9,0,4,3,0,2,4,0,2,0
Engineering,Aerospace Engineer,2.88,0,1,4,1,8,1,0,1,7,3,8,1,3,0
Marketing,Market Research Analyst,3.57,8,1,0,0,1,1,2,7,3,1,0,1,0,1
Music,Conductor,2.35,8,0,3,0,3,1,3,4,2,2,4,1,2,0
Law,Paralegal,2.16,1,0,1,0,1,1,4,10,3,0,3,4,3,0
Psychology,Music Therapist,3.95,4,0,4,0,4,1,2,4,3,3,4,4,0,0
Computer Science,Game Developer,2.22,3,0,4,1,6,0,9,4,0,0,1,1,0,0
Marketing,Market Research Analyst,3.77,9,0,3,0,4,1,1,7,3,0,4,2,3,1
Business,Human Resources Specialist,2.5,3,2,0,0,6,1,1,7,4,0,3,4,3,0
Physics,Physicist,3.88,0,0,4,0,5,1,0,2,0,1,2,4,2,0
Education,Principal,2.42,9,0,3,1,1,1,1,2,4,0,1,0,3,0
Art,Artist,3.61,5,1,5,1,3,0,1,0,0,2,0,2,2,0
Marketing,Market Research Analyst,2.51,6,0,3,0,3,1,1,10,3,0,0,3,3,1
Music,Composer,3.7,8,1,1,0,4,1,4,3,4,4,0,2,1,1
Chemistry,Organic Chemist,3.41,3,0,2,1,7,1,2,2,0,2,3,2,4,0
Finance,Financial Controller,2.88,1,0,2,0,1,0,0,1,0,4,7,0,3,0
Biology,Geneticist,3.82,2,0,3,1,5,0,2,0,4,3,2,2,4,1
Computer Science,Software Developer,3.14,7,2,2,0,9,1,7,2,1,2,2,3,0,1
Art,Artist,3.52,6,0,3,0,9,0,4,2,0,0,3,1,3,1
Computer Science,Web Developer,3.23,9,2,1,1,3,0,9,3,3,2,0,1,3,1
Physics,Quantum Physicist,3.53,8,1,4,1,9,0,2,4,2,0,0,2,3,0
Marketing,Digital Marketing Specialist,3.46,3,2,1,0,3,1,3,10,1,3,3,1,0,1
Architecture,Architectural Technologist,3.48,8,0,1,1,4,1,3,3,4,0,0,3,1,0
Business,Manager,3.71,5,0,1,1,3,0,3,7,0,4,1,4,0,1
Art,Art Director,2.31,4,0,3,1,3,1,2,2,1,2,1,3,3,0
Marketing,Market Research Analyst,2.24,0,0,4,1,9,0,0,8,3,0,4,1,1,0
Chemistry,Physical Chemist,3.44,1,1,4,0,0,1,3,3,2,3,0,3,4,0
Medicine,Doctor,3.762680240909749,2,1,0,1,9,1,2,1,2,2,2,4,4,1
Psychology,Psychologist,2.37,9,2,0,1,6,1,1,4,0,4,1,0,0,1
Biology,Biologist,3.99,4,2,2,0,0,1,3,0,2,3,2,4,0,1
Computer Science,Cybersecurity Analyst,2.35,3,2,0,0,1,0,8,1,2,4,2,2,0,1
Finance,Accountant,3.9,7,1,3,0,2,1,3,1,1,2,10,0,0,1
Computer Science,Software Developer,3.41,7,1,4,1,3,1,7,4,3,4,4,2,0,0
Architecture,Landscape Architect,3.23,6,2,0,1,1,0,1,0,4,0,3,0,0,0
Art,Art Director,3.18,3,2,5,1,1,0,4,3,3,0,0,2,4,1
Psychology,Art Therapist,3.29,7,2,1,0,6,1,2,2,3,4,1,0,2,1
Business,Human Resources Specialist,3.86,0,0,3,1,2,0,0,7,2,0,2,4,3,1
Business,Entrepreneur,3.17,9,1,2,0,6,1,2,10,4,4,3,4,2,1
Architecture,Architect,2.11,7,2,1,0,3,1,1,0,4,3,4,2,4,0
Music,Conductor,3.81,7,0,0,1,3,1,2,2,0,0,4,1,2,1
Education,Teacher,2.59,3,0,2,1,0,0,4,0,3,3,1,4,0,0
Business,Manager,3.37,3,0,3,0,3,0,1,7,3,1,0,4,2,0
Physics,Astronomer,3.47,2,2,2,0,5,1,0,4,1,3,4,0,4,1
Art,Artist,2.82,7,0,4,0,6,0,2,4,2,3,1,1,4,1
Law,Judge,3.05,8,1,2,0,5,0,1,8,0,2,2,0,1,0
Education,Teacher,2.92,7,2,2,1,2,0,3,4,2,3,2,0,2,1
Physics,Astronomer,2.59,9,0,3,0,6,0,3,2,1,3,3,3,0,1
Engineering,Aerospace Engineer,3.83,1,2,4,0,1,0,2,2,9,2,9,0,2,1
Business,Entrepreneur,2.63,7,0,0,1,6,0,3,9,2,1,2,1,1,0
Psychology,School Psychologist,2.6,7,2,2,1,7,0,2,1,3,0,4,1,2,1
Biology,Geneticist,2.26,6,1,3,0,2,1,3,0,0,3,0,2,0,1
Chemistry,Inorganic Chemist,3.75,7,0,0,1,2,1,0,0,1,2,2,3,0,0
Business,Human Resources Specialist,3.81,5,2,2,1,1,1,2,10,3,0,1,2,0,0
Finance,Actuary,2.13,4,1,0,0,4,1,4,1,3,3,9,3,4,1
Law,Legal Consultant,2.45,1,1,0,1,8,1,3,9,0,0,4,4,1,0
Architecture,Architect,2.23,4,0,0,1,7,1,0,3,4,4,3,1,2,0
Business,Entrepreneur,3.06,7,0,0,1,0,1,3,10,0,3,2,2,0,0
Engineering,Fluid Mechanics Engineer,3.62,0,1,0,1,9,0,2,2,8,2,8,2,3,1
Computer Science,Game Developer,2.25,7,0,4,0,2,0,9,2,0,4,4,1,3,1
Medicine,Doctor,3.6407548103861878,9,2,3,0,2,0,3,0,2,3,4,3,4,0
Chemistry,Organic Chemist,3.76,7,1,2,0,2,1,0,4,1,3,3,4,2,0
Engineering,Aerospace Engineer,2.52,1,1,4,0,8,1,4,1,7,4,9,1,3,0
Music,Sound Engineer,3.03,8,2,3,0,8,0,2,4,3,3,4,3,0,1
Music,Music Teacher,2.91,9,1,1,1,2,0,0,4,0,3,1,1,3,1
Physics,Astronomer,3.15,9,2,2,0,4,1,2,1,4,0,4,1,0,1
Physics,Quantum Physicist,2.51,2,2,2,1,5,1,1,2,2,3,3,0,1,1
Biology,Ecologist,3.16,9,0,4,1,7,0,1,3,4,3,0,1,4,1
Medicine,Surgeon,3.8512087640751824,8,1,4,1,5,0,4,3,1,1,4,4,1,1
Computer Science,Web Developer,3.28,2,0,3,0,0,1,8,2,0,0,1,0,1,0
Art,Art Director,3.86,4,0,4,1,5,1,3,1,3,2,1,4,0,1
Education,Curriculum Developer,3.74,8,0,3,0,2,0,2,0,2,2,2,1,4,1
Business,Entrepreneur,2.31,7,2,2,0,5,0,2,8,4,3,2,0,4,1
Art,Graphic Designer,3.82,7,0,3,1,3,1,3,2,0,2,3,2,1,0
Law,Judge,3.46,4,0,0,1,2,0,1,8,1,3,2,0,1,1
Marketing,Social Media Manager,3.92,9,1,3,1,7,1,4,7,2,4,0,3,0,1
Medicine,Physician Assistant,3.7161779960733825,0,0,2,1,6,1,2,3,2,2,4,0,1,1
Engineering,Mechanical Engineer,3.07,0,0,2,0,2,0,1,0,10,3,8,2,3,0
Engineering,Mechanical Engineer,2.25,1,0,2,1,9,0,0,0,9,4,10,4,3,1
Business,Human Resources Specialist,2.77,9,0,0,1,3,0,4,8,0,0,2,0,3,0
Computer Science,AI Researcher,3.81,0,1,1,0,5,1,8,4,0,1,2,0,1,0
Psychology,Industrial-Organizational Psychologist,2.85,2,0,3,1,8,0,1,0,1,1,4,4,4,0
Psychology,Forensic Psychologist,2.15,4,0,2,0,2,0,1,1,0,2,3,0,2,0
Finance,Credit Analyst,2.51,1,2,0,0,0,1,3,4,2,1,7,1,3,1
Art,Animator,2.04,0,1,4,0,9,1,3,0,0,3,2,3,0,1
Art,Artist,3.44,1,1,5,0,9,0,3,4,0,1,1,4,2,0
Education,Curriculum Developer,3.12,2,1,2,0,0,0,1,3,4,1,0,3,0,1
Chemistry,Inorganic Chemist,3.75,5,1,1,1,1,0,1,2,4,4,0,4,3,0
Engineering,Fluid Mechanics Engineer,3.66,4,0,4,1,9,1,4,3,10,1,10,2,1,1
Biology,Zoologist,2.08,0,1,1,1,2,1,2,3,4,3,0,1,2,1
Marketing,Marketing Specialist,2.42,5,0,2,1,9,0,4,8,0,1,3,1,3,0
Physics,Astronomer,3.24,9,1,4,1,0,1,1,0,3,2,3,0,1,1
Biology,Biotechnologist,2.84,3,0,2,1,8,0,3,1,4,3,0,3,1,0
Biology,Biochemist,3.11,9,2,2,1,0,1,2,3,0,0,1,2,0,0
Marketing,Digital Marketing Specialist,2.9,2,2,4,0,7,1,4,9,4,1,1,4,4,0
Marketing,Marketing Manager,2.38,8,2,4,1,1,0,3,9,2,4,4,0,4,0
Law,Legal Consultant,2.63,0,2,1,0,0,0,2,7,1,3,1,4,1,1
Law,Judge,2.05,6,0,0,1,0,0,0,7,3,1,3,1,2,0
Physics,Physicist,2.83,8,0,1,0,2,0,2,2,2,0,3,3,3,0
Engineering,Electrical Engineer,3.02,4,2,1,0,9,1,0,4,9,3,8,0,0,0
Law,Legal Consultant,3.23,2,2,0,0,8,0,4,10,3,2,4,4,1,0
Law,Paralegal,3.45,1,0,2,0,7,0,4,9,4,1,3,4,4,0
Art,Art Director,3.22,4,2,3,1,4,1,3,0,2,1,2,3,4,0
Business,Manager,2.82,0,2,4,0,2,1,4,9,0,4,4,4,3,0
Physics,Astronomer,2.95,6,0,4,1,1,0,4,1,1,4,0,1,0,1
Education,Curriculum Developer,3.8,2,2,4,0,9,1,3,4,3,3,3,1,3,0
Business,Entrepreneur,2.27,2,0,4,0,6,1,4,9,3,4,2,1,1,0
Computer Science,Software Developer,2.45,4,0,2,1,2,1,9,2,0,2,3,2,4,0
Education,Principal,2.97,8,0,0,1,0,1,0,2,1,0,3,2,3,0
Marketing,Advertising Manager,2.17,8,0,2,1,8,0,4,7,1,0,0,3,0,1
Medicine,Surgeon,3.699520226024152,3,0,4,0,9,1,4,4,3,3,2,0,2,0
Business,Manager,3.13,7,2,3,1,6,1,3,10,2,4,3,3,2,0
Chemistry,Analytical Chemist,2.77,1,2,4,0,2,1,0,4,2,2,4,4,2,1
Marketing,Advertising Manager,3.94,3,1,1,1,8,1,0,10,2,1,3,1,1,1
Psychology,Counselor,2.76,4,0,4,1,1,1,4,2,0,3,1,2,2,1
Music,Sound Engineer,3.37,10,1,0,1,3,1,1,3,3,4,1,2,4,0
Finance,Financial Analyst,3.09,9,1,4,1,8,1,0,3,4,0,10,0,2,0
Chemistry,Physical Chemist,3.1,0,0,3,1,2,1,0,0,1,0,1,2,3,1
Business,Manager,3.13,3,1,0,0,0,0,1,10,4,0,0,2,1,0
Engineering,Chemical Engineer,2.98,9,2,4,0,6,0,1,1,9,0,7,2,2,1
Finance,Risk Analyst,2.29,5,0,0,1,2,1,2,2,3,0,9,0,0,0
Business,Entrepreneur,2.28,5,0,3,0,0,1,2,10,3,3,2,1,3,0
Chemistry,Organic Chemist,3.33,0,0,4,1,6,1,4,1,2,1,2,1,2,1
Psychology,Industrial-Organizational Psychologist,2.67,1,1,4,1,1,1,3,1,4,3,4,4,0,0
Chemistry,Inorganic Chemist,3.86,8,1,1,0,1,0,2,4,1,1,4,3,1,1
Music,Composer,2.05,6,1,1,0,4,1,3,4,0,4,4,4,2,0
Biology,Zoologist,2.62,7,0,2,1,9,0,3,2,2,2,2,1,4,0
Physics,Astronomer,3.82,7,1,3,1,0,1,2,1,3,3,1,0,3,1
Finance,Risk Analyst,2.87,1,1,3,0,4,1,0,0,2,4,8,4,1,1
Music,Conductor,2.26,9,1,0,0,2,1,0,0,1,3,2,2,4,1
Physics,Physicist,2.91,5,1,2,1,6,0,0,2,1,0,4,3,0,0
Music,Sound Engineer,2.88,5,0,3,1,9,1,0,4,1,0,4,4,1,1
Engineering,Acoustics Specialist,3.81,5,1,4,1,2,0,0,2,9,3,10,4,2,1
Physics,Astronomer,3.98,1,0,0,0,7,1,1,1,1,1,2,1,3,0
Business,Manager,2.58,1,1,0,0,0,1,2,10,1,0,2,0,0,0
Physics,Nuclear Physicist,2.45,4,2,1,0,8,1,0,1,3,4,4,3,2,0
Computer Science,Data Scientist,3.51,8,1,1,1,3,0,10,1,3,4,1,2,1,1
Psychology,Psychologist,2.49,9,1,1,1,0,0,2,0,1,3,3,3,1,1
Psychology,Industrial-Organizational Psychologist,2.54,9,1,0,1,6,0,1,1,4,1,1,0,3,0
Music,Musician,2.55,7,0,1,0,3,0,4,4,0,1,0,3,2,0
Finance,Investment Banker,3.76,0,0,0,0,4,1,4,1,3,2,10,1,4,0
Psychology,Forensic Psychologist,2.86,9,2,4,1,3,1,3,4,4,0,4,1,0,1
Computer Science,Web Developer,2.7,8,2,1,0,3,1,9,0,1,0,4,2,3,1
Chemistry,Organic Chemist,2.55,2,1,4,1,9,0,3,1,1,1,0,1,3,1
Law,Legal Analyst,3.25,3,1,4,0,7,0,3,8,3,0,2,3,4,0
Computer Science,AI Researcher,3.71,7,0,2,0,4,1,7,4,3,1,0,0,3,0
Physics,Nuclear Physicist,2.37,0,2,3,1,8,1,0,3,3,4,0,0,1,1
Biology,Biotechnologist,3.24,5,1,3,1,1,0,2,0,4,3,1,4,2,0
Physics,Quantum Physicist,3.02,6,0,0,0,4,1,0,2,1,3,0,3,4,0
Art,Art Director,2.88,2,2,4,0,0,1,1,4,2,1,1,4,4,0
Law,Legal Analyst,2.06,7,0,0,0,0,1,4,9,4,2,0,0,0,1
Psychology,Industrial-Organizational Psychologist,2.68,6,1,1,1,6,1,0,2,3,4,1,0,3,1
Physics,Nuclear Physicist,3.44,1,2,0,1,1,0,4,0,4,4,2,3,3,0
Law,Paralegal,3.64,6,0,4,1,2,0,2,7,3,0,3,3,2,0
Art,Art Director,2.57,8,0,3,0,4,1,0,1,2,1,1,1,3,0
Chemistry,Inorganic Chemist,2.97,2,0,1,0,3,0,2,2,0,1,4,3,0,1
Law,Legal Secretary,2.44,1,2,1,1,4,1,4,10,0,2,3,0,3,1
Biology,Microbiologist,2.41,3,1,2,1,1,0,4,2,4,4,4,4,1,0
Art,Illustrator,2.99,4,0,3,1,8,1,0,0,4,3,1,2,1,1
Computer Science,Data Scientist,2.15,1,2,0,0,9,1,8,1,2,4,4,2,0,0
Music,Music Teacher,2.61,9,2,4,1,5,1,4,2,1,1,4,2,2,1
Finance,Investment Banker,3.08,2,0,2,0,5,1,2,4,3,3,8,1,4,0
Marketing,Market Research Analyst,2.84,2,0,2,0,7,0,1,8,3,3,2,3,4,0
Law,Legal Consultant,2.12,7,0,2,1,0,0,0,8,4,4,4,2,1,0
Art,Animator,2.66,1,1,4,0,3,1,3,0,4,1,2,2,0,1
Physics,Astronomer,3.32,5,0,2,1,9,0,4,0,3,4,1,3,4,0
Psychology,Art Therapist,2.54,6,1,1,0,2,1,4,2,3,2,2,4,2,1
Architecture,Interior Designer,2.84,8,2,0,1,0,0,1,1,2,4,4,0,2,0
Psychology,Industrial-Organizational Psychologist,3.45,2,2,4,0,9,0,1,0,1,2,1,0,0,1
Music,Conductor,3.89,9,0,2,0,9,1,1,0,4,0,4,0,1,0
Engineering,Acoustics Specialist,2.01,6,1,1,1,9,0,4,1,8,3,8,1,3,0
Medicine,Surgeon,3.5926769878609246,6,2,0,0,1,0,2,3,3,4,3,0,4,1
Art,Graphic Designer,2.86,9,0,4,1,7,1,0,1,0,3,2,2,3,0
Computer Science,Web Developer,2.1,1,2,4,1,1,0,7,2,2,0,1,3,3,1
Biology,Biochemist,3.71,4,2,2,0,4,0,4,1,3,1,1,2,3,1
Engineering,Acoustics Specialist,2.81,1,2,2,0,2,1,4,1,9,3,10,4,1,1
Education,Curriculum Developer,2.86,7,2,4,0,6,0,4,1,4,2,3,4,1,0
Architecture,Urban Planner,2.15,1,2,1,1,5,0,4,2,2,3,0,4,0,1
Medicine,Dentist,3.6591274986397107,6,1,3,0,3,0,0,3,3,4,1,4,3,0
Chemistry,Inorganic Chemist,2.48,8,0,2,1,5,0,3,1,1,4,4,2,4,1
Art,Animator,3.74,7,0,4,0,5,0,1,3,1,1,4,3,3,0
Computer Science,Software Developer,3.86,9,1,0,0,1,0,8,4,2,2,1,3,3,0
Business,Entrepreneur,2.56,8,1,0,0,2,0,2,8,0,4,2,1,1,1
Psychology,School Psychologist,2.65,3,2,2,0,5,1,4,3,2,3,0,3,2,0
Art,Art Director,3.26,3,2,5,0,8,1,2,4,3,3,2,0,3,1
Biology,Biotechnologist,3.22,3,0,3,0,5,0,4,0,3,2,3,1,1,1
Law,Legal Consultant,2.13,6,1,3,0,3,1,0,7,1,3,0,4,4,0
Finance,Investment Banker,2.47,8,2,3,0,8,1,0,4,2,4,9,0,0,0
Architecture,Architect,3.24,7,1,4,0,9,1,0,0,3,2,2,1,1,0
Business,Manager,3.39,4,2,0,1,5,1,3,7,3,1,3,2,4,1
Finance,Actuary,2.09,3,0,2,0,0,0,1,4,4,4,9,0,4,1
Art,Animator,2.86,1,2,4,0,8,1,1,2,4,0,1,1,2,1
Biology,Geneticist,3.95,3,1,4,0,1,0,1,2,0,4,4,2,2,1
Computer Science,Software Developer,2.75,1,0,1,0,5,1,7,3,4,2,4,0,0,0
Finance,Actuary,3.14,5,1,2,1,6,0,4,2,1,4,9,2,3,0
Chemistry,Physical Chemist,3.14,4,2,1,1,8,0,4,3,3,3,4,4,4,0
Physics,Astronomer,3.79,8,2,4,0,3,1,1,4,1,4,2,1,4,1
Law,Judge,2.48,4,2,4,0,5,0,4,10,1,1,1,2,1,1
Business,Construction Manager,2.35,9,2,0,1,5,0,0,7,0,1,0,3,1,0
Physics,Quantum Physicist,2.09,4,2,4,0,7,1,1,3,1,0,1,1,2,1
Business,Human Resources Specialist,3.03,7,0,4,0,2,1,2,7,0,1,3,3,3,1
Art,Art Director,2.5,6,0,5,1,5,0,1,2,0,2,0,2,4,0
Architecture,Architect,2.6,3,0,1,1,1,0,0,0,2,0,3,1,2,0
Education,Principal,3.36,9,0,1,1,2,1,4,1,0,2,2,0,3,0
Education,Teacher,3.2,1,0,1,0,9,1,1,3,0,4,2,3,4,1
Physics,Quantum Physicist,2.88,3,0,0,1,4,0,2,4,0,2,1,1,2,0
Biology,Microbiologist,3.47,8,2,3,0,3,1,1,1,4,4,4,2,3,0
Art,Art Director,3.92,9,1,4,1,4,0,4,0,4,1,1,2,3,0
Chemistry,Analytical Chemist,2.7,3,0,2,0,4,0,3,1,0,2,0,2,4,0
Architecture,Architectural Technologist,2.12,2,0,4,0,1,1,3,4,2,0,3,0,2,0
Engineering,Acoustics Specialist,3.69,8,0,4,1,8,0,0,2,7,1,7,0,3,0
Engineering,Civil Engineer,2.4,4,1,3,0,4,0,3,4,10,3,7,4,2,1
Computer Science,Web Developer,3.41,9,1,0,0,7,1,10,3,1,4,0,4,0,0
Biology,Zoologist,2.59,9,2,1,0,9,1,3,4,4,3,4,1,4,1
Physics,Quantum Physicist,3.1,0,0,4,1,7,1,2,2,1,2,4,0,0,1
Computer Science,Cybersecurity Analyst,2.49,6,0,1,1,7,0,10,0,4,4,2,3,1,0
Music,Conductor,3.55,10,0,0,1,9,0,0,2,1,4,1,1,0,0
Finance,Financial Advisor,3.47,1,0,0,1,2,1,4,3,1,4,9,4,2,1
Engineering,Fluid Mechanics Engineer,2.88,4,1,2,0,2,0,2,0,8,4,10,1,1,0
Computer Science,Web Developer,2.24,2,1,1,0,9,0,10,0,2,0,2,4,2,0
Music,Composer,3.24,10,2,1,1,8,0,0,4,4,4,4,3,4,1
Business,Manager,3.84,5,0,4,1,1,1,0,8,0,0,4,4,4,0
Business,Human Resources Specialist,2.93,0,1,0,1,0,0,2,9,0,1,2,4,4,0
Business,Human Resources Specialist,2.36,0,2,0,0,9,1,4,10,1,1,2,4,4,1
Physics,Astronomer,2.54,0,1,3,1,6,1,0,0,3,3,1,3,4,1
Psychology,Industrial-Organizational Psychologist,3.07,9,0,1,0,4,0,2,2,3,4,3,1,0,0
Biology,Ecologist,3.24,9,1,1,0,0,1,0,3,0,0,1,3,3,0
Law,Judge,2.82,3,0,1,1,4,0,4,7,2,2,2,3,0,0
Chemistry,Physical Chemist,3.23,7,0,2,1,2,1,1,2,3,3,2,2,4,1
Psychology,Counselor,2.7,2,2,0,0,9,0,1,1,0,2,4,2,3,0
Education,Education Administrator,2.57,1,2,2,1,6,0,1,2,2,2,0,0,3,1
Finance,Financial Advisor,2.88,4,0,2,0,7,1,2,1,4,3,8,1,4,1
Physics,Nuclear Physicist,3.04,3,0,1,1,5,0,2,0,4,0,1,3,3,0
Medicine,Nurse,3.7915093237220683,2,0,1,1,0,1,1,4,0,1,4,2,0,0
Biology,Biotechnologist,2.53,0,0,3,1,9,1,4,0,4,3,4,2,1,1
Medicine,Doctor,3.970995723441936,3,1,4,1,1,0,0,1,2,3,1,3,3,0
Marketing,Advertising Manager,2.7,3,1,0,0,9,1,3,10,3,2,3,3,3,1
Engineering,Electrical Engineer,2.91,3,2,2,1,9,1,3,4,10,0,9,1,1,0
Psychology,Music Therapist,3.86,1,1,3,0,4,1,0,0,4,2,3,0,0,1
Law,Judge,3.22,0,2,2,0,9,0,4,9,3,0,1,3,0,0
Education,Curriculum Developer,2.99,2,0,1,0,0,0,0,4,1,0,3,2,3,0
Art,Illustrator,3.0,4,0,4,0,4,1,2,3,4,0,4,2,1,0
Marketing,Social Media Manager,3.93,4,1,4,0,6,0,4,9,2,4,1,0,4,0
Physics,Quantum Physicist,2.52,2,2,2,0,5,0,3,1,1,4,4,3,2,0
Engineering,Civil Engineer,2.42,9,0,4,0,9,0,3,0,10,3,7,3,0,1
Finance,Actuary,2.95,1,1,1,0,9,0,3,0,0,3,8,1,3,1
Law,Judge,2.07,8,1,1,0,6,1,1,9,3,4,0,1,4,1
Art,Artist,2.21,4,2,5,0,0,1,0,0,1,1,1,3,3,0
Engineering,Aerospace Engineer,3.76,0,0,4,0,1,1,0,4,10,3,10,4,2,0
Marketing,Brand Manager,2.68,9,0,4,1,1,0,0,7,4,3,1,4,1,1
Physics,Physicist,2.76,1,2,1,0,1,0,2,0,4,0,1,1,1,0
Marketing,Social Media Manager,2.13,6,0,4,1,4,1,0,9,2,4,2,1,0,0
Education,Education Administrator,3.03,6,1,1,1,8,1,1,2,1,0,4,1,2,0
Psychology,Clinical Psychologist,2.29,9,2,4,0,2,0,2,0,1,0,3,3,0,1
Education,Special Education Teacher,3.75,1,1,1,0,6,1,1,4,0,1,3,3,1,0
Chemistry,Analytical Chemist,3.76,3,1,0,0,3,0,3,2,1,4,2,4,1,1
Music,Music Teacher,2.86,7,0,1,1,3,1,2,0,1,2,3,3,2,1
Music,Musician,3.5,7,0,0,0,9,0,1,0,1,4,3,3,0,0
Computer Science,Web Developer,3.28,7,1,3,0,2,0,9,0,4,4,2,1,2,1
Engineering,Acoustics Specialist,3.8,7,2,0,0,9,0,4,3,10,0,10,3,2,0
Biology,Microbiologist,3.92,3,2,4,0,9,1,2,3,2,1,4,4,2,0
Architecture,Architectural Technologist,2.86,9,1,4,0,9,1,4,4,1,4,3,1,3,1
Music,Composer,3.02,10,1,0,0,3,0,0,2,3,2,3,4,0,0
Music,Musician,3.71,9,1,4,1,2,1,3,0,2,3,0,2,3,0
Medicine,Physician Assistant,3.957443075060752,0,0,4,0,6,0,1,2,4,4,0,1,3,1
Physics,Quantum Physicist,3.44,6,1,4,0,3,1,0,1,0,1,0,0,2,0
Marketing,Advertising Manager,3.85,6,2,1,1,3,0,1,8,4,3,4,1,4,0
Physics,Physicist,2.14,7,1,4,1,8,0,3,3,3,1,4,3,4,1
Education,Curriculum Developer,2.18,0,0,0,0,4,0,0,3,1,1,4,3,2,0
Biology,Ecologist,3.32,0,2,1,0,1,1,2,4,4,0,4,1,0,0
Marketing,Marketing Manager,2.86,1,2,3,0,6,0,3,9,0,2,3,3,4,1
Education,Special Education Teacher,3.38,8,0,4,1,9,0,4,4,3,4,4,4,0,0
Chemistry,Inorganic Chemist,2.21,5,1,4,1,6,0,1,1,2,4,3,2,3,1
Psychology,Forensic Psychologist,2.47,0,0,1,0,1,1,2,0,1,0,2,2,3,1
Education,Special Education Teacher,2.33,9,1,1,0,8,0,3,3,3,2,2,0,4,0
Psychology,School Psychologist,2.82,7,2,4,0,2,1,0,3,4,0,4,1,0,0
Business,Entrepreneur,2.03,5,0,1,1,7,0,4,10,1,2,3,0,4,0
Art,Artist,2.04,9,2,5,0,3,1,4,1,1,1,0,2,2,1
Law,Lawyer,2.53,5,1,2,0,1,1,3,10,4,4,1,3,2,1
Finance,Financial Advisor,3.65,0,2,2,1,7,0,4,4,0,1,10,2,1,1
Biology,Zoologist,3.58,3,2,2,1,1,1,0,0,2,3,3,0,0,0
Law,Legal Analyst,3.62,2,0,2,1,3,0,2,9,0,2,1,1,1,1
Art,Artist,2.88,1,1,5,0,7,1,0,2,3,2,0,2,4,1
Medicine,Doctor,3.8166417411664977,8,1,0,0,1,0,1,0,4,3,0,3,4,0
Architecture,Architect,2.71,9,2,0,0,3,1,4,1,0,2,0,4,3,1
Education,Education Administrator,3.26,7,0,3,1,2,1,3,4,2,1,3,4,4,1
Business,Human Resources Specialist,3.45,0,1,2,1,4,0,4,10,1,4,3,4,2,1
Computer Science,Game Developer,3.69,8,1,4,0,8,0,7,2,1,0,3,1,4,1
Architecture,Urban Planner,3.68,4,0,3,0,6,1,2,1,2,4,2,3,1,0
Law,Legal Secretary,2.8,4,0,4,1,1,1,0,8,0,4,0,3,2,1
Psychology,Industrial-Organizational Psychologist,2.03,3,2,4,0,7,0,2,1,1,2,2,2,4,1
Computer Science,Game Developer,2.94,5,2,1,1,4,1,9,0,4,2,1,2,3,0
Finance,Credit Analyst,2.16,5,0,3,0,2,0,0,2,0,0,10,2,3,1
Art,Animator,3.42,0,2,3,1,5,0,0,2,1,1,4,3,1,0
Marketing,Market Research Analyst,3.9,5,0,2,1,5,1,1,10,3,1,1,3,2,0
Physics,Quantum Physicist,3.34,4,1,0,1,2,0,4,2,1,2,3,0,4,1
Art,Art Director,3.3,2,2,5,1,9,0,0,1,0,0,4,1,2,1
Medicine,Pharmacist,3.5398945618170004,5,2,0,0,7,1,1,0,0,2,1,3,0,0
Chemistry,Physical Chemist,2.7,9,0,0,1,2,1,3,3,0,0,4,2,1,1
Art,Illustrator,2.95,9,2,4,0,1,1,2,4,1,0,3,1,1,1
Physics,Physicist,2.49,6,2,2,0,5,0,2,4,2,0,2,1,1,1
Psychology,School Counselor,2.97,9,2,3,1,7,1,1,3,1,0,0,4,2,0
Education,Principal,2.38,2,0,4,1,3,1,3,4,0,2,3,1,0,1
Biology,Biologist,3.07,9,2,2,0,0,0,2,0,1,2,4,0,3,1
Chemistry,Inorganic Chemist,3.38,3,1,4,1,7,0,0,2,3,2,0,4,4,0
Computer Science,Game Developer,3.27,6,2,3,0,1,0,8,4,1,3,4,0,3,0
Business,Construction Manager,2.13,8,0,3,0,0,0,2,10,1,3,0,1,1,1
Art,Graphic Designer,3.63,7,0,5,0,3,0,1,4,2,0,1,0,4,1
Finance,Actuary,3.11,3,0,1,0,1,0,0,0,1,4,8,4,1,0
Business,Manager,3.68,7,2,4,1,2,1,1,7,3,4,3,3,2,0
Computer Science,AI Researcher,3.34,0,1,4,1,8,1,9,2,1,3,4,0,4,1
Physics,Astronomer,3.85,9,2,4,1,1,1,4,3,1,1,0,2,1,1
Architecture,Architect,2.47,3,2,1,1,1,1,0,0,3,0,3,0,2,1
Physics,Physicist,2.1,0,2,0,0,2,1,1,3,1,2,0,3,0,1
Business,Construction Manager,3.3,0,0,1,1,9,1,2,9,2,1,0,4,2,1
Art,Art Director,2.25,6,2,3,1,5,0,4,4,0,4,3,0,0,0
Chemistry,Physical Chemist,2.18,5,2,2,1,7,0,3,1,2,1,2,1,3,1
Computer Science,AI Researcher,2.33,9,1,2,0,3,0,8,0,3,2,3,0,2,0
Finance,Investment Banker,2.21,1,2,4,0,7,1,1,4,0,3,10,4,2,1
Law,Paralegal,2.8,7,1,4,0,9,1,2,10,4,3,3,0,3,1
Architecture,Architect,3.81,1,1,0,1,5,0,4,0,2,0,3,0,0,0
Marketing,Market Research Analyst,3.14,6,2,0,1,1,0,0,7,1,0,0,0,2,1
Chemistry,Physical Chemist,2.1,8,1,1,0,1,1,2,2,2,2,2,3,3,1
Computer Science,Data Scientist,3.29,3,2,4,0,1,0,9,1,2,3,0,2,3,1
Biology,Biotechnologist,3.64,4,1,4,0,2,0,3,0,0,4,2,0,0,1
Engineering,Aerospace Engineer,2.59,0,2,1,0,1,1,2,4,10,4,10,3,3,0
Engineering,Mechanical Engineer,2.69,5,1,1,1,4,0,3,2,10,0,8,1,4,0
Music,Conductor,2.36,7,0,0,1,9,0,1,2,1,3,2,0,0,0
Business,Construction Manager,3.32,7,2,4,0,3,1,4,10,3,2,2,0,2,0
Physics,Physicist,2.11,5,2,3,0,4,1,0,3,1,4,0,2,3,0
Chemistry,Analytical Chemist,2.09,8,1,1,0,0,1,0,3,2,2,0,1,0,0
Biology,Biologist,3.66,7,2,1,1,9,1,1,2,4,1,2,4,1,1
Finance,Accountant,2.21,0,1,3,0,2,0,0,0,4,0,8,3,3,0
Medicine,Pharmacist,3.8010843846944415,5,1,3,1,0,0,4,2,0,0,4,1,3,0
Education,Education Administrator,2.55,4,1,2,1,1,1,3,4,2,4,0,1,2,1
Engineering,Fluid Mechanics Engineer,2.18,9,0,2,0,7,1,3,1,7,3,9,2,4,0
Medicine,Nurse,3.6779229556224853,5,2,1,0,3,0,0,0,2,1,0,1,2,1
Business,Construction Manager,3.23,2,0,4,1,8,1,1,8,4,1,2,1,4,0
Architecture,Interior Designer,2.76,1,0,0,0,2,1,0,4,0,3,2,3,4,1
Music,Music Teacher,3.42,9,0,0,0,0,1,1,2,0,1,0,0,2,0
Education,Principal,3.22,3,2,2,1,2,1,2,1,0,1,1,3,4,1
Physics,Nuclear Physicist,2.38,3,1,3,1,4,1,0,2,2,2,4,1,4,1
Computer Science,Data Scientist,3.75,4,0,4,1,9,1,8,1,4,4,3,3,0,1
Education,Teacher,3.97,6,2,1,0,4,0,0,1,0,3,0,2,2,1
Medicine,Physician Assistant,3.92179347279677,6,0,1,1,3,1,2,3,4,2,0,3,4,0
Business,Entrepreneur,2.1,0,2,0,1,5,0,3,8,4,1,4,4,4,0
Medicine,Physician Assistant,3.9048371290440365,7,1,3,0,3,0,3,4,3,1,3,0,4,0
Art,Art Director,2.93,8,1,5,0,1,1,1,2,2,1,4,4,4,1
Music,Composer,3.21,9,1,0,0,3,0,1,1,2,2,2,0,2,0
Engineering,Fluid Mechanics Engineer,2.6,7,0,3,1,9,1,3,1,7,2,7,0,1,1
Biology,Biotechnologist,2.7,0,0,1,0,8,1,3,1,3,2,2,1,0,0
Music,Sound Engineer,3.03,8,1,2,0,2,0,4,2,0,3,2,0,1,1
Engineering,Acoustics Specialist,3.14,0,2,1,0,2,1,2,4,8,1,8,2,1,1
Business,Entrepreneur,2.71,7,0,1,0,5,1,2,8,2,3,0,1,2,0
Architecture,Interior Designer,2.78,3,1,1,1,0,0,0,2,1,1,2,3,0,1
Business,Construction Manager,2.47,5,2,3,1,8,1,2,10,1,3,4,1,4,0
Biology,Biotechnologist,2.74,2,1,1,0,5,0,1,0,0,0,3,2,1,0
Education,Education Administrator,2.72,1,1,4,1,6,1,3,3,1,3,1,3,0,1
Computer Science,Software Developer,3.7,9,2,4,1,2,0,7,3,4,3,1,0,3,0
Law,Judge,3.53,1,0,3,1,9,0,1,8,4,4,1,4,2,0
Computer Science,Data Scientist,3.11,7,2,4,0,4,1,9,3,0,1,3,3,2,1
Finance,Actuary,3.98,0,0,4,1,9,1,3,1,0,2,10,0,2,1
Medicine,Surgeon,3.662330633592597,3,1,3,0,8,1,4,3,2,4,4,4,1,0
Medicine,Physician Assistant,3.928142564023381,0,1,0,0,8,1,0,3,2,0,4,4,2,0
Business,Construction Manager,3.8,8,1,1,1,3,1,3,9,1,4,0,3,2,0
Chemistry,Organic Chemist,2.54,3,2,4,0,3,1,3,1,1,0,4,4,1,0
Art,Art Director,2.29,3,0,4,1,6,1,4,4,0,0,3,0,3,0
Marketing,Market Research Analyst,3.62,1,2,3,0,4,1,4,7,1,0,0,1,3,0
Education,Principal,3.73,9,1,4,1,4,0,4,3,4,3,3,2,3,1
Medicine,Surgeon,3.917743077821648,0,1,2,0,6,1,1,3,3,4,2,0,1,1
Art,Illustrator,3.75,5,2,4,1,5,0,4,1,4,3,1,1,4,1
Chemistry,Organic Chemist,2.89,6,1,2,0,9,1,4,1,3,0,0,1,4,1
Computer Science,Software Developer,2.15,2,2,1,0,6,1,8,1,4,1,2,0,1,0
Marketing,Brand Manager,3.8,6,2,3,1,6,0,1,9,3,4,3,1,1,1
Chemistry,Analytical Chemist,3.99,8,1,0,1,8,0,0,3,1,3,4,4,3,1
Medicine,Surgeon,3.709624624659483,5,0,3,1,2,0,2,1,2,1,0,0,4,1
Marketing,Market Research Analyst,3.45,8,1,3,0,6,1,0,10,0,0,1,1,2,1
Engineering,Electrical Engineer,2.93,7,2,4,1,3,1,4,3,9,4,8,1,3,1
Architecture,Urban Planner,2.07,0,0,3,0,4,0,4,1,1,2,2,4,1,0
Finance,Financial Advisor,3.25,9,1,4,1,2,1,4,3,2,4,7,0,4,1
Education,Principal,2.09,5,2,1,0,0,1,1,1,0,0,1,3,3,1
Medicine,Pharmacist,3.890392741682738,6,0,1,0,0,1,1,1,1,0,3,4,3,0
Architecture,Urban Planner,2.16,1,1,4,0,9,1,1,4,3,3,3,0,0,1
Architecture,Architectural Technologist,3.06,3,1,2,1,4,0,1,4,3,1,0,4,1,1
Finance,Actuary,2.81,1,2,4,1,1,1,4,3,1,0,10,0,1,0
Finance,Credit Analyst,2.53,0,2,0,0,8,1,1,2,0,1,8,2,2,1
Psychology,School Psychologist,3.31,4,0,3,1,7,0,0,1,2,4,4,2,4,0
Psychology,Counselor,2.35,0,2,1,0,6,1,1,4,2,3,0,3,4,1
Education,Curriculum Developer,3.44,6,0,1,1,1,1,4,1,3,2,0,0,3,0
Engineering,Chemical Engineer,2.89,2,0,3,0,5,0,2,2,7,1,9,1,3,0
Art,Artist,2.69,0,0,5,0,4,0,1,2,3,3,2,2,1,1
Art,Art Director,2.48,5,0,5,1,6,0,4,0,2,1,4,2,0,1
Music,Conductor,3.78,6,2,2,0,4,0,0,4,1,0,3,2,3,1
Law,Paralegal,3.3,0,0,3,0,6,0,3,9,4,4,2,0,4,0
Architecture,Interior Designer,3.56,4,1,1,0,1,1,1,0,0,2,0,3,0,1
Computer Science,Game Developer,3.64,6,1,1,0,0,1,8,3,4,1,0,0,0,0
Art,Graphic Designer,3.7,7,2,5,1,2,1,0,2,1,4,4,1,3,1
Finance,Financial Controller,3.45,8,1,2,1,9,1,1,0,2,3,7,4,0,1
Education,Curriculum Developer,3.51,2,1,4,1,5,0,4,1,1,0,2,1,0,0
Biology,Zoologist,2.42,2,1,2,0,3,1,2,3,2,4,1,4,4,1
Physics,Nuclear Physicist,3.29,3,2,0,0,6,0,0,3,0,3,4,0,3,0
Chemistry,Chemist,3.11,0,0,0,1,4,0,0,0,2,4,3,3,0,0
Psychology,Industrial-Organizational Psychologist,2.41,9,0,0,1,2,1,1,3,0,0,2,2,3,1
Business,Entrepreneur,3.97,3,1,4,0,3,0,4,9,2,3,1,4,0,1
Business,Manager,3.29,5,1,4,1,2,0,1,8,2,2,2,0,2,1
Architecture,Interior Designer,3.53,5,0,0,0,5,0,4,2,4,3,0,0,2,0
Music,Conductor,3.47,8,1,0,1,4,1,4,4,4,4,1,3,3,0
Physics,Quantum Physicist,2.17,1,2,3,1,6,1,3,2,4,1,1,3,1,0
Psychology,Forensic Psychologist,2.13,7,1,3,0,1,0,4,3,0,2,1,4,2,0
Architecture,Interior Designer,2.85,8,2,0,0,6,1,4,3,3,4,4,2,0,1
Medicine,Doctor,3.590177984140826,2,2,2,1,0,0,2,0,1,3,4,1,0,1
Medicine,Nurse,3.7799465507679746,6,0,0,1,5,0,2,2,2,3,4,4,2,1
Education,Teacher,3.15,3,1,0,1,6,0,1,2,0,1,2,3,1,0
Computer Science,Cybersecurity Analyst,3.34,5,1,1,1,9,1,7,2,0,0,2,2,1,0
Psychology,Music Therapist,3.37,2,2,3,1,4,1,3,4,4,3,2,1,2,0
Finance,Financial Advisor,3.94,4,2,3,1,6,1,1,4,2,1,8,1,2,0
Music,Conductor,3.42,9,1,3,0,8,1,4,4,2,2,0,2,1,1
Biology,Biochemist,2.48,4,1,1,1,2,1,2,2,3,4,4,2,4,0
Art,Animator,2.77,8,2,5,0,5,1,2,2,4,0,1,3,4,1
Architecture,Landscape Architect,3.3,6,2,0,1,1,1,0,0,1,3,3,1,3,1
Music,Conductor,2.76,10,2,3,0,7,1,0,3,2,0,0,4,1,0
Physics,Physicist,2.05,5,2,2,1,0,0,1,0,3,4,3,2,2,0
Chemistry,Inorganic Chemist,2.74,3,0,3,0,7,0,1,2,1,2,1,0,2,0
Chemistry,Chemist,2.66,5,2,1,0,2,0,0,3,3,0,4,0,1,0
Business,Manager,2.03,3,0,0,1,0,0,4,8,2,4,3,0,1,1
Medicine,Dentist,3.948285762484639,0,1,1,1,0,0,2,1,2,1,2,1,0,0
Chemistry,Physical Chemist,3.05,0,0,4,1,0,1,2,1,0,4,2,2,4,1
Computer Science,Data Scientist,2.28,0,2,1,1,8,1,8,0,2,1,2,4,1,1
Biology,Ecologist,3.42,5,1,4,0,9,1,0,1,1,3,3,3,0,0
Finance,Financial Advisor,2.89,3,0,1,0,2,1,2,1,1,4,8,2,1,0
Architecture,Architectural Technologist,3.59,7,2,3,1,6,1,2,2,4,2,4,4,2,0
Law,Legal Analyst,3.44,3,0,1,1,9,0,4,10,4,4,3,0,2,1
Law,Legal Consultant,3.69,8,1,1,0,2,1,0,9,3,0,2,1,4,0
Engineering,Fluid Mechanics Engineer,3.12,5,0,4,1,4,1,3,4,7,4,7,4,4,0
Medicine,Physician Assistant,3.515169623409159,6,2,0,1,8,1,3,2,4,2,4,3,4,1
Engineering,Chemical Engineer,3.06,5,1,1,1,7,1,4,0,7,0,9,2,4,1
Psychology,Clinical Psychologist,3.02,8,0,4,1,8,1,4,1,4,4,0,4,2,0
Chemistry,Organic Chemist,3.69,3,1,2,1,9,1,4,0,1,4,4,2,1,0
Chemistry,Physical Chemist,3.22,0,1,2,1,5,1,0,1,4,4,3,2,0,1
Medicine,Doctor,3.962331344145798,8,2,0,0,9,1,3,1,1,3,0,1,0,0
Music,Composer,2.86,5,1,4,0,9,1,4,4,1,0,1,2,1,1
Physics,Physicist,3.73,5,0,1,1,7,0,0,4,4,2,4,1,4,0
Finance,Investment Banker,3.27,6,1,0,1,4,0,0,3,4,1,8,2,2,1
Marketing,Marketing Manager,2.69,3,1,0,0,5,0,0,10,4,4,4,3,1,0
Marketing,Advertising Manager,2.12,6,2,4,1,7,0,0,8,1,4,4,4,3,1
Engineering,Acoustics Specialist,3.84,8,2,2,1,9,1,4,3,10,1,10,1,3,1
Engineering,Chemical Engineer,2.36,6,2,0,0,5,1,2,0,8,1,8,0,4,0
Education,Principal,3.46,7,2,0,1,3,0,2,1,4,1,0,1,0,0
Art,Illustrator,3.63,2,2,3,1,3,0,0,3,1,3,1,3,1,1
Architecture,Landscape Architect,2.0,9,0,3,0,7,0,2,4,2,1,3,0,1,0
Marketing,Marketing Manager,2.65,3,1,4,0,5,0,3,10,0,0,4,0,4,1
Physics,Astronomer,3.57,3,2,3,1,2,1,0,4,0,2,1,3,0,0
Medicine,Doctor,3.661597032662168,1,1,2,0,3,0,4,2,2,0,3,4,2,0
Law,Paralegal,3.1,5,1,3,0,7,0,2,7,4,0,1,1,1,0
Computer Science,Web Developer,2.87,4,1,2,1,8,0,10,4,4,4,4,2,3,0
Computer Science,AI Researcher,2.32,2,2,1,1,2,0,8,3,3,4,4,4,2,0
Medicine,Nurse,3.677497520519177,8,0,2,1,6,1,2,3,3,1,2,1,1,1
Biology,Biotechnologist,2.69,5,1,4,0,8,0,3,0,2,4,2,0,1,1
Medicine,Pharmacist,3.836602123007905,8,1,2,1,3,1,0,1,1,1,1,1,2,1
Education,Curriculum Developer,2.52,2,1,1,0,6,1,1,3,4,4,3,1,4,1
Architecture,Interior Designer,2.7,7,0,4,0,8,0,4,2,0,0,4,0,0,1
Medicine,Surgeon,3.995087896815359,4,0,1,1,2,0,2,3,4,3,3,2,0,1
Art,Graphic Designer,2.62,2,1,4,1,7,0,0,0,3,2,4,2,0,0
Architecture,Urban Planner,3.78,2,0,0,1,8,1,0,0,0,1,1,3,2,1
Marketing,Advertising Manager,3.63,2,2,0,0,3,1,0,10,3,3,0,1,3,1
Physics,Physicist,3.28,3,2,4,1,0,0,2,3,3,2,4,0,3,0
Finance,Actuary,2.94,7,0,3,0,6,0,3,0,3,4,10,2,3,1
Business,Entrepreneur,2.89,7,0,1,0,5,0,3,10,1,3,0,0,1,1
Marketing,Marketing Manager,2.89,9,1,3,0,6,1,2,7,1,0,4,3,3,0
Finance,Financial Advisor,3.31,9,1,1,0,1,1,2,1,1,3,9,4,3,1
Art,Animator,2.84,6,1,3,1,6,1,3,0,0,4,2,1,0,1
Finance,Financial Controller,2.91,9,1,3,1,6,0,3,0,4,0,7,0,4,1
Architecture,Architectural Technologist,3.37,0,1,4,1,0,0,0,0,2,2,3,1,3,1
Finance,Risk Analyst,2.74,4,1,3,1,0,1,3,4,4,1,10,0,4,1
Music,Conductor,2.58,8,2,3,0,3,0,0,3,2,4,1,0,0,0
Chemistry,Analytical Chemist,3.89,8,1,1,0,3,1,4,3,2,4,4,2,0,0
Art,Animator,2.29,0,1,5,0,6,0,2,0,0,0,3,4,0,1
Chemistry,Analytical Chemist,2.1,2,2,4,1,1,1,3,1,2,1,4,4,1,0
Music,Conductor,3.4,5,0,3,1,5,1,4,1,4,0,3,1,3,1
Computer Science,Cybersecurity Analyst,2.17,4,0,3,1,0,0,7,2,2,2,4,1,4,0
Biology,Microbiologist,2.06,8,1,3,0,2,0,3,1,4,3,0,2,4,0
Music,Composer,3.28,8,0,3,1,0,0,0,2,2,1,4,0,3,0
Engineering,Mechanical Engineer,2.1,7,1,3,1,5,1,2,1,7,1,7,2,3,1
Art,Artist,3.3,5,1,4,1,5,1,3,3,2,4,4,3,3,0
Chemistry,Chemist,2.84,2,2,0,0,9,1,2,4,0,3,3,0,4,1
Education,Special Education Teacher,2.54,9,0,0,0,3,1,4,0,3,4,0,0,3,0
Education,Curriculum Developer,3.0,9,0,4,1,9,1,2,3,3,3,0,2,0,1
Medicine,Pharmacist,3.750675496816873,3,0,4,0,5,0,0,1,2,1,1,2,4,0
Physics,Quantum Physicist,3.38,6,2,2,0,7,0,4,4,1,0,4,4,3,0
Physics,Nuclear Physicist,2.98,3,0,1,1,0,0,2,4,0,1,3,2,4,1
Psychology,Art Therapist,2.27,8,0,0,1,5,0,3,2,2,4,1,1,4,1
Computer Science,Game Developer,2.89,6,2,0,1,6,0,8,0,2,4,1,1,3,1
Education,Special Education Teacher,2.49,9,1,4,1,2,0,0,4,4,0,3,1,1,1
Psychology,Art Therapist,2.52,6,0,3,0,3,0,4,3,2,2,4,2,1,0
Biology,Biologist,3.17,3,0,0,0,7,0,0,4,0,4,2,1,1,1
Architecture,Urban Planner,3.25,6,0,2,1,2,1,3,3,3,2,2,3,1,0
Education,Education Administrator,2.73,4,0,0,0,4,0,0,2,3,2,1,3,2,0
Psychology,Forensic Psychologist,2.91,9,0,0,0,2,1,1,4,2,4,2,0,1,1
Biology,Ecologist,3.86,3,2,3,1,5,1,0,3,4,1,2,3,1,0
Law,Legal Analyst,2.57,9,0,1,0,8,0,0,10,3,0,1,2,1,1
Marketing,Advertising Manager,2.03,5,2,3,0,0,1,2,9,3,2,0,1,1,1
Engineering,Mechanical Engineer,2.49,6,0,2,1,6,0,3,4,10,4,8,2,1,1
Business,Entrepreneur,2.81,4,2,2,1,4,0,4,10,3,2,0,1,3,0
Architecture,Architect,3.28,2,0,1,0,3,0,3,2,3,1,2,4,4,0
Architecture,Architectural Technologist,3.47,4,2,2,1,4,0,3,3,3,3,1,1,2,1
Business,Entrepreneur,3.89,3,0,4,1,2,0,2,8,0,0,1,3,2,0
Education,Principal,2.97,1,1,2,1,8,0,4,4,3,0,3,2,2,0
Chemistry,Chemist,3.72,1,0,1,1,5,1,0,2,0,0,3,3,2,0
Chemistry,Analytical Chemist,3.1,5,2,0,1,7,0,0,3,2,1,3,3,4,0
Medicine,Dentist,3.530820941718412,0,2,2,0,6,1,2,2,1,1,1,3,3,0
Medicine,Nurse,3.7661551316899553,5,0,2,1,6,1,2,0,3,0,2,2,1,1
Medicine,Doctor,3.8491077267472362,6,1,1,0,0,1,4,4,3,2,0,1,0,0
Computer Science,Software Developer,3.25,6,0,1,0,0,0,7,3,1,1,4,4,2,1
Medicine,Nurse,3.6214842292272853,7,0,0,1,9,1,0,3,4,0,4,0,2,1
Chemistry,Physical Chemist,2.5,4,0,4,0,6,0,3,4,1,4,1,3,2,1
Medicine,Doctor,3.7647178702706383,5,1,2,1,0,0,0,2,1,1,2,3,4,1
Business,Entrepreneur,3.33,3,1,1,0,6,1,2,10,0,0,3,2,2,1
Law,Legal Consultant,3.82,7,1,0,0,7,0,3,7,1,3,0,4,4,1
Business,Construction Manager,3.93,8,2,2,0,4,1,3,9,3,3,0,0,0,0
Music,Composer,3.77,10,2,4,1,2,1,1,1,2,4,1,4,3,0
Finance,Financial Controller,2.09,4,1,4,0,2,0,0,4,2,1,8,4,0,1
Architecture,Landscape Architect,2.29,8,1,4,1,9,1,1,2,3,2,1,1,0,1
Psychology,Counselor,3.72,6,0,2,1,8,0,4,2,4,1,1,3,1,0
Physics,Physicist,3.19,9,2,4,0,3,1,4,3,2,4,1,0,0,1
Law,Lawyer,3.94,5,1,0,1,9,0,4,7,0,1,0,4,4,1
Music,Music Teacher,2.34,6,0,1,1,0,1,1,4,4,2,2,1,2,0
Law,Legal Secretary,2.82,2,0,4,1,3,0,4,10,2,4,1,3,4,1
Architecture,Architectural Technologist,2.09,5,2,2,0,6,0,1,1,2,0,3,2,3,1
Music,Sound Engineer,2.37,7,0,1,1,4,1,2,2,3,1,1,1,1,0
Architecture,Interior Designer,3.62,2,1,2,0,5,0,4,1,2,0,0,4,4,0
Chemistry,Chemist,2.02,9,2,4,1,8,1,4,3,3,3,0,2,2,0
Marketing,Brand Manager,3.38,4,1,4,0,6,0,0,9,0,1,4,2,3,1
Finance,Accountant,2.2,3,0,0,1,4,1,4,3,0,1,8,1,4,0
Physics,Nuclear Physicist,2.37,2,2,0,0,9,0,2,1,3,4,1,3,1,1
Finance,Accountant,2.67,3,1,0,0,8,0,1,4,3,4,9,3,3,0
Psychology,School Psychologist,3.57,1,1,1,0,6,0,4,0,4,3,1,4,3,1
Computer Science,Game Developer,2.39,6,1,3,1,1,1,9,1,2,2,1,0,4,0
Music,Musician,3.37,8,2,4,0,0,0,4,0,1,0,2,0,3,1
Engineering,Chemical Engineer,2.98,4,0,0,1,9,0,4,4,8,2,8,4,0,0
Music,Musician,3.45,9,1,3,0,0,0,4,2,3,3,1,0,0,0
Psychology,Forensic Psychologist,2.43,5,0,3,0,7,0,1,4,2,2,2,0,3,1
Chemistry,Organic Chemist,2.03,8,2,0,1,3,1,4,1,3,1,0,1,2,1
Marketing,Social Media Manager,4.0,9,2,1,1,8,1,4,10,3,0,0,2,0,1
Architecture,Interior Designer,3.32,2,0,3,1,0,1,1,2,0,4,0,3,2,0
Physics,Nuclear Physicist,2.29,0,1,3,0,4,1,2,1,2,1,2,2,0,0
Engineering,Civil Engineer,2.16,9,1,1,1,8,1,0,0,9,0,9,1,3,1
Architecture,Urban Planner,3.79,1,1,3,1,5,0,2,3,3,1,3,3,4,1
Physics,Astronomer,3.61,5,1,0,0,1,0,0,1,3,3,3,3,2,0
Education,Principal,3.56,9,2,0,1,3,1,2,2,0,4,0,1,3,0
Education,Curriculum Developer,2.92,8,1,4,0,1,0,2,0,0,4,4,3,3,1
Business,Manager,2.32,5,1,2,1,9,1,3,7,2,4,1,4,1,1
Psychology,Clinical Psychologist,2.95,9,2,3,1,4,1,1,3,3,1,2,0,4,0
Architecture,Urban Planner,2.72,9,0,1,1,4,1,3,1,3,3,3,0,1,1
Psychology,Art Therapist,2.8,5,1,3,0,4,1,2,1,2,3,3,3,4,1
Computer Science,Cybersecurity Analyst,2.02,0,0,1,0,1,0,7,4,3,1,1,4,0,0
Marketing,Social Media Manager,3.02,0,0,2,0,6,1,1,9,4,3,3,4,3,1
Physics,Quantum Physicist,2.89,6,0,4,1,4,1,0,4,2,4,0,2,4,0
Art,Art Director,2.91,9,1,5,0,5,0,4,1,2,1,3,0,2,1
