field,career,gpa,extracurricular_activities,internships,projects,leadership_positions,field_specific_courses,research_experience,coding_skills,communication_skills,problem_solving_skills,teamwork_skills,analytical_skills,presentation_skills,networking_skills,industry_certifications
7,16,2.82,5,0,2,0,3,1,4,4,7,2,10,0,1,1
4,6,3.21,1,2,0,0,8,1,3,4,0,3,0,3,0,1
7,41,3.71,1,0,0,0,5,0,1,1,7,2,7,3,4,1
13,67,3.24,3,1,3,0,1,0,4,1,3,1,2,1,2,0
9,56,3.87,0,2,4,0,0,0,4,9,3,4,4,3,2,0
10,32,3.22,2,0,0,1,2,0,0,9,4,3,1,2,4,1
11,68,3.933088072887468,4,0,1,1,0,1,1,2,4,2,2,3,0,0
5,88,3.5,2,1,0,0,0,0,10,3,3,4,4,2,4,0
6,35,2.94,3,2,0,1,3,0,0,0,1,0,2,3,3,1
11,73,3.5282057895135504,5,2,2,1,7,0,2,4,4,4,0,3,2,1
3,25,3.19,0,2,1,1,5,1,2,10,1,3,0,0,4,1
6,75,3.86,5,1,1,1,5,1,1,1,4,2,4,0,2,0
7,41,2.02,4,2,3,1,4,1,1,3,7,3,10,1,2,0
4,20,2.8,4,2,4,0,7,0,2,1,2,1,4,2,2,0
7,19,2.44,0,0,0,1,0,0,3,0,8,0,8,0,3,0
0,9,3.91,3,2,1,1,1,1,2,2,1,0,1,3,2,1
4,49,2.28,0,2,3,1,0,0,2,3,2,3,4,2,3,0
9,54,2.66,0,2,3,0,7,0,2,7,4,3,1,3,0,1
12,23,2.29,7,1,1,1,0,1,2,2,1,3,4,3,1,1
11,33,3.523332831606808,6,2,2,0,4,1,1,2,3,3,3,3,1,1
10,59,3.74,4,0,4,0,3,1,1,10,3,1,0,1,2,1
13,67,3.24,1,0,2,1,6,1,2,0,0,3,0,0,4,0
2,34,2.47,7,0,0,1,6,0,4,3,0,2,1,1,3,1
5,0,2.63,2,1,2,0,8,1,9,0,3,1,1,4,2,0
8,38,3.53,8,0,4,0,8,1,3,0,0,1,9,1,4,1
4,49,3.93,1,2,3,0,9,1,0,0,4,1,0,3,0,0
0,53,3.68,1,1,4,1,8,0,1,0,2,3,4,3,2,1
2,15,2.3,6,2,1,0,3,1,0,4,1,0,1,0,3,1
11,68,3.929970203368161,8,2,0,0,7,1,1,4,2,0,1,2,1,1
12,83,2.93,5,0,0,1,8,0,1,1,2,3,0,3,1,0
5,29,2.07,0,2,4,1,6,1,10,2,1,0,2,2,4,1
4,20,2.73,7,1,1,1,5,1,0,0,1,2,0,2,2,0
4,49,4.0,2,0,4,0,5,1,0,0,2,3,1,4,0,0
10,61,2.58,1,1,4,1,1,0,4,8,0,1,1,4,2,1
0,87,2.43,5,1,1,1,5,1,1,2,2,3,1,2,0,0
14,79,3.65,1,0,4,0,0,0,4,0,4,1,4,0,2,0
1,45,2.55,5,0,3,0,6,1,2,3,4,0,2,3,3,1
7,62,2.34,1,2,4,0,4,1,1,3,10,1,10,3,0,1
12,66,3.03,8,1,3,0,8,1,2,1,2,4,4,1,2,0
9,55,3.66,9,0,0,0,9,0,0,10,2,4,3,3,0,0
9,52,2.76,5,2,3,0,3,0,3,8,0,3,0,1,0,1
13,74,2.43,7,1,3,0,5,1,1,3,4,1,0,4,4,1
10,59,2.71,3,0,2,0,1,0,3,8,2,0,2,4,1,0
10,59,3.23,2,0,4,1,5,0,1,8,1,2,3,3,3,1
0,87,2.23,3,0,3,1,3,1,3,2,3,2,2,2,2,1
6,84,2.44,3,2,1,0,7,0,2,4,0,4,2,0,3,0
11,73,3.515656646227779,6,2,1,0,5,0,4,2,1,4,2,0,0,1
4,69,2.51,8,2,3,0,0,0,3,1,3,3,0,3,4,0
12,64,3.34,8,1,3,1,8,0,1,3,2,2,4,3,1,0
4,69,3.37,0,1,4,1,9,1,4,1,3,3,0,0,3,1
5,29,2.9,0,0,0,1,5,0,8,1,4,3,0,2,4,0
3,25,2.21,1,1,2,0,4,0,0,8,0,3,2,4,4,1
13,67,3.0,7,2,2,1,2,0,3,1,1,1,3,1,4,1
6,84,2.8,4,2,4,1,8,1,2,0,1,4,2,0,2,0
7,21,2.34,0,0,2,1,3,1,2,1,10,1,8,3,1,0
11,31,3.694338644844741,6,2,2,1,6,0,1,4,2,1,4,2,3,0
2,63,3.12,9,0,3,1,8,1,2,3,1,1,2,0,4,1
4,72,3.1,6,1,4,1,8,0,3,4,4,2,3,1,3,0
8,78,3.0,1,2,1,1,0,1,3,0,3,0,8,2,0,1
9,54,2.81,6,1,2,1,6,1,1,10,3,0,1,4,4,1
1,47,3.64,3,0,3,1,5,0,1,0,0,2,0,2,1,0
11,85,3.648136752852041,4,0,0,1,1,1,0,0,0,3,2,1,1,1
9,55,2.87,4,2,4,1,0,1,3,7,2,1,4,2,0,1
14,79,2.85,5,1,1,1,1,1,0,0,2,3,1,0,3,0
6,86,2.79,7,1,4,1,7,1,0,0,2,1,2,4,3,1
9,54,2.45,0,0,3,0,6,1,0,10,0,0,1,1,3,1
10,32,3.51,8,0,3,1,2,0,2,9,2,1,2,4,3,0
10,18,2.06,0,0,4,1,4,0,2,7,0,0,2,0,0,0
13,77,2.45,7,0,3,0,7,0,1,3,4,1,3,1,2,0
4,6,3.14,0,2,1,1,5,1,2,3,4,3,0,0,1,0
12,23,2.44,5,0,1,0,1,0,0,4,4,0,0,4,0,0
8,51,2.71,0,1,3,1,4,1,2,0,3,3,7,1,1,0
10,81,3.72,3,2,3,0,3,0,2,9,3,4,1,4,0,0
4,69,2.02,1,1,0,0,7,0,3,1,1,1,3,4,4,0
13,74,3.74,2,2,4,1,3,0,4,0,0,3,1,4,0,1
1,47,2.78,1,0,5,1,2,0,2,4,1,2,3,0,0,0
4,20,3.37,1,0,2,0,7,0,2,3,4,3,4,2,3,1
11,71,3.6654490124263246,9,2,0,0,5,1,1,0,0,2,0,4,4,0
1,7,3.72,6,0,5,0,8,0,1,0,2,2,4,0,1,1
6,84,3.11,6,1,0,0,7,0,3,4,0,4,2,0,3,1
4,6,2.25,9,0,2,0,4,0,1,2,3,4,1,0,1,0
14,80,3.18,0,0,3,1,2,0,0,0,3,2,0,1,3,0
9,54,2.31,3,0,2,1,6,0,3,9,1,1,0,4,3,1
9,55,2.51,0,1,1,0,4,0,1,9,2,2,0,0,3,0
8,38,2.03,9,1,1,0,3,0,3,3,2,1,9,1,2,1
11,85,3.860864760582437,6,1,4,0,3,1,0,3,2,4,3,3,0,0
7,16,2.58,5,0,1,1,1,1,0,1,8,0,9,2,1,0
11,68,3.761366414690997,2,1,4,0,9,0,3,0,2,3,1,3,4,1
5,29,2.82,2,0,0,0,0,0,8,2,2,4,4,3,3,0
10,59,3.53,9,1,2,1,5,1,1,7,3,4,2,2,0,1
9,52,3.9,5,1,0,0,2,0,3,9,0,1,4,1,3,1
0,8,3.84,3,0,4,0,0,0,1,2,1,1,2,3,3,0
0,53,3.18,4,2,2,0,1,0,3,0,2,0,0,0,3,0
7,2,3.24,0,0,3,0,3,0,0,3,10,3,10,3,3,1
8,38,2.47,8,0,1,0,4,0,1,3,4,0,7,2,1,1
3,46,2.21,3,1,3,1,7,0,0,9,2,2,0,2,1,0
10,4,2.21,2,2,0,1,6,1,2,9,3,0,1,0,1,0
10,18,3.14,1,0,3,1,2,0,0,7,1,3,1,1,3,1
5,88,2.62,6,2,1,0,0,0,7,0,0,2,0,3,4,1
4,6,3.15,9,1,2,0,2,1,3,1,2,0,0,2,3,1
4,6,3.65,9,2,1,1,5,1,0,3,1,2,1,0,1,1
12,66,2.76,6,2,4,1,3,0,2,1,3,4,4,3,4,0
3,37,3.13,2,0,0,0,7,1,0,7,1,3,0,2,2,0
14,79,2.78,9,0,3,1,0,1,4,0,0,3,3,2,0,1
10,4,3.49,7,1,3,1,4,0,1,8,4,1,4,1,1,1
0,53,2.32,8,2,2,1,0,1,4,1,3,4,3,1,4,1
13,77,3.45,2,0,1,0,1,0,3,2,4,2,3,1,3,1
4,49,3.27,7,0,1,1,5,1,4,1,3,4,1,4,0,1
5,88,3.61,8,2,1,0,5,1,10,1,0,0,4,0,4,0
7,5,2.37,3,1,3,0,8,1,1,2,9,0,8,1,1,1
7,41,2.73,6,2,3,0,7,0,1,2,9,2,8,0,1,0
10,59,3.26,5,1,3,0,5,0,0,7,0,0,4,0,2,0
11,73,3.5550259622638385,3,0,1,1,4,0,1,4,3,1,3,2,4,1
7,21,3.26,8,1,3,0,2,0,4,0,8,4,9,4,3,1
10,60,2.31,4,1,2,0,8,0,2,10,2,0,1,2,3,1
12,83,2.52,5,1,3,1,1,1,3,1,0,0,0,1,1,0
0,50,3.56,8,0,2,1,6,1,1,2,1,2,3,0,0,1
8,27,3.84,1,2,4,0,6,0,4,1,2,2,8,2,0,1
3,25,3.2,8,2,1,0,6,1,0,9,4,0,2,3,2,1
3,58,3.66,5,1,1,1,1,0,2,8,0,1,0,3,4,1
2,17,2.51,2,0,2,0,1,1,1,4,1,3,3,0,0,1
8,1,3.53,9,1,2,1,2,1,0,1,0,1,9,4,3,0
10,81,2.18,3,1,2,1,6,0,4,10,0,0,4,2,4,1
3,25,3.99,3,1,2,1,5,1,3,9,0,0,4,4,3,0
0,50,2.32,7,2,0,1,1,1,3,1,2,1,0,2,0,1
1,10,2.66,1,0,3,0,5,1,4,2,3,2,0,1,4,1
0,8,2.98,4,1,3,1,2,0,0,1,1,3,2,2,2,1
3,37,2.92,3,0,4,0,1,1,0,10,4,2,1,3,3,0
2,14,3.74,1,0,4,0,4,0,4,1,3,4,1,2,3,0
8,38,2.83,2,2,4,1,5,0,1,3,3,2,9,1,3,0
10,81,3.08,4,1,3,0,9,1,1,9,3,1,2,2,4,0
6,86,2.95,7,2,2,1,9,1,0,3,2,3,1,4,2,1
7,2,2.32,4,1,3,0,9,0,0,4,10,0,7,2,4,0
12,24,2.86,7,1,0,0,6,1,4,4,4,0,2,1,4,0
1,10,2.24,2,2,4,0,2,0,1,1,2,1,2,0,4,0
11,33,3.705518506659116,0,1,3,0,7,1,0,0,3,3,4,1,4,1
3,46,2.49,6,0,1,1,7,1,4,7,1,4,1,4,0,0
0,8,3.29,7,1,3,1,9,0,2,0,0,1,0,2,2,0
14,76,3.97,0,1,2,0,9,0,4,4,1,4,1,1,1,0
4,6,3.84,2,0,2,1,6,0,1,0,1,4,1,2,1,0
8,38,2.16,5,0,3,1,8,1,2,3,1,3,8,3,2,1
10,4,2.51,9,1,2,1,5,0,3,10,3,2,0,4,4,0
14,65,3.98,1,0,3,0,5,1,3,1,1,0,0,2,0,1
11,71,3.540426663166357,9,0,3,1,7,1,0,0,1,1,1,1,2,0
11,68,3.6210799691387128,9,0,0,1,6,1,1,3,0,3,1,0,0,1
11,73,3.683891566359627,7,1,0,1,3,0,0,1,3,4,1,0,3,1
8,3,2.66,5,0,0,1,3,0,2,0,4,1,8,2,3,1
6,35,3.55,5,1,2,0,9,1,3,1,0,3,3,3,0,1
8,27,3.59,5,0,2,0,5,1,4,1,0,0,10,4,3,1
4,20,2.48,9,0,1,1,4,1,2,0,1,1,3,0,4,0
7,21,2.52,0,1,1,1,3,0,4,4,9,1,10,1,4,0
14,65,3.96,3,1,3,1,1,1,1,0,0,1,2,4,3,0
9,55,2.35,8,2,4,1,4,0,0,9,3,3,2,0,3,0
5,88,2.85,5,1,1,1,4,0,10,4,3,3,4,4,3,1
14,22,3.87,6,2,1,1,0,0,4,4,3,1,0,0,2,1
4,6,3.83,0,2,4,0,1,1,4,2,4,0,1,0,4,1
12,64,3.88,7,2,1,0,5,1,4,2,2,3,0,0,0,1
3,46,2.19,2,2,0,0,3,0,1,9,3,4,1,3,1,1
9,70,2.29,9,1,1,1,8,1,3,10,0,4,1,2,2,1
8,27,2.27,2,0,0,0,0,1,1,2,4,0,10,1,0,0
11,85,3.845468869051233,9,1,1,0,5,1,1,1,3,3,0,1,0,0
1,45,3.46,7,1,3,0,5,1,4,4,4,4,4,4,3,1
5,30,3.42,4,2,2,1,8,0,10,1,4,3,4,0,3,1
10,60,3.14,0,2,3,1,7,1,4,7,2,2,3,1,3,0
10,81,3.82,4,0,2,0,5,0,2,9,1,1,4,0,3,1
12,64,2.18,7,1,0,0,3,1,4,2,3,1,4,4,3,0
4,49,3.38,9,2,3,0,6,0,2,1,3,0,3,4,2,0
7,41,3.46,5,0,2,0,1,1,1,0,10,2,8,3,2,1
2,15,2.28,5,2,2,0,0,0,2,3,0,0,1,4,0,0
6,84,3.89,3,0,1,0,5,0,2,4,4,2,0,3,0,0
8,3,3.39,8,1,2,0,0,0,2,2,2,3,7,3,2,1
5,29,2.06,1,0,3,1,1,0,7,0,3,0,2,2,2,0
11,73,3.948607878976664,3,1,4,1,5,1,4,2,0,2,3,2,4,1
14,11,2.14,3,2,0,1,4,0,0,0,0,1,0,3,2,0
0,50,3.93,6,0,3,1,2,1,2,1,3,3,0,1,2,0
2,89,2.32,0,0,2,0,9,1,0,0,4,3,3,4,0,0
2,15,2.69,7,2,3,0,6,0,1,0,3,4,3,4,0,0
0,8,3.37,8,0,0,0,6,0,0,2,1,4,4,3,0,1
4,6,2.17,7,1,0,0,9,1,1,4,2,2,4,1,1,0
14,80,3.85,6,0,2,1,0,1,0,4,2,3,2,3,3,0
11,68,3.928162145939046,2,1,2,1,8,0,3,2,0,0,0,0,3,0
9,57,2.77,5,1,3,0,2,1,2,10,2,4,2,4,0,0
2,15,2.07,6,0,0,1,9,1,0,1,3,3,2,3,0,0
2,14,2.81,3,1,2,1,8,0,4,3,3,3,1,3,4,1
1,12,3.58,5,1,3,1,3,1,2,3,2,0,0,3,2,0
5,88,2.6,8,0,1,0,7,0,8,4,0,4,3,0,0,0
13,77,3.89,1,1,3,0,4,0,1,3,1,3,3,3,3,0
11,71,3.790343310718227,8,2,2,0,0,0,0,1,2,1,4,1,4,0
12,24,3.39,7,0,3,0,4,1,4,3,0,0,0,3,3,0
2,15,2.06,4,2,3,0,5,0,2,3,3,3,4,2,3,0
10,4,3.73,4,2,2,0,8,0,3,8,3,3,1,3,1,1
4,69,3.37,8,2,4,1,0,0,3,1,3,3,2,4,0,1
4,69,3.93,5,1,3,0,7,0,0,4,3,3,4,4,4,1
13,13,3.98,4,2,4,1,4,0,0,3,3,0,4,3,3,0
7,36,4.0,7,1,4,1,7,1,1,2,7,1,10,4,4,1
2,15,3.46,1,2,1,0,9,0,0,0,0,3,0,0,4,1
14,22,3.16,9,0,4,1,9,1,0,0,0,3,4,3,2,0
4,20,3.05,4,1,3,1,1,1,3,0,1,3,1,3,4,0
8,3,2.61,8,0,2,0,1,1,2,2,4,0,7,2,2,0
11,73,3.662699849079634,5,0,3,1,6,1,4,3,4,0,1,1,3,0
11,71,3.68323439229143,0,0,4,1,7,0,3,0,2,1,2,0,2,0
1,12,2.53,8,1,3,1,7,1,2,1,3,3,2,0,0,0
13,77,3.91,1,2,4,0,9,0,0,2,1,0,3,3,2,1
1,10,2.93,4,1,5,1,9,0,1,1,1,4,3,0,4,0
9,52,2.81,4,2,4,0,4,1,3,8,1,3,3,1,4,0
14,42,3.25,5,1,4,0,8,1,3,1,2,4,4,0,1,1
10,61,2.21,0,2,4,0,5,0,0,8,0,0,3,1,1,1
1,7,2.78,4,0,5,0,6,1,3,4,4,4,4,2,0,0
14,65,2.31,7,2,3,0,9,1,1,2,4,3,4,2,4,1
13,77,3.79,5,2,4,0,4,1,0,2,3,3,1,3,1,0
9,52,3.73,2,0,2,0,8,1,4,9,4,0,3,4,0,0
8,39,2.31,1,2,0,1,5,0,4,4,3,2,7,4,4,0
0,8,3.34,4,1,2,1,1,1,1,3,2,3,2,4,3,1
11,71,3.83446202983155,3,0,1,1,8,1,0,1,1,2,3,0,2,1
6,86,3.0,8,0,1,0,6,1,2,0,3,2,4,0,4,0
6,28,3.76,8,0,3,1,3,1,0,4,1,4,0,0,4,1
7,19,2.87,3,1,1,0,3,0,4,1,10,2,7,4,3,1
9,52,2.5,3,2,1,1,0,1,4,10,4,2,4,3,0,0
5,30,3.36,7,1,3,0,7,1,10,3,1,1,2,3,0,0
2,15,3.24,6,2,2,1,6,1,3,4,0,1,0,4,0,1
14,76,3.53,9,2,4,0,7,0,4,2,4,3,3,3,3,1
11,71,3.970229292176457,5,2,2,0,8,1,3,4,0,0,4,3,1,0
1,7,2.28,8,0,4,0,8,1,2,3,0,1,4,3,2,1
12,83,3.46,10,2,1,1,5,0,0,2,4,2,4,1,2,1
2,44,3.4,3,0,0,1,9,0,0,3,0,3,3,2,0,1
3,25,3.09,4,2,3,0,8,0,2,7,4,2,2,1,1,1
11,31,3.964159281293863,8,0,3,0,0,1,4,2,4,4,1,1,2,0
2,15,3.99,5,1,2,1,7,1,1,2,4,4,0,4,0,0
9,57,3.57,8,2,2,0,2,1,3,7,2,0,1,3,1,0
2,89,3.55,5,2,0,1,5,1,3,2,0,2,3,0,4,0
12,23,3.7,8,1,1,0,8,0,4,1,3,4,0,1,4,1
8,1,3.21,3,0,0,1,7,1,2,1,3,0,10,0,2,0
5,43,3.7,8,2,2,1,1,0,7,2,2,2,1,1,2,0
2,89,3.29,5,2,2,0,4,1,4,1,3,4,2,4,3,0
11,85,3.658461002578139,0,0,1,1,1,1,2,1,2,0,0,4,4,0
4,69,2.92,3,2,0,1,2,0,1,3,0,3,0,4,3,0
12,24,2.24,6,2,1,0,2,1,0,3,1,2,1,2,3,0
3,46,3.07,6,1,4,0,0,0,1,8,4,3,4,1,2,0
10,81,3.77,6,2,0,1,0,0,2,9,1,3,4,4,2,0
0,87,3.92,4,1,2,0,1,1,3,4,2,2,2,3,1,1
8,78,3.33,3,0,3,1,8,1,4,0,2,3,9,4,1,0
11,73,3.679323390648082,1,0,4,1,0,0,2,1,2,4,4,3,2,1
6,35,3.73,6,2,1,1,1,1,3,1,0,0,3,1,3,0
9,56,2.45,3,1,3,1,9,1,2,8,3,3,2,4,4,1
6,75,2.25,3,0,4,1,6,1,0,4,3,4,1,3,2,0
8,1,3.34,4,1,0,0,2,1,1,4,4,2,10,4,4,0
2,15,2.46,9,0,2,1,8,0,2,0,0,3,0,4,0,0
10,60,3.59,1,0,4,1,0,1,4,9,4,1,1,2,2,0
6,28,2.89,6,1,4,1,4,1,4,4,4,4,0,4,0,0
14,42,3.14,2,1,4,0,2,1,0,2,2,4,3,1,4,1
3,37,2.32,5,0,3,1,7,1,2,9,3,2,3,2,0,1
1,45,3.33,1,0,3,0,3,0,0,2,1,0,2,1,0,1
12,83,3.96,8,2,0,0,9,1,1,4,3,0,2,2,1,0
1,45,3.61,3,1,5,1,8,0,0,1,1,4,2,1,3,0
14,79,2.33,7,1,4,0,4,0,4,2,3,0,3,4,2,1
11,71,3.899147589483388,8,1,2,1,6,0,2,3,4,1,3,2,1,0
13,74,3.72,1,1,1,0,9,1,3,0,0,1,0,4,0,0
1,47,3.66,4,2,5,0,9,1,1,1,4,3,1,1,1,0
7,16,3.48,6,2,2,1,4,0,1,4,10,3,9,1,1,0
14,26,3.41,0,0,0,0,7,1,1,0,3,2,3,0,4,1
8,39,3.48,7,2,0,0,9,1,4,2,0,4,10,3,3,1
9,57,2.04,0,2,3,0,4,0,3,9,1,2,2,1,2,0
9,54,3.73,8,1,0,0,8,0,4,8,4,1,4,1,3,1
4,72,2.47,2,1,3,0,2,0,4,2,4,2,0,3,4,1
11,73,3.795416630284506,8,2,4,0,1,0,0,4,4,3,4,2,2,0
5,0,2.49,4,1,2,0,3,1,7,0,0,3,3,2,4,0
4,49,2.51,1,2,2,1,7,1,1,1,3,3,0,2,4,0
4,69,2.38,8,2,1,1,0,0,4,2,4,1,4,0,0,1
4,6,3.76,0,2,1,0,2,1,3,0,1,2,3,4,4,1
1,47,2.36,9,2,3,1,0,0,1,0,3,3,3,0,2,0
14,76,3.52,5,0,4,0,9,0,4,2,0,1,3,3,0,1
13,77,3.96,6,1,1,1,3,0,2,4,2,0,2,3,3,0
2,17,2.54,6,2,4,1,1,1,0,4,3,4,1,4,2,0
1,47,2.74,7,0,3,0,1,1,3,1,2,3,2,3,3,0
3,46,2.25,2,0,0,1,6,0,2,10,3,1,4,4,4,0
14,65,3.36,8,0,4,0,3,0,0,2,1,2,3,0,1,0
6,28,2.43,5,1,1,1,6,1,0,1,1,4,4,2,4,1
10,59,2.52,1,1,3,0,9,1,3,8,1,0,0,4,0,0
4,6,3.68,6,1,4,1,2,1,4,3,4,4,3,4,2,1
1,47,2.48,6,2,3,0,1,0,2,0,1,3,0,4,2,1
3,37,2.79,6,1,2,1,1,0,2,10,4,0,2,2,3,1
10,81,2.68,4,0,0,1,7,1,3,8,0,4,3,0,0,1
6,35,3.71,9,2,1,1,7,1,4,4,3,0,2,3,0,1
11,85,3.6994104507223975,6,1,0,0,4,1,2,3,1,0,2,2,4,1
7,36,3.31,6,0,2,0,0,1,2,0,8,4,10,1,2,1
2,89,2.47,4,0,3,0,6,0,1,1,2,3,4,1,3,1
13,13,3.69,0,0,3,0,0,1,4,3,4,0,2,3,2,1
11,31,3.592166837165685,1,0,3,0,7,0,4,3,0,1,4,0,4,0
9,57,2.96,5,0,1,0,5,1,2,9,2,3,4,3,0,0
2,89,3.31,8,2,2,1,3,1,0,0,3,2,1,4,1,1
7,21,2.54,4,0,0,0,1,1,3,0,7,3,10,3,1,1
2,15,3.62,6,1,2,0,3,0,3,4,0,2,1,3,2,0
5,29,2.27,2,1,1,1,6,1,8,2,1,2,0,4,0,1
7,21,2.77,4,1,2,1,2,1,4,2,8,1,9,1,0,1
4,20,3.66,4,2,4,1,6,1,1,0,3,3,4,3,3,1
12,83,2.1,9,1,0,1,8,1,0,2,2,3,0,0,0,1
2,15,3.12,8,0,0,0,2,1,2,3,2,1,3,4,1,1
4,72,3.56,8,0,2,0,2,0,0,3,2,1,2,4,0,1
8,27,3.33,7,0,3,1,1,0,1,3,0,3,10,4,4,0
5,43,2.97,4,0,1,0,8,1,8,2,1,3,4,1,4,0
11,31,3.709800031213895,1,0,1,0,3,1,2,2,1,2,0,0,4,0
8,3,2.3,1,1,3,1,9,0,4,4,1,1,8,0,0,1
5,30,2.3,5,0,3,1,3,1,7,2,4,0,0,1,2,1
4,20,2.9,4,2,4,0,7,1,1,2,3,3,3,1,4,0
9,55,3.07,5,1,1,1,5,1,3,8,3,3,2,2,2,0
14,11,3.83,7,2,0,1,6,0,0,0,0,0,0,2,1,1
0,8,2.78,5,2,3,1,2,0,4,4,3,4,1,2,3,0
13,13,2.84,4,0,0,0,4,1,1,0,0,3,4,1,3,0
10,61,2.56,4,2,1,1,0,1,0,8,0,0,0,0,4,0
2,14,2.72,2,0,1,1,6,1,1,0,3,4,0,4,4,1
12,83,3.35,8,1,3,0,8,0,3,4,4,4,1,2,4,0
14,11,2.74,7,1,0,0,0,0,2,2,1,4,2,2,1,1
2,89,3.22,0,1,0,1,4,1,2,1,4,0,1,1,4,1
5,88,3.3,1,0,4,0,8,0,7,1,0,1,1,1,2,1
3,37,2.23,8,2,2,1,0,1,4,8,3,4,4,3,2,0
2,17,3.39,2,1,1,0,6,1,3,2,3,3,4,3,1,1
9,56,2.53,8,2,3,0,4,0,3,8,2,4,4,0,1,0
0,9,2.39,6,2,1,0,8,1,1,3,4,0,4,2,0,0
1,47,3.97,7,1,4,0,0,1,3,0,3,1,0,2,3,0
2,14,2.59,4,2,1,1,1,0,3,4,3,0,4,2,0,0
8,27,2.44,7,2,1,0,8,1,2,3,0,3,8,4,0,0
8,39,2.12,0,1,4,1,8,0,4,2,4,1,9,2,3,1
9,56,2.85,9,2,2,1,8,1,4,10,0,0,4,2,2,1
0,8,2.53,3,0,2,1,1,1,4,2,3,2,2,3,0,1
11,31,3.841981884699071,1,2,2,1,6,0,2,1,3,3,4,3,3,1
10,32,3.59,2,0,1,0,3,1,0,8,0,2,3,2,4,0
4,20,2.67,0,1,1,1,4,0,1,3,4,3,3,4,0,0
10,59,3.27,7,2,3,1,6,0,0,10,1,2,4,4,2,0
6,35,2.93,4,2,2,0,8,0,4,1,3,1,2,4,4,1
11,71,3.78773708893794,2,0,1,1,2,0,2,2,1,0,0,2,0,1
1,45,3.03,2,1,5,0,7,0,4,4,1,4,0,0,2,0
1,47,3.07,2,0,3,0,9,0,2,2,4,0,3,4,1,1
8,1,3.02,9,2,3,1,7,1,0,4,4,1,7,3,3,0
10,18,3.56,2,0,0,0,7,0,4,9,3,3,2,0,1,0
6,28,3.92,9,1,1,1,1,1,0,0,2,2,1,1,2,1
2,14,2.23,2,1,1,1,8,1,3,0,2,2,2,1,0,0
5,30,3.94,7,1,0,1,1,1,7,3,2,3,4,0,4,0
7,21,3.88,5,0,1,0,1,0,3,4,8,2,10,1,1,1
8,51,3.36,6,1,4,1,3,0,1,0,1,1,10,3,3,1
14,26,2.73,2,2,1,0,6,0,2,4,3,4,3,4,3,0
11,31,3.547221480377964,4,1,2,0,4,1,1,3,3,4,1,4,1,1
8,51,3.69,3,2,3,0,0,0,4,2,1,2,9,1,0,0
1,10,3.47,9,2,4,1,8,0,3,3,2,4,0,2,2,1
5,43,2.38,3,2,1,0,6,1,8,0,0,0,1,3,1,0
12,64,3.7,6,1,4,0,5,0,4,2,2,4,0,4,0,0
6,75,2.66,2,2,2,0,1,1,1,3,1,1,1,3,4,1
5,30,3.28,2,2,3,1,6,0,7,4,4,3,4,2,1,1
0,53,2.33,1,1,1,1,7,1,0,4,4,0,2,1,2,0
3,37,2.25,7,0,3,1,7,0,1,7,1,1,2,0,1,0
7,62,3.15,6,0,4,0,6,1,3,3,9,0,7,3,2,1
9,55,2.73,0,1,2,1,0,1,0,10,2,3,0,4,4,1
0,53,2.61,8,0,3,0,1,0,1,2,4,2,4,3,4,1
2,15,3.79,3,1,2,1,9,0,1,1,4,3,3,3,1,1
3,58,2.78,1,0,1,0,8,0,4,7,0,0,2,4,3,0
5,82,3.51,9,1,1,0,3,0,10,3,2,1,1,0,4,1
14,11,2.7,5,1,0,0,4,1,3,1,4,1,0,0,1,1
13,74,3.77,1,0,0,1,5,1,3,4,3,0,4,0,1,0
2,44,2.43,7,2,1,0,7,1,0,0,1,3,1,3,4,1
11,85,3.86582387764982,4,0,1,1,9,0,4,0,4,0,4,4,2,1
10,59,3.11,9,0,2,1,3,1,1,8,3,1,2,4,0,1
0,8,2.83,1,0,0,0,3,0,1,3,4,2,2,1,4,0
14,42,3.52,5,0,2,0,3,0,4,1,3,2,3,3,1,0
6,28,3.11,9,1,3,1,4,1,3,0,1,2,4,1,3,0
0,53,2.95,1,0,3,1,5,0,0,0,2,3,4,1,1,1
5,82,2.81,9,1,1,1,0,0,9,3,2,2,1,3,3,1
13,74,3.46,1,1,4,0,8,1,4,0,3,1,4,0,4,0
12,24,3.7,7,0,4,0,2,0,3,0,1,2,0,0,0,1
11,85,3.688864443088147,1,2,2,1,5,1,0,1,4,3,3,3,2,1
11,85,3.752626186223929,5,1,1,1,2,0,2,4,1,4,0,3,2,0
11,85,3.660024800515306,4,1,0,0,3,1,1,2,1,2,3,4,3,1
13,67,2.2,3,1,0,0,7,0,3,4,3,0,1,2,2,0
3,46,2.6,9,1,1,0,7,0,1,7,3,0,1,3,3,1
1,47,3.06,0,1,3,1,5,0,4,3,3,3,4,3,2,1
6,86,3.13,7,2,1,0,8,1,3,4,4,3,4,2,2,1
0,50,2.74,3,1,1,1,4,1,3,4,2,1,3,1,1,1
9,70,2.6,1,1,1,1,3,0,1,7,1,0,1,3,1,1
1,47,2.63,2,1,4,0,8,1,3,4,1,1,1,0,3,0
4,49,2.8,6,1,4,0,3,1,2,2,4,3,2,1,3,0
14,80,2.95,5,0,2,0,0,0,0,3,2,1,3,2,4,1
12,64,3.04,9,1,2,0,8,0,3,3,3,2,1,2,4,1
14,11,2.22,0,2,4,1,8,0,4,4,2,1,4,3,4,0
5,30,3.78,2,1,2,0,6,0,10,0,1,2,2,0,0,1
7,21,2.63,0,0,3,1,9,1,3,2,9,3,10,2,3,0
10,4,3.43,3,1,2,0,7,1,4,10,3,4,2,4,4,1
1,7,2.99,0,0,5,1,8,0,0,0,1,2,4,3,4,0
12,24,3.44,9,0,4,1,4,0,0,4,4,2,1,0,4,0
8,40,3.13,7,2,2,0,5,1,4,0,4,0,8,2,2,1
10,81,3.83,2,1,4,0,2,1,3,9,2,3,1,4,0,1
1,45,3.14,9,0,3,1,5,0,2,0,3,4,1,1,2,0
5,30,2.37,1,0,4,0,6,1,9,4,1,1,0,3,3,0
14,26,3.39,1,2,1,0,4,1,4,0,4,4,1,1,4,1
7,16,3.56,4,1,1,1,7,1,2,1,7,2,10,1,1,0
11,33,3.918481937118687,8,0,4,0,3,1,4,2,0,0,1,3,3,1
2,15,3.72,8,1,2,1,4,1,1,2,4,3,3,0,2,1
1,7,3.8,4,0,4,1,9,1,4,2,1,0,4,2,2,1
10,32,3.76,4,2,2,0,4,0,4,8,1,0,4,2,1,1
14,48,3.16,7,1,2,1,7,0,1,1,0,0,4,1,2,1
12,64,3.66,5,2,3,1,5,1,0,2,4,0,0,0,4,0
1,45,2.63,4,1,5,1,0,0,2,0,4,2,0,4,3,0
3,37,2.77,0,2,4,0,7,0,2,8,4,4,3,0,1,1
11,31,3.756663084346196,9,2,3,0,1,1,1,1,2,4,2,0,0,1
0,50,3.99,9,1,3,1,4,0,1,1,3,4,3,1,4,1
8,78,3.43,9,1,1,1,6,1,0,0,3,3,10,3,2,0
8,40,3.01,0,0,1,0,4,1,3,0,3,2,7,4,3,1
4,49,2.88,3,2,3,1,6,0,0,4,2,3,2,2,4,0
2,15,3.11,4,1,0,0,1,0,0,0,2,2,1,0,2,1
6,86,3.98,5,0,3,1,3,1,3,3,1,3,2,2,1,0
5,43,2.41,5,0,1,1,9,0,10,2,2,1,0,2,3,0
12,66,2.44,10,0,1,1,3,1,2,1,1,1,4,3,3,1
7,19,2.93,9,2,1,1,6,1,2,3,9,1,9,4,0,1
0,9,2.16,6,2,3,0,8,1,4,0,1,1,0,1,0,0
4,49,3.6,6,1,0,0,9,0,3,2,0,3,3,1,4,1
8,38,2.37,7,2,2,1,9,0,2,3,2,3,9,3,3,1
14,80,2.73,1,0,2,0,0,0,3,4,3,3,0,1,0,1
13,67,2.52,5,2,3,1,9,0,3,1,3,0,1,3,2,0
2,34,2.07,9,2,3,1,1,1,0,3,2,0,4,3,2,1
14,80,3.29,4,2,3,0,5,0,0,0,2,1,2,4,2,0
2,17,2.78,2,1,1,1,7,0,4,4,4,1,2,1,2,0
12,83,3.93,6,1,2,1,5,1,0,0,2,0,4,1,2,0
0,53,2.65,9,1,3,1,9,1,3,4,4,3,1,1,4,1
11,73,3.5281516378409186,4,2,2,1,7,0,1,1,4,1,0,4,4,0
2,14,2.65,0,2,4,0,7,0,4,2,2,2,3,3,2,1
11,31,3.9113951759383463,5,1,2,1,0,1,2,0,4,4,0,3,1,0
12,24,2.99,7,2,0,0,8,1,3,0,4,0,0,4,2,1
8,40,3.67,0,1,3,1,0,0,2,1,4,0,10,4,1,0
13,13,3.21,1,2,3,0,5,1,2,0,2,3,3,0,1,1
7,21,3.99,0,0,4,1,7,1,1,1,10,1,9,2,3,1
2,15,2.42,5,2,0,0,5,0,3,4,1,3,1,3,3,1
7,21,2.48,0,1,4,0,0,1,3,1,7,3,10,0,3,1
2,34,2.99,7,2,0,0,6,1,4,3,4,2,0,1,3,1
14,11,3.01,3,2,3,0,8,1,0,0,4,2,0,0,2,1
6,75,3.0,9,0,0,0,7,0,4,4,4,4,1,0,3,0
10,59,2.25,5,0,0,1,7,0,0,7,0,3,0,2,1,0
3,25,2.02,6,2,3,0,0,1,0,7,1,2,2,1,3,0
11,31,3.661343194138792,7,0,4,0,3,0,0,3,3,4,1,2,4,0
13,77,2.11,0,0,1,0,3,1,0,3,2,1,3,4,4,1
14,65,3.12,8,0,3,1,7,1,1,2,0,2,3,3,0,0
12,83,2.44,7,2,0,0,6,1,4,4,0,2,0,0,4,1
8,3,3.17,0,0,3,1,1,0,3,3,1,1,7,4,1,1
9,70,2.99,6,1,4,1,3,1,4,9,4,3,0,3,2,0
0,50,3.76,8,1,1,0,6,0,4,2,2,2,0,2,2,0
7,19,3.99,2,0,1,1,0,1,4,1,8,1,7,0,2,0
11,85,3.6084045532932456,9,0,4,0,8,1,3,0,2,4,2,1,2,1
0,8,2.36,0,2,2,1,9,0,0,4,0,1,0,3,3,0
0,9,2.39,1,2,0,1,0,0,2,2,3,0,1,2,2,0
5,0,2.88,0,2,3,1,8,1,8,3,0,1,0,0,0,0
11,68,3.950579005245495,8,0,0,1,6,0,4,3,1,3,4,2,0,0
6,86,2.28,1,0,3,1,0,0,3,1,4,0,2,4,3,1
6,35,3.25,9,1,0,1,0,0,1,0,4,2,0,4,4,0
8,3,3.98,7,0,3,0,4,0,0,2,4,1,8,4,4,0
11,73,3.7278283763928566,1,0,1,1,2,1,4,3,4,2,2,0,4,1
12,66,2.04,9,1,4,1,0,0,3,3,2,3,4,2,0,0
2,63,3.36,0,2,1,1,9,1,1,4,1,2,4,3,3,1
0,53,3.28,3,2,1,0,8,0,3,4,4,4,1,2,3,0
11,71,3.731849202469991,0,2,2,0,7,1,0,2,0,0,0,0,2,1
12,64,2.19,8,1,1,1,5,0,2,3,4,2,3,1,4,1
6,75,3.05,8,1,3,1,3,1,4,3,0,3,1,2,1,1
14,11,2.38,5,1,4,1,3,1,2,4,4,3,0,4,0,1
4,20,3.68,6,2,0,0,1,0,3,2,4,1,1,3,2,0
12,66,2.94,7,2,1,0,9,0,1,3,1,4,3,2,4,1
12,24,3.19,5,1,3,1,5,0,1,3,0,0,0,1,3,1
9,54,2.37,6,0,0,0,0,0,1,7,4,3,3,1,0,0
7,19,3.48,4,1,2,0,1,0,1,0,10,4,7,2,0,1
12,83,3.23,9,2,3,0,3,0,1,3,2,4,0,4,3,1
6,35,2.22,4,0,3,0,6,1,3,1,3,3,1,2,1,0
3,58,3.16,3,1,0,1,4,0,2,8,1,2,4,3,1,1
2,63,3.36,4,1,4,0,9,0,4,3,1,0,3,1,2,1
4,6,2.91,9,0,4,0,0,0,1,3,4,4,4,4,3,1
6,28,2.1,3,2,0,0,5,1,3,2,4,0,2,0,2,0
12,24,3.02,6,1,0,0,1,0,3,2,1,4,0,1,1,0
1,45,3.1,1,2,4,0,6,1,4,2,3,3,3,4,1,0
4,69,3.62,0,0,0,0,3,1,0,3,0,3,1,4,0,0
0,50,2.19,4,2,3,1,5,1,2,3,2,3,2,2,4,0
14,11,3.28,7,0,1,0,4,1,2,4,4,1,2,4,3,0
1,10,3.9,5,0,4,1,8,0,4,2,2,1,4,1,2,0
0,8,3.74,8,2,1,1,6,1,4,3,1,3,4,3,3,0
11,33,3.993638064657472,9,0,1,1,9,1,2,3,3,4,4,4,2,1
8,1,2.1,3,2,0,1,1,1,0,3,1,4,9,0,2,1
0,9,2.49,6,0,3,0,4,0,4,3,1,1,0,2,4,1
14,79,2.96,3,2,3,1,3,0,0,0,3,2,3,1,0,1
5,0,3.57,9,1,3,0,1,0,9,3,3,3,4,2,1,1
7,36,2.71,1,1,4,1,3,1,1,0,7,4,7,2,0,0
13,74,2.54,2,0,2,0,7,1,2,0,4,2,3,3,0,1
6,75,3.78,6,0,3,0,8,1,4,3,4,4,3,2,2,0
3,58,3.34,7,2,3,0,3,1,4,9,0,4,1,0,3,0
3,46,2.39,3,1,3,0,1,1,1,7,2,4,0,0,4,1
14,11,2.93,7,1,4,1,8,0,0,3,3,4,0,2,2,0
9,57,3.8,0,2,4,1,5,1,4,10,3,2,4,2,3,1
7,21,3.99,1,2,4,0,5,0,0,1,9,4,7,4,0,0
7,2,2.32,1,2,0,0,6,1,0,3,9,1,8,3,3,0
9,55,3.78,7,1,3,1,9,0,0,9,2,3,0,3,3,1
3,58,2.88,8,1,2,0,8,0,0,7,2,2,0,3,2,0
12,83,3.07,6,2,0,1,2,1,1,3,1,0,2,3,3,0
12,64,2.66,7,2,3,0,4,0,1,1,0,1,2,4,0,0
6,86,2.85,4,2,0,1,2,0,3,0,4,1,0,0,2,0
4,72,3.54,9,0,3,0,8,0,2,0,4,2,0,1,0,1
5,0,2.76,8,2,4,0,2,1,7,1,2,1,4,1,3,1
12,24,3.45,7,0,0,0,4,1,4,3,3,0,3,0,1,0
7,2,3.16,4,0,1,1,3,1,2,1,10,0,7,4,0,1
2,34,2.99,6,1,0,1,6,0,3,2,2,0,1,2,1,0
0,8,2.37,1,1,3,0,0,1,2,2,2,4,1,1,3,1
4,20,2.55,0,2,2,0,2,1,1,4,3,3,2,3,0,0
3,25,3.06,3,1,4,1,8,0,0,10,3,0,0,4,1,1
8,39,2.49,3,2,1,1,3,1,2,2,4,2,10,4,3,0
9,56,3.03,0,1,1,1,9,1,4,8,3,0,0,0,3,1
0,87,2.94,9,2,4,0,2,0,0,4,2,2,0,3,1,1
11,73,3.88615919586782,4,2,3,1,8,0,0,0,3,0,1,2,4,1
9,52,2.3,3,1,3,0,0,1,0,8,0,3,0,0,4,1
5,88,2.87,1,1,4,1,4,1,7,2,4,3,4,3,4,1
3,37,3.37,7,0,2,0,4,0,4,10,2,1,0,1,3,0
12,83,3.9,10,2,0,1,5,0,4,0,0,0,0,4,3,1
0,50,3.86,4,0,0,1,8,1,2,4,2,0,0,2,4,1
8,1,3.64,3,1,1,1,7,1,1,3,1,2,7,2,0,1
8,78,2.94,7,2,3,1,8,0,4,2,3,4,9,1,1,0
9,55,3.54,0,0,1,1,3,0,3,7,1,0,1,2,0,1
12,64,2.29,7,0,0,1,2,1,2,2,2,3,0,1,1,0
5,30,3.19,1,2,1,1,4,1,9,0,4,2,2,2,2,1
6,84,2.81,3,1,3,0,4,1,3,0,1,3,4,1,3,0
10,81,3.36,7,2,1,0,8,1,3,8,1,1,3,1,0,0
1,45,2.24,7,0,4,0,7,0,4,1,3,1,2,0,0,1
4,69,2.85,2,1,2,0,0,0,4,4,0,0,1,1,0,0
4,6,3.44,9,1,3,0,0,1,2,0,4,4,1,3,0,1
9,52,2.03,3,0,3,1,9,0,3,9,3,1,4,1,0,1
8,39,2.28,8,1,0,0,7,1,0,0,4,0,10,4,4,1
7,21,2.1,9,0,3,1,2,0,4,1,7,3,8,4,0,1
1,47,2.05,1,1,4,1,1,0,2,0,0,2,2,2,3,1
5,29,3.24,3,1,1,0,3,1,9,4,1,2,4,1,4,0
0,8,2.21,4,2,0,0,6,0,0,2,0,2,4,4,0,0
3,58,2.98,4,1,0,1,5,1,4,7,4,4,0,4,3,1
4,49,3.54,4,2,0,1,1,0,0,0,0,0,4,0,1,0
10,81,3.6,6,1,4,0,1,0,1,10,0,2,1,1,3,0
12,24,3.87,6,2,3,1,4,0,1,1,2,2,0,0,1,0
2,15,2.01,8,1,3,0,9,0,3,1,3,2,0,0,3,0
11,71,3.533117988925933,1,1,3,1,3,0,2,4,4,3,3,2,1,1
5,43,3.4,1,2,4,1,5,0,8,2,4,1,1,3,3,0
8,38,3.89,8,2,3,1,9,1,2,2,1,3,7,4,4,1
11,33,3.664375805143754,7,1,3,1,6,0,4,1,1,2,3,1,1,1
4,6,2.64,8,2,3,0,6,0,2,0,2,2,2,0,2,0
11,68,3.6200728093890966,8,2,2,1,9,0,4,3,4,0,3,1,3,0
13,67,3.84,7,0,4,0,8,0,3,0,4,4,0,4,3,0
6,86,3.15,3,1,1,0,8,1,3,1,2,2,4,4,1,1
6,35,2.3,4,1,3,0,8,0,2,4,2,1,2,0,2,0
0,53,3.12,0,0,4,1,2,1,0,0,4,1,2,2,4,0
1,47,3.83,3,1,3,1,3,0,1,4,4,4,2,0,4,0
6,35,3.24,2,2,0,0,7,0,4,3,0,2,4,4,3,1
2,44,2.23,2,0,0,1,3,1,2,3,2,1,1,0,4,1
8,51,3.93,8,2,4,0,0,1,0,4,0,2,7,2,1,0
2,63,3.34,4,0,2,0,8,0,0,0,3,4,1,4,3,0
11,31,3.5961445094043354,5,2,1,0,8,1,2,0,3,2,4,4,2,1
2,44,3.7,2,0,0,1,3,0,2,2,2,4,2,1,0,1
0,9,2.47,5,2,4,0,3,0,3,0,3,1,1,3,4,1
11,31,3.672541313911193,3,0,3,0,4,0,1,3,1,4,1,1,1,1
1,45,2.59,0,2,3,0,9,0,1,4,1,2,4,3,0,0
12,83,2.91,10,0,2,0,4,0,4,3,0,2,0,1,4,0
12,24,3.15,9,0,2,1,7,1,1,0,4,3,1,2,3,0
2,15,2.11,3,2,2,0,3,1,2,2,2,2,4,4,0,0
9,70,3.97,6,0,2,0,7,0,4,8,2,2,3,0,1,1
4,69,3.8,9,2,2,1,7,1,3,0,4,0,1,3,3,0
6,86,2.26,9,2,0,1,1,1,1,2,0,0,3,4,2,0
6,75,2.71,4,2,1,0,2,0,2,2,3,1,1,3,2,0
13,74,2.07,0,2,4,1,4,1,1,0,4,1,4,0,3,0
2,44,2.5,8,2,1,0,3,1,4,0,4,0,4,3,3,1
2,15,3.65,0,1,4,0,4,1,1,1,0,4,0,0,4,0
6,75,3.38,9,0,1,1,3,0,4,2,4,1,4,1,3,0
5,82,2.67,3,1,3,1,9,1,9,4,0,1,0,3,0,1
5,82,2.56,3,1,4,1,6,1,8,2,4,2,3,1,2,0
11,73,3.578488841358097,2,0,1,1,8,0,3,2,3,1,0,0,0,1
2,17,3.35,0,2,1,0,6,1,2,3,1,1,4,2,3,1
2,15,3.27,9,1,1,0,0,1,0,2,2,3,4,1,2,0
7,62,2.51,0,0,2,1,2,0,4,2,7,3,10,4,0,1
12,24,3.1,7,0,2,1,0,1,1,2,3,0,1,0,4,1
13,74,3.68,6,1,3,1,9,1,4,3,2,1,4,1,3,1
6,84,2.98,0,1,4,0,6,0,2,4,1,4,2,0,1,0
0,87,2.05,7,0,4,0,6,0,0,0,2,3,0,3,4,0
5,88,3.37,5,1,3,1,8,1,9,3,0,2,2,4,2,1
11,73,3.731267358066574,7,0,4,0,5,1,0,0,0,3,1,3,2,0
7,2,2.38,7,0,3,1,2,1,4,4,8,2,8,2,3,0
10,18,3.74,6,2,1,1,9,0,4,10,1,4,2,1,0,0
5,30,3.49,8,0,4,1,1,1,9,4,3,1,2,1,2,0
9,52,2.61,9,2,1,1,5,1,3,9,3,3,4,1,0,0
8,27,3.64,2,1,0,0,4,0,1,4,3,1,8,3,3,1
11,68,3.766056742632658,6,0,1,1,8,0,4,3,4,3,0,0,3,0
11,31,3.9336074905373617,4,1,0,0,9,1,0,2,4,0,2,2,1,1
13,13,2.5,7,0,0,0,1,0,4,0,0,2,3,2,3,0
7,36,3.77,9,1,2,1,9,1,3,3,9,2,9,0,4,1
11,85,3.8687026030469096,1,2,2,0,1,1,4,0,3,0,1,4,4,0
13,77,2.38,7,0,0,1,1,0,2,4,0,4,4,4,4,1
6,75,2.63,6,2,4,0,0,1,0,0,1,2,4,2,3,1
4,20,3.64,2,2,1,1,3,0,2,3,2,3,2,2,3,0
12,24,2.32,10,0,1,1,4,0,2,1,1,3,1,1,0,0
1,45,2.88,9,1,4,1,9,0,3,2,1,2,2,3,0,1
4,49,3.11,8,0,3,1,9,0,4,0,4,4,1,3,4,1
0,8,3.9,2,0,2,1,6,1,4,2,2,2,3,4,2,0
12,24,3.66,9,0,4,1,7,1,2,1,1,2,4,3,3,0
14,22,2.51,5,1,3,1,1,0,1,3,4,2,2,2,0,0
14,79,2.44,5,0,3,1,7,1,3,4,1,1,4,3,4,0
10,59,3.27,8,2,2,0,2,1,0,8,3,3,4,0,0,0
0,50,2.17,9,2,3,1,6,1,4,1,1,2,3,4,3,1
9,54,3.98,4,0,1,0,2,0,1,7,4,2,3,1,3,0
10,81,3.96,2,0,2,0,5,1,2,9,2,1,4,1,3,1
11,71,3.768553270909274,7,0,0,0,3,1,1,1,4,4,0,0,0,1
2,63,3.02,0,2,4,0,7,0,0,1,1,3,0,1,2,0
0,8,2.58,7,0,3,1,5,0,3,4,3,4,1,2,1,0
4,49,3.56,3,2,3,0,6,1,2,2,0,1,4,3,3,0
9,52,3.83,0,1,3,1,9,0,2,8,3,2,1,0,0,0
7,21,3.39,1,2,1,1,2,1,2,2,8,0,7,2,1,1
4,49,2.33,6,0,4,0,9,1,0,0,4,3,2,1,1,1
0,87,2.19,6,0,1,1,1,0,4,0,3,1,4,3,0,0
9,56,3.59,0,1,0,1,6,0,0,9,4,3,2,1,3,0
6,35,2.75,1,0,3,0,7,0,3,4,3,2,3,0,3,0
0,9,2.82,1,1,4,0,0,1,0,2,1,0,1,0,2,0
10,61,2.4,3,1,3,0,5,1,2,7,2,2,3,3,1,0
6,86,2.9,5,1,0,0,2,1,3,3,2,0,1,1,2,1
6,86,3.91,4,0,2,0,2,0,2,1,0,1,2,2,3,0
6,28,2.25,5,2,2,0,6,1,3,2,2,0,2,3,3,1
6,28,2.3,8,2,0,1,0,0,3,0,4,0,4,4,2,1
10,61,2.79,4,2,3,0,5,1,1,8,3,0,3,4,1,1
14,42,2.12,3,2,1,1,4,0,2,1,2,0,4,3,3,0
11,71,3.925408758918073,6,1,4,1,3,1,4,2,1,0,2,0,2,1
5,0,3.23,2,2,1,0,5,1,8,4,4,0,2,2,3,0
11,73,3.5866867976473773,7,0,2,0,3,1,1,0,1,3,1,0,3,0
14,42,3.75,2,1,4,1,3,1,1,4,1,3,1,1,0,1
11,85,3.540116872830821,0,1,4,0,1,1,1,1,2,3,2,4,3,0
9,52,3.2,3,1,4,1,7,1,0,9,1,0,4,4,1,1
12,83,3.57,8,1,2,0,8,1,3,3,2,1,2,4,0,0
7,41,2.39,7,0,0,1,4,1,2,3,8,1,9,2,3,1
14,26,2.18,9,2,3,0,6,1,2,3,1,0,1,1,1,1
3,25,3.9,6,2,1,1,9,0,4,10,0,0,3,4,0,0
13,67,3.45,4,1,0,1,1,1,3,0,3,2,2,2,3,0
5,88,3.29,6,1,2,1,1,1,9,1,3,4,3,1,4,1
0,8,2.98,1,1,3,0,3,1,3,4,2,4,2,4,3,1
9,57,3.12,3,0,2,0,2,1,3,10,1,2,4,0,3,1
0,50,3.64,1,1,3,1,9,0,3,1,4,4,3,3,3,1
11,73,3.9646879945637927,4,0,2,1,8,1,3,4,0,0,4,4,4,0
4,6,2.73,3,0,0,0,7,0,2,4,4,0,0,1,1,1
2,63,2.2,9,2,4,1,5,0,4,2,2,3,0,4,3,0
0,50,3.44,8,0,1,1,1,1,1,2,0,0,1,1,3,0
3,58,2.32,3,1,3,0,2,1,3,10,4,1,0,0,4,1
1,7,2.16,5,0,4,1,9,1,2,4,0,3,3,0,4,1
11,33,3.661839618202122,3,1,1,0,2,1,0,0,4,0,4,0,4,0
6,35,2.58,9,2,3,1,9,1,0,2,3,4,4,4,3,1
5,88,3.3,7,1,0,0,8,0,7,2,1,0,1,4,2,0
5,88,2.06,0,2,2,1,4,0,7,2,4,4,2,2,4,1
13,77,2.24,8,1,1,0,8,1,4,1,3,3,4,3,4,0
11,85,3.805310021220816,1,0,4,0,7,1,3,0,0,3,2,1,4,0
10,61,2.21,0,1,2,0,1,1,3,7,4,3,4,1,4,0
10,61,2.18,3,0,0,0,9,1,1,9,3,0,4,4,1,1
6,84,3.14,5,1,0,0,9,1,0,2,0,2,4,0,4,1
5,43,3.85,8,0,4,0,3,1,9,0,0,2,0,1,2,1
4,6,3.64,4,1,3,1,3,1,3,2,2,0,0,4,1,1
14,76,3.47,6,0,2,0,2,0,0,1,3,4,2,2,0,1
6,75,3.78,0,0,3,1,6,0,0,4,0,2,2,4,0,1
10,81,2.01,9,1,0,0,0,1,0,7,4,4,0,2,4,0
4,69,2.96,7,2,2,1,3,0,1,2,3,3,1,4,0,1
2,14,2.98,8,0,3,0,5,1,2,3,2,1,0,2,3,0
14,26,3.4,7,0,4,1,8,1,3,2,1,1,3,3,0,0
6,28,3.24,7,2,1,1,7,1,0,1,3,2,1,3,0,1
4,69,3.11,6,1,0,0,2,0,4,2,4,2,0,1,1,0
4,49,2.71,8,1,3,0,6,1,2,2,4,4,4,2,0,0
14,76,3.56,1,1,4,0,6,0,3,0,4,2,4,0,0,0
10,32,3.01,0,2,4,0,3,0,0,7,0,3,1,3,4,1
0,8,3.65,3,1,1,0,4,1,3,0,2,1,3,3,3,1
1,10,2.42,2,2,3,0,6,0,2,4,3,0,2,0,4,1
10,18,3.42,5,2,0,1,5,1,3,9,0,3,3,2,2,1
7,41,2.84,3,0,2,1,8,0,2,2,9,4,8,0,0,1
8,51,3.29,5,2,1,1,1,1,2,1,3,1,8,0,0,0
1,10,3.87,5,0,3,1,7,0,3,4,3,4,0,1,0,0
1,47,3.14,8,1,4,1,0,0,0,1,4,2,3,2,0,0
1,7,2.26,3,0,5,1,8,1,3,0,4,3,1,3,2,0
1,10,3.92,9,0,4,0,3,1,3,0,0,0,4,0,4,0
0,53,2.79,5,1,3,1,3,1,3,4,1,4,0,1,4,0
4,6,2.13,6,1,2,1,4,1,2,3,4,4,3,4,0,1
9,52,3.41,9,0,4,0,6,1,1,7,2,1,4,3,0,0
6,84,3.02,6,0,4,1,0,1,4,3,0,2,2,1,1,0
8,78,2.43,9,0,4,0,3,0,1,3,1,4,7,3,4,1
11,68,3.897633655929945,3,2,1,1,5,0,2,0,0,4,3,0,1,1
6,84,2.29,9,1,4,1,0,1,1,3,3,4,1,4,1,1
14,80,3.76,8,0,4,0,3,1,0,4,0,2,3,1,3,1
13,74,3.73,1,0,0,0,1,1,0,1,4,2,2,2,0,1
5,43,2.51,9,1,3,0,2,1,7,3,1,1,4,1,1,0
10,18,3.51,1,2,3,0,0,0,4,9,1,1,3,2,2,0
3,37,2.91,7,1,1,0,2,1,1,8,2,0,3,3,1,1
4,49,2.41,7,0,1,1,5,0,2,4,1,4,4,1,3,1
3,58,2.09,3,1,3,0,9,0,1,7,4,4,4,3,3,1
8,39,3.44,3,2,4,1,5,0,2,2,0,2,7,0,0,0
5,29,2.35,6,2,2,0,8,0,10,3,1,4,0,2,2,0
12,23,2.43,9,0,4,1,9,0,1,0,3,0,2,4,1,0
9,57,2.11,3,2,2,0,4,0,1,7,4,0,3,2,2,1
11,85,3.616106347573409,2,1,2,1,0,1,4,2,3,4,1,0,3,1
2,15,2.85,6,1,4,0,8,1,2,0,3,0,1,4,3,1
2,89,3.96,0,2,0,0,7,1,3,3,4,4,4,3,4,0
8,27,2.88,6,0,1,1,9,1,2,2,4,2,8,1,4,1
7,5,2.2,4,2,3,0,2,1,1,3,10,4,7,3,1,0
12,23,3.58,7,0,4,1,0,1,4,3,4,2,4,2,0,1
6,35,3.89,4,1,0,1,6,0,0,0,3,3,4,4,0,1
5,30,3.9,3,0,0,0,5,0,10,1,1,0,0,2,3,1
1,45,2.77,7,0,5,0,3,1,3,4,1,3,4,1,1,0
10,32,2.48,8,0,2,0,4,1,4,7,0,4,1,4,1,1
1,10,2.39,3,0,4,0,9,0,2,2,4,4,0,0,4,1
0,50,2.83,8,0,1,0,1,0,4,4,1,3,0,0,3,1
9,70,3.51,8,2,1,0,1,0,4,7,2,4,4,1,2,1
8,38,2.91,2,2,3,1,1,1,0,2,3,1,7,3,3,1
0,8,3.31,3,2,0,1,9,0,1,0,2,0,0,1,3,1
11,31,3.624244569907233,0,2,0,1,0,1,2,4,2,2,2,4,4,1
8,27,2.06,7,0,2,0,9,1,1,1,4,2,7,2,2,1
14,22,3.21,9,0,1,1,2,1,3,1,2,2,1,0,2,0
11,73,3.857032041111807,3,2,0,1,8,0,3,4,4,2,0,2,4,0
1,7,2.64,8,1,5,0,9,1,4,1,4,0,0,3,4,1
7,62,3.1,9,1,4,1,7,0,2,2,8,4,7,4,4,1
2,34,2.29,9,1,3,0,1,0,1,4,4,4,3,1,3,1
0,9,3.53,1,0,3,0,3,1,0,2,1,4,1,4,0,1
2,89,3.99,8,0,0,0,6,1,1,4,2,0,4,3,4,1
5,88,2.31,6,0,1,0,6,0,7,4,2,3,0,4,0,1
5,88,3.03,8,0,2,1,6,0,10,4,2,1,0,4,1,1
0,9,3.55,2,2,1,1,7,1,0,3,2,1,4,2,1,0
10,4,2.03,1,0,1,0,8,0,2,7,0,3,0,4,3,0
2,89,3.01,0,0,3,0,9,1,2,4,3,4,1,4,2,0
11,71,3.861126284196533,4,1,0,1,2,0,4,4,4,0,0,4,4,1
4,69,2.15,4,0,1,1,9,0,4,4,0,1,0,0,0,1
8,51,3.52,7,0,2,1,7,1,0,2,3,3,9,4,3,0
7,36,3.38,2,0,2,1,5,0,3,4,10,2,9,3,0,0
7,19,2.39,3,1,4,0,6,0,1,1,9,4,8,3,0,0
4,6,3.79,8,1,1,0,9,1,4,2,1,3,3,1,1,1
2,17,3.52,7,2,3,0,2,1,2,1,2,1,1,2,1,1
3,25,2.63,7,2,3,1,7,1,1,9,3,2,0,2,2,1
9,57,2.16,5,1,0,0,1,1,1,8,1,3,2,1,3,0
7,41,3.33,3,2,2,1,9,1,2,2,8,4,8,0,1,1
9,56,2.24,4,2,3,1,7,1,2,8,4,2,3,3,1,0
14,48,3.07,7,0,4,0,5,0,2,2,1,2,0,3,0,1
4,69,2.28,4,2,2,0,2,1,0,2,4,0,1,1,3,0
5,82,2.93,7,1,3,0,7,1,7,0,2,4,2,4,0,1
3,46,2.92,0,1,4,0,4,0,4,10,1,1,4,4,0,1
7,19,2.68,6,0,0,1,2,0,4,1,10,3,9,3,3,1
6,84,3.88,3,0,0,0,6,0,3,0,3,1,4,0,3,1
8,3,3.06,0,2,1,0,3,1,3,4,0,1,10,1,3,1
0,53,2.46,9,1,3,1,7,1,3,3,3,3,2,3,4,1
7,2,2.03,3,1,0,0,8,0,2,2,7,1,10,0,0,0
0,87,3.75,8,1,3,0,2,1,2,3,0,3,3,1,2,1
7,21,3.46,6,0,3,0,0,1,2,4,9,0,10,0,1,1
0,87,3.05,6,0,1,0,9,1,2,4,1,2,4,2,1,1
12,24,2.3,10,1,0,1,3,1,1,2,0,1,0,2,3,1
3,46,3.92,1,2,3,0,5,0,4,7,3,1,2,3,2,0
8,38,3.28,4,0,4,1,6,0,4,3,1,1,10,2,2,1
13,74,2.21,7,0,3,0,1,1,4,0,0,1,0,0,4,0
3,37,2.66,9,2,4,0,6,1,3,9,1,2,3,3,4,0
9,54,2.09,2,1,3,0,1,0,2,8,3,3,1,2,1,1
8,40,2.54,5,0,0,1,4,1,3,0,4,2,7,4,4,1
10,81,2.18,7,1,2,1,7,1,2,8,0,0,3,0,2,0
14,22,3.48,2,2,4,1,8,1,0,2,4,4,1,1,1,1
14,65,3.56,6,0,0,1,0,0,4,0,2,3,4,0,2,1
7,16,2.45,9,0,4,0,6,0,4,0,7,2,7,0,4,0
14,65,2.04,1,1,3,1,4,1,1,2,1,0,4,3,1,0
7,16,3.83,5,2,3,0,2,0,3,2,10,1,9,4,3,0
0,9,2.19,1,0,0,0,0,0,1,3,1,1,1,3,1,0
3,46,3.52,2,0,4,0,0,1,0,7,3,2,3,2,2,0
6,28,2.72,0,2,1,1,6,0,2,2,2,1,1,1,3,0
9,54,2.81,5,1,0,1,0,1,1,8,3,1,2,2,3,0
0,53,2.04,7,2,0,0,3,0,4,2,3,3,1,0,2,1
3,58,2.97,8,2,1,1,4,1,2,7,2,0,1,4,0,1
5,29,2.22,8,0,0,1,1,0,7,2,1,1,2,4,0,0
0,50,2.01,0,0,1,0,7,0,4,3,2,2,3,1,0,1
14,22,2.44,8,1,1,0,6,1,0,4,1,4,4,0,3,1
2,15,2.23,4,1,0,0,4,0,2,3,4,3,2,0,2,1
9,56,3.42,2,2,4,0,0,1,1,9,1,4,3,3,2,0
5,0,2.7,2,2,1,0,2,1,8,0,2,3,3,3,1,1
1,45,3.83,2,2,5,0,6,1,0,4,2,4,0,3,3,0
11,33,3.9592273624696506,5,0,4,0,4,0,3,4,1,0,3,1,0,0
9,52,3.05,0,2,0,1,2,1,3,9,1,1,2,0,2,1
11,71,3.956374731439564,0,0,3,0,1,0,2,1,4,4,1,3,0,0
7,5,3.05,5,1,4,1,0,0,4,4,7,0,10,3,4,1
8,27,2.73,8,2,4,0,4,0,4,0,1,1,10,4,1,1
12,83,3.09,5,2,0,1,4,0,3,0,0,0,4,0,0,0
0,8,2.25,6,2,1,0,0,1,3,0,1,2,1,2,4,0
7,2,3.42,2,0,4,0,7,0,1,4,9,3,9,0,4,1
13,13,2.64,1,2,3,0,9,1,4,0,3,1,0,1,1,1
6,75,2.44,7,2,0,1,2,0,3,2,4,0,0,1,0,0
10,59,3.19,2,0,4,1,4,0,0,8,1,4,3,4,3,1
14,11,3.7,7,2,0,0,3,1,3,1,4,0,0,2,0,1
3,58,3.08,7,2,2,1,2,1,2,9,1,3,2,0,4,0
8,1,3.44,9,0,4,1,1,1,1,4,3,2,10,1,0,1
1,10,3.34,4,1,3,1,9,0,4,2,4,4,3,2,4,0
6,84,3.74,0,2,0,1,9,0,1,3,2,0,1,4,3,0
13,13,2.49,1,2,0,1,1,1,4,2,2,1,3,1,3,0
12,66,3.29,9,0,4,0,7,1,1,2,3,0,0,4,4,0
3,25,2.77,1,1,0,1,2,1,3,7,4,3,3,0,1,1
8,27,3.98,2,2,4,0,9,1,3,1,0,4,7,1,4,1
0,9,2.69,7,0,0,0,1,0,0,3,3,1,2,0,3,0
6,35,3.17,8,2,2,1,9,0,0,2,4,0,0,2,1,0
5,30,3.57,3,0,4,1,6,1,10,0,0,0,0,1,0,1
12,23,3.63,10,1,0,0,0,1,0,2,1,4,0,0,1,0
6,28,3.23,3,1,1,1,9,1,4,3,1,4,3,1,4,0
8,1,3.38,4,1,0,0,8,1,4,4,2,0,7,1,2,1
1,7,3.59,7,1,4,0,9,0,1,1,2,2,0,0,4,0
1,12,3.6,9,1,4,1,3,1,1,1,1,0,4,3,0,0
8,1,2.19,3,1,4,0,6,0,1,1,1,0,8,2,2,1
8,51,2.99,6,0,4,1,2,1,1,1,4,2,9,3,4,0
2,63,2.33,5,2,2,0,4,0,0,0,2,4,2,0,4,1
1,45,3.5,4,2,4,1,7,1,4,0,2,1,3,0,4,0
6,84,3.35,5,1,3,0,6,1,0,0,2,2,0,2,1,1
5,82,2.52,1,2,1,1,0,1,8,0,3,3,1,1,0,0
7,5,3.29,7,2,4,0,8,0,4,1,9,0,8,1,2,1
14,22,2.79,3,2,2,1,5,1,3,0,4,0,3,0,2,1
6,86,2.05,9,2,2,0,7,1,1,2,1,3,0,3,4,0
4,72,3.27,9,0,1,0,1,0,3,1,3,4,2,0,3,0
8,27,3.79,9,0,2,1,8,1,2,3,0,3,9,3,1,0
7,36,2.56,0,0,2,0,3,0,2,3,8,1,10,2,0,0
12,64,3.03,7,0,2,1,2,1,3,4,1,1,1,4,4,0
0,87,2.96,8,2,3,0,4,1,0,4,4,4,4,4,2,1
6,84,3.06,2,1,2,0,9,0,2,2,1,2,1,0,1,1
11,85,3.5126931778301724,9,0,2,1,1,0,0,4,0,3,0,2,0,0
0,53,2.8,7,2,3,1,4,1,3,0,2,3,4,0,3,1
13,77,2.27,7,2,0,0,2,0,3,1,0,3,4,4,4,1
11,33,3.933496880005762,9,0,1,0,7,1,0,1,4,1,1,0,2,0
3,25,2.98,1,2,4,0,0,0,2,7,1,0,1,4,3,0
2,15,2.66,5,2,4,0,7,0,2,1,4,1,1,0,0,0
12,23,3.5,7,1,4,0,1,1,0,3,2,2,1,1,3,1
6,28,2.03,9,1,4,0,0,1,4,1,4,1,3,4,2,0
13,77,3.07,2,1,4,0,2,1,2,0,4,3,4,1,3,1
2,34,2.58,9,0,2,1,1,1,4,0,3,3,1,2,4,0
2,15,2.86,7,0,2,0,2,1,4,1,0,2,3,4,1,0
9,55,3.69,1,2,2,1,4,1,4,9,4,2,1,3,4,1
11,68,3.826373053925937,7,0,4,0,5,1,0,4,4,4,1,0,4,1
8,27,2.07,7,1,4,1,7,1,2,1,3,0,10,3,3,0
1,45,3.11,2,1,5,0,5,1,4,4,4,4,1,2,1,1
13,77,3.66,3,2,4,0,4,1,3,3,1,2,0,4,2,0
13,77,2.62,2,2,0,1,3,1,1,1,4,4,0,0,3,1
8,38,3.32,3,1,2,1,0,1,3,0,2,4,10,3,4,1
2,34,2.53,1,0,2,1,0,0,3,1,2,0,1,0,1,1
0,50,3.74,6,0,3,1,5,0,3,2,2,2,1,4,1,1
3,25,2.79,1,0,3,1,4,0,0,10,0,1,4,2,1,1
10,59,3.42,5,0,0,0,1,0,3,7,2,2,2,1,3,1
14,65,2.26,7,0,3,0,4,0,0,0,1,4,1,3,3,0
11,31,3.703196154136761,6,0,0,1,2,1,2,1,4,0,4,3,3,0
13,67,2.52,0,1,2,0,8,1,1,1,1,4,0,4,1,0
6,75,3.6,2,2,0,1,1,0,0,3,4,4,0,4,1,0
11,33,3.542754265427234,7,0,0,0,2,0,3,3,2,0,0,3,2,0
8,27,3.4,5,2,1,0,1,0,2,3,4,3,7,4,0,0
4,6,2.58,9,0,0,1,0,1,1,2,0,4,2,2,2,1
9,55,3.04,2,0,1,1,0,1,2,9,4,2,0,4,1,1
4,49,3.44,0,1,1,0,3,1,4,0,3,0,3,3,4,1
4,72,3.39,0,0,2,0,9,0,0,2,2,1,2,0,2,0
14,26,3.86,4,0,0,1,3,0,1,3,1,4,2,1,2,1
11,33,3.955312001770152,5,2,4,0,2,1,4,0,1,4,3,4,0,0
6,28,3.12,6,0,2,0,5,0,2,2,3,4,4,2,1,0
12,66,3.09,7,0,2,0,2,1,1,2,4,1,0,2,4,1
2,63,3.6,5,2,3,0,7,1,2,4,1,0,4,0,1,1
0,87,2.42,4,1,4,1,0,1,4,2,2,2,2,1,2,1
13,67,3.96,2,2,3,1,0,0,4,2,1,0,4,1,3,1
5,88,3.43,3,1,3,1,0,0,10,3,3,2,1,0,4,0
11,31,3.672596072440638,8,1,0,1,3,0,3,3,4,2,2,4,2,0
0,8,2.33,9,2,2,0,4,1,2,1,2,0,0,3,4,0
8,39,3.61,2,2,3,1,9,1,0,1,3,0,7,0,1,0
4,49,3.21,8,0,0,1,0,1,3,4,0,2,0,2,1,0
13,67,3.16,5,0,1,1,4,0,4,0,0,0,2,2,0,1
5,88,2.01,6,2,2,1,4,1,8,1,3,1,1,0,1,1
8,38,2.31,8,1,3,1,4,1,4,4,1,1,10,0,1,0
0,8,3.05,2,0,3,1,2,1,2,3,0,0,1,0,2,1
4,69,3.32,8,1,4,0,6,1,2,2,2,1,4,4,0,1
4,6,3.35,9,0,1,0,0,1,3,2,4,0,4,4,3,0
11,73,3.735532726346907,9,1,0,0,0,1,3,4,1,0,1,4,2,0
6,86,3.49,4,2,2,1,1,0,4,4,1,1,0,0,4,1
13,13,3.95,1,0,3,1,2,0,1,1,1,4,3,4,0,1
8,51,3.62,4,1,0,1,6,1,2,3,4,4,7,2,0,1
1,10,3.73,8,1,4,1,1,0,3,4,3,1,2,0,1,0
0,9,2.97,4,2,2,0,9,1,4,1,3,3,3,2,4,0
7,21,3.83,5,1,0,0,7,0,2,2,7,4,9,3,4,1
4,6,2.32,2,2,1,1,5,0,2,2,2,3,1,1,2,0
7,5,3.99,9,1,1,1,7,0,2,2,8,2,10,4,0,1
8,39,2.16,2,2,0,0,2,0,3,1,1,0,7,3,3,1
14,26,3.78,0,1,3,0,0,0,1,1,0,4,0,0,2,0
10,32,3.14,7,2,1,0,9,0,1,7,0,2,2,0,2,0
7,36,3.23,0,0,4,1,4,1,3,0,8,2,8,3,1,0
11,31,3.9075272142012287,1,2,2,0,7,1,3,4,2,3,1,1,4,1
9,54,3.11,9,2,4,1,1,0,1,8,3,3,4,1,4,0
9,56,3.36,2,1,2,0,7,1,1,7,2,0,3,0,1,1
0,9,2.07,2,2,3,0,0,1,4,2,0,0,0,3,2,0
8,1,3.66,3,2,2,0,9,0,3,0,1,2,8,3,1,0
7,62,3.08,7,2,1,1,3,0,3,4,9,1,10,3,4,0
4,72,2.65,4,0,1,0,1,0,1,2,0,1,4,4,0,1
3,37,3.8,0,1,4,0,8,0,2,8,1,4,0,3,4,1
6,28,3.58,8,1,1,0,7,0,4,1,3,1,3,0,4,1
3,46,3.24,6,0,1,0,8,1,3,7,3,2,2,2,2,1
12,23,3.68,6,0,4,0,0,1,3,4,2,0,4,0,0,1
9,70,3.8,2,1,3,1,3,1,4,7,1,0,3,3,0,0
7,21,3.47,5,2,4,1,8,1,4,1,9,3,7,3,0,1
12,64,2.81,9,1,1,1,2,0,4,3,3,1,3,2,3,1
12,24,3.35,6,2,4,0,7,0,3,0,0,2,1,1,2,0
7,2,2.63,2,0,1,0,0,1,4,1,8,0,10,4,3,0
3,37,2.54,8,0,1,0,2,1,2,8,0,0,3,0,1,0
2,63,3.34,1,2,2,1,5,0,2,1,4,4,2,0,3,1
2,14,2.3,8,1,1,0,9,0,2,1,0,3,1,1,0,0
3,37,2.22,3,1,4,1,0,1,4,9,3,2,3,1,2,1
10,60,2.22,9,1,2,1,5,0,3,9,2,4,3,3,4,1
10,4,2.08,3,0,3,1,0,0,3,10,3,2,1,4,4,1
14,80,3.23,6,1,2,0,3,1,3,0,1,4,4,3,1,0
10,81,2.49,1,0,4,1,8,1,1,7,0,4,4,0,3,1
6,28,2.04,8,1,0,1,5,1,4,4,0,2,4,0,0,1
8,51,2.72,8,0,3,0,5,1,1,2,0,1,10,3,4,0
4,6,3.2,4,2,2,1,0,0,3,2,2,0,3,1,4,0
10,59,3.01,3,1,4,1,3,1,2,7,4,1,0,2,1,1
5,30,2.97,8,2,2,0,3,1,9,0,0,2,2,1,1,1
1,12,3.82,2,0,4,0,5,1,0,1,2,3,2,4,2,1
6,75,2.04,6,1,0,1,1,1,1,3,1,3,1,3,3,1
9,57,3.75,5,1,4,1,5,1,0,8,4,3,2,0,3,0
6,28,3.45,3,0,2,0,8,0,2,2,1,0,0,0,1,0
3,25,2.3,9,2,2,0,7,0,2,7,2,3,3,1,0,0
13,13,3.97,1,2,4,1,5,0,0,1,1,2,1,2,2,0
10,59,2.16,3,1,0,1,0,1,1,9,4,1,1,0,2,1
4,49,3.11,2,0,1,0,4,0,2,0,1,2,4,4,2,1
10,18,3.6,3,0,0,0,3,1,3,9,2,0,3,4,4,1
10,59,2.96,7,2,0,1,4,0,0,9,0,3,0,2,0,0
11,85,3.748183123600618,9,0,3,0,3,0,3,2,4,3,1,2,0,0
7,2,2.62,9,1,0,1,2,1,2,4,8,3,9,2,1,1
8,1,2.63,8,0,2,0,6,0,1,1,1,2,8,4,1,0
11,33,3.553299126566886,8,0,2,0,2,0,1,4,2,4,4,2,4,0
2,15,3.27,5,1,4,1,1,0,2,2,4,3,0,4,2,0
6,86,3.16,8,1,2,1,6,1,3,0,4,1,4,1,1,1
14,76,3.08,3,2,4,1,2,1,2,4,0,3,4,1,1,0
14,79,2.94,4,2,0,1,2,0,0,2,4,1,2,0,3,1
14,48,2.1,1,0,3,1,6,0,0,3,0,4,2,3,1,0
12,64,3.31,5,0,4,1,9,0,3,1,1,3,3,1,2,0
8,27,2.58,6,2,3,0,5,1,1,2,2,4,9,0,2,1
13,67,2.23,6,1,1,1,4,0,0,3,1,0,0,2,1,0
4,69,3.01,1,2,0,1,8,0,3,0,0,3,1,0,2,0
14,11,3.46,3,1,0,1,9,0,4,0,2,0,2,3,0,0
11,71,3.8473482354272135,3,1,1,0,9,1,3,4,0,2,3,1,0,0
0,87,2.89,5,1,0,0,8,1,2,4,0,4,4,2,2,0
2,14,2.84,0,1,4,0,8,0,4,4,0,3,0,4,1,1
3,46,2.31,7,2,2,1,4,1,3,7,1,2,0,3,2,0
12,66,2.29,7,2,1,1,5,1,2,4,1,4,0,3,4,0
13,67,2.35,5,0,4,1,6,0,2,0,4,1,3,2,4,1
10,60,3.37,7,1,4,1,1,0,3,7,1,3,1,3,2,1
2,15,3.96,9,2,1,1,7,0,1,1,0,0,2,2,0,0
8,39,3.36,5,1,2,0,0,1,2,3,1,4,7,0,4,1
11,85,3.59256646441931,1,0,2,1,8,0,2,3,3,0,0,1,1,0
3,37,3.59,5,1,4,0,7,0,3,10,1,4,1,2,3,1
5,30,2.51,6,2,0,1,1,0,10,0,3,2,1,2,3,1
8,27,3.11,8,1,4,1,9,0,0,0,0,1,7,3,3,1
3,58,2.46,3,1,0,0,1,1,4,9,1,0,3,2,4,0
3,58,2.4,1,0,1,0,0,1,4,8,1,2,0,1,3,0
2,34,2.89,1,2,1,0,2,1,1,0,0,1,3,0,0,1
4,20,3.89,3,1,2,1,9,0,1,2,4,2,2,4,4,0
4,69,2.2,0,0,3,0,8,1,2,3,2,2,2,3,0,1
10,60,2.17,1,0,0,1,8,0,2,10,0,3,1,4,3,0
4,6,3.64,7,0,3,0,2,0,4,3,4,3,1,0,2,0
1,45,3.58,2,1,3,0,1,1,4,2,0,4,1,1,4,0
10,4,2.64,7,1,4,0,6,1,1,8,3,4,1,2,4,0
8,27,3.27,4,1,0,0,7,0,1,3,2,0,10,2,1,0
11,33,3.794131878484965,7,0,4,0,4,0,1,0,0,3,3,3,0,1
11,85,3.590287672563667,4,2,2,0,8,1,3,3,0,2,2,2,4,0
9,55,2.25,8,1,1,1,4,1,1,8,2,1,2,1,0,0
11,33,3.656427428252794,8,1,4,1,7,1,3,0,0,0,0,3,1,1
5,43,3.8,0,1,0,1,2,1,9,4,2,1,2,1,1,0
6,86,2.45,5,2,0,1,5,0,2,2,4,3,0,4,1,0
6,35,2.24,5,2,3,1,2,1,1,0,4,0,4,4,4,1
10,81,3.61,5,0,4,0,0,0,1,9,0,1,2,2,4,1
1,7,3.78,3,2,4,0,4,1,1,0,3,2,1,3,0,0
9,57,3.34,4,1,4,1,0,1,4,10,1,4,2,2,0,1
9,52,3.81,9,1,2,1,8,0,2,8,2,4,3,0,2,0
13,67,2.61,8,1,1,1,5,1,4,2,3,0,2,1,1,0
10,81,3.47,3,0,2,1,0,0,1,9,0,4,2,2,1,0
5,82,3.73,5,0,4,1,9,1,8,1,0,2,0,1,1,1
13,67,3.81,0,2,4,0,7,0,2,0,4,4,2,4,2,0
2,44,2.77,3,2,0,1,7,1,1,1,4,1,1,3,3,1
6,84,2.56,6,0,0,1,1,0,1,2,1,0,2,2,1,1
13,77,3.94,9,0,3,1,9,1,1,1,3,0,3,3,2,0
11,31,3.5384766008146045,2,0,4,0,0,1,2,0,2,2,0,0,1,0
13,74,2.03,9,0,4,0,2,0,4,0,4,2,1,1,0,1
4,6,2.77,2,0,1,1,9,0,4,1,0,1,4,4,1,1
8,78,2.78,2,2,3,0,5,1,2,1,3,4,8,1,4,0
8,27,2.08,0,0,0,1,8,1,3,0,4,0,9,4,4,1
4,49,2.61,2,1,0,1,3,1,1,2,2,4,2,1,3,1
0,8,2.83,4,0,3,1,6,1,2,0,3,3,2,2,4,1
5,88,3.51,5,0,4,1,2,1,7,2,2,4,3,1,1,1
7,5,2.61,7,2,4,0,4,0,2,1,7,4,7,2,3,0
0,87,2.94,1,1,0,1,5,0,3,0,1,0,1,4,2,1
6,86,3.7,0,1,1,0,7,1,1,1,4,1,2,2,2,0
6,28,3.24,5,2,1,1,6,1,1,2,3,0,4,1,3,1
3,37,3.6,3,1,1,1,3,1,4,10,0,2,4,1,2,0
11,73,3.708753042013946,0,1,3,1,7,0,3,2,3,0,1,3,3,0
5,30,3.59,5,0,0,1,7,1,8,1,1,1,0,4,2,0
4,69,3.95,1,1,0,0,6,0,3,1,0,4,1,4,2,1
5,0,3.37,0,0,3,0,2,1,9,2,3,1,3,3,0,0
9,55,2.55,5,0,0,0,0,1,0,7,1,3,2,1,0,0
3,37,2.62,6,2,2,0,3,0,3,10,4,3,0,2,1,0
4,6,2.13,2,0,3,0,7,1,3,1,4,2,2,3,4,0
2,44,2.71,2,2,0,1,0,1,2,3,2,4,1,2,3,0
7,16,2.31,0,1,0,1,7,0,0,4,10,0,8,3,4,0
4,72,2.45,5,2,4,0,1,0,3,4,2,1,0,2,2,0
3,37,3.83,6,0,1,1,9,0,1,7,3,3,4,2,0,1
0,9,3.96,7,2,1,0,3,0,2,4,1,1,0,4,2,0
13,13,2.66,6,2,0,0,9,0,2,3,2,1,1,3,0,0
0,9,2.26,7,1,4,1,4,0,3,3,4,3,3,4,1,1
6,84,3.3,4,1,3,0,5,0,0,1,0,0,1,0,0,1
11,85,3.790378603613664,4,2,1,0,2,1,1,4,4,1,0,4,3,1
13,77,2.17,4,1,3,1,9,1,0,0,2,2,1,2,2,1
9,54,2.02,0,0,0,1,4,0,4,8,0,3,4,3,4,1
4,20,3.9,8,0,3,1,1,0,1,2,2,4,4,3,3,0
5,88,3.18,8,0,4,0,2,1,7,0,3,2,1,1,3,1
14,76,2.59,0,2,2,1,9,1,3,4,4,3,2,2,2,1
1,10,2.88,2,0,5,1,8,1,1,0,3,1,2,2,3,1
8,40,3.02,6,2,4,1,7,1,0,4,3,3,8,3,4,0
0,87,3.84,3,2,1,0,8,0,2,2,4,0,2,4,2,1
5,88,3.84,5,2,4,0,0,1,8,1,0,0,0,1,2,0
8,38,2.79,0,1,0,1,4,1,3,4,4,2,7,4,3,1
1,10,3.81,3,0,3,0,4,0,1,4,4,3,1,4,4,1
7,2,2.04,8,1,2,0,0,0,3,0,9,4,8,4,0,1
6,86,3.45,3,2,2,0,0,1,0,3,1,4,4,2,0,0
13,67,2.78,6,1,0,1,7,0,0,4,1,4,3,1,4,1
13,74,2.34,3,2,4,0,1,1,2,0,0,4,3,0,4,1
11,85,3.839823641346535,1,0,3,1,4,1,1,2,0,0,0,2,0,0
3,25,3.67,7,2,0,0,4,1,4,9,0,3,4,4,0,1
1,45,2.47,8,1,3,1,7,0,2,1,0,2,0,1,2,0
10,4,3.72,3,1,0,1,1,1,2,7,4,4,3,1,0,0
0,50,3.95,1,2,4,0,9,1,1,0,0,0,3,0,0,0
6,84,3.5,1,0,3,1,5,0,0,2,1,3,3,0,1,0
8,38,2.49,6,1,1,1,4,0,4,0,2,3,9,4,4,1
12,23,2.33,10,0,4,0,6,0,4,3,1,1,3,4,4,1
7,2,2.07,0,2,1,1,0,1,2,3,7,1,8,4,4,0
3,46,3.99,3,0,2,1,6,1,4,10,1,1,4,4,0,1
3,25,3.78,7,0,2,1,3,0,4,9,3,1,3,0,3,1
12,66,2.87,9,2,1,1,8,0,3,2,2,3,0,1,2,1
13,67,2.9,2,0,2,0,8,1,2,1,0,3,3,4,1,1
5,0,2.25,0,2,3,0,7,1,7,1,3,2,4,4,4,0
3,46,3.67,7,0,0,0,5,0,1,7,4,0,4,2,3,0
5,0,2.92,3,1,2,1,9,0,8,4,3,3,2,0,0,0
5,30,3.28,4,1,4,1,7,0,8,3,1,3,3,4,4,0
12,24,3.51,6,1,2,0,1,0,3,4,3,2,0,3,2,1
9,54,3.4,5,1,4,0,3,1,2,7,0,2,4,1,0,1
6,75,3.96,0,0,2,0,6,1,0,4,1,0,1,3,0,0
2,44,3.15,5,2,4,0,5,1,3,4,2,1,4,3,1,1
1,7,3.21,2,0,3,1,7,1,4,2,1,0,4,1,4,0
12,24,3.03,5,2,4,1,4,0,2,0,0,3,1,1,3,0
6,35,2.28,3,2,0,1,9,1,3,1,4,3,4,0,1,1
1,47,2.67,8,0,4,1,2,0,2,0,4,0,0,3,4,0
8,1,3.24,7,0,0,1,8,0,2,3,1,0,7,3,0,0
3,46,3.95,8,2,3,1,1,1,2,8,1,3,1,2,2,1
13,67,3.02,2,0,2,0,0,0,3,4,3,0,2,4,0,1
1,45,3.12,7,2,4,0,4,0,4,1,0,1,3,1,1,0
2,34,3.63,3,1,3,1,2,0,2,0,0,0,2,2,0,0
11,85,3.5769479531699275,8,2,0,1,6,0,0,3,0,1,4,3,0,0
1,12,3.23,8,0,4,1,6,0,4,3,4,0,2,2,3,0
2,17,2.44,1,0,1,1,6,1,0,2,3,3,4,4,3,0
0,9,2.76,5,0,3,1,9,1,4,2,4,1,3,1,2,0
14,79,2.49,9,1,2,0,3,0,2,4,0,4,2,0,3,1
10,60,3.39,7,2,0,0,5,1,3,10,4,4,0,2,0,1
14,11,3.94,9,1,1,0,1,0,0,1,0,3,3,0,3,1
7,62,2.91,9,1,3,1,7,0,0,0,7,2,9,1,3,0
8,78,2.98,0,2,4,1,9,1,1,3,4,3,9,0,2,1
2,44,3.48,2,1,1,0,5,1,2,4,3,0,3,1,3,1
6,84,2.26,7,0,2,1,1,1,2,2,0,4,4,3,2,1
13,74,2.5,6,0,4,1,2,1,0,2,2,3,0,0,0,0
8,1,2.35,0,2,2,1,0,1,0,0,4,4,9,2,2,1
6,86,2.06,7,2,0,1,2,1,3,3,4,4,2,0,4,0
14,26,3.06,0,0,3,0,2,1,0,1,2,0,1,3,0,0
9,70,2.39,7,0,2,1,3,1,3,8,3,3,0,3,3,1
6,86,2.01,7,0,1,1,5,1,3,3,2,4,1,1,2,0
4,20,3.48,0,1,3,1,9,0,1,4,4,0,2,3,1,1
13,74,3.12,0,0,2,0,7,0,2,1,4,3,1,0,3,0
1,12,2.42,0,1,5,1,9,0,1,1,4,4,0,3,3,0
10,81,2.99,3,2,0,1,7,0,2,10,4,0,1,0,4,0
11,71,3.686344258506157,5,0,4,0,1,1,1,3,1,2,2,0,4,0
14,48,3.56,5,1,3,0,7,1,1,1,1,1,2,2,2,1
9,52,3.74,2,2,4,0,1,0,3,7,2,3,0,0,1,1
2,63,3.18,7,2,1,1,4,1,4,4,2,0,2,1,1,0
14,26,3.36,2,1,0,0,5,0,4,1,2,3,2,4,1,1
11,73,3.9810609862960247,5,1,0,0,5,1,4,0,0,1,0,0,0,0
6,28,2.33,2,0,0,1,4,0,2,1,2,4,2,2,4,0
8,3,2.1,6,2,4,0,1,0,1,2,0,1,7,2,3,1
7,2,3.76,3,1,3,1,8,0,1,0,8,3,7,0,3,1
3,25,3.63,3,2,3,0,6,1,3,7,4,1,0,3,2,0
1,7,3.51,0,0,5,1,7,1,1,0,2,1,1,2,0,1
7,62,2.68,0,0,2,0,7,0,3,1,10,0,9,2,3,0
12,64,3.94,7,2,3,1,5,0,1,2,1,0,1,1,3,1
6,28,2.08,6,0,3,1,1,1,3,0,1,1,2,1,1,0
1,7,3.18,4,0,3,0,3,1,0,0,1,0,0,3,3,1
12,23,2.35,8,0,2,0,4,1,3,0,2,4,1,2,2,1
5,82,2.18,6,1,1,1,0,0,9,4,4,0,3,4,2,0
11,68,3.580200052665036,4,0,2,0,7,0,2,1,2,3,0,4,0,0
4,72,3.12,0,1,4,1,9,0,3,4,3,2,2,1,2,0
14,79,2.67,8,0,2,0,1,1,1,2,3,1,4,3,3,1
9,55,3.18,7,0,2,1,3,0,0,8,4,2,1,4,3,1
12,66,3.81,7,2,2,0,1,1,2,1,1,3,0,3,0,0
10,61,3.01,2,2,2,1,7,1,1,10,4,4,3,3,0,1
10,32,3.13,8,0,1,0,4,1,0,7,1,0,2,1,2,0
14,79,3.16,3,2,3,1,1,1,1,0,1,4,3,3,1,0
8,51,2.65,6,2,3,0,3,0,4,4,4,1,9,0,0,0
5,29,3.3,9,0,3,1,2,0,8,4,1,2,2,0,1,1
0,50,2.91,0,1,1,0,3,1,2,0,4,2,1,2,2,0
7,2,3.95,8,0,0,0,9,0,2,1,9,1,8,3,1,0
6,75,2.11,8,2,4,1,1,1,0,0,1,2,0,4,2,0
9,70,2.95,9,0,0,1,0,0,3,8,0,4,3,0,3,1
1,7,3.5,4,1,3,1,5,0,3,0,2,2,4,3,2,1
9,70,2.48,2,0,1,0,6,1,4,9,1,2,4,2,4,1
7,62,2.28,1,2,2,1,3,0,4,3,7,0,10,1,0,1
4,6,3.79,1,1,0,0,9,0,4,3,1,2,1,3,1,0
1,10,2.51,8,0,3,1,7,0,4,3,0,3,3,1,2,1
14,76,3.35,7,1,4,1,4,1,0,0,2,4,1,3,2,0
11,33,3.817002851549806,0,1,2,0,9,1,1,1,4,2,4,2,2,1
12,83,2.51,7,0,0,0,4,1,2,4,3,4,2,1,1,1
3,25,2.7,7,0,3,1,3,0,4,8,4,0,0,1,4,1
1,12,3.47,1,2,4,0,8,0,0,4,4,2,0,0,0,1
6,75,3.74,5,1,1,0,3,1,0,0,3,2,0,3,2,1
5,82,3.32,2,2,4,0,8,1,10,0,4,2,1,3,4,0
4,69,3.5,9,2,0,0,7,1,0,1,0,0,2,1,3,0
9,70,3.94,7,0,1,0,7,0,3,10,3,2,0,1,2,1
3,46,3.48,2,0,0,0,2,0,4,8,0,1,4,3,1,0
13,74,2.87,6,2,4,1,7,0,1,2,0,2,2,1,3,1
6,28,2.16,5,2,4,0,4,0,3,3,2,1,0,0,1,1
2,34,3.75,4,1,2,0,4,0,4,1,3,4,3,1,3,1
2,14,3.39,5,1,2,0,0,1,3,2,1,3,2,0,2,1
14,22,2.58,4,2,4,1,4,0,4,3,4,4,1,1,1,1
8,78,2.48,2,0,2,1,8,1,1,4,2,4,10,3,4,0
2,63,2.44,5,1,0,0,7,0,3,1,4,3,4,0,3,1
3,25,3.41,3,0,2,0,0,1,2,9,4,3,4,1,4,0
10,60,2.74,4,0,3,1,4,1,1,10,2,1,0,0,2,1
2,34,3.87,8,1,1,1,2,1,0,0,4,3,0,2,0,0
7,21,3.1,4,0,1,0,8,1,2,4,8,2,8,2,0,1
6,86,2.27,5,1,2,1,7,0,0,4,4,4,2,4,4,0
13,13,3.33,0,2,4,1,0,1,0,1,4,2,4,0,2,1
9,56,3.27,6,1,0,0,7,0,3,10,2,3,0,1,3,0
3,46,2.33,3,1,4,0,7,0,2,8,0,0,0,0,0,1
10,81,2.74,3,1,2,1,0,0,2,8,2,1,3,4,3,0
10,32,2.5,0,2,1,1,3,1,4,7,4,4,4,0,1,0
2,14,2.53,7,2,2,0,0,0,0,2,4,2,4,4,1,0
7,19,2.77,8,2,2,1,8,0,3,0,9,3,9,2,0,0
2,14,3.34,7,2,1,0,5,0,2,2,1,1,4,3,0,1
0,9,3.68,6,1,2,0,4,0,2,3,3,1,4,1,4,0
9,70,3.53,0,0,2,1,1,1,1,9,4,0,4,3,1,0
3,58,2.23,4,1,2,0,1,1,4,9,3,2,1,2,0,0
8,1,2.64,1,2,1,0,5,1,2,3,1,1,8,1,0,1
0,50,3.73,9,1,1,1,2,1,1,1,0,4,4,3,4,1
2,44,2.86,0,0,3,0,6,0,3,2,2,4,0,0,4,1
6,75,2.83,4,2,2,1,1,0,0,0,3,1,0,1,0,1
13,67,3.07,7,1,4,1,5,0,4,4,0,4,2,4,2,1
9,56,3.21,4,0,2,1,8,1,2,8,4,3,1,4,0,1
8,38,3.55,4,0,4,0,4,1,1,4,4,3,8,4,4,0
11,31,3.972151817478915,0,2,2,1,7,1,2,0,3,1,0,4,2,1
6,35,3.84,7,1,4,0,2,1,0,1,0,4,3,2,0,1
2,17,2.77,8,1,0,1,8,0,2,1,1,0,2,3,3,1
9,54,3.21,2,1,0,1,5,1,0,9,2,1,0,3,1,0
1,7,2.22,2,1,3,1,5,0,4,1,3,1,4,1,2,0
4,6,2.98,0,1,0,0,0,0,1,1,3,2,1,2,1,0
11,71,3.919973582336236,4,2,0,0,8,1,0,0,3,0,0,1,0,1
13,67,3.8,3,0,2,0,4,0,3,0,2,3,1,1,4,0
2,34,2.17,1,0,2,0,1,1,4,0,2,0,4,2,3,1
5,88,3.48,6,1,4,1,2,0,8,2,4,4,4,0,3,0
8,51,2.63,4,2,4,1,3,0,3,0,3,2,9,4,0,1
5,30,3.52,3,1,2,0,1,1,7,2,1,4,2,0,0,0
13,13,2.02,0,2,1,0,4,1,2,3,3,1,3,2,0,1
6,84,2.83,4,0,4,1,4,1,3,0,2,1,0,1,1,1
8,78,2.29,7,1,0,1,5,0,2,3,4,0,10,0,3,0
14,11,3.52,5,0,2,1,0,0,4,1,0,0,0,1,1,0
2,89,2.12,1,2,2,0,3,0,3,3,3,2,3,2,2,1
6,28,3.35,8,1,1,1,8,0,1,1,0,4,3,0,2,1
14,22,3.2,1,2,2,0,9,1,4,4,0,0,0,3,1,0
3,37,2.43,6,0,4,1,3,0,2,9,4,0,1,1,4,1
14,79,2.23,8,1,0,0,2,0,2,0,3,1,4,0,2,0
11,31,3.991988823979914,8,0,1,1,5,1,4,2,0,1,0,3,1,0
5,82,2.39,0,1,0,0,0,0,8,1,3,1,0,2,2,1
8,3,3.88,8,0,1,1,1,0,0,2,3,2,8,3,4,1
4,69,2.67,5,2,4,1,6,0,4,3,4,0,2,1,0,1
8,40,2.23,2,0,3,1,3,1,2,3,0,0,9,2,4,1
2,15,2.1,9,1,4,1,1,1,0,1,4,4,3,4,0,1
6,86,2.23,2,2,3,1,3,1,3,0,0,1,3,1,0,0
9,70,2.21,9,0,4,0,7,0,0,8,2,1,4,1,3,1
4,49,3.09,3,0,1,1,0,0,1,3,3,2,1,0,3,1
11,68,3.984096713957361,9,1,3,0,4,0,1,2,0,4,4,1,2,0
3,37,3.59,6,2,0,0,6,1,2,7,4,4,2,4,0,1
1,10,3.23,6,2,3,1,8,1,1,4,3,0,4,4,3,1
12,83,2.14,7,0,0,0,4,1,1,1,3,3,3,1,2,1
11,73,3.765177196864128,8,0,3,0,7,0,1,3,2,4,1,3,0,0
9,52,2.95,1,2,2,0,0,1,2,7,1,3,3,0,1,1
11,71,3.516263089745626,2,2,1,1,7,0,2,2,1,0,1,3,1,0
0,53,2.94,5,2,2,0,0,0,1,1,1,0,1,3,0,1
7,62,2.06,7,1,1,0,8,0,2,4,10,0,9,4,1,1
7,5,2.06,5,0,0,1,4,1,2,3,7,2,9,3,0,0
4,20,3.55,8,0,0,1,0,0,1,4,2,3,1,4,4,1
0,53,2.22,7,0,2,1,7,1,3,1,3,0,0,2,2,1
4,49,2.33,0,0,0,1,3,0,3,2,3,4,2,3,1,0
3,25,2.15,4,2,1,0,4,0,4,7,2,4,1,4,3,1
2,34,3.68,8,2,4,1,4,1,2,1,4,0,0,0,0,0
9,54,2.06,1,2,3,0,9,1,3,10,2,3,1,3,0,1
2,89,2.95,4,2,1,0,7,0,4,2,2,1,0,1,1,0
2,34,2.47,9,1,2,1,5,1,4,4,0,0,2,1,1,0
1,7,2.5,0,0,3,0,9,1,2,3,1,1,0,0,0,1
7,62,2.03,2,1,1,0,0,0,0,4,10,3,10,1,2,1
11,68,3.992175703701452,4,1,2,1,5,1,0,1,2,2,2,2,1,0
4,20,3.45,2,1,2,1,0,1,4,3,4,3,1,2,2,1
10,4,3.75,4,0,2,0,5,1,2,8,3,2,0,3,3,0
0,87,3.53,7,1,0,0,3,1,3,3,2,3,3,2,0,1
13,13,2.34,8,2,3,0,6,0,3,0,3,4,1,4,0,0
1,12,3.55,0,0,3,1,8,0,0,0,3,2,0,1,2,0
11,85,3.9300611985946015,5,2,3,0,2,1,1,4,0,1,2,1,3,1
4,20,2.1,2,1,4,1,0,1,4,1,2,0,2,4,4,1
6,35,3.23,0,0,4,1,1,1,2,1,0,0,4,3,0,0
4,6,2.44,4,0,3,0,6,0,0,0,3,4,1,0,2,0
5,82,2.1,1,0,3,0,9,1,7,4,3,1,3,3,2,0
12,66,2.16,5,2,0,1,5,1,2,4,3,2,2,1,2,1
12,66,2.67,8,1,0,0,0,0,0,3,0,2,4,4,0,1
11,85,3.779824341743457,1,0,1,0,0,1,0,1,1,4,3,2,0,1
12,64,2.33,8,1,2,1,6,1,2,4,0,2,0,1,4,0
11,85,3.758855821692356,2,2,4,0,6,0,2,3,0,3,3,4,0,0
5,82,2.1,3,2,1,0,0,1,7,1,1,3,3,4,4,1
7,2,3.7,8,2,0,0,9,0,0,0,7,0,8,2,3,1
7,2,2.76,9,0,3,1,6,1,3,1,8,4,10,1,1,0
1,45,2.95,6,0,4,0,1,1,4,3,4,1,4,3,3,0
14,42,2.72,3,2,2,1,6,1,3,4,2,4,4,2,3,0
0,87,2.39,3,0,0,1,0,1,2,0,3,3,4,1,0,0
9,57,2.24,8,0,1,0,7,0,0,8,0,2,1,2,3,1
1,45,3.62,9,1,5,0,1,0,0,2,0,3,0,1,2,1
2,63,3.33,2,1,1,1,7,0,3,0,1,4,1,2,1,0
13,13,2.54,4,1,4,0,4,0,3,2,0,3,3,2,3,0
2,89,2.22,9,1,4,0,9,0,4,4,4,1,2,3,1,1
4,49,2.44,2,1,1,1,3,1,3,4,0,3,4,1,2,0
0,8,3.78,4,1,3,0,0,0,3,2,2,1,0,4,4,1
13,77,3.11,0,0,4,1,6,1,0,4,3,0,0,4,1,1
5,30,2.47,1,0,0,0,9,0,7,1,2,0,0,0,2,1
8,51,3.98,0,0,0,0,0,0,0,1,4,0,9,2,0,0
5,0,3.74,4,0,3,0,6,0,7,1,1,3,1,0,0,1
0,8,3.2,0,0,1,0,8,0,2,0,3,1,3,3,0,1
4,20,2.82,9,2,1,1,8,0,3,0,3,1,3,3,4,1
4,69,2.61,4,1,1,1,6,1,2,2,1,1,0,2,3,1
9,70,2.97,5,0,3,1,1,1,4,10,2,3,1,1,0,0
9,56,3.04,7,2,0,1,6,0,4,10,2,1,0,3,1,1
7,5,2.18,7,0,3,0,0,1,3,0,8,3,10,4,3,1
3,46,3.59,2,1,4,1,8,1,0,9,1,3,4,2,4,0
3,46,2.5,9,2,0,1,1,0,1,9,3,1,1,3,2,1
6,35,2.74,1,0,3,1,9,1,4,3,3,3,2,0,0,1
3,25,2.5,5,2,1,0,0,1,2,10,0,2,3,2,4,1
12,66,2.17,10,1,0,1,6,0,2,4,2,3,2,1,1,0
9,56,3.87,2,1,0,1,5,1,0,8,2,2,2,2,4,0
9,56,2.0,9,1,0,1,3,1,1,9,4,2,1,2,3,0
6,35,2.19,2,0,4,0,8,1,3,0,1,3,1,1,2,0
2,89,2.75,8,0,4,0,6,0,4,4,3,4,4,3,4,1
7,21,3.05,0,2,4,1,7,1,0,3,8,4,10,4,4,0
5,0,2.75,2,1,2,0,3,1,9,0,3,4,2,1,0,0
7,62,3.98,6,2,4,1,6,0,2,2,10,0,8,2,4,0
13,67,2.69,3,2,3,1,4,1,4,2,1,3,2,0,2,0
4,49,3.9,0,1,2,0,3,1,3,1,2,0,2,0,2,0
10,4,2.64,7,0,4,1,9,0,0,7,1,2,0,2,0,1
2,17,3.21,5,2,0,1,8,1,0,3,4,4,4,3,3,1
2,44,3.68,0,1,2,0,8,1,1,4,3,1,3,3,0,1
11,33,3.664508718907331,7,1,1,1,1,1,3,1,3,3,2,4,0,0
5,0,3.41,1,0,4,1,9,1,10,1,2,3,1,2,4,1
8,40,3.84,3,1,1,1,7,1,4,3,0,3,10,2,1,0
11,31,3.8948492535712393,2,2,4,0,8,0,0,2,0,4,1,4,1,0
2,89,2.66,6,1,0,1,1,0,4,0,3,0,0,4,3,1
5,30,2.91,2,2,0,0,0,1,10,1,0,0,1,4,2,0
9,56,2.03,8,0,0,0,4,1,3,8,3,3,1,4,1,1
12,64,3.77,7,1,1,0,9,1,1,1,1,4,1,2,4,0
11,73,3.666157312677554,9,0,4,1,8,1,0,1,4,0,4,1,4,1
6,86,3.58,6,2,0,0,0,1,3,3,0,4,3,4,2,1
7,36,3.62,4,2,3,1,6,0,4,1,10,0,9,0,3,0
9,56,2.25,3,0,3,1,9,0,4,9,2,3,1,1,3,1
1,12,3.48,1,2,3,0,4,1,3,1,4,3,2,4,4,0
6,28,2.13,6,2,2,0,5,1,0,4,2,3,1,1,1,0
7,5,3.05,7,2,2,0,4,1,1,2,9,1,9,0,3,1
0,8,3.63,6,1,2,1,4,0,4,1,3,2,4,0,4,0
2,89,2.64,2,0,4,0,8,0,2,0,1,1,3,2,0,1
13,77,3.46,8,1,3,1,2,1,1,3,3,2,0,4,2,0
6,86,2.87,3,1,0,0,9,1,2,1,3,1,3,1,3,1
13,13,3.05,5,2,1,1,9,0,2,2,1,1,0,2,4,0
3,58,3.4,6,0,2,0,8,0,1,9,1,2,4,1,2,1
14,48,3.44,9,1,0,1,1,0,2,1,0,3,1,1,1,0
5,88,2.03,9,1,3,1,9,1,7,4,1,3,1,3,2,1
9,70,2.1,1,1,2,0,7,1,0,10,2,2,1,3,2,0
11,71,3.88386194403339,8,1,3,1,9,1,0,2,0,4,4,0,0,1
11,71,3.520054595706241,3,2,1,1,8,0,0,2,0,4,1,0,3,0
5,82,2.22,9,0,0,0,8,0,9,1,0,3,3,1,0,0
9,54,3.26,7,2,4,0,5,0,1,10,1,0,3,2,3,1
7,62,3.2,2,2,0,1,7,1,4,1,8,3,7,0,2,0
0,53,2.13,6,1,3,1,2,1,3,2,3,3,4,0,0,1
8,39,2.49,0,1,1,0,5,1,0,3,2,4,9,3,3,0
10,81,3.22,2,2,4,1,1,0,0,10,2,2,2,3,3,1
6,75,3.52,5,2,4,0,9,1,4,0,1,1,0,4,0,1
7,36,2.07,3,2,1,1,1,0,0,3,8,0,9,2,3,0
9,57,2.01,0,1,0,1,8,0,0,7,4,3,2,3,4,1
6,84,3.1,3,2,4,1,2,0,1,0,1,2,2,4,3,1
5,30,2.0,1,2,4,0,8,0,7,1,2,1,0,3,1,0
0,87,3.89,8,0,0,1,6,1,3,1,3,4,3,3,1,0
12,83,2.47,5,1,3,0,1,1,0,2,0,2,2,4,2,1
5,30,3.47,9,1,4,1,6,1,8,3,3,2,3,2,3,0
12,66,3.32,10,2,1,1,8,1,3,3,0,2,1,0,4,0
10,32,2.66,9,0,2,1,8,0,4,8,4,1,1,1,0,0
3,25,2.27,1,2,1,1,4,0,1,8,2,3,0,4,2,0
5,0,3.15,6,2,2,1,4,1,8,0,1,1,1,0,4,1
1,7,3.22,9,1,3,1,5,0,3,4,0,4,0,0,4,1
13,13,3.4,1,1,2,0,5,0,1,0,1,1,0,2,2,1
8,40,3.27,7,0,3,0,8,0,0,2,2,3,7,3,0,1
5,0,3.11,9,2,0,1,4,1,8,4,4,4,4,2,0,0
10,59,3.02,8,1,0,1,3,1,0,7,3,0,4,4,0,1
0,8,2.18,1,2,2,0,2,1,1,3,2,2,4,1,1,0
7,19,2.53,4,2,3,0,9,1,1,1,9,0,8,4,1,1
5,0,2.4,1,1,3,0,7,1,7,1,4,1,1,4,3,1
10,18,2.85,5,2,3,1,0,0,2,7,2,1,1,2,0,0
2,15,3.73,1,0,0,0,1,0,2,3,1,4,4,3,4,0
4,49,3.86,6,2,3,1,3,1,0,2,1,0,4,3,1,1
7,62,2.22,2,1,4,0,7,0,3,3,7,3,9,2,1,1
2,17,2.86,9,0,3,0,7,1,0,4,2,2,2,2,3,0
6,86,2.73,7,0,4,0,4,0,1,3,3,1,3,1,4,0
13,77,2.84,3,2,3,0,5,1,2,0,3,3,2,4,3,0
2,14,3.83,2,0,1,0,6,1,0,2,0,4,3,2,1,1
1,47,3.23,3,2,3,0,6,0,0,4,0,3,3,4,1,0
2,89,3.37,4,0,3,0,4,1,0,0,1,0,0,2,4,1
12,23,2.41,6,1,2,0,3,1,1,2,0,2,4,3,1,1
9,52,2.22,7,2,0,0,9,1,3,8,1,4,0,4,1,0
10,61,3.9,4,2,2,0,2,0,0,10,3,2,3,3,1,1
1,45,2.85,3,0,3,1,9,0,4,3,4,4,3,0,3,0
9,56,2.28,1,0,3,1,6,1,0,10,2,1,4,3,4,1
7,5,3.31,5,2,2,1,3,1,1,1,7,4,7,2,3,0
13,74,2.99,3,0,1,1,9,0,0,2,3,3,0,4,0,1
3,25,3.98,6,1,0,0,8,0,1,10,1,2,3,1,1,1
13,67,3.24,2,1,0,0,1,0,1,2,3,2,0,4,4,0
14,76,3.67,0,0,3,1,8,0,2,0,0,1,3,3,1,0
12,24,3.25,10,2,1,0,1,1,2,3,1,3,4,3,4,1
2,14,2.04,4,1,2,1,7,1,2,3,0,4,1,2,2,1
14,79,2.24,4,2,3,1,1,1,1,4,2,1,4,2,0,1
7,36,3.41,9,2,1,0,9,1,3,4,9,3,7,3,1,0
2,17,3.19,3,1,0,0,3,0,3,0,2,0,4,2,4,0
12,66,2.26,9,1,4,0,8,1,0,1,3,4,1,2,4,0
8,1,3.56,1,0,1,1,3,1,2,3,1,4,7,4,4,0
6,84,2.88,2,2,3,0,7,1,0,1,0,1,4,0,1,0
2,14,3.55,3,2,1,1,5,1,1,1,3,1,1,0,3,1
14,65,2.02,7,2,2,0,1,0,3,0,1,4,0,4,0,1
1,47,3.29,0,0,5,1,3,1,3,1,3,4,4,4,0,1
13,74,3.0,3,1,4,1,8,1,1,3,3,0,2,1,1,1
3,25,2.78,7,1,3,1,2,0,4,8,4,3,2,3,1,0
13,13,3.02,8,0,2,0,0,1,2,4,4,3,0,4,1,1
3,37,2.47,6,2,4,1,1,0,1,7,4,2,4,1,3,1
10,32,2.89,8,0,1,0,1,0,0,7,2,0,3,2,1,0
10,59,3.9,7,0,3,1,7,1,1,8,0,3,2,1,1,0
7,2,2.14,2,0,4,1,6,1,2,4,9,3,7,3,2,0
3,46,2.67,1,0,2,0,9,1,4,8,0,2,3,0,3,0
4,72,3.53,7,2,2,0,3,0,4,1,1,0,2,4,0,1
13,74,2.87,5,2,0,1,3,1,3,3,0,4,0,1,3,0
7,36,2.2,8,2,0,0,6,1,4,1,7,4,7,0,2,0
3,58,3.64,4,2,2,1,7,1,3,9,4,3,0,4,0,1
14,22,2.62,4,0,4,0,4,1,1,4,3,1,2,4,3,0
8,40,2.96,0,2,1,1,2,1,1,1,2,4,8,2,3,0
9,52,2.2,6,2,0,1,9,0,3,9,3,2,0,1,3,0
11,73,3.9759058927116193,3,1,1,0,2,1,4,0,2,0,3,2,2,1
1,45,3.8,7,1,3,0,7,0,1,0,1,3,1,0,0,1
14,79,3.19,7,2,3,0,4,1,1,1,3,4,4,4,2,0
8,27,3.74,6,0,2,1,1,1,2,0,0,2,9,3,1,0
2,89,3.72,2,0,4,1,9,1,2,4,2,1,0,1,2,1
9,52,2.22,4,0,3,1,9,1,3,8,2,0,4,1,0,1
14,42,2.44,4,2,0,1,9,1,3,0,4,0,4,2,1,1
7,19,2.07,4,1,4,1,1,1,4,4,10,1,8,1,2,1
14,42,2.55,1,1,2,1,3,1,3,3,0,4,2,2,3,1
14,22,2.65,8,0,1,1,5,1,2,4,3,3,0,3,1,1
10,81,3.16,4,2,2,0,6,0,2,8,1,0,4,2,0,1
6,84,2.88,0,0,1,0,3,1,3,1,3,4,0,3,1,1
10,32,3.31,0,0,2,1,2,0,2,10,0,1,3,0,4,1
5,29,3.31,5,1,4,1,0,0,7,2,1,1,1,0,2,0
0,8,2.53,3,1,0,1,5,0,1,0,2,2,0,1,4,0
6,28,3.07,3,1,2,1,7,0,2,2,4,1,3,2,1,0
12,83,2.88,10,2,0,1,7,0,2,2,2,4,4,2,4,1
3,46,3.68,9,0,3,0,2,0,2,8,2,3,2,3,1,1
1,10,3.52,2,1,5,1,4,0,2,4,4,3,4,4,0,1
3,46,3.68,6,1,1,0,5,0,3,8,3,0,4,4,1,1
4,6,2.5,6,1,2,1,2,0,4,2,2,0,3,2,2,1
8,39,3.95,7,0,2,1,6,0,1,1,2,1,8,1,3,1
1,45,3.04,3,0,4,1,6,1,3,4,2,0,2,0,1,1
14,76,3.66,8,0,2,1,4,0,3,1,4,2,0,0,4,1
13,13,3.18,4,2,1,0,7,1,0,4,4,1,0,0,1,1
7,41,3.76,2,0,2,0,4,0,4,0,10,0,9,3,1,1
2,15,3.51,8,2,2,1,7,1,3,0,2,1,1,4,2,0
6,84,3.4,6,2,1,0,6,1,2,0,0,0,4,0,2,1
4,6,2.73,6,0,4,1,2,0,0,0,3,3,2,2,4,1
12,24,3.74,10,0,2,1,8,0,0,2,2,4,3,2,2,1
6,84,2.96,2,1,1,1,4,1,3,3,0,3,4,3,3,0
6,86,2.15,9,1,2,0,7,1,4,2,0,2,2,1,1,0
1,10,3.6,8,0,5,1,3,0,1,3,0,2,0,4,0,1
5,0,3.06,2,1,4,0,4,0,7,0,0,4,3,4,0,1
1,7,2.04,3,1,3,0,7,1,1,3,1,2,3,3,2,1
11,33,3.674286833620985,3,0,4,1,9,1,2,3,0,4,3,2,0,1
0,87,2.12,7,0,2,1,9,0,3,1,0,2,1,0,2,0
5,29,2.27,8,1,0,1,1,0,10,0,0,0,3,1,0,0
12,24,2.18,5,1,0,1,2,1,3,3,0,1,4,0,2,0
3,58,3.57,0,2,2,1,4,1,2,7,3,4,3,3,3,0
13,77,3.59,6,2,0,1,3,1,1,1,4,1,4,2,3,1
3,58,2.79,4,0,3,0,7,1,4,7,4,1,3,4,2,0
11,31,3.783508130493334,3,1,3,1,0,0,1,1,4,4,0,2,2,1
2,15,3.17,4,2,3,1,2,1,4,1,0,0,0,0,1,0
1,12,2.14,5,1,4,1,5,1,0,0,2,3,0,0,4,1
8,40,2.15,3,0,2,1,7,0,1,4,0,4,8,1,0,1
11,73,3.962837415440356,7,1,3,0,4,0,3,3,2,4,1,0,2,0
4,6,2.78,6,2,3,0,9,0,0,0,1,1,1,4,3,1
6,75,2.2,0,1,1,1,0,0,1,2,2,0,4,3,2,0
8,39,2.2,1,1,1,0,7,1,3,3,2,3,7,1,3,0
2,15,2.84,7,2,3,0,9,1,2,4,4,2,2,0,1,0
1,12,3.9,0,1,3,0,0,0,4,0,4,2,2,4,2,0
2,44,2.14,9,2,0,0,1,1,3,1,0,3,2,3,2,0
7,21,3.01,4,2,4,1,7,0,4,4,8,1,10,1,0,1
10,61,2.48,7,2,4,1,2,1,3,9,4,2,3,4,4,0
8,1,3.51,3,2,2,1,2,1,0,1,1,0,7,4,3,1
0,8,3.22,7,2,0,0,9,1,3,3,4,4,3,4,4,1
5,88,2.66,9,1,1,0,8,0,8,3,3,3,2,0,1,1
10,32,2.09,4,0,0,1,1,1,2,9,4,4,1,2,2,1
11,31,3.690209852116399,3,2,1,0,3,1,0,2,1,2,1,0,3,0
5,43,2.83,8,1,2,1,9,0,7,4,1,2,4,4,3,0
8,1,3.6,8,1,2,1,2,0,3,0,1,3,7,3,1,1
4,20,3.79,4,1,1,0,1,0,2,1,0,0,0,1,3,0
6,35,2.01,7,0,2,1,7,0,2,0,4,2,3,2,0,1
5,88,3.04,3,2,4,0,3,0,8,0,1,3,0,3,4,1
2,63,3.82,7,2,2,0,4,1,0,1,2,3,2,2,3,1
6,35,2.3,5,1,1,0,2,1,2,4,3,4,1,0,4,0
11,68,3.58422219257136,8,2,0,1,7,0,3,3,3,3,2,3,0,1
3,37,2.12,8,0,0,0,9,0,0,8,1,3,0,0,4,1
5,29,3.41,3,2,3,0,1,1,8,4,1,4,4,2,3,0
1,10,2.23,4,0,5,0,7,0,4,1,2,1,2,2,3,1
9,55,2.14,3,1,0,1,2,1,0,8,0,3,3,0,4,1
10,81,3.49,7,2,1,1,5,0,4,8,4,4,2,0,2,0
10,59,2.2,8,1,4,0,5,0,1,7,1,0,1,1,3,0
1,7,2.31,9,0,4,0,4,1,3,3,0,4,2,3,3,1
12,24,3.58,8,2,1,1,9,0,4,0,3,0,3,3,3,0
11,31,3.69941139044845,1,0,3,1,8,0,0,1,4,2,4,2,2,0
10,4,3.86,0,1,4,0,0,0,0,9,3,0,0,3,4,0
6,84,2.74,5,1,0,1,7,0,4,3,1,1,1,0,3,0
14,22,3.59,1,2,1,1,1,0,0,3,0,1,2,2,1,1
5,30,3.36,1,1,4,0,7,1,10,1,4,0,3,0,4,0
1,45,2.11,5,2,5,1,6,1,1,3,1,4,4,4,1,1
8,51,2.0,4,1,4,1,5,0,1,0,2,3,7,4,3,0
13,74,3.03,7,0,2,0,4,0,2,3,4,1,3,4,3,1
14,42,2.03,2,1,2,1,3,1,3,4,4,2,0,2,3,0
6,35,2.67,1,2,0,1,9,0,4,1,1,0,2,0,4,1
10,32,3.37,8,2,3,0,9,0,2,10,4,3,0,4,2,1
12,83,3.4,8,1,2,0,1,0,3,0,1,1,3,3,3,0
7,16,3.52,3,1,1,1,8,0,1,3,10,2,7,2,2,0
13,67,3.49,4,2,3,1,1,0,1,3,1,0,0,0,3,1
4,6,2.9,4,2,2,0,1,1,0,0,4,3,0,3,3,0
6,84,2.75,5,0,0,0,5,1,4,0,2,3,1,2,3,1
5,43,2.09,9,2,1,0,4,1,7,4,1,3,1,3,0,1
1,12,3.79,6,2,4,1,8,1,3,0,1,4,4,1,4,0
0,9,2.43,6,2,0,1,7,1,0,4,0,1,0,2,2,1
7,19,2.98,5,1,4,0,6,0,0,2,7,2,10,3,3,0
12,66,2.51,10,1,3,1,2,0,4,2,0,4,4,1,2,1
10,18,2.17,3,2,4,0,3,1,3,7,1,4,2,4,2,0
6,84,2.65,0,0,4,0,6,0,4,1,3,3,4,4,0,0
14,80,2.02,5,1,0,1,0,1,4,2,0,1,1,4,1,0
7,41,3.2,7,2,0,1,1,0,3,4,8,4,10,0,1,1
3,25,3.89,9,0,4,1,5,0,2,8,1,2,3,2,0,1
12,64,3.54,6,1,1,1,8,0,3,0,2,2,0,0,1,1
4,20,3.04,4,2,1,0,7,0,2,2,0,1,2,3,1,1
4,72,3.31,9,1,0,0,1,1,0,1,3,1,0,1,1,1
6,84,2.22,6,1,0,0,9,0,1,4,4,1,1,2,4,1
0,87,2.28,7,2,2,0,6,1,1,2,2,3,0,1,1,0
3,58,2.16,2,0,0,1,4,1,0,8,4,4,0,1,1,0
11,68,3.561611327086083,2,2,1,1,4,1,1,4,0,1,0,4,2,0
4,49,3.65,0,0,2,1,4,0,4,2,3,0,4,0,3,1
12,64,3.28,9,1,0,0,9,1,0,4,2,4,4,4,2,1
3,46,2.61,7,2,1,0,4,1,0,9,2,0,3,3,4,1
3,46,2.92,8,0,4,1,0,1,3,10,3,3,0,4,0,0
11,85,3.783656109814452,5,0,1,0,1,1,0,1,4,1,3,3,1,0
10,81,3.93,6,0,1,0,4,1,2,10,2,0,3,4,4,1
12,66,3.6,8,1,0,1,2,0,0,1,3,3,2,0,2,0
2,14,3.4,2,0,1,0,4,1,1,1,3,2,4,1,2,1
8,38,2.21,2,2,4,1,2,0,2,2,3,0,9,1,1,1
9,57,3.41,8,2,3,0,8,0,3,7,1,0,3,4,4,1
2,14,2.13,3,2,4,1,7,1,3,1,4,2,0,3,0,1
12,83,2.07,6,0,4,0,0,0,2,3,0,1,0,4,2,0
14,42,2.25,9,0,1,1,2,0,2,2,3,3,0,0,0,1
14,65,3.03,8,2,4,1,7,1,0,2,4,3,3,4,3,1
11,73,3.7575875851668656,7,2,4,1,2,1,0,4,0,4,3,0,1,0
7,19,3.63,9,0,2,1,5,0,2,1,8,4,7,1,3,0
8,1,2.59,0,0,0,1,5,1,1,0,4,3,9,2,3,0
1,45,3.38,9,0,4,0,3,0,2,1,3,0,0,4,3,1
3,58,3.54,4,0,0,0,2,1,3,7,0,0,0,4,4,1
4,69,2.18,7,2,0,0,3,1,4,4,3,3,1,3,0,0
2,15,3.19,5,0,1,0,2,0,3,2,3,3,2,4,4,1
1,45,2.28,0,0,5,1,1,0,0,0,0,3,1,4,2,1
11,31,3.6510302509173975,7,1,3,1,8,1,0,0,1,2,3,4,1,0
3,25,3.47,6,1,1,0,7,1,3,9,1,1,0,2,1,1
14,22,2.42,7,2,1,1,5,1,2,0,0,3,0,1,2,0
12,66,2.99,6,1,1,1,9,0,0,0,1,2,1,1,2,1
4,20,2.57,2,0,4,1,3,1,2,2,0,4,1,4,2,0
11,33,3.883328067600203,9,2,3,1,7,1,0,0,0,3,0,0,3,1
8,39,3.02,8,0,4,1,8,0,0,4,3,3,7,2,2,1
3,46,2.72,5,1,4,0,5,1,0,8,1,1,4,1,2,1
6,28,3.87,0,0,0,0,0,1,4,0,1,1,1,4,4,1
3,46,3.35,6,0,2,1,6,1,4,7,1,3,3,2,3,1
9,52,3.17,3,0,1,1,6,1,2,10,3,0,0,0,0,1
13,13,3.67,2,1,0,0,9,1,3,0,1,4,1,1,4,0
7,21,2.62,9,1,4,0,4,1,0,3,7,1,9,4,3,0
1,10,2.87,1,2,4,1,2,1,2,3,2,4,2,4,4,1
9,55,3.19,0,2,0,0,0,1,0,9,0,0,1,4,3,0
14,80,3.27,8,2,3,0,4,1,2,3,1,0,2,2,2,0
10,59,2.14,6,0,1,1,7,0,4,9,2,2,0,2,3,0
7,41,2.27,3,2,4,1,9,0,0,2,8,2,9,2,2,1
12,24,2.75,10,2,2,0,8,1,2,3,3,1,3,3,0,1
11,31,3.797238167593087,7,2,3,1,0,1,3,0,3,1,2,2,3,0
0,8,2.92,3,0,1,1,1,0,1,3,1,2,3,1,0,1
5,29,3.0,1,0,3,0,2,1,10,0,2,2,2,0,1,0
3,46,2.78,2,0,4,1,3,0,3,9,2,1,3,0,4,0
14,11,2.75,0,1,1,1,6,0,0,3,2,1,2,0,1,1
0,87,3.32,6,0,1,1,6,0,4,1,3,4,2,3,0,1
1,12,2.6,7,0,4,1,0,1,1,1,0,3,3,4,0,0
10,61,2.41,3,2,3,1,2,0,4,7,2,0,0,2,2,0
2,89,3.4,2,1,0,0,1,1,2,0,1,2,1,4,0,1
4,20,3.76,5,1,4,0,6,0,4,4,3,3,3,1,2,0
2,15,2.0,6,0,3,1,6,0,1,3,2,2,1,3,1,0
11,68,3.995627996851094,0,1,2,0,5,1,0,3,0,4,1,0,4,0
11,71,3.909353528559616,1,2,0,1,5,0,3,2,3,2,3,3,1,1
13,77,3.28,8,0,4,1,4,1,0,1,3,2,3,1,3,0
1,45,2.64,0,1,4,1,9,0,3,3,4,0,3,2,2,1
2,63,2.26,3,1,3,0,3,1,4,2,4,3,0,1,2,1
0,9,2.17,2,2,1,0,7,0,4,0,1,0,0,3,4,1
5,0,3.67,0,2,0,1,4,0,10,2,1,3,0,2,0,0
7,41,2.17,4,1,3,1,1,1,1,2,7,1,7,4,4,1
7,19,3.97,7,2,3,0,9,0,3,0,7,1,9,2,3,1
2,15,2.68,1,0,3,1,5,1,3,4,4,2,0,1,4,0
8,51,2.78,5,0,1,0,0,0,2,1,2,3,8,3,4,1
0,8,3.21,2,0,2,0,1,0,3,3,2,2,3,4,3,1
1,47,3.82,9,0,3,1,3,0,1,0,1,4,0,2,4,0
10,60,3.53,8,2,0,1,6,1,0,10,0,3,3,0,0,0
0,87,2.55,2,0,4,1,1,0,4,0,0,4,2,1,1,1
5,88,2.93,0,2,0,1,9,1,7,3,1,1,1,2,4,0
0,53,2.38,2,1,4,0,6,0,0,4,0,0,1,1,0,0
14,11,3.47,0,2,1,0,2,1,4,3,3,3,2,4,3,1
5,0,3.4,6,2,4,0,0,0,10,1,1,2,4,0,2,0
6,75,3.74,9,2,1,1,8,0,2,0,4,4,0,0,2,1
3,46,3.33,3,2,4,0,6,0,1,8,0,1,0,3,4,1
8,3,3.8,4,2,2,0,6,0,3,1,4,4,7,2,2,0
10,81,2.21,7,0,2,0,8,1,0,9,0,0,0,3,1,0
7,5,2.96,4,1,2,0,4,1,4,2,8,4,8,2,2,0
12,66,2.1,6,1,0,1,5,0,3,4,1,1,2,3,3,0
12,24,3.47,7,2,1,0,1,0,4,3,4,1,2,0,1,1
11,33,3.723176175598821,9,2,4,0,3,1,0,2,3,4,2,1,0,1
8,3,3.77,0,2,4,1,3,1,3,4,1,0,10,2,0,1
4,49,3.98,6,2,1,0,3,0,1,1,3,3,2,2,1,0
9,56,3.38,6,0,1,1,7,1,2,10,2,1,0,3,2,1
4,72,2.71,5,2,0,0,1,1,1,3,3,3,1,3,1,1
13,74,2.9,2,1,1,0,8,0,3,4,1,1,1,1,1,0
11,31,3.8450024454103326,2,1,3,1,8,0,2,1,2,0,2,4,4,1
7,21,3.97,4,1,4,0,2,0,2,3,10,2,9,1,1,1
8,39,3.91,7,2,1,1,8,0,3,0,0,3,8,4,1,0
3,37,2.31,6,2,3,0,6,1,3,7,4,4,3,1,0,0
12,66,2.54,5,2,0,1,1,1,4,0,0,2,2,1,0,0
6,84,2.34,3,1,3,0,6,0,2,2,1,1,0,2,2,1
2,14,3.91,3,1,0,1,3,0,1,2,4,3,2,0,2,0
6,35,2.42,7,0,0,1,4,0,2,4,4,0,3,3,1,0
11,73,3.617321040927727,7,0,3,1,1,1,3,1,2,3,2,2,1,1
0,53,2.75,9,1,2,0,2,0,0,3,0,1,2,3,1,1
7,36,3.55,9,2,0,1,2,0,2,4,8,2,10,4,0,0
7,2,3.38,1,2,4,1,4,1,2,2,10,0,10,4,3,1
7,41,2.41,1,2,0,0,9,0,3,4,7,0,10,0,0,1
7,21,3.42,7,1,1,1,7,1,0,2,7,3,8,4,3,0
2,14,2.61,8,1,4,0,0,1,2,1,2,1,1,2,1,0
5,0,3.69,0,2,0,0,4,0,8,0,2,1,2,3,2,1
11,33,3.893950994146132,2,2,3,0,1,1,0,3,3,3,3,2,0,0
2,15,2.3,3,1,3,0,1,0,0,1,0,3,3,2,1,1
3,58,2.76,6,0,2,1,7,0,3,10,1,0,4,0,2,0
11,71,3.891014043835193,1,0,0,0,9,1,4,0,0,4,3,0,2,1
4,69,2.0,8,1,2,1,5,1,3,3,3,4,4,2,2,1
7,2,3.46,7,1,1,1,2,0,0,0,10,1,8,1,0,0
12,24,2.3,6,2,3,0,7,1,1,4,2,0,4,1,1,0
13,74,3.08,6,1,2,0,6,0,1,1,4,4,4,1,2,0
7,62,2.78,1,0,1,0,2,1,2,3,7,4,7,2,2,1
3,37,3.65,2,0,0,0,9,0,4,9,0,0,4,2,3,1
1,10,2.62,3,2,3,1,9,1,3,0,4,3,2,2,2,0
1,10,2.24,4,1,5,0,1,0,2,3,0,4,1,0,1,1
9,52,2.4,8,1,3,1,6,1,1,10,3,4,1,2,4,0
11,73,3.7236012702524177,7,0,3,1,9,0,1,1,3,4,3,4,1,1
13,77,2.72,8,1,2,1,4,0,4,0,1,3,0,1,4,0
7,62,2.62,2,1,3,0,0,1,0,1,8,1,9,2,3,0
2,44,2.18,5,2,1,0,2,1,1,1,3,3,4,2,4,0
2,34,3.66,3,2,0,1,8,0,2,3,2,0,1,1,0,1
9,52,2.42,4,2,4,0,4,0,3,9,0,4,2,1,3,1
1,47,2.08,4,2,3,1,3,1,2,4,1,1,4,2,2,1
13,77,2.77,0,0,1,1,9,0,2,3,2,2,4,3,0,0
3,37,2.92,1,2,3,1,4,0,3,10,4,2,3,3,1,1
7,16,2.83,2,0,2,1,5,1,4,1,8,4,7,1,0,0
9,57,3.14,5,1,0,0,2,1,4,8,0,4,1,0,2,1
3,58,3.47,2,2,0,1,3,0,4,9,4,2,0,2,0,1
1,45,2.61,1,1,4,1,6,0,4,4,0,2,2,3,1,1
6,35,3.38,8,0,4,1,9,1,4,3,0,2,4,0,0,0
0,53,2.36,4,2,2,1,3,0,0,2,2,1,1,1,1,1
5,0,3.14,4,0,2,1,1,0,7,2,0,2,3,4,0,1
7,16,3.19,6,0,4,0,7,0,0,0,9,2,7,3,0,1
3,37,3.06,2,2,1,0,4,0,2,9,1,0,0,2,0,0
11,33,3.611807217248156,4,0,0,1,3,0,0,4,0,0,4,0,4,0
6,84,2.58,2,2,4,1,4,1,4,0,2,4,4,0,3,0
13,13,3.39,4,1,3,0,7,0,4,2,4,2,3,3,2,0
9,56,2.28,2,0,0,1,9,1,3,7,4,3,2,3,4,1
3,37,2.63,5,0,1,0,0,0,1,7,4,4,0,2,3,0
8,40,2.21,8,1,2,1,5,0,2,1,3,3,8,4,3,0
12,24,2.5,8,0,1,1,0,1,3,3,0,3,3,4,3,0
11,73,3.569599012308765,9,1,4,0,1,0,1,1,0,3,4,1,2,0
14,65,2.15,2,1,2,0,0,0,0,4,3,3,2,2,2,1
2,34,2.08,4,0,0,0,6,0,2,3,2,0,1,0,4,0
8,40,2.1,1,2,2,1,4,0,4,2,0,3,10,1,2,0
12,23,2.2,7,1,2,1,1,1,3,2,1,3,3,3,1,0
3,58,3.42,7,1,1,0,8,1,2,8,0,0,0,0,2,1
5,82,2.39,6,1,1,1,3,1,7,0,4,2,1,2,3,0
12,83,2.29,6,0,4,1,3,0,0,0,4,0,4,1,2,0
10,4,3.68,4,0,0,1,3,0,3,8,2,3,1,4,1,0
6,84,2.47,9,1,0,1,8,1,3,0,0,4,2,2,0,1
4,20,3.51,7,2,2,1,8,0,2,4,2,0,3,1,2,0
4,49,3.84,9,2,0,1,8,1,4,1,4,2,0,1,3,1
8,40,2.8,8,1,0,1,3,0,1,0,1,1,10,2,3,0
8,3,3.37,0,1,1,0,6,0,1,0,0,4,10,3,3,0
3,25,2.01,6,2,4,1,0,1,0,10,4,1,4,0,4,1
11,71,3.65590806654263,5,1,1,1,4,1,1,2,1,1,1,0,1,0
11,73,3.938052596299021,9,2,0,1,3,1,4,4,4,2,0,4,1,0
0,9,3.68,9,0,3,0,8,0,1,2,4,2,2,0,3,1
11,71,3.9257243187756328,3,0,4,0,8,1,1,0,0,4,3,2,3,0
7,41,2.75,8,1,2,1,0,1,3,3,9,1,7,4,1,0
13,13,3.47,1,0,4,1,6,1,2,1,3,0,2,2,3,0
7,62,3.44,5,0,3,1,1,1,1,2,9,3,10,3,4,0
12,23,3.49,7,2,3,1,0,1,0,3,1,1,4,2,0,0
14,11,3.27,2,0,2,0,0,1,0,1,0,0,4,0,1,0
7,36,3.21,4,0,2,1,1,0,4,4,8,1,8,3,3,0
14,79,3.6,9,1,4,1,7,0,3,2,3,0,3,4,1,1
13,13,2.77,4,0,2,1,6,0,1,3,1,1,3,3,4,1
6,35,2.63,4,1,0,0,0,0,2,3,1,1,2,4,0,0
13,13,3.65,2,2,1,1,3,0,4,0,2,2,3,1,1,1
9,55,2.53,7,1,2,0,4,1,3,9,2,0,3,3,1,1
6,86,2.43,4,0,1,1,9,1,1,3,0,3,0,4,0,1
10,32,3.14,5,1,2,1,0,1,1,9,0,0,0,1,0,1
7,21,2.28,0,1,3,1,9,0,2,0,7,0,9,4,3,0
14,79,2.33,3,0,2,0,9,0,0,2,0,0,1,1,3,0
12,66,3.57,10,1,1,1,4,1,0,1,2,1,0,4,4,1
9,57,3.12,0,2,0,0,4,1,1,9,2,3,0,0,3,0
7,16,2.22,3,1,0,1,7,0,1,1,10,4,10,1,3,1
5,88,3.16,8,2,0,0,6,1,7,2,4,1,0,4,3,1
1,47,2.6,2,2,5,1,3,1,4,2,0,2,0,0,0,0
8,78,2.49,4,0,3,1,1,0,1,3,4,4,7,1,4,1
2,17,2.84,2,0,1,1,2,0,0,4,0,0,1,3,4,1
12,66,3.19,8,2,2,0,0,0,4,3,2,2,3,1,2,0
14,22,3.26,7,2,3,0,3,1,2,0,2,1,4,3,2,0
4,49,2.98,5,2,3,0,1,0,4,3,3,1,4,2,2,0
6,84,2.07,0,0,3,0,2,0,0,3,1,0,0,0,1,0
4,69,3.73,0,0,2,0,4,1,4,0,3,2,0,0,4,0
13,67,3.04,7,2,1,0,3,0,4,3,2,4,4,3,1,1
7,2,2.37,0,0,2,1,0,0,0,2,9,1,10,4,4,0
13,13,3.98,4,1,2,1,5,1,3,1,4,4,1,0,3,1
6,28,2.35,8,0,0,0,8,1,3,2,1,1,4,4,0,0
3,46,2.45,0,1,3,0,9,0,2,9,3,4,2,0,0,1
12,23,3.22,8,2,3,1,8,1,0,2,3,3,0,0,2,1
6,28,3.54,0,1,4,0,7,1,2,0,1,0,3,3,1,1
8,40,3.07,3,1,4,1,0,1,4,0,3,0,8,4,0,0
4,72,3.57,9,0,3,1,1,1,2,2,4,0,3,4,0,1
10,61,2.41,6,2,2,0,9,1,2,9,4,1,2,0,3,1
3,37,3.2,1,2,4,0,2,0,1,8,3,0,1,3,1,1
0,50,3.43,5,2,4,0,8,1,4,0,1,0,1,2,2,0
11,31,3.509596138411528,2,2,0,0,7,0,0,3,4,1,3,1,0,1
5,43,2.74,0,2,4,0,4,0,8,4,4,1,4,4,2,1
4,69,2.03,2,0,1,0,5,1,3,4,2,0,4,1,2,0
1,7,3.77,5,0,3,0,1,0,2,0,0,1,4,0,1,1
14,11,2.94,1,0,2,1,3,0,2,0,4,2,3,3,1,0
14,26,2.63,5,1,0,0,9,0,3,0,0,3,4,2,4,0
10,4,2.63,0,0,3,1,6,0,2,7,1,3,2,1,4,0
13,74,3.88,0,1,1,1,2,0,3,4,3,3,1,4,0,1
14,26,2.35,0,2,1,0,5,1,4,1,0,2,3,4,3,1
10,4,3.72,9,0,1,0,4,0,1,7,3,4,3,4,2,0
3,25,2.29,3,0,4,0,0,1,2,10,3,3,4,4,0,1
6,86,3.42,7,0,1,1,5,1,1,1,3,0,3,1,3,1
13,67,2.62,1,2,1,1,3,0,3,0,3,1,2,0,3,0
2,15,2.37,7,2,2,0,0,0,2,0,1,2,0,2,1,0
3,25,3.54,9,2,3,0,4,0,1,9,3,0,2,1,3,1
7,16,2.95,3,0,0,1,1,1,1,0,10,0,7,2,1,1
5,43,2.4,6,2,1,0,3,0,8,4,3,4,3,2,3,1
11,73,3.575024332346992,1,1,1,1,2,0,4,1,1,3,4,1,3,0
11,71,3.6217389842024335,6,1,2,1,1,0,4,1,4,4,0,2,3,1
14,26,3.65,1,2,0,0,1,1,1,2,4,3,1,4,2,1
9,52,2.53,0,2,2,0,7,1,1,7,3,1,0,1,3,1
6,28,2.16,4,1,2,1,2,1,0,0,1,0,2,2,4,1
6,84,3.94,2,1,2,1,9,0,0,4,4,0,2,2,3,0
6,28,3.43,6,2,4,1,2,1,4,1,0,3,2,4,1,1
13,13,3.24,7,1,1,1,1,1,1,3,4,1,3,1,4,1
14,11,3.26,0,2,4,1,3,1,4,0,3,2,3,1,0,1
14,76,3.44,5,2,2,1,2,0,3,2,4,4,4,3,3,1
3,58,2.29,6,0,2,0,6,1,0,10,4,1,2,4,4,1
6,86,2.73,7,0,1,1,9,0,2,1,2,0,2,2,0,0
8,78,2.28,8,0,4,0,6,1,0,4,3,4,7,1,2,1
3,58,2.9,8,2,0,0,5,1,0,7,3,3,2,0,3,0
5,29,3.82,7,0,4,0,1,1,10,1,4,3,0,2,3,1
8,78,3.13,0,1,1,1,8,1,0,4,0,0,7,1,4,0
8,1,3.48,2,2,4,0,4,0,3,4,4,4,8,3,0,1
0,87,3.71,9,2,2,0,3,0,3,2,3,0,4,2,2,1
6,75,3.04,5,0,4,1,4,1,4,4,2,0,2,3,4,0
1,47,3.5,8,0,3,0,0,0,2,3,4,3,0,1,3,1
1,47,3.35,5,1,5,1,7,0,4,3,3,2,4,1,0,0
9,56,2.89,7,0,1,1,0,0,4,10,4,0,3,0,0,1
5,30,3.24,1,0,4,0,1,1,8,2,2,4,3,2,1,1
11,85,3.806966792380031,9,1,0,1,2,0,3,4,2,2,2,1,1,0
5,88,2.87,2,1,1,1,2,0,9,2,0,0,1,2,1,1
10,4,3.71,1,2,0,1,8,0,0,9,1,4,2,2,4,1
2,17,3.31,5,2,1,1,0,1,1,3,1,3,2,2,3,1
14,76,3.17,0,1,3,1,5,0,0,2,0,2,1,0,3,0
10,32,3.44,6,1,2,0,2,1,4,7,0,0,4,4,4,1
7,41,3.35,0,1,1,0,5,1,3,3,10,1,7,1,0,0
4,20,3.8,5,2,2,1,9,1,2,4,4,4,0,0,0,1
3,46,2.46,5,1,0,1,5,0,1,9,2,3,3,1,1,0
6,86,3.9,8,0,4,0,6,1,1,4,0,3,2,1,2,1
5,43,2.4,3,2,1,0,1,1,9,0,1,2,4,2,0,1
7,41,3.27,9,0,4,0,8,0,0,1,10,0,9,3,3,1
1,10,2.82,5,2,3,0,3,0,1,3,3,1,2,2,0,0
4,49,3.96,0,2,3,1,7,1,4,1,4,3,3,1,1,0
12,83,3.35,6,2,2,0,2,1,3,4,4,3,3,2,3,0
13,67,2.87,5,2,2,1,7,0,4,3,1,0,1,3,2,1
10,61,3.33,7,0,3,0,8,1,0,10,4,4,0,1,4,1
9,52,3.02,7,0,1,1,1,1,2,10,2,4,0,2,0,0
5,30,2.52,0,0,4,1,9,0,9,3,2,1,1,3,2,0
13,67,2.81,3,0,0,1,9,0,4,3,2,1,1,3,4,0
11,71,3.677420680128445,7,1,2,0,2,0,3,0,1,0,3,2,4,1
6,75,3.09,9,1,4,1,1,0,1,3,4,3,0,0,0,0
11,31,3.7748080218594624,1,1,3,0,3,0,3,3,1,4,3,2,0,1
12,64,2.95,10,2,4,0,1,0,1,2,1,1,1,3,1,0
7,16,2.86,2,1,2,1,7,1,0,0,10,2,10,4,0,1
7,19,2.54,2,1,2,1,5,0,1,3,9,1,7,2,0,0
4,20,3.83,2,0,0,1,4,0,0,1,2,3,4,0,3,1
14,79,3.57,4,2,1,1,5,0,4,1,4,2,1,3,4,0
7,62,3.35,8,1,3,1,2,0,1,0,8,3,9,2,3,0
7,36,2.19,5,2,0,0,1,0,3,2,10,4,7,3,4,1
14,22,3.52,2,0,2,1,6,1,4,2,0,0,2,4,4,0
0,8,2.54,4,0,1,1,9,1,4,1,4,2,3,2,3,1
7,21,2.09,2,0,2,0,9,0,1,1,8,3,7,4,2,0
6,75,3.9,8,0,0,1,3,1,2,0,2,4,3,0,3,1
11,33,3.899357095827287,2,2,4,1,9,1,1,3,3,4,3,1,0,1
12,66,2.35,7,0,4,0,3,1,0,4,3,4,0,3,1,1
11,33,3.800940794818161,0,2,2,0,6,0,2,0,4,2,4,0,3,0
0,9,3.68,6,2,3,0,8,1,3,3,4,1,1,4,1,0
4,49,3.73,1,0,3,0,3,1,0,0,4,2,2,2,4,0
9,56,2.95,1,2,4,0,2,1,3,9,4,4,3,2,4,0
5,29,3.91,0,2,4,1,5,1,9,1,0,1,3,2,2,0
8,1,2.89,9,2,1,1,0,1,3,3,1,2,10,4,3,1
7,62,3.44,1,2,2,0,8,0,4,3,7,2,9,0,4,1
12,24,3.34,7,0,4,1,4,0,4,0,0,0,2,1,4,0
7,5,3.66,1,0,2,0,9,0,2,4,8,1,10,0,1,0
2,15,2.42,6,2,1,1,2,1,3,4,3,0,2,0,3,1
5,29,2.5,9,0,0,1,8,0,8,0,4,3,3,2,0,1
6,84,2.7,2,2,1,0,1,1,0,2,3,2,0,3,0,1
3,37,2.55,7,2,0,1,4,1,3,10,3,0,4,3,3,1
3,58,3.03,3,0,1,0,1,1,1,10,3,4,4,0,1,1
6,35,3.88,9,2,1,1,5,1,3,2,4,4,1,0,0,0
0,8,3.49,8,0,2,1,4,0,1,3,2,2,3,4,1,1
14,48,2.26,4,0,2,0,6,0,3,0,0,1,3,0,4,0
12,83,3.0,7,0,1,1,0,1,1,2,1,4,3,2,3,1
9,56,2.87,2,1,0,1,5,0,2,10,4,2,2,4,1,1
0,8,2.16,6,0,3,1,8,0,1,3,4,4,4,2,3,1
8,3,2.66,1,1,4,0,5,0,3,2,1,4,7,3,1,0
4,69,2.88,8,1,4,1,6,0,1,1,2,2,0,1,3,0
7,2,2.85,7,0,2,0,3,0,1,1,8,4,7,4,4,0
7,2,3.75,2,0,4,0,1,1,3,2,10,3,8,1,2,1
11,73,3.8642453385808064,1,0,2,0,3,1,4,4,3,0,2,2,2,0
2,89,2.95,1,2,1,0,7,0,1,0,1,0,1,1,0,1
7,16,2.51,5,2,1,1,2,1,3,1,10,3,10,3,2,1
5,30,2.12,5,2,4,1,0,1,10,0,0,4,3,0,4,1
8,38,2.43,5,1,3,1,7,1,0,1,1,3,8,2,0,1
10,18,2.96,0,2,4,1,6,0,2,7,4,3,4,1,0,1
14,65,3.61,6,1,3,0,7,1,3,0,1,4,4,3,4,1
6,84,3.6,4,0,1,0,5,1,1,3,4,2,1,4,3,0
1,7,2.09,8,2,3,0,5,1,3,1,4,1,2,1,1,1
5,29,2.29,0,1,2,1,8,0,8,0,2,3,2,2,0,1
7,2,3.77,2,1,0,0,6,0,0,2,9,0,7,0,0,0
12,66,2.67,7,1,1,0,9,0,0,1,0,3,3,4,3,1
0,87,3.26,3,0,4,1,8,0,4,0,0,4,2,1,3,1
8,27,2.86,2,0,3,1,8,0,0,4,3,3,9,1,0,1
0,50,2.4,0,2,1,1,5,0,3,4,0,1,3,1,1,1
8,27,2.8,5,1,2,1,9,1,4,1,2,0,10,4,4,0
6,84,3.06,4,0,1,1,7,0,2,4,3,0,4,0,2,1
14,65,3.98,8,0,3,1,6,0,0,3,4,2,1,2,1,0
10,18,3.91,7,0,2,0,6,1,1,7,2,1,2,1,3,0
4,72,2.43,6,2,3,1,4,0,1,0,3,4,1,4,4,1
3,58,3.58,7,1,0,0,4,1,2,10,3,4,3,0,0,0
2,44,3.9,9,0,1,1,1,1,3,4,3,2,4,1,0,1
4,6,2.35,7,1,2,1,7,0,3,4,4,4,4,1,4,1
14,42,2.75,1,2,3,1,1,1,1,1,0,4,2,4,4,0
9,55,3.3,2,1,0,1,3,1,3,8,0,1,3,4,1,1
4,49,3.15,1,2,4,0,3,0,4,4,3,2,1,3,3,0
11,85,3.880560768521579,2,0,1,0,3,0,0,4,3,3,1,0,1,1
4,69,3.04,8,0,4,1,8,0,2,0,4,3,1,1,0,0
4,69,3.29,4,0,4,0,4,0,2,2,3,0,4,1,3,1
1,10,2.47,2,2,3,0,8,1,2,2,1,2,0,3,0,0
4,6,3.3,5,0,2,1,8,0,3,1,3,4,4,0,1,0
10,60,3.52,4,1,0,1,2,0,0,10,3,0,1,4,0,1
7,41,3.85,4,2,0,0,2,1,3,3,10,4,9,2,4,0
7,41,2.08,5,1,2,0,3,0,1,1,8,4,8,0,0,0
3,46,2.53,7,1,2,1,1,0,4,7,0,4,3,3,3,1
10,81,2.98,7,0,1,1,1,1,4,7,2,4,1,0,0,1
13,77,3.52,5,0,3,1,6,0,2,1,1,2,0,3,2,1
14,42,3.81,4,0,3,0,5,0,1,4,0,2,3,0,1,1
11,68,3.594012367307708,4,0,1,0,9,1,1,0,0,4,0,2,4,1
3,58,2.12,4,2,3,0,5,1,1,10,1,4,0,0,2,1
4,72,3.02,7,1,3,1,0,0,4,1,4,3,1,0,3,0
13,74,2.33,0,1,2,0,3,1,2,4,0,0,4,1,2,1
1,47,3.57,3,0,4,1,5,1,2,2,4,4,3,3,2,1
5,29,2.66,1,2,3,0,5,1,8,3,3,1,3,0,1,0
4,69,2.91,3,0,1,0,0,1,3,3,4,2,1,0,2,0
13,13,3.54,7,0,4,0,5,1,2,0,0,4,0,2,4,0
9,70,2.7,7,1,2,1,2,0,3,7,3,2,2,4,3,0
14,79,3.01,2,0,3,1,9,1,2,1,1,0,3,2,1,0
14,26,2.24,5,2,4,1,2,1,0,4,4,1,2,4,1,1
12,83,3.46,5,0,4,1,4,0,3,2,3,4,4,2,3,0
7,19,3.92,4,1,4,0,4,0,4,0,10,1,9,3,0,0
11,68,3.9209851857483535,5,1,2,0,7,1,1,1,3,2,2,2,2,0
1,12,2.52,9,0,3,1,5,1,4,2,3,4,0,4,3,1
1,45,2.89,5,0,5,1,6,1,4,0,1,1,1,0,0,1
2,17,2.14,1,2,3,0,1,0,0,0,4,3,3,3,4,0
14,22,2.38,6,1,1,1,0,1,2,0,0,4,4,0,1,0
3,25,2.16,5,2,2,1,4,0,3,8,3,4,3,4,2,1
8,78,3.84,9,1,2,0,0,1,3,0,3,1,8,4,3,1
1,12,4.0,6,2,4,1,1,0,1,1,2,4,2,4,1,1
3,58,2.73,6,1,1,1,9,1,4,8,3,4,1,2,2,0
14,11,2.36,2,2,0,1,1,1,0,0,1,1,1,4,4,0
8,38,2.04,4,2,4,0,1,1,3,2,2,4,10,4,1,0
9,55,3.77,0,2,1,1,7,0,0,8,2,4,1,1,2,0
2,34,2.88,1,2,1,0,3,1,4,3,0,2,4,4,1,0
13,13,2.28,6,2,2,1,7,0,2,0,4,1,4,1,4,1
4,49,3.06,2,0,2,1,7,1,0,4,3,1,3,1,0,0
5,88,2.27,3,0,2,0,5,0,7,4,3,4,4,2,4,1
8,40,3.3,5,2,0,1,2,0,2,0,2,1,10,4,1,1
7,21,3.55,2,0,2,0,6,0,0,2,9,2,9,0,2,1
11,71,3.7550548562494126,5,2,4,0,1,1,4,4,3,0,2,0,4,1
11,68,3.532426797241484,9,2,0,0,7,1,1,0,4,3,0,4,2,0
9,56,3.61,1,2,1,0,2,0,2,9,3,0,2,3,1,0
4,49,2.08,0,2,2,1,1,1,4,2,2,1,4,3,4,0
5,88,2.12,1,1,3,0,1,0,10,4,1,0,3,2,1,0
3,37,3.39,8,2,4,0,5,0,1,10,3,3,0,3,3,1
10,81,2.32,5,0,0,1,4,1,4,8,0,3,0,2,2,0
3,37,2.15,2,0,0,0,9,1,4,9,4,2,4,2,4,0
10,32,3.18,1,2,4,0,1,0,2,10,3,0,3,3,4,1
4,49,2.79,3,0,2,1,6,0,1,0,2,3,1,1,4,0
12,23,3.13,5,0,2,1,2,0,1,4,3,1,4,3,2,1
2,89,3.99,5,1,1,1,6,1,0,4,1,1,1,3,4,1
5,0,3.93,3,2,0,1,9,0,9,4,1,0,0,0,2,1
14,65,2.28,5,1,3,1,0,0,0,2,4,0,4,4,1,0
11,31,3.872962604406837,0,1,1,1,0,0,4,1,2,2,0,1,3,0
13,13,2.54,8,1,2,1,1,0,1,1,2,3,3,0,2,0
5,0,2.25,2,2,3,1,6,0,7,2,3,4,0,2,1,0
10,32,2.29,7,2,2,1,3,0,0,10,3,0,4,1,1,0
3,25,2.64,8,2,3,1,8,0,0,9,2,0,0,0,1,1
8,78,2.8,1,0,0,0,4,1,1,1,0,3,7,4,3,1
6,84,3.31,0,0,2,1,9,0,1,3,3,3,4,2,1,1
12,24,3.53,5,2,4,1,8,0,0,3,1,1,3,3,1,0
13,13,2.35,4,2,4,1,8,0,1,2,0,2,0,3,3,0
5,88,2.39,8,0,2,0,6,0,7,2,3,1,0,0,3,1
3,46,2.11,8,1,0,0,8,0,3,10,4,0,0,4,2,0
7,36,2.69,0,1,4,0,7,0,1,3,9,1,9,3,3,0
1,10,3.98,7,2,4,0,0,0,1,0,2,2,2,0,0,0
2,17,3.51,9,1,3,0,6,0,0,3,3,0,0,2,3,0
9,54,3.62,1,0,1,0,5,0,1,7,3,4,4,4,0,0
0,53,3.29,5,2,4,1,0,0,3,3,1,0,3,0,4,0
11,71,3.892825809040116,9,0,2,1,9,1,2,2,0,1,4,3,1,1
3,46,2.6,6,0,0,1,9,0,0,9,3,3,0,0,4,1
1,47,2.87,7,2,5,0,3,0,3,0,2,2,4,1,3,0
1,10,2.51,8,1,4,0,9,1,0,0,1,4,3,2,1,0
3,25,2.0,0,1,0,0,6,1,2,7,2,1,0,0,4,1
8,1,2.33,6,1,2,0,7,1,1,3,3,2,10,3,0,0
0,9,2.56,1,0,0,1,8,1,4,4,1,4,4,4,0,1
6,75,3.7,7,2,4,0,9,0,1,2,1,2,1,3,2,1
11,33,3.5826470554850878,0,0,1,1,7,1,3,4,2,0,1,0,0,1
5,30,3.87,9,2,3,0,3,0,7,1,1,0,2,3,3,0
12,83,2.83,10,2,1,0,8,0,2,3,1,4,1,1,4,0
6,86,2.24,6,1,4,0,1,0,3,3,0,4,3,0,3,1
4,6,3.23,3,1,3,0,2,1,1,4,1,4,1,0,4,1
5,43,2.94,5,0,1,0,9,1,9,0,2,0,3,0,3,0
9,55,2.22,7,0,3,1,5,1,2,9,1,2,1,1,2,1
3,37,4.0,9,0,4,0,5,1,2,9,4,1,4,4,0,0
7,5,2.01,8,0,3,1,4,1,3,1,9,1,8,4,1,0
6,28,2.17,0,2,2,1,0,0,3,1,4,3,1,3,4,1
6,28,3.51,7,0,0,0,7,1,2,2,0,1,4,2,0,1
3,25,3.8,6,2,4,1,8,1,0,7,0,4,2,1,3,1
4,49,3.49,4,1,3,0,0,1,2,2,0,3,1,4,4,1
13,74,3.39,9,0,4,1,6,1,2,3,2,2,4,2,4,1
1,7,2.28,8,2,4,0,7,1,1,0,2,3,3,4,4,1
7,41,3.33,0,2,1,1,6,0,3,0,10,2,7,3,1,1
1,45,3.4,2,1,4,0,8,1,2,2,1,1,2,1,2,0
1,45,2.43,4,2,5,0,8,1,0,4,3,1,4,2,4,1
12,24,2.68,5,1,4,0,2,1,3,3,0,0,2,2,4,1
8,3,3.61,4,1,3,1,5,1,2,4,0,0,8,2,3,0
1,10,3.38,9,1,4,1,0,0,2,4,1,0,1,0,1,0
3,37,2.53,4,2,1,0,2,1,3,10,4,0,0,1,4,1
6,84,2.52,6,2,3,0,1,0,2,2,3,1,2,1,3,0
8,3,3.91,6,0,2,1,6,1,4,1,1,0,7,3,4,0
9,70,3.79,6,1,1,0,0,0,0,10,3,2,4,3,2,0
10,60,2.62,9,1,0,1,8,1,4,10,0,2,0,0,4,1
7,2,2.39,1,0,1,1,0,1,1,3,10,2,8,4,4,1
12,66,3.8,6,0,3,0,6,0,3,2,1,1,4,0,3,0
10,61,3.48,7,1,2,1,1,0,0,8,4,4,4,0,3,1
14,42,2.85,3,0,2,1,6,1,1,1,0,4,1,2,1,1
12,23,3.26,8,0,0,0,2,0,1,3,1,3,0,3,0,1
8,38,2.51,5,2,4,1,9,1,4,3,4,1,10,3,2,1
3,37,3.47,4,1,3,0,3,0,3,10,0,4,1,3,4,1
12,64,3.84,5,0,0,1,5,1,3,4,4,3,4,1,1,1
11,31,3.6340695100477567,1,0,3,1,8,1,1,1,4,2,2,2,1,0
2,15,3.06,4,0,0,0,8,0,1,2,1,2,0,0,0,0
1,7,2.19,6,1,5,0,4,0,3,3,0,0,0,2,1,0
11,71,3.809849720099708,3,1,4,1,4,1,4,2,4,0,1,4,1,0
0,50,2.3,6,2,0,1,0,1,2,4,1,2,2,4,2,1
2,15,2.55,7,0,4,0,0,0,4,0,4,1,3,1,0,0
7,2,2.43,5,0,2,0,9,1,4,1,8,1,10,0,3,1
14,76,2.59,4,0,3,1,8,1,1,3,2,3,0,3,0,0
9,52,2.66,5,0,1,1,7,0,0,9,0,2,3,1,1,0
0,87,2.09,5,1,1,1,0,1,2,1,3,0,3,4,0,0
9,52,2.28,3,0,4,1,4,0,3,10,0,2,0,4,2,0
4,72,2.34,7,0,2,1,3,0,3,2,2,0,1,2,2,0
7,62,2.88,6,1,1,0,6,0,2,0,10,4,8,3,3,1
2,34,2.12,2,1,0,0,8,1,4,0,0,0,2,2,0,0
0,8,3.85,4,2,2,1,8,1,0,2,2,4,2,3,0,1
2,17,2.06,4,1,4,0,3,1,2,2,3,1,2,3,1,1
4,69,3.42,0,1,1,1,7,1,1,2,0,1,3,0,3,0
8,40,2.11,6,1,2,1,2,1,0,2,2,1,8,0,1,0
0,9,3.48,5,1,0,0,5,0,3,4,4,2,3,2,3,0
8,51,3.59,0,0,0,1,8,0,3,1,4,2,9,0,3,1
9,56,2.73,3,2,4,0,8,0,3,7,4,0,1,2,2,0
3,25,2.79,2,2,2,1,6,1,4,7,4,1,4,2,1,1
6,35,3.91,3,1,2,1,0,1,1,1,0,3,2,4,1,1
0,50,3.19,9,0,2,0,6,1,0,3,1,1,1,1,1,0
4,20,2.25,4,2,1,0,3,1,1,2,0,0,1,1,4,1
8,40,2.42,7,2,1,0,7,1,0,0,0,0,10,2,3,1
8,3,2.28,5,0,1,0,1,0,1,4,1,1,7,2,0,1
4,72,3.76,3,1,0,1,2,1,3,4,0,2,3,2,4,0
9,54,2.48,6,2,2,1,3,0,3,7,0,4,1,4,4,0
11,33,3.860004019831557,0,2,4,0,3,0,1,0,2,3,3,1,0,1
8,27,2.32,4,1,0,0,9,1,2,4,2,0,8,3,1,1
12,24,3.35,10,2,4,0,8,0,4,2,2,1,2,4,0,0
12,24,2.17,5,2,1,0,5,0,0,4,2,3,0,4,2,1
3,25,2.81,0,2,2,1,5,1,3,7,0,0,2,4,0,1
3,58,2.11,4,2,3,1,3,0,1,8,0,1,4,3,2,1
1,47,2.09,7,1,4,0,1,0,2,3,2,0,0,2,2,1
10,18,2.47,7,1,3,0,2,0,2,7,3,2,2,4,1,1
9,57,3.29,9,0,1,0,9,0,0,7,2,0,3,0,4,0
8,1,3.43,7,1,2,0,2,1,0,0,2,4,8,4,4,1
10,61,3.41,4,2,2,1,2,1,0,8,4,3,1,2,0,0
7,5,2.38,6,1,1,1,2,1,2,4,7,1,8,0,3,0
3,37,3.41,8,1,2,0,3,1,3,7,3,1,2,2,1,1
5,43,3.12,7,2,2,0,2,0,8,1,3,3,0,1,1,1
4,20,2.52,5,1,1,1,9,0,0,0,1,3,2,1,2,1
2,63,3.55,4,1,0,1,4,1,0,0,4,3,0,1,1,1
0,87,3.05,8,0,3,1,0,0,2,4,3,1,2,4,2,1
7,62,2.12,4,1,4,0,6,0,2,0,10,0,10,2,2,0
1,12,3.01,5,2,3,0,8,0,1,4,2,0,3,1,3,0
3,46,2.49,7,0,2,1,2,1,2,8,2,1,1,3,1,0
3,25,3.99,5,2,2,1,7,1,4,10,3,2,2,0,3,0
14,48,2.82,6,1,2,0,2,0,3,0,1,4,3,1,3,1
4,49,2.45,4,0,3,0,5,1,3,1,0,1,4,0,4,0
14,80,2.28,3,2,1,0,4,0,4,1,2,2,1,4,4,1
7,41,3.27,6,0,3,0,5,0,3,3,9,4,9,1,1,1
3,58,2.2,4,1,1,1,4,0,0,10,2,1,2,1,3,1
12,83,3.02,8,0,4,1,9,1,1,2,4,2,0,2,1,0
2,63,3.15,1,2,2,0,2,1,0,1,3,1,4,2,0,0
3,46,2.19,0,1,0,1,4,0,0,10,1,0,2,3,3,1
7,5,3.91,6,2,3,1,3,0,0,3,8,4,10,3,4,1
5,43,3.57,6,2,3,1,3,0,9,0,3,1,4,1,2,0
8,38,2.64,2,1,0,0,4,0,4,0,3,3,10,4,2,0
1,47,2.56,1,0,4,1,4,0,4,4,3,1,0,3,3,0
5,30,2.25,6,0,2,1,5,1,7,0,0,0,4,2,2,1
5,82,2.66,6,2,0,1,8,0,10,2,3,2,3,3,0,0
1,45,3.32,5,2,4,1,0,0,4,3,1,0,2,4,0,0
9,54,2.92,8,1,0,1,8,1,3,9,1,2,4,0,1,0
0,87,3.93,2,1,0,1,8,1,3,1,4,0,2,4,0,0
13,74,3.21,9,1,3,1,4,0,0,4,4,3,0,1,3,1
4,6,2.85,7,2,2,1,3,1,0,3,3,2,4,0,4,1
11,71,3.769350898976357,1,1,2,1,1,1,3,1,1,1,0,0,4,1
1,47,3.33,1,1,5,0,3,1,1,0,0,2,4,3,3,1
0,53,3.04,6,2,0,1,8,0,3,3,2,1,4,0,4,0
4,20,3.45,6,1,0,1,8,1,3,3,1,1,4,3,4,1
13,67,2.54,1,1,4,0,5,0,3,3,3,4,4,3,2,0
6,75,3.78,3,1,0,1,9,0,4,1,0,1,0,2,0,0
10,18,2.34,6,1,1,1,5,0,4,9,0,3,1,4,4,0
2,17,3.37,7,2,0,1,5,1,3,4,4,1,4,2,0,1
6,35,2.38,4,1,2,1,4,1,3,4,0,3,3,1,4,0
8,51,2.05,8,1,3,0,7,0,4,3,2,4,10,1,1,1
1,47,3.13,3,2,4,0,4,1,4,1,0,0,1,4,1,1
11,71,3.89642720951692,3,0,4,1,1,0,2,2,4,4,4,0,2,0
11,71,3.638220845291698,5,0,4,1,1,0,4,0,3,2,0,0,0,0
11,85,3.697985236331228,9,0,1,0,2,1,3,3,2,3,3,3,2,1
12,64,3.08,6,1,0,0,1,1,1,4,1,1,1,3,2,0
12,66,2.4,8,0,3,1,6,1,3,2,2,2,4,0,1,1
1,47,3.77,7,2,4,1,5,0,0,1,3,3,1,2,3,0
5,30,3.71,8,1,0,0,6,1,7,1,1,3,1,1,4,0
9,52,3.18,1,1,1,0,6,0,3,9,0,2,3,0,2,0
4,69,3.63,3,0,0,1,8,0,1,0,1,4,2,1,0,1
14,48,2.57,9,1,4,0,0,1,4,3,0,4,2,1,3,0
2,34,3.74,0,1,1,0,2,0,2,1,4,2,3,3,0,1
10,60,3.18,2,0,2,0,4,0,0,10,0,3,2,2,0,0
6,86,2.75,9,2,2,0,2,1,1,3,3,4,0,3,4,1
12,83,3.61,8,0,1,1,4,0,1,3,3,1,3,3,3,0
4,6,2.62,1,2,1,1,6,1,3,3,3,1,0,2,3,1
1,7,3.86,3,2,4,1,0,0,1,2,1,2,3,2,4,0
9,57,2.24,4,2,3,1,2,0,0,8,3,4,0,0,2,0
11,73,3.928436968037547,4,1,1,1,7,1,1,1,2,2,4,3,4,1
7,21,2.33,3,1,3,0,3,1,0,2,9,4,10,4,4,1
2,34,3.78,3,1,4,0,8,0,0,1,4,4,2,1,3,0
1,10,3.06,6,1,5,0,1,1,1,1,3,1,2,3,3,1
2,17,2.12,5,2,0,0,7,0,1,4,2,2,2,0,4,1
5,43,3.86,6,0,0,0,9,0,7,3,3,2,4,4,4,1
11,73,3.8173356366269706,3,0,2,1,7,1,0,2,4,0,3,1,4,1
4,49,2.01,7,2,2,0,8,1,2,0,3,3,4,1,4,1
4,49,2.44,2,1,3,1,7,0,3,1,3,0,4,2,0,0
11,73,3.989891228927261,2,1,2,1,2,1,1,1,2,4,2,0,1,0
1,12,2.76,9,2,5,0,9,1,2,1,3,3,0,1,1,0
3,25,3.67,1,0,2,0,4,1,2,9,4,4,4,1,1,0
9,55,2.43,1,0,4,0,9,0,0,7,2,0,3,0,0,0
0,50,3.26,9,1,4,0,5,1,1,1,2,2,4,2,0,0
6,86,2.39,0,0,0,0,1,1,2,1,0,4,4,1,4,1
1,47,2.02,0,2,3,0,3,0,4,3,3,4,2,2,1,0
14,22,2.82,4,0,3,1,3,0,2,1,3,0,4,1,2,1
2,63,3.78,6,0,1,1,8,1,0,3,1,2,3,2,4,0
5,29,3.1,7,1,1,1,8,0,8,3,1,2,2,3,1,1
0,9,3.81,6,2,4,1,4,1,2,4,1,4,4,1,4,1
4,6,2.74,6,1,2,0,5,1,0,3,0,0,4,0,4,1
3,58,3.29,5,1,4,1,5,0,1,10,3,2,3,3,0,0
8,40,3.73,2,2,4,0,9,0,4,3,0,0,7,3,1,0
6,84,2.85,7,2,1,0,8,1,2,1,0,2,2,3,3,0
5,0,2.41,5,0,2,1,1,0,8,4,2,2,2,3,3,0
11,73,3.855121399311656,9,0,0,1,5,1,1,4,4,3,1,3,3,0
10,59,2.4,0,1,1,0,6,1,0,7,0,2,0,2,3,0
14,26,2.77,4,1,0,1,8,0,0,0,4,1,2,1,1,1
13,67,2.61,9,0,1,0,0,0,4,0,3,4,3,1,4,1
11,71,3.729632598586607,9,0,0,0,7,0,0,0,4,3,1,3,3,1
7,2,2.45,7,0,3,0,3,0,1,3,8,3,10,0,4,0
4,6,3.87,8,1,2,1,7,1,3,4,1,1,0,0,0,0
4,49,3.49,9,0,2,0,5,0,3,3,0,2,2,1,2,1
5,88,3.05,3,2,4,1,7,0,8,0,0,4,4,2,4,0
3,37,2.41,2,2,3,1,2,1,2,10,2,0,1,2,4,1
3,58,3.54,7,0,1,1,8,1,1,10,4,3,3,2,1,0
14,48,3.17,5,0,3,1,7,0,1,0,3,3,2,4,1,0
0,87,2.56,8,0,3,1,6,1,2,0,0,4,3,3,1,1
5,0,3.44,7,0,4,0,4,0,7,4,2,3,2,2,2,0
14,11,2.27,1,2,1,0,1,1,1,2,3,2,0,0,2,0
11,68,3.570985994880497,5,2,4,0,1,0,3,4,2,3,2,4,1,1
2,15,3.48,9,1,0,1,0,1,3,3,3,0,0,2,3,1
14,80,2.68,3,2,0,1,0,0,2,2,0,4,2,3,3,1
8,27,3.01,5,1,4,0,5,1,4,4,1,0,8,4,1,1
4,69,2.49,3,1,4,1,8,1,2,1,4,2,0,3,1,1
3,46,3.62,2,1,3,1,6,1,0,7,3,4,1,1,3,1
14,42,3.7,4,2,3,1,7,0,1,0,0,3,1,4,4,1
5,0,3.07,1,1,2,0,5,1,7,3,4,3,4,3,2,0
14,11,2.3,3,0,2,1,9,0,2,2,1,1,3,2,1,0
13,77,2.04,5,2,4,1,4,1,2,1,0,3,4,4,3,1
0,50,3.11,0,1,3,0,6,1,4,1,4,1,4,0,2,1
7,5,2.86,0,2,3,1,4,0,1,0,9,2,9,1,0,0
13,67,2.22,0,2,1,1,6,1,4,4,0,4,4,0,4,1
14,76,2.04,8,0,3,1,2,0,4,4,4,2,0,0,0,0
8,3,3.01,2,0,4,0,6,1,2,4,2,2,7,1,0,0
6,75,2.4,6,2,0,1,6,0,0,2,0,3,3,1,3,0
7,62,2.21,1,0,1,0,8,0,0,4,10,3,9,2,0,0
6,84,2.42,0,2,0,0,6,0,4,1,4,1,2,3,0,1
2,89,3.33,4,2,3,1,0,0,3,3,3,2,2,1,3,0
2,89,2.04,9,0,2,1,0,1,4,0,2,4,3,3,3,0
11,73,3.927868629452893,5,0,2,1,3,0,3,2,1,1,1,4,2,1
3,25,2.4,3,1,4,0,2,0,1,7,0,2,2,4,0,0
12,23,3.22,8,0,2,1,1,1,1,3,2,3,4,2,0,0
8,39,3.08,8,2,0,1,0,0,0,0,0,3,7,1,0,0
6,28,2.31,4,0,0,0,0,0,1,1,4,2,4,0,0,1
4,6,3.84,2,2,2,1,2,1,0,3,4,3,2,2,3,0
3,58,2.82,7,1,3,0,4,0,3,7,3,4,1,0,3,1
2,17,2.47,6,2,3,1,0,0,4,0,0,4,2,1,3,0
12,66,3.53,10,2,2,0,5,1,1,3,0,2,3,0,4,0
6,84,3.71,4,0,4,1,7,1,2,2,4,2,2,0,0,1
14,76,3.94,5,2,1,1,0,1,0,0,4,0,4,0,2,0
11,85,3.894223671626649,9,0,1,1,3,0,0,4,2,3,4,1,2,1
9,55,2.64,4,0,4,1,2,0,3,9,1,1,1,2,2,0
6,75,2.48,9,0,4,0,9,0,0,2,1,2,0,3,2,1
11,68,3.953597515352915,8,1,4,0,2,1,1,0,1,3,0,1,2,1
5,30,3.77,1,2,1,0,6,0,9,4,3,3,2,3,0,0
6,35,2.7,3,1,4,1,9,1,2,0,1,2,3,2,2,1
12,23,3.97,6,2,4,0,8,1,3,3,2,1,4,4,3,1
2,34,2.83,1,1,4,0,6,0,4,0,1,0,1,4,4,1
1,47,3.13,3,0,3,1,3,1,4,4,0,3,0,1,2,1
11,73,3.6902002744852047,5,1,4,0,7,1,2,0,0,2,3,2,1,1
8,38,2.76,4,2,0,1,3,0,1,1,0,1,9,3,0,1
3,37,2.45,4,2,2,0,7,0,4,9,3,0,0,2,0,0
5,88,3.7,7,2,0,0,7,1,7,4,3,3,1,3,2,1
8,1,2.69,1,1,2,0,1,0,4,3,3,3,10,3,0,1
0,87,2.52,1,0,2,0,4,0,4,0,1,4,3,0,0,0
4,20,3.39,9,1,2,1,7,1,4,2,4,1,1,1,0,1
12,23,3.88,10,2,2,0,5,0,1,0,2,0,3,1,3,0
10,18,2.0,6,0,2,1,4,0,3,9,3,3,2,3,1,1
13,13,2.39,8,0,2,0,9,1,0,3,3,2,4,0,2,1
3,46,3.32,4,0,2,1,5,1,0,7,4,4,2,1,3,1
8,3,3.51,5,0,0,0,2,0,0,1,4,0,10,0,1,1
4,72,3.75,0,0,3,0,2,1,4,0,0,3,1,2,4,0
11,73,3.8633354960351616,5,2,1,0,3,1,4,2,0,1,3,1,2,0
6,35,3.47,9,0,3,1,2,1,2,3,2,1,2,0,1,1
3,25,2.1,9,0,1,0,1,0,0,9,4,4,4,4,4,0
6,86,2.75,0,1,3,1,6,0,0,4,4,1,2,3,0,1
0,53,3.77,2,0,4,1,7,1,1,3,0,1,2,2,3,0
2,44,2.88,0,0,4,1,2,1,3,2,3,0,4,2,0,0
0,53,2.7,8,2,3,1,4,1,2,2,0,1,4,0,0,0
2,34,2.2,7,1,0,0,8,1,1,4,3,0,4,2,3,0
9,57,3.97,1,0,3,0,9,1,1,7,4,4,4,4,4,1
6,28,3.72,4,0,3,0,5,1,0,2,2,1,3,3,2,1
13,77,2.37,3,0,0,1,8,1,4,2,3,1,0,3,1,0
13,77,3.36,7,1,4,1,3,1,1,1,4,0,0,2,4,0
9,54,3.16,4,1,0,0,8,0,3,8,2,0,0,2,1,1
10,60,2.73,4,0,1,0,5,0,2,10,4,4,1,2,1,0
10,60,2.89,9,2,1,1,7,1,0,10,1,1,0,0,3,0
12,66,3.57,5,0,0,0,0,1,3,0,2,0,1,3,1,1
13,13,2.77,4,2,4,1,3,0,2,1,0,0,2,1,4,0
14,11,3.4,1,0,4,0,9,0,3,2,3,3,4,1,0,1
10,18,3.57,3,1,1,1,6,0,2,7,1,4,1,3,4,0
13,67,3.58,5,1,4,1,7,0,3,3,0,3,1,2,4,0
1,10,2.84,5,1,5,0,0,1,3,2,3,3,1,4,3,0
4,49,2.58,7,1,4,0,9,0,3,0,3,1,3,0,2,1
4,49,2.35,1,2,1,1,6,0,2,1,0,0,1,4,2,1
13,77,3.77,6,2,1,1,8,0,4,2,2,2,0,0,1,0
11,33,3.833902341613203,6,2,2,0,5,0,1,4,3,2,0,1,2,1
7,5,3.78,4,0,0,1,2,1,2,1,7,3,8,0,2,1
5,43,2.94,5,0,4,1,8,0,8,0,0,4,0,1,2,0
10,60,3.98,0,1,0,1,1,1,2,10,0,2,0,0,0,1
2,34,2.78,2,0,1,1,2,1,2,1,2,4,0,1,0,1
10,59,2.06,4,2,4,0,2,0,2,9,3,0,4,1,3,0
4,6,3.91,6,2,1,1,6,0,1,4,3,2,2,4,0,1
10,61,3.42,0,2,1,1,0,0,2,8,2,1,1,3,0,0
5,43,3.98,9,0,4,1,0,1,9,4,2,2,0,0,1,1
6,28,3.23,0,1,0,1,4,1,0,2,0,3,0,4,3,0
11,31,3.626153624919703,6,0,0,0,4,1,0,4,3,2,0,1,1,0
5,43,2.01,4,2,0,0,2,1,9,0,3,1,0,0,1,1
14,76,2.89,6,1,4,0,3,1,1,2,1,3,2,2,2,0
2,17,2.9,5,1,0,0,5,1,2,2,4,3,1,1,1,1
8,40,2.31,7,2,4,1,4,1,3,3,0,4,7,4,0,0
2,17,3.14,1,1,1,1,9,1,3,1,4,3,2,2,1,0
3,58,2.74,0,2,3,0,4,0,3,10,0,0,1,0,2,0
8,51,2.59,9,2,1,0,0,0,4,3,2,2,7,2,0,0
13,13,3.81,4,0,2,1,2,1,4,1,2,4,2,4,4,1
2,15,2.07,1,0,1,0,1,1,4,0,2,1,3,0,1,1
6,28,3.37,8,0,2,0,8,1,0,3,1,3,0,1,3,0
1,47,3.44,3,1,4,0,8,0,4,3,1,4,0,3,1,1
8,3,3.51,7,2,3,1,9,0,0,3,2,4,8,2,2,0
0,8,3.56,1,2,1,0,4,1,4,2,0,2,4,2,3,0
3,46,2.53,6,1,1,1,1,1,2,8,3,1,4,4,2,0
5,88,3.08,8,0,0,0,2,1,7,2,2,1,1,0,1,0
0,9,3.92,9,2,4,0,9,0,3,2,4,4,4,2,4,0
5,30,3.51,8,2,0,1,2,1,8,1,1,1,2,1,0,0
5,88,2.54,9,0,1,0,8,1,7,3,2,0,4,1,3,1
13,74,3.21,9,0,4,0,3,0,3,1,2,0,2,0,2,0
10,18,3.4,9,0,2,1,4,0,2,10,3,0,3,1,3,1
5,88,2.15,4,1,1,1,0,1,10,4,2,3,3,1,3,1
13,77,2.24,5,0,3,1,9,0,0,2,0,4,4,1,4,1
3,37,3.61,4,1,1,0,0,1,4,10,1,3,3,0,4,0
6,28,2.08,1,1,3,1,7,1,2,2,3,1,2,2,1,0
11,68,3.826112129772736,4,1,3,0,1,0,2,3,2,3,2,4,1,0
8,39,3.75,8,1,1,1,9,0,4,2,0,3,10,0,3,0
12,64,2.88,7,0,0,0,8,0,4,0,3,3,3,2,4,0
2,89,3.93,4,0,1,0,4,1,1,2,4,1,2,1,4,0
7,21,3.65,3,2,3,0,6,0,4,1,10,0,7,4,3,0
2,89,3.67,3,2,3,1,3,1,3,0,0,3,0,3,2,0
14,65,3.98,3,0,3,0,4,0,3,0,2,3,3,1,0,0
11,73,3.945740007811753,3,2,3,1,4,0,1,3,2,3,3,3,4,1
10,81,3.75,4,0,0,0,0,1,4,7,1,2,1,3,4,0
8,40,2.8,7,1,3,1,8,0,2,3,4,0,10,2,1,1
10,61,2.85,9,0,2,1,9,1,0,8,2,4,0,0,4,0
14,48,3.03,6,0,2,0,1,1,2,2,2,0,0,1,4,0
9,52,2.13,6,1,4,0,1,0,2,10,0,2,1,0,0,0
9,56,2.77,8,2,0,0,2,0,0,7,1,4,3,0,0,0
14,79,2.71,6,0,0,1,7,0,3,0,0,1,0,0,0,0
10,4,3.58,9,2,2,0,6,1,1,7,1,1,2,2,2,0
2,15,3.66,5,0,4,0,7,0,4,1,2,3,1,4,1,0
9,52,2.63,1,2,3,0,0,0,0,10,3,2,4,3,0,1
13,13,3.24,6,0,4,1,8,0,1,4,0,0,1,3,4,1
5,30,3.19,2,2,3,0,5,0,10,4,0,0,4,3,4,1
5,43,3.36,3,2,3,0,9,0,10,4,0,2,1,1,0,0
2,15,3.05,2,2,3,1,1,1,3,0,2,3,0,4,1,0
14,65,3.01,1,1,4,1,3,0,3,1,4,2,2,4,2,1
11,85,3.503832016324613,7,2,3,0,4,0,3,4,3,1,4,2,2,0
12,23,3.41,8,2,3,1,6,0,2,1,3,1,0,1,2,0
3,25,3.15,0,0,4,0,2,1,2,7,1,1,2,0,3,0
7,62,2.54,0,1,3,1,9,0,0,4,7,2,9,3,0,0
5,43,2.67,9,0,0,0,0,1,7,0,2,4,3,3,0,0
0,87,3.38,4,2,0,1,2,1,2,4,1,1,4,2,1,1
3,46,3.57,6,2,1,0,5,1,2,8,2,4,2,2,1,1
8,38,2.47,9,2,0,1,3,0,3,2,4,1,7,2,4,1
7,21,3.57,9,1,4,1,3,1,1,0,7,3,10,2,0,0
9,54,2.25,5,1,1,1,7,0,4,7,3,0,4,2,4,1
6,86,3.96,0,0,1,0,7,0,3,2,1,3,3,4,2,0
4,72,3.84,2,0,3,1,5,1,2,2,0,4,3,3,0,0
12,23,3.37,7,0,3,0,4,1,0,4,4,4,0,3,2,0
7,16,3.94,8,1,0,0,8,1,3,3,7,4,9,4,2,0
0,9,3.2,4,0,1,1,4,1,3,3,1,0,2,3,4,1
9,52,3.79,1,0,3,0,9,1,2,8,3,4,3,0,4,0
12,23,2.91,7,1,3,1,4,0,4,4,1,1,1,4,1,1
13,74,3.41,5,1,4,1,7,1,4,3,1,1,2,4,0,1
14,76,2.38,6,1,2,1,2,1,2,2,0,2,0,2,4,0
1,47,2.64,0,0,5,0,0,1,3,4,2,2,2,3,1,1
7,19,2.04,4,2,2,0,4,0,0,4,10,4,10,4,2,0
13,74,3.89,7,1,3,0,1,0,2,0,0,4,1,3,0,1
13,74,3.26,4,0,3,0,2,0,3,3,1,4,1,1,1,0
12,83,3.23,8,2,2,1,1,1,2,2,4,1,4,3,2,0
7,2,2.16,8,1,1,0,3,1,4,3,7,2,10,2,0,0
6,28,2.65,9,0,4,1,1,1,1,2,2,3,2,2,2,1
12,64,2.93,8,2,4,0,6,1,4,4,0,3,0,2,1,0
10,81,3.83,3,1,4,0,8,0,0,7,2,2,0,3,0,0
9,54,3.31,5,0,2,1,9,0,2,9,3,0,3,1,4,0
0,9,3.15,9,0,3,1,9,0,1,1,4,0,2,1,0,0
13,67,3.63,9,1,4,1,2,0,2,2,1,2,4,4,4,1
3,46,3.44,0,0,2,0,4,0,3,7,2,2,4,1,3,1
0,53,2.72,3,1,0,1,1,1,2,0,4,2,3,4,1,1
10,81,3.26,0,0,0,0,5,1,4,8,3,1,4,4,0,1
8,39,3.18,6,2,2,0,4,1,0,2,0,2,10,3,4,0
9,57,3.57,4,2,1,1,0,1,3,7,3,2,3,0,1,0
6,84,3.01,7,2,2,1,9,0,4,3,1,1,2,2,4,1
2,63,3.98,2,2,0,1,1,0,3,4,0,2,1,4,4,0
7,2,2.38,6,0,4,1,3,1,4,0,9,0,9,4,1,0
1,47,2.94,5,1,3,0,9,0,3,1,0,0,1,3,1,1
1,10,2.57,9,0,4,0,6,0,3,2,3,1,4,4,4,0
7,36,3.49,3,0,0,1,5,1,1,0,7,2,9,0,3,1
7,16,3.39,9,1,3,1,1,1,0,3,9,2,8,1,0,1
6,28,2.36,7,1,1,0,0,0,3,4,4,1,3,2,0,0
5,82,2.17,1,1,1,1,9,0,8,0,2,0,0,3,2,0
0,87,2.96,0,0,0,1,0,1,4,0,3,2,0,1,3,1
0,50,3.09,6,1,4,1,6,0,2,0,4,1,1,1,4,0
14,26,3.93,3,0,2,0,9,0,1,4,3,4,2,0,2,1
11,68,3.956643473788118,7,2,2,0,3,0,0,2,3,2,1,2,0,1
14,79,3.56,2,1,1,1,5,0,3,4,4,2,3,3,0,1
4,49,3.15,9,2,1,0,5,1,0,3,3,3,1,0,3,1
10,18,2.19,3,2,1,1,0,1,3,10,3,0,4,4,0,1
13,13,3.17,6,1,2,1,6,1,2,0,4,0,0,3,3,1
7,36,2.42,7,1,4,1,1,0,1,0,8,4,7,3,2,0
6,28,2.11,0,2,4,1,6,0,1,3,1,3,3,0,3,1
14,65,2.31,4,0,4,0,1,0,4,1,3,4,4,4,0,0
7,36,2.83,4,1,4,0,0,0,0,3,8,4,10,0,1,0
10,81,2.96,8,1,1,1,9,1,2,7,3,4,1,1,3,1
13,74,3.13,4,0,3,1,5,0,4,2,2,1,3,0,1,1
6,84,3.86,1,0,3,0,9,1,2,2,4,4,0,4,3,1
2,44,2.85,1,1,4,1,8,0,1,3,1,4,3,0,1,1
9,52,2.23,7,0,4,1,0,1,2,7,2,2,2,2,1,1
11,31,3.6996843741973455,5,2,0,0,3,1,0,0,0,3,0,3,3,0
9,55,3.02,2,2,2,1,1,1,0,7,0,3,1,1,1,1
3,37,3.26,7,1,0,1,7,1,1,7,0,4,0,3,0,0
10,32,2.19,1,1,4,0,0,1,3,9,0,0,0,3,1,0
7,21,3.79,0,0,0,0,5,0,2,0,10,4,9,1,4,1
13,74,3.89,1,1,4,0,6,1,3,0,4,1,1,4,3,0
14,65,3.97,6,0,4,1,3,1,3,0,4,4,0,3,3,0
2,14,3.37,5,1,0,0,8,1,3,4,4,0,0,4,2,0
9,55,3.36,6,2,4,0,9,0,1,8,1,0,1,1,3,0
3,46,2.86,6,2,0,0,2,1,4,8,3,1,4,4,4,0
4,49,3.72,2,1,1,1,2,0,0,1,4,3,0,2,4,1
11,68,3.5388073223657206,8,2,4,0,4,1,4,3,2,2,1,1,0,1
11,85,3.6531567493891055,3,1,1,0,1,0,4,0,0,4,3,4,2,0
0,87,3.11,4,1,1,0,8,1,0,2,3,4,1,0,0,1
10,61,2.81,6,0,3,0,6,1,2,10,1,2,3,3,4,1
7,19,3.06,5,1,0,1,8,0,4,4,10,4,8,1,4,1
14,80,2.38,8,2,1,0,4,0,3,3,2,3,3,4,3,1
4,6,2.77,1,0,0,1,4,1,0,2,1,4,4,3,0,0
9,70,3.93,2,0,4,0,2,0,1,10,3,0,1,3,1,0
11,85,3.715492610256648,7,1,4,0,2,1,4,4,0,2,1,4,0,0
14,48,2.74,9,0,2,1,6,1,0,3,1,2,3,3,0,1
12,23,3.36,6,0,1,0,1,1,2,2,3,4,1,4,2,0
3,46,3.43,8,2,2,1,2,0,0,7,3,3,2,1,3,0
5,0,3.61,0,0,3,1,5,1,10,1,1,2,3,2,2,1
0,53,2.15,8,0,1,1,3,1,4,0,4,0,0,0,1,0
7,21,3.67,3,0,4,0,4,0,2,4,9,3,10,3,4,1
8,39,2.15,9,2,0,0,9,0,3,4,2,0,10,0,3,0
1,47,2.57,0,1,3,1,6,0,3,4,1,2,2,4,2,0
2,89,2.63,9,1,4,0,3,1,0,1,3,4,1,2,3,1
7,19,3.4,2,0,3,0,1,0,0,0,10,4,7,2,2,1
9,54,3.51,9,2,2,1,4,0,2,7,4,4,2,0,0,0
3,46,3.82,8,0,0,1,1,1,2,10,3,2,1,1,4,1
1,12,2.4,7,2,3,0,4,1,1,0,2,1,3,3,0,0
13,13,2.79,4,1,2,0,5,1,4,2,2,3,0,0,1,0
1,47,2.72,2,2,4,1,4,1,0,0,1,4,0,3,3,1
2,14,2.93,5,0,1,1,8,1,2,3,2,1,4,0,0,0
4,6,3.75,8,1,3,1,6,1,1,3,1,3,4,3,0,0
9,52,3.68,0,1,0,0,6,1,3,9,0,2,2,4,0,1
6,35,3.9,4,0,3,1,7,0,2,1,3,0,1,4,0,0
11,73,3.797994421091741,8,2,1,1,3,0,4,1,0,0,1,3,2,0
4,20,3.72,6,2,2,1,7,1,0,0,2,4,0,0,1,1
2,34,3.33,7,1,4,0,7,0,1,4,4,0,2,1,4,0
7,41,2.41,3,0,0,1,5,0,1,1,10,4,7,4,4,1
6,75,3.45,6,0,2,1,0,1,3,3,1,3,3,1,1,0
2,14,3.37,3,2,0,1,2,0,1,2,2,1,4,3,2,0
8,78,2.41,6,1,3,1,4,0,1,4,0,3,10,1,4,0
0,8,2.7,7,2,4,1,3,1,1,2,4,3,0,0,2,0
12,66,3.35,5,0,4,1,5,0,3,4,3,3,3,4,1,0
8,40,2.2,3,0,0,1,9,1,2,0,0,1,8,3,4,1
7,2,2.41,8,1,0,1,0,0,2,1,10,1,8,3,2,0
7,41,3.23,4,2,3,1,3,1,1,3,9,2,9,3,4,1
9,52,2.86,5,2,2,1,9,0,4,7,0,2,0,4,2,1
2,14,2.81,8,2,1,1,5,1,3,1,2,2,4,1,3,0
3,37,3.85,8,2,3,0,9,0,2,9,2,4,4,4,0,0
2,34,2.09,5,1,3,1,6,0,3,0,4,3,0,0,2,0
13,13,3.91,5,2,1,1,6,0,1,4,1,3,3,0,2,0
3,46,3.05,4,0,4,0,7,0,0,10,4,3,4,0,0,1
7,36,2.8,6,1,2,0,8,1,2,0,9,3,8,1,1,0
8,39,3.59,1,1,1,0,5,1,1,4,1,2,8,1,0,0
13,67,3.86,2,2,0,0,0,1,1,4,1,0,3,3,1,1
10,4,3.87,8,0,4,1,1,0,3,9,3,1,4,4,3,1
0,9,3.7,1,2,3,0,5,1,4,0,1,1,3,0,1,1
2,34,2.04,2,1,4,1,7,1,4,4,3,2,1,3,1,0
1,45,2.34,0,2,3,0,9,1,2,0,4,4,1,1,4,0
10,81,2.2,2,0,0,0,7,0,3,7,2,1,1,3,3,1
5,43,3.13,2,0,2,1,3,1,8,2,1,2,4,0,3,1
4,49,3.28,0,2,2,0,0,0,3,2,2,0,1,3,2,1
13,74,3.53,1,0,1,1,7,1,2,1,1,0,3,2,4,0
6,35,3.49,7,1,0,1,5,0,0,0,4,1,3,1,0,0
2,89,3.24,1,1,4,0,2,0,2,3,1,2,0,1,4,0
12,66,3.09,6,1,1,1,3,1,3,1,4,0,4,3,0,1
10,59,3.74,7,2,1,0,2,1,3,7,3,4,1,2,3,0
5,82,3.03,0,2,3,1,9,0,7,2,1,1,1,3,2,0
9,55,2.88,9,1,1,0,3,1,4,9,4,3,1,0,1,1
2,89,4.0,3,0,3,1,6,0,0,1,4,3,4,3,3,0
14,22,3.51,4,1,2,0,8,1,4,3,1,3,0,0,4,1
10,60,2.88,4,1,2,1,2,1,2,7,0,3,4,4,3,1
6,84,3.11,4,0,4,0,7,0,0,2,3,2,2,0,1,0
2,17,3.91,4,0,4,0,0,1,0,1,2,3,4,0,0,0
9,55,2.1,9,0,4,0,1,1,3,7,1,3,0,2,1,0
3,58,3.91,6,2,3,1,3,0,3,7,2,0,2,3,0,0
13,13,2.69,8,0,4,0,8,1,0,2,0,0,2,4,1,1
11,31,3.880950906302435,0,2,4,1,4,1,3,1,4,2,1,1,2,1
11,68,3.919274607451414,3,0,0,0,4,0,4,0,4,4,0,2,1,0
11,68,3.651166624675747,2,0,1,0,7,1,3,2,4,1,2,2,1,1
14,80,2.39,3,1,4,0,6,0,0,1,4,0,1,3,2,1
14,76,2.48,6,1,3,0,5,0,2,3,2,3,3,1,1,0
2,17,2.92,0,0,1,1,0,0,2,2,1,4,1,3,4,1
8,38,3.59,4,0,0,1,5,0,4,0,2,0,9,3,0,0
4,49,2.23,3,0,1,1,9,1,1,0,4,1,2,3,4,1
3,58,2.17,8,2,0,1,5,0,0,10,1,2,2,4,1,0
3,46,2.26,9,1,1,1,6,0,3,9,4,1,2,1,0,0
8,3,2.96,6,2,4,1,7,0,2,2,3,2,9,0,3,0
6,86,2.55,1,2,3,0,7,1,1,1,1,2,4,1,2,1
1,47,3.98,9,2,5,0,4,1,2,4,1,3,2,4,3,1
7,41,3.06,0,1,1,0,4,0,4,3,9,1,7,1,4,1
1,7,3.45,3,1,5,1,8,1,4,3,3,3,3,0,3,0
3,37,2.6,5,2,0,1,2,0,1,9,0,0,4,2,4,0
9,70,3.34,5,2,2,0,5,0,0,9,4,4,3,2,4,0
4,72,3.95,5,2,2,0,3,0,1,0,4,4,0,1,4,1
0,8,3.94,1,2,0,0,6,1,0,4,2,2,4,3,1,1
1,12,2.79,9,2,4,1,8,1,0,3,4,3,4,3,2,0
11,73,3.784688680591141,9,1,0,0,7,0,3,3,1,4,3,3,3,1
1,45,3.86,9,1,5,0,6,1,4,0,4,3,1,1,3,0
2,17,2.58,6,0,2,1,4,1,2,2,3,0,4,2,3,0
8,27,3.23,7,2,4,1,4,1,2,0,4,2,7,2,4,0
1,47,3.32,3,1,3,1,1,0,1,3,4,0,2,1,1,1
5,82,2.31,7,1,3,1,6,0,7,3,2,1,2,0,0,0
10,59,2.97,6,2,1,1,7,0,0,8,4,2,0,1,3,0
14,80,3.38,5,0,1,0,9,0,2,3,2,4,0,2,4,0
1,12,3.76,2,1,3,0,8,0,1,4,2,3,4,1,4,0
3,37,2.99,9,1,3,0,5,1,1,9,3,4,3,3,4,0
10,61,3.19,9,0,4,1,9,0,4,7,0,0,4,2,1,1
11,71,3.518990781644926,4,2,0,0,3,0,4,3,2,4,4,1,3,1
14,65,2.11,5,2,2,0,9,0,3,4,3,0,0,0,1,1
9,52,3.05,0,1,2,1,6,0,3,9,1,2,0,2,2,0
3,25,2.8,1,2,1,0,2,0,4,7,0,4,0,3,0,1
4,20,2.3,4,1,1,1,4,0,1,1,3,3,4,2,0,1
3,25,2.11,6,2,4,0,5,1,1,10,3,2,3,1,0,1
2,15,2.42,8,1,0,1,4,1,4,4,3,3,4,4,0,1
10,61,3.9,3,1,0,0,0,1,1,8,0,1,3,1,2,0
7,19,2.02,4,2,2,0,5,0,3,4,7,0,8,0,2,0
12,23,3.63,7,1,0,0,6,0,2,4,3,4,3,3,4,0
11,33,3.9904936890813434,2,1,0,0,4,0,1,3,2,1,4,2,0,0
5,88,2.32,4,1,3,1,7,0,10,2,3,2,2,2,2,1
1,45,3.3,1,1,4,1,3,1,4,0,3,0,0,1,3,1
3,46,2.44,4,0,0,0,3,0,0,7,0,0,4,4,3,1
10,61,3.11,3,2,0,0,1,1,3,10,1,0,0,4,3,1
1,12,3.68,2,2,5,1,6,1,3,3,3,2,3,3,0,0
13,77,3.65,3,0,1,0,3,0,3,3,4,4,1,4,3,1
4,20,3.66,8,2,2,0,6,1,1,3,1,0,0,4,0,0
1,12,2.14,7,0,4,0,9,0,3,2,4,1,4,0,2,0
6,86,3.94,6,1,0,1,1,0,1,1,2,2,4,3,3,1
6,35,3.51,0,1,0,1,2,0,3,0,4,4,3,2,4,1
5,43,3.09,9,2,3,1,2,0,8,0,1,2,2,0,1,1
2,44,3.35,1,2,4,0,7,0,1,3,0,0,3,1,3,1
7,62,2.14,9,0,4,0,8,0,0,0,9,0,10,3,3,0
1,47,2.56,9,1,5,0,7,1,3,0,1,2,2,0,4,0
10,4,2.2,9,0,4,1,4,1,0,9,3,1,0,0,2,1
14,79,2.29,5,1,2,1,2,1,2,1,2,0,3,1,0,0
9,70,3.82,7,2,3,0,3,0,2,7,4,2,4,1,2,1
6,86,3.89,1,2,4,1,3,0,1,2,4,3,0,2,3,1
12,24,3.6,5,1,4,0,8,0,3,3,1,1,1,4,4,1
11,85,3.946545102597708,8,0,1,1,9,0,2,0,4,3,2,4,4,1
1,12,2.43,9,2,5,0,2,0,0,1,1,3,1,3,1,1
1,12,3.66,5,0,5,1,3,0,4,2,4,1,4,3,3,1
6,28,3.83,2,0,2,1,8,0,2,3,0,3,0,3,2,0
5,43,2.28,3,0,0,0,4,1,9,2,3,0,0,0,1,1
0,9,3.14,8,2,2,0,0,1,0,3,3,2,1,3,1,0
7,16,2.09,1,2,1,0,5,1,1,4,10,0,9,1,0,0
8,39,2.76,0,2,4,0,2,0,3,4,4,2,10,4,4,1
7,5,2.04,7,0,4,1,1,0,1,4,8,4,7,1,0,1
8,51,3.33,4,0,1,1,9,1,1,1,0,2,9,0,1,1
7,5,2.95,2,1,2,0,6,1,0,1,8,0,8,0,3,1
2,34,2.36,6,2,2,1,5,0,2,1,1,1,1,4,4,1
7,2,3.48,8,2,0,1,2,0,3,3,10,0,10,4,4,0
5,29,2.31,7,2,0,1,7,0,7,0,0,2,1,2,0,0
3,25,3.44,5,0,4,0,8,1,4,9,2,2,1,2,2,0
3,25,3.17,3,1,1,0,7,0,0,8,1,0,0,3,3,0
3,58,3.48,6,2,0,1,2,0,2,8,3,3,4,0,0,1
9,52,3.22,0,2,3,1,9,0,3,9,0,3,2,1,0,1
0,87,2.56,1,0,4,1,0,0,0,3,0,1,4,0,0,1
12,64,2.63,5,1,0,1,1,1,1,3,0,4,1,1,3,0
11,73,3.50715763883353,6,1,3,0,0,1,4,1,1,0,1,0,1,0
6,86,2.1,8,1,0,1,6,0,3,1,3,2,3,3,1,1
0,53,2.87,2,0,0,0,4,1,4,2,3,4,3,2,1,1
7,21,2.29,3,0,3,1,2,1,4,0,7,2,7,0,4,0
8,27,3.89,6,0,3,0,3,1,0,0,1,4,7,4,0,0
13,74,3.37,7,2,1,0,0,0,3,2,2,4,1,3,1,0
0,9,3.06,1,0,0,0,0,1,2,0,2,3,3,0,3,1
3,25,2.94,1,2,4,0,2,0,4,10,3,3,0,0,0,0
14,79,3.0,2,0,2,1,0,1,3,1,3,3,4,2,3,1
8,27,3.37,5,1,2,0,1,0,2,3,1,1,7,2,0,0
13,77,3.69,7,0,3,0,2,0,2,3,3,4,2,4,2,0
6,35,2.15,7,0,3,1,5,1,4,2,1,2,0,4,0,1
8,39,3.31,8,1,1,0,6,0,4,2,0,3,9,3,4,0
5,82,3.83,2,1,2,0,3,0,8,0,2,0,1,0,1,1
14,22,3.9,0,0,4,0,4,1,4,1,2,4,3,2,1,1
0,50,3.76,6,1,0,0,2,1,3,4,4,4,4,3,4,0
8,51,2.18,3,2,3,0,1,1,4,2,3,4,10,0,2,1
9,52,3.14,4,2,1,0,2,1,4,8,1,1,2,2,0,0
9,70,2.37,1,0,0,1,4,1,1,7,3,0,1,3,2,1
10,4,2.46,8,1,3,0,1,1,1,10,3,1,1,4,0,1
8,39,2.65,0,1,2,0,0,1,0,4,0,4,7,1,2,0
11,31,3.5504705999887607,6,0,3,1,8,0,0,4,0,0,1,2,4,1
6,75,3.91,8,1,2,0,4,0,3,0,2,1,0,0,4,1
13,77,2.5,6,1,2,1,7,0,3,0,1,1,4,3,1,1
6,86,2.89,9,2,2,1,8,1,4,4,0,2,2,4,1,1
3,46,2.95,3,0,4,0,7,0,0,8,4,2,4,1,3,0
1,45,2.42,1,1,4,0,7,1,1,2,1,2,4,3,0,0
0,53,2.75,6,2,2,1,6,1,2,0,0,1,1,4,2,1
10,81,2.96,9,0,0,1,8,1,4,8,3,2,3,4,4,1
13,13,2.74,2,0,2,1,0,1,2,4,3,0,0,0,4,1
3,58,3.64,2,0,3,1,8,1,3,10,4,0,1,1,0,0
7,16,3.31,9,1,4,1,3,1,4,2,10,2,9,4,0,1
11,33,3.640502249454357,1,2,0,0,2,1,3,4,1,1,0,1,2,1
4,6,2.62,4,2,0,0,2,1,3,1,1,2,2,2,4,0
7,5,3.81,4,0,3,1,2,1,2,1,9,0,7,3,2,1
4,72,2.25,5,2,1,1,4,1,2,3,0,0,0,1,2,1
10,32,2.7,7,1,2,1,3,1,3,7,3,0,3,2,0,1
1,10,3.5,5,2,3,1,7,1,0,2,4,1,3,3,4,1
3,37,2.65,0,1,4,0,9,1,2,7,2,2,0,1,3,0
10,4,3.24,5,2,3,0,2,1,0,7,0,3,4,3,2,1
1,12,2.04,4,0,3,0,3,1,3,3,1,4,3,1,2,0
13,67,3.86,9,2,0,0,3,1,3,4,2,0,2,3,2,0
3,58,2.45,4,0,0,0,3,0,0,7,1,1,0,0,4,0
10,61,2.61,0,1,4,1,9,0,2,9,1,1,4,1,0,1
8,1,3.45,7,1,0,0,0,1,0,4,0,0,9,2,0,0
5,0,3.13,4,1,4,1,9,0,8,4,3,3,2,3,1,0
14,22,3.71,7,0,4,1,9,1,3,3,4,2,2,4,4,1
10,61,2.42,1,0,1,0,8,0,3,10,0,3,3,2,2,1
12,66,2.77,6,2,1,1,1,0,0,1,3,0,4,4,1,1
14,26,3.27,8,0,3,1,7,0,2,4,2,2,0,0,2,1
8,3,3.37,3,2,4,0,3,1,3,2,1,3,8,4,0,1
8,3,2.93,4,2,3,1,0,1,1,1,3,4,7,1,0,1
12,66,3.79,9,1,2,0,1,0,2,3,1,0,2,1,0,1
8,51,3.58,6,1,2,1,5,0,2,0,4,0,9,2,3,0
6,75,2.11,9,0,0,1,9,1,1,0,3,2,0,2,1,1
4,49,2.47,7,1,2,0,7,0,3,4,3,2,2,2,0,1
13,67,2.69,3,1,4,1,5,1,3,2,0,4,0,4,3,1
7,16,3.35,6,1,1,1,3,0,0,4,8,4,8,0,2,0
8,39,2.26,5,1,3,1,9,1,4,4,2,0,10,1,1,1
0,87,3.06,4,1,4,1,3,0,4,2,1,0,3,0,4,0
4,6,2.05,8,0,4,1,6,0,3,0,4,1,2,4,4,1
11,85,3.8743226170631,2,2,4,1,2,0,4,4,1,4,4,2,0,0
0,8,3.54,3,1,2,0,7,0,0,0,2,3,1,1,4,0
8,27,2.66,0,2,2,0,7,1,1,3,1,0,7,2,2,1
14,26,3.61,5,0,4,0,4,0,4,1,4,3,1,0,2,0
5,0,3.07,4,1,0,1,1,1,8,3,2,4,0,1,1,0
2,15,3.84,6,1,0,1,1,0,3,4,4,2,0,1,2,1
5,29,3.47,3,2,2,1,0,1,10,3,3,0,1,2,4,0
1,10,3.49,1,1,4,1,4,1,3,0,0,1,2,3,2,1
2,17,3.25,0,2,3,0,4,0,1,1,3,0,1,0,4,1
12,66,2.71,5,0,1,1,6,1,1,4,1,2,2,2,2,1
14,79,2.65,6,1,1,0,0,0,1,3,0,1,2,1,3,0
9,54,2.51,2,0,3,1,4,0,3,9,4,2,0,0,3,1
6,35,2.52,1,2,4,1,2,1,0,3,1,1,1,1,3,0
4,20,3.37,4,1,1,0,6,0,4,2,1,0,1,3,2,1
11,68,3.933273990874544,9,0,4,0,0,0,3,0,4,1,4,1,2,0
8,3,2.76,8,1,4,0,6,1,4,3,1,4,10,4,3,0
12,64,3.72,7,2,1,0,7,1,2,0,4,2,2,2,3,1
4,72,3.64,3,1,0,0,6,1,3,0,1,2,1,0,2,1
0,50,3.82,0,2,0,1,2,0,4,3,1,0,0,1,1,0
14,76,2.26,4,1,4,1,8,0,2,3,2,4,1,1,2,1
14,65,3.85,7,1,3,1,0,1,4,3,1,3,1,4,4,1
7,41,3.77,6,0,4,1,5,0,1,1,10,3,10,2,2,0
1,12,2.7,8,2,3,1,8,0,0,3,3,1,4,1,4,1
8,1,3.85,0,1,2,0,3,0,4,1,2,4,8,0,2,1
11,33,3.782314525498632,3,0,0,1,7,0,2,2,1,1,0,1,4,0
7,19,2.44,3,0,2,1,1,1,0,4,7,2,9,1,3,1
14,48,3.86,1,1,2,0,0,0,1,2,3,0,0,2,3,0
6,75,3.98,4,1,1,0,0,1,0,2,4,0,2,0,4,0
10,32,3.78,3,2,4,1,6,0,1,9,1,2,3,3,2,0
4,72,3.44,2,0,0,0,5,0,3,3,0,4,4,1,3,1
4,72,2.37,5,2,0,0,2,1,1,4,1,0,0,3,3,1
14,11,3.57,5,1,4,0,8,1,2,2,3,4,2,2,1,0
10,60,3.87,2,0,3,0,6,1,0,10,0,4,1,4,4,1
6,84,3.58,7,2,0,1,2,1,4,4,1,3,3,3,3,0
13,67,2.59,1,0,0,1,3,0,3,4,2,3,3,4,3,0
11,85,3.8380541157072057,8,2,3,1,0,1,2,3,4,1,0,4,1,0
6,86,3.34,9,0,1,0,8,1,1,0,3,0,0,2,0,1
11,73,3.634484015797693,8,0,4,1,5,1,2,3,2,3,3,2,0,1
5,88,3.48,5,0,2,1,2,0,9,0,3,4,1,3,1,1
1,12,3.03,1,1,3,0,1,0,1,3,3,0,0,0,4,1
2,63,3.14,4,0,2,0,7,0,2,0,3,3,3,2,0,1
11,85,3.680025232950489,7,1,0,1,3,0,0,4,0,4,2,3,3,1
12,66,3.44,5,2,0,1,5,1,1,2,2,1,2,4,4,0
8,51,2.39,9,0,4,1,5,1,3,2,2,0,9,2,2,0
5,29,2.89,0,0,2,1,8,0,10,1,3,4,0,4,4,0
10,61,3.81,4,2,0,1,9,0,2,9,1,0,1,1,2,0
14,79,2.2,9,0,2,1,7,1,4,1,3,4,4,3,1,1
12,66,2.98,5,1,2,0,7,0,0,3,4,0,1,3,3,0
8,40,2.35,1,2,2,1,8,1,0,2,3,1,8,1,1,1
1,7,3.47,2,2,3,0,5,1,2,1,0,0,1,0,3,1
10,59,3.65,1,0,2,1,5,0,3,9,1,0,2,2,1,0
8,39,2.38,9,1,3,1,7,0,0,2,1,0,10,2,4,0
2,15,3.48,1,2,0,1,5,1,2,2,0,3,2,4,4,1
5,82,3.74,9,0,3,0,4,1,8,2,1,2,2,2,0,0
1,12,2.18,7,2,4,0,0,0,1,1,2,1,3,0,4,0
8,78,2.83,9,0,1,1,4,1,4,2,4,3,8,3,4,1
2,15,2.33,5,1,4,1,4,0,4,4,1,1,1,2,2,1
12,66,2.21,9,1,3,1,2,0,1,1,1,0,4,1,4,1
1,7,2.28,6,2,3,1,8,0,2,2,1,2,0,1,2,1
0,87,3.48,3,1,4,1,8,0,3,2,1,2,4,0,2,1
0,8,3.36,4,0,4,0,5,1,3,4,4,4,1,1,2,1
0,53,3.74,8,0,4,0,4,1,4,3,4,0,1,4,3,1
4,69,2.76,6,0,3,1,1,1,1,2,0,0,3,4,0,0
0,50,2.02,9,2,4,0,0,0,3,4,0,1,1,3,0,1
3,25,2.01,3,0,0,1,0,1,2,8,1,3,1,0,3,1
11,71,3.5260993145224857,3,0,2,1,3,1,2,4,0,0,4,2,1,0
3,25,2.18,3,0,3,1,2,0,3,10,2,4,4,1,4,1
14,65,3.26,9,1,3,1,2,1,3,1,3,2,1,0,4,0
2,34,2.62,1,1,2,1,6,0,1,1,1,3,4,4,0,1
2,15,2.27,6,0,2,0,8,1,0,0,4,3,3,4,2,0
1,47,3.35,8,2,3,1,1,0,2,2,4,0,3,3,2,0
1,47,3.52,2,0,5,1,0,1,3,4,2,2,0,1,3,1
8,51,3.61,3,2,2,1,4,0,2,0,2,1,7,2,4,0
1,10,3.78,4,2,3,0,7,1,0,0,2,1,3,3,3,1
6,75,3.32,9,2,3,0,4,1,2,4,3,4,2,0,0,0
3,58,2.48,4,2,3,1,8,1,1,10,0,4,2,4,3,0
12,83,3.17,6,0,4,1,8,0,0,1,4,1,0,0,3,0
6,28,3.06,2,1,0,1,9,0,0,4,0,3,3,1,2,1
1,7,2.84,0,0,4,0,1,1,2,2,2,2,4,1,0,0
13,77,3.86,3,0,3,1,0,0,2,3,0,2,2,3,2,1
4,69,3.07,1,0,3,1,7,0,2,4,3,2,3,2,2,1
11,73,3.854691483543696,9,0,3,0,2,1,2,3,3,3,4,1,2,0
14,80,3.76,4,1,2,1,5,0,2,2,4,4,3,3,3,1
5,82,3.53,1,1,4,1,8,1,9,0,3,3,2,0,2,0
5,0,2.03,1,0,2,1,5,0,7,3,3,2,0,2,2,1
13,77,2.35,6,1,0,1,5,1,4,0,1,2,2,1,2,0
10,61,2.57,4,2,2,0,8,1,0,10,1,0,0,0,0,1
7,41,3.77,4,1,3,1,3,0,2,1,9,4,7,0,0,1
0,8,2.75,8,1,1,0,7,0,1,1,0,2,4,1,1,1
7,19,2.69,2,1,2,1,6,0,1,2,10,2,8,3,0,0
3,37,2.99,2,0,1,0,6,1,2,8,0,2,4,2,0,0
4,20,2.19,8,1,1,0,5,0,4,4,3,0,1,2,2,1
5,88,3.13,5,1,3,1,7,0,9,3,1,3,2,3,4,0
10,59,2.54,8,0,1,0,4,0,4,10,2,2,4,2,0,1
6,86,3.87,7,2,3,0,1,0,1,1,4,4,0,4,0,0
1,47,2.45,3,0,4,0,1,0,1,3,0,4,3,0,1,0
12,66,3.1,7,2,4,1,2,1,4,0,0,2,2,4,0,1
5,0,2.42,5,2,3,1,5,1,7,0,0,4,0,4,4,1
12,64,3.09,7,1,2,0,8,1,1,2,3,4,2,1,2,0
1,10,2.45,8,1,4,1,8,0,0,0,3,1,1,0,3,0
12,83,2.31,10,1,0,0,4,0,2,1,0,1,1,4,2,1
1,7,2.33,4,2,3,1,4,0,3,2,2,3,0,1,4,1
14,76,2.49,0,1,3,0,4,1,1,2,0,0,1,0,1,0
10,32,3.42,1,2,2,0,0,0,4,8,0,2,3,2,0,1
4,49,2.7,5,0,2,0,2,1,0,0,3,0,3,1,3,0
4,20,2.28,7,0,4,0,3,0,2,0,2,3,0,1,3,0
2,34,2.85,2,0,4,1,1,0,1,0,1,3,0,1,4,1
10,59,2.24,3,1,4,1,3,0,3,10,3,1,2,4,4,1
1,12,2.29,8,2,3,1,0,0,2,4,0,1,0,2,0,0
4,49,3.45,1,0,0,0,2,1,3,1,4,1,0,3,3,0
1,7,3.81,3,2,5,0,8,0,3,4,1,0,3,3,4,0
13,77,2.27,1,1,0,0,9,0,1,4,2,0,0,3,1,1
2,89,3.77,3,1,2,0,7,0,2,0,2,1,2,0,3,0
7,36,3.41,8,1,2,0,6,1,0,0,10,2,7,0,3,1
9,52,3.08,7,1,1,0,6,0,4,10,0,0,3,1,4,0
11,85,3.80307328246674,4,2,0,1,8,0,3,4,1,3,1,4,2,1
1,7,3.53,7,1,4,1,7,0,3,1,3,3,2,3,0,0
7,36,3.91,3,1,2,1,8,0,3,0,10,3,10,4,4,0
6,35,3.98,6,1,2,1,0,0,3,1,3,2,0,2,1,0
11,31,3.6141176817468494,1,2,2,0,4,1,3,3,0,0,3,0,4,0
0,87,3.02,0,0,4,0,3,0,4,3,1,3,2,3,3,1
7,62,3.13,0,1,0,1,6,1,4,1,7,2,10,0,0,0
11,71,3.736904914198973,0,0,3,0,4,1,0,4,4,3,1,2,1,0
8,39,3.2,2,0,1,0,9,1,0,2,2,3,10,3,0,0
10,81,3.8,4,0,3,1,4,0,0,10,4,4,0,2,4,0
9,54,2.42,1,0,3,1,0,1,1,9,0,3,1,3,0,1
0,9,3.75,8,0,4,1,1,0,0,4,0,1,4,0,2,0
14,48,2.95,5,1,4,0,7,0,3,0,1,3,2,0,2,1
6,84,3.69,4,0,0,1,8,1,4,0,2,2,1,1,2,0
12,64,2.2,7,1,1,1,4,0,0,2,1,0,4,3,2,0
11,71,3.888464005163613,4,0,2,1,2,1,3,1,4,4,0,2,2,1
12,24,2.54,7,2,2,1,2,0,1,0,0,0,0,1,4,0
14,42,2.7,3,1,0,1,1,0,4,4,1,2,3,4,3,0
7,62,3.4,5,0,1,0,6,0,0,2,8,0,7,3,0,0
5,82,3.04,8,1,3,0,3,0,8,2,3,0,0,4,1,0
10,18,3.16,3,2,4,0,7,0,4,7,0,1,1,1,4,0
7,36,3.88,2,2,1,1,7,0,2,3,7,3,9,2,1,0
14,11,3.63,4,1,3,0,7,0,4,1,2,3,1,0,2,0
1,47,2.41,4,1,5,0,6,0,2,3,0,0,1,0,0,1
2,89,2.3,1,1,1,0,7,0,0,1,3,4,2,1,2,1
11,71,3.821409457400087,6,2,3,1,0,1,0,0,1,4,4,4,1,0
4,20,2.24,8,2,4,1,9,1,2,3,0,4,0,2,3,0
13,74,2.99,8,0,3,1,1,0,0,4,1,2,0,2,1,0
0,53,3.47,2,2,3,1,7,0,4,1,3,0,2,0,1,1
7,5,2.91,5,1,0,0,0,1,0,2,8,2,10,4,2,0
14,79,2.62,1,1,2,1,7,1,2,1,3,1,1,3,2,1
9,54,3.76,0,1,4,1,6,1,0,8,2,2,4,3,4,1
10,81,3.92,5,1,2,0,5,1,4,8,0,4,1,0,1,0
5,82,2.15,4,0,2,0,6,0,8,1,2,4,1,3,3,1
1,7,3.02,9,1,3,1,1,0,1,3,2,4,0,2,0,1
13,67,2.69,1,0,0,1,6,0,4,2,4,0,0,3,1,0
8,78,2.82,8,2,2,1,2,0,2,0,1,4,8,2,4,1
2,15,2.07,9,0,4,1,8,1,4,0,4,3,3,4,2,1
11,33,3.650958350038751,3,0,2,0,0,0,0,4,4,1,3,2,1,1
2,63,3.73,9,2,0,1,7,1,3,1,4,0,0,0,0,0
10,32,2.46,3,1,4,1,8,0,4,10,2,4,4,3,2,0
12,83,3.64,6,2,1,0,1,0,1,1,0,1,1,0,0,1
13,74,2.61,2,1,4,1,9,1,0,4,2,0,4,0,1,1
9,57,3.14,5,2,4,0,2,0,2,7,2,2,1,2,0,1
3,37,2.5,5,0,3,0,4,0,3,8,3,1,3,0,2,1
10,61,2.91,7,0,4,1,5,0,1,8,4,0,3,2,2,0
7,5,2.92,0,2,4,0,2,0,1,4,8,0,8,0,4,0
5,29,2.45,5,2,1,1,0,0,8,4,0,0,3,0,0,0
7,2,2.86,9,1,0,0,5,0,2,3,8,3,9,1,4,1
14,80,3.58,6,1,4,1,3,0,2,0,0,4,2,3,4,0
13,13,3.57,8,1,1,0,4,1,1,3,0,2,2,1,1,1
13,13,3.0,9,2,0,1,3,0,2,0,4,3,0,4,2,1
4,72,2.11,6,1,4,0,3,1,4,1,1,1,0,0,2,1
14,48,2.9,2,0,1,1,9,0,0,1,3,4,3,2,0,0
10,59,3.02,2,0,1,0,0,0,1,7,3,3,4,0,1,1
10,18,3.39,0,0,2,0,6,1,0,10,0,3,1,4,3,0
12,24,2.37,5,1,1,0,4,1,2,4,0,3,3,0,1,0
9,52,3.03,9,0,1,0,8,1,1,7,4,4,1,2,0,1
5,29,2.42,7,2,0,0,7,0,9,2,2,0,0,3,3,0
2,89,2.26,2,1,1,0,5,0,3,3,3,3,0,4,0,0
5,88,3.15,8,0,1,1,3,0,10,1,2,3,1,3,2,1
11,73,3.5544466569905198,0,0,3,1,1,0,2,1,3,0,2,3,0,1
6,84,2.62,6,0,1,0,5,0,1,2,3,0,4,2,0,0
11,68,3.749118000249637,9,2,0,1,2,0,1,3,1,4,0,1,2,0
3,25,3.67,0,0,1,1,7,1,2,10,2,1,4,2,3,0
0,50,2.88,4,0,0,0,1,1,1,1,1,1,4,2,3,1
9,56,2.35,0,2,3,0,3,0,2,8,2,0,4,4,4,1
12,24,2.23,8,2,0,1,5,0,1,4,4,3,4,3,2,1
1,12,3.44,5,2,3,1,8,0,4,3,4,2,3,2,0,0
8,1,2.45,0,1,3,1,6,0,4,1,4,2,8,1,4,0
8,51,3.98,1,2,0,0,7,1,1,3,1,3,9,4,3,0
4,69,3.39,0,0,4,0,9,1,3,3,4,2,1,2,1,0
1,45,2.54,3,1,4,1,7,0,4,0,3,2,4,0,2,0
9,70,2.98,0,0,0,1,6,1,1,10,1,3,1,0,4,1
10,18,3.19,0,0,3,1,2,0,0,7,1,3,1,1,0,0
12,23,2.39,9,1,3,0,7,0,4,0,3,3,2,1,3,0
8,39,2.35,5,0,4,0,5,1,0,1,2,0,7,4,2,0
7,36,2.82,7,2,1,1,6,0,1,1,7,4,9,0,0,0
12,64,3.97,6,0,1,1,1,0,4,2,1,1,3,1,4,0
7,16,3.78,9,0,0,1,1,0,2,3,7,2,10,0,0,0
9,56,2.06,0,0,1,1,6,0,1,10,3,3,1,1,2,0
12,66,3.78,10,2,0,1,7,1,2,2,1,3,4,0,1,1
8,1,3.41,3,0,3,0,5,1,1,1,3,3,9,4,4,0
10,32,3.85,8,0,2,0,2,0,0,7,3,2,3,4,0,0
1,12,3.7,1,2,4,1,2,0,2,3,3,2,2,2,3,0
5,0,2.17,5,1,2,0,7,1,7,4,2,3,1,0,3,0
3,37,2.3,6,2,0,0,4,1,3,10,1,0,4,0,3,0
4,20,2.11,8,2,4,0,5,0,2,4,3,3,3,1,1,0
7,2,3.69,1,0,0,1,8,1,2,0,10,3,8,2,3,0
4,72,2.25,4,1,3,1,0,0,0,0,3,0,0,3,0,0
12,66,2.17,8,2,4,1,4,1,1,0,2,2,3,0,3,1
0,87,2.39,8,0,1,0,7,0,0,3,4,3,2,2,1,0
1,12,3.48,3,2,3,1,7,1,4,4,2,4,4,2,2,1
9,56,2.46,5,1,1,0,2,1,2,10,4,4,1,1,3,0
7,41,3.64,8,2,2,1,0,0,3,0,9,3,8,3,2,0
9,52,2.9,7,2,2,1,1,0,1,8,0,2,0,1,3,0
1,7,2.7,6,1,5,0,7,0,3,4,3,0,4,0,2,1
6,86,2.77,1,0,3,0,5,1,2,3,3,2,4,4,1,0
3,58,2.62,3,2,4,0,2,0,0,9,1,1,0,0,3,0
10,59,2.25,1,2,4,1,5,0,0,7,1,2,1,4,2,1
11,31,3.559251311799076,5,1,3,0,5,0,0,0,4,2,1,4,0,1
8,1,3.0,8,0,1,0,3,1,4,3,2,0,8,2,3,1
12,23,2.19,6,0,1,1,6,0,4,2,2,2,4,3,0,0
7,36,3.53,2,0,4,0,4,0,4,1,10,3,7,0,1,0
11,85,3.880503961747696,7,1,1,0,7,0,4,0,3,4,2,3,1,1
2,15,3.84,5,1,3,1,3,0,1,4,3,1,1,2,0,0
2,44,3.67,2,1,2,0,9,0,4,4,0,3,0,4,3,0
3,25,2.83,9,1,4,0,8,0,4,10,1,2,3,3,1,1
1,7,2.56,2,0,4,0,2,0,4,4,0,0,4,3,2,1
4,6,3.04,4,1,1,1,3,0,3,2,0,0,4,4,3,1
14,80,3.61,9,1,4,1,9,0,3,4,4,2,1,2,0,1
12,24,2.87,7,1,3,1,3,1,2,4,4,2,2,3,1,1
4,69,3.46,4,1,4,1,4,0,3,4,4,1,1,3,4,1
12,24,3.84,6,1,1,1,5,1,2,2,1,2,0,2,3,1
11,31,3.6255006916311503,1,0,3,1,6,0,2,1,0,2,4,0,3,0
3,25,3.0,8,1,1,0,3,1,1,7,2,4,3,1,2,0
12,23,2.4,6,0,1,0,9,0,0,4,2,2,2,4,0,1
0,53,3.37,8,1,1,0,8,0,0,2,3,0,0,4,2,1
13,74,2.05,6,0,1,0,0,0,2,4,1,3,2,2,1,1
4,69,2.86,0,1,2,0,0,1,3,1,4,4,0,2,3,1
0,8,3.09,8,2,2,0,0,1,1,3,1,1,4,2,4,1
14,22,3.08,4,1,0,1,1,0,0,4,4,4,1,4,0,1
11,71,3.5137595925702074,1,2,4,1,3,0,1,3,4,3,1,4,4,1
14,79,2.6,9,1,1,1,0,1,4,0,4,4,4,4,0,1
4,20,3.53,2,2,4,1,6,0,0,4,0,1,4,0,1,0
8,40,3.38,5,2,4,0,1,0,0,0,1,3,8,4,2,0
4,20,3.77,1,1,3,0,3,0,2,4,1,2,0,4,4,1
9,54,2.96,6,0,3,0,6,1,4,8,1,3,0,4,0,1
3,37,3.85,2,1,0,0,6,1,1,10,3,3,4,1,1,0
1,7,2.95,1,2,3,1,1,1,2,0,4,3,0,0,2,0
0,9,2.28,2,1,0,1,7,0,4,1,2,0,2,1,0,1
5,88,3.83,7,2,3,0,6,0,7,2,0,2,2,4,2,1
7,41,2.8,6,1,3,0,0,0,3,2,10,0,9,4,1,1
8,51,2.55,5,1,2,1,9,1,2,2,0,1,7,0,4,1
8,51,2.86,2,2,4,0,1,0,0,4,3,4,10,0,1,1
6,75,3.51,8,1,2,1,3,0,0,3,3,1,4,0,2,0
14,80,3.94,0,2,0,0,2,0,2,1,3,0,3,2,2,0
11,68,3.5719071751574067,7,0,0,1,2,1,1,0,4,1,4,4,4,0
13,67,2.22,5,2,1,0,5,1,1,2,0,4,0,1,4,1
3,46,3.97,0,0,2,1,0,0,4,9,2,2,4,1,2,1
8,27,3.6,6,2,0,1,9,0,0,2,3,0,8,4,2,0
12,83,2.84,9,0,1,0,5,1,2,2,3,2,1,1,3,1
8,38,3.25,2,2,4,0,5,1,1,4,3,4,10,0,3,0
12,64,3.14,8,0,2,1,8,0,4,2,0,2,0,1,0,0
12,64,3.83,8,2,4,1,6,1,2,0,3,2,0,0,4,1
9,55,3.56,0,1,3,1,3,0,1,7,0,1,2,3,2,1
8,78,2.56,1,0,2,1,5,0,0,3,4,3,7,0,4,0
9,52,3.03,6,1,2,0,3,1,4,10,3,3,0,3,4,1
2,89,3.71,7,2,3,0,6,1,2,4,0,0,1,3,2,1
7,5,3.34,0,2,3,1,5,0,0,2,8,3,10,3,0,0
1,10,3.25,7,2,5,1,9,0,4,2,2,4,2,2,1,0
4,49,2.53,0,0,3,1,9,0,4,1,0,4,2,4,1,1
6,75,3.76,4,1,3,0,5,0,2,0,0,4,0,0,3,0
10,32,2.92,9,0,1,1,6,1,0,9,2,4,2,1,4,0
8,40,2.2,7,2,2,1,6,1,2,0,3,0,7,0,1,1
0,50,3.03,6,0,1,0,4,1,2,4,4,4,2,2,3,0
3,46,2.03,0,2,4,0,9,0,1,10,1,1,2,0,0,0
0,50,3.98,0,2,1,1,6,0,0,1,2,1,1,1,1,0
1,7,3.81,7,1,4,0,5,0,2,2,2,0,1,2,3,0
2,17,2.93,5,0,2,0,0,0,2,3,0,1,1,1,3,1
9,56,3.83,0,2,2,1,0,0,3,10,0,4,1,0,3,1
6,35,3.37,0,1,1,1,7,1,1,2,0,0,1,0,1,1
10,81,3.17,2,1,1,1,7,1,2,7,0,4,1,3,2,0
7,21,2.26,3,1,1,1,4,1,2,0,7,2,9,2,2,0
9,70,2.35,5,1,1,0,2,1,4,9,3,0,3,2,3,0
14,11,2.68,7,1,4,1,5,1,1,2,0,4,2,3,4,0
0,9,2.53,3,2,3,1,8,1,1,3,4,3,2,1,1,0
10,61,3.43,3,1,4,0,7,0,1,7,0,2,1,2,0,0
8,1,2.98,0,0,0,0,1,0,4,3,3,4,7,2,4,1
6,86,2.41,5,2,2,0,5,1,0,3,0,2,1,3,4,0
2,14,3.25,4,1,4,1,1,1,3,2,2,2,0,0,4,0
8,38,2.77,7,0,3,0,7,0,2,2,1,3,8,2,0,0
2,17,2.85,6,0,3,0,1,1,2,4,3,3,3,3,1,1
7,21,3.92,3,2,0,0,7,1,0,1,10,0,8,1,3,1
4,72,3.96,8,0,2,0,7,0,2,1,3,2,0,3,1,1
2,17,3.24,5,0,0,1,9,0,4,1,3,0,1,0,1,1
0,53,2.7,2,1,2,1,0,0,0,4,3,2,3,1,4,0
12,23,2.49,7,0,3,1,7,0,0,1,0,1,2,4,0,0
14,65,3.87,7,1,2,0,0,1,1,1,1,1,2,4,2,1
2,89,3.8,0,2,0,1,7,1,4,0,2,1,1,3,0,0
4,49,3.35,3,1,1,1,2,0,2,1,1,4,4,3,4,1
3,25,2.08,1,0,0,1,1,0,2,10,3,1,0,3,4,1
11,73,3.8658623682821065,2,0,4,1,7,0,2,2,0,2,0,2,2,1
12,66,2.99,5,0,0,0,8,1,0,4,1,1,3,4,1,0
7,2,2.0,9,0,2,0,9,1,4,4,9,2,7,0,3,1
7,62,2.0,5,1,1,1,4,0,1,2,8,3,8,2,1,1
14,11,2.89,1,0,2,1,8,0,4,1,4,1,2,2,1,0
3,58,2.63,8,1,2,0,4,1,1,10,2,3,4,3,2,0
9,52,3.35,4,0,4,0,2,1,3,9,2,0,1,1,3,1
12,24,2.82,10,1,1,0,9,1,1,2,1,3,1,2,2,1
4,6,3.1,0,0,1,1,6,0,4,3,3,4,1,4,0,0
0,53,2.02,7,0,4,0,6,1,0,3,3,0,0,3,0,0
0,9,3.56,8,2,0,1,0,1,2,2,1,1,1,1,1,0
12,83,3.78,5,2,2,1,5,0,2,3,3,0,4,1,1,0
9,52,2.0,7,1,4,1,5,1,3,9,2,2,3,0,2,0
3,46,2.48,9,2,2,1,0,1,0,8,0,3,4,0,1,0
13,13,3.89,3,0,1,1,8,0,1,4,1,3,4,2,0,1
8,78,3.59,1,1,2,0,6,1,0,1,2,1,9,2,1,0
11,33,3.8903158587127775,2,1,1,0,7,1,3,3,4,1,2,4,0,0
13,74,2.46,8,2,4,0,8,1,0,2,0,0,1,4,2,1
2,15,3.45,1,1,1,0,7,1,4,3,1,1,3,0,2,1
9,52,3.67,1,1,1,0,8,0,3,10,2,2,1,0,2,0
9,56,2.17,3,0,2,1,5,0,2,8,4,4,1,0,1,0
7,21,3.45,1,0,4,1,2,1,3,0,10,3,7,0,3,0
11,71,3.8160797495932286,8,2,4,1,8,1,1,1,0,2,3,2,1,1
7,36,2.27,7,0,4,0,5,1,2,2,7,3,7,3,0,0
12,24,3.83,5,0,1,0,5,0,2,2,1,1,1,4,4,0
11,85,3.58604461464763,3,1,3,0,2,1,3,2,2,2,2,3,0,1
14,76,2.6,2,2,1,0,8,0,0,2,4,2,3,1,2,0
4,20,2.45,1,0,1,1,0,1,3,0,1,2,0,1,4,0
13,67,2.95,1,1,3,1,6,1,3,4,4,1,2,2,1,0
12,64,2.99,7,1,1,0,7,0,0,4,3,3,1,3,0,0
8,38,3.25,1,1,1,0,4,1,1,1,2,4,7,0,1,0
12,64,2.41,9,0,4,0,9,1,3,3,4,4,1,0,2,0
11,73,3.67230204222378,6,0,1,1,5,0,3,1,1,1,1,3,1,1
2,63,3.1,5,0,0,0,7,0,0,2,0,1,3,1,1,0
10,18,2.15,1,2,3,1,5,0,0,7,4,3,1,2,0,0
6,28,2.51,9,0,1,0,6,1,0,0,2,3,3,2,0,0
10,60,3.71,2,2,3,0,9,0,4,7,3,0,2,1,2,0
4,49,3.59,3,0,0,0,8,0,3,1,4,1,3,0,4,1
4,49,2.24,5,0,3,1,0,0,0,0,0,3,2,4,1,0
12,83,3.14,7,1,3,0,8,1,1,0,4,4,0,1,1,0
3,58,2.1,5,2,2,1,4,0,1,9,4,4,2,3,2,1
13,74,3.46,4,0,3,1,9,1,4,3,4,1,2,0,2,1
9,70,3.94,8,0,2,1,9,1,1,10,2,3,0,3,2,0
13,67,2.5,2,2,1,0,4,0,4,3,4,1,0,4,0,0
3,58,3.64,8,0,3,1,6,0,2,9,3,0,0,2,2,0
1,10,2.26,6,2,3,1,4,1,1,0,1,4,0,2,4,0
11,68,3.741250210117681,9,0,2,0,1,0,1,2,4,2,3,1,1,1
6,84,2.35,4,0,1,1,9,0,3,3,4,2,0,2,0,0
0,53,3.16,2,1,3,1,2,1,4,3,0,1,0,1,4,0
6,75,2.74,9,0,1,0,3,1,3,3,3,3,0,2,0,0
14,76,2.33,4,0,2,1,9,1,1,2,1,1,0,2,2,0
8,51,4.0,7,0,1,1,1,1,1,0,4,1,9,2,4,1
13,77,2.85,8,0,0,1,2,1,0,4,4,1,3,1,2,1
0,50,2.24,2,0,0,1,9,1,2,0,1,3,1,3,2,0
2,34,3.48,6,1,0,0,4,0,4,2,1,0,2,2,4,0
2,63,2.37,9,2,2,1,8,0,3,2,2,0,4,1,1,1
8,1,2.9,3,2,0,1,7,0,4,3,1,2,8,3,4,0
8,39,2.46,8,1,2,0,7,1,1,3,0,1,7,2,1,1
5,88,2.79,8,2,3,0,2,0,10,2,0,3,2,0,1,1
4,6,3.97,4,0,0,1,6,0,1,2,4,4,1,1,1,0
14,80,3.63,5,1,0,0,3,1,2,1,4,3,2,3,4,1
1,10,2.79,4,1,3,0,3,1,4,2,4,2,0,0,1,1
3,58,2.12,0,2,0,1,8,0,2,10,1,0,2,4,4,1
10,18,2.37,9,2,4,0,8,1,1,7,3,4,3,2,2,0
4,20,3.85,4,2,1,1,3,1,2,1,4,3,4,2,2,1
11,31,3.859226973661275,9,2,0,0,0,0,4,3,2,2,4,4,2,0
0,9,3.12,3,2,4,0,2,1,1,0,0,3,2,3,2,0
9,57,2.85,4,2,0,0,5,1,4,9,3,4,3,3,0,1
13,67,2.39,6,1,2,0,6,0,0,2,4,0,4,4,2,1
13,77,3.58,9,0,4,1,0,0,0,4,2,1,0,4,1,0
11,68,3.939670510088264,9,2,4,1,7,1,2,1,0,2,3,4,2,1
13,74,3.74,9,0,3,1,3,1,2,2,2,3,1,3,2,0
10,59,3.24,1,2,3,0,3,1,1,9,1,0,0,0,2,1
8,3,3.78,1,2,1,1,9,1,2,1,4,3,10,3,2,1
4,69,3.91,7,1,3,0,8,1,4,2,3,3,4,3,1,0
11,73,3.836351497104449,3,0,3,0,0,1,1,0,4,3,4,4,0,0
7,2,3.17,8,1,4,0,6,1,1,1,9,1,10,2,2,0
1,12,2.03,7,1,4,0,8,1,4,4,3,3,3,0,0,0
6,35,2.86,1,2,0,0,0,1,4,4,3,3,4,2,1,0
9,52,3.65,6,1,0,0,2,0,0,8,1,3,2,0,4,1
6,84,3.62,3,2,2,1,7,0,3,4,3,3,2,1,3,0
14,48,2.69,2,2,0,1,4,0,2,3,2,0,2,3,3,1
1,47,2.58,8,2,3,0,8,1,3,1,2,3,1,0,4,1
11,85,3.509897829173627,1,2,0,1,1,1,2,1,2,3,4,4,2,0
8,40,2.16,0,1,2,1,6,1,0,4,4,2,9,0,2,0
10,4,2.37,5,2,0,1,8,1,2,9,0,0,2,3,1,0
0,53,2.24,1,2,0,1,3,0,3,2,2,0,4,4,2,1
5,82,2.35,1,2,3,1,5,0,8,1,1,2,2,4,1,0
14,76,3.71,7,0,1,1,9,0,1,4,1,2,2,1,3,0
8,40,2.47,5,0,0,0,3,0,4,3,4,2,7,4,1,0
10,59,3.99,3,1,3,0,6,1,2,8,3,1,3,3,4,0
10,4,3.84,7,2,2,1,3,1,2,8,2,3,4,0,0,1
0,50,2.49,8,2,3,1,0,1,0,4,1,2,1,2,1,1
0,8,3.74,9,1,4,1,6,0,4,2,3,1,1,4,3,0
9,57,2.09,0,0,2,1,6,1,1,8,1,4,1,4,3,0
3,25,3.84,1,0,1,0,8,0,0,7,1,2,2,1,4,0
9,52,2.19,4,1,4,1,4,1,1,8,4,2,3,1,3,1
4,72,3.57,3,2,0,0,2,0,3,4,2,3,0,3,4,0
9,52,2.03,9,2,1,1,0,0,2,8,3,4,1,0,2,0
12,66,2.11,5,2,3,0,0,1,0,0,0,0,0,1,4,0
3,58,2.16,1,0,4,1,6,1,3,10,1,3,1,3,2,1
9,57,3.44,4,0,1,1,7,0,3,9,4,1,0,1,3,1
4,6,2.92,5,2,3,1,6,1,1,1,1,2,2,4,2,0
4,72,3.25,8,1,4,0,4,0,4,0,4,3,3,0,2,0
3,25,3.19,9,0,4,0,8,1,1,10,2,2,2,4,0,1
4,72,2.66,1,2,3,0,9,1,4,3,2,3,1,3,1,1
5,29,2.32,5,2,2,1,2,0,9,0,1,4,1,4,0,0
12,64,3.15,5,2,2,1,9,0,1,4,2,4,1,3,1,0
2,15,3.96,2,1,0,0,8,1,3,1,4,3,1,4,3,1
6,75,3.5,5,0,2,0,6,0,1,4,1,4,1,4,1,0
13,13,2.77,5,0,0,1,4,1,4,2,4,1,1,3,2,0
11,31,3.9885521165257862,1,2,0,0,8,0,1,3,2,1,4,0,4,1
0,87,2.47,1,2,3,1,6,0,3,4,4,0,1,2,4,1
0,87,3.75,6,0,3,0,0,0,3,0,2,4,0,3,1,0
6,28,2.12,0,1,1,1,7,0,3,0,4,1,3,3,2,1
6,84,2.74,0,2,3,0,2,1,1,3,0,1,4,1,2,1
2,34,2.78,8,0,4,1,6,1,0,4,1,0,1,4,3,1
8,1,2.71,0,0,0,1,1,1,2,3,3,4,7,3,3,0
12,64,2.23,6,2,3,0,7,1,1,2,3,3,4,4,1,1
0,53,2.11,5,2,1,0,5,0,0,3,1,0,2,1,4,0
7,21,3.32,2,0,4,0,4,1,4,4,9,2,7,3,1,0
10,60,2.46,1,2,2,1,2,1,3,10,1,1,4,2,0,1
14,42,2.29,9,2,1,1,2,0,0,3,0,0,4,2,4,1
5,30,2.1,2,0,0,1,9,1,9,1,0,3,1,0,0,0
10,81,3.9,3,1,3,1,3,0,3,8,1,1,2,0,4,1
1,10,2.02,6,0,5,0,8,1,2,4,1,1,1,3,1,0
12,64,2.01,8,2,4,0,1,1,0,2,4,0,1,4,2,0
0,87,3.0,5,1,2,1,0,0,3,0,1,1,1,3,1,0
8,38,3.18,5,2,1,0,4,0,3,0,3,4,8,3,0,1
9,56,2.03,9,0,1,1,1,0,4,9,2,3,2,4,1,1
11,68,3.537791806927033,8,0,0,0,0,0,0,4,3,1,3,1,3,1
0,53,2.87,3,1,4,1,6,0,2,0,0,3,2,4,2,0
1,12,2.51,3,0,3,1,6,1,2,2,3,0,0,0,3,1
1,47,2.97,1,2,5,0,1,1,0,3,3,0,4,2,0,1
1,47,2.53,6,1,5,1,4,1,3,0,2,2,2,4,3,1
5,29,3.59,8,1,0,1,2,1,8,0,1,2,4,2,1,1
1,7,2.77,8,1,4,0,1,1,2,2,3,4,3,0,3,0
10,61,2.01,2,2,3,1,6,1,0,9,0,2,2,4,3,0
0,50,3.14,1,0,4,1,8,0,1,1,0,4,4,3,2,0
11,33,3.7253432374694566,0,0,3,1,0,1,4,0,0,1,4,3,4,0
9,57,2.53,2,0,3,1,0,1,4,7,0,1,0,3,0,1
6,35,3.59,7,2,3,1,2,0,2,0,2,2,0,1,1,0
9,70,3.84,1,2,0,0,5,0,4,9,4,2,1,1,1,1
8,3,3.72,1,2,4,0,2,0,2,3,3,3,8,4,3,0
12,83,3.83,8,1,1,1,3,1,2,3,0,2,3,0,4,1
11,85,3.558533020712084,3,1,0,0,8,0,4,2,4,4,0,3,4,1
4,20,3.69,1,2,0,0,9,0,4,2,2,4,0,4,3,0
11,33,3.8061290753809214,8,1,4,0,7,0,2,4,2,3,3,3,1,0
6,35,2.18,8,1,3,0,5,0,3,3,0,4,1,0,0,1
14,65,3.96,1,1,0,0,1,1,2,2,2,0,0,4,0,1
11,68,3.941496912414887,3,0,0,0,6,1,4,4,0,3,2,1,0,1
2,44,2.76,7,1,4,1,4,1,2,4,2,3,1,3,3,1
7,41,2.67,7,1,1,1,0,1,2,4,10,0,8,1,4,1
7,62,3.89,2,0,3,0,0,0,0,2,7,1,8,4,1,0
12,83,3.06,8,2,1,1,3,1,3,4,0,1,0,4,1,1
1,10,2.57,5,1,3,1,9,1,3,2,2,1,0,3,3,1
9,55,2.09,2,2,1,1,1,1,1,10,4,4,3,2,1,1
4,20,3.84,7,1,1,0,2,0,0,3,1,3,4,3,0,0
9,54,3.27,8,2,4,1,6,0,1,10,4,4,3,0,4,1
5,30,2.28,9,1,0,0,7,0,7,3,2,3,2,2,4,1
4,69,3.45,9,2,2,1,5,1,4,0,4,4,4,4,3,0
3,25,3.93,8,0,4,0,0,1,3,7,2,2,2,3,0,1
4,72,2.03,1,2,1,0,5,0,0,3,1,0,2,0,1,0
2,34,3.12,5,1,3,0,4,0,2,3,3,1,1,4,3,1
4,69,3.52,9,2,3,1,6,1,1,1,4,2,3,1,2,0
9,57,2.85,7,1,2,1,1,0,2,10,1,2,2,2,4,0
3,37,3.43,1,0,1,0,0,1,2,7,0,0,4,0,0,0
14,26,3.15,8,0,1,0,2,0,3,3,0,3,3,3,2,0
8,51,2.81,8,0,3,1,4,0,1,4,2,3,8,2,3,0
8,39,3.27,7,1,4,0,3,0,2,3,3,1,9,2,2,0
12,66,3.7,7,0,4,1,2,0,1,0,4,3,1,0,3,0
3,58,3.87,3,0,3,1,2,0,3,9,1,3,2,4,1,0
10,60,2.79,5,2,0,1,8,1,0,10,2,3,0,3,4,1
13,67,3.23,6,2,1,0,0,1,4,2,4,2,0,3,2,1
1,47,3.72,9,1,3,0,8,1,1,0,1,3,3,4,4,0
1,12,3.02,5,2,3,0,7,1,2,3,0,4,1,1,0,0
2,44,3.66,5,1,0,1,4,1,3,3,1,2,1,2,1,1
3,37,3.61,2,1,2,0,4,1,3,9,3,3,2,0,1,0
6,84,3.36,5,2,4,1,4,1,1,3,3,0,2,1,0,0
14,76,2.05,0,0,3,1,6,1,4,1,0,1,2,3,4,1
5,30,2.02,9,0,3,0,9,0,7,3,0,4,1,1,0,0
12,24,2.26,6,2,1,1,5,1,0,2,4,3,4,0,3,0
6,75,2.74,3,2,3,0,5,0,1,2,4,0,4,1,1,1
7,19,2.86,0,1,4,0,8,1,2,0,10,4,7,3,4,1
3,46,3.99,9,1,3,0,8,0,0,7,0,0,4,1,3,0
0,9,2.85,7,0,4,0,8,0,1,2,4,3,3,1,3,1
9,70,2.58,7,1,0,1,8,1,2,9,0,1,0,3,3,1
5,82,2.45,5,2,0,1,6,0,7,2,1,0,4,0,3,1
1,7,2.33,1,1,5,0,3,1,1,3,4,1,2,4,3,1
0,87,3.19,0,2,4,1,5,0,2,1,4,3,3,1,4,1
3,25,2.65,3,0,0,0,5,0,4,9,3,3,0,4,0,0
7,2,2.68,1,2,0,0,7,1,0,0,9,1,8,3,1,0
4,69,3.69,7,1,1,1,4,1,2,0,3,2,0,0,3,1
10,60,2.15,0,2,4,1,0,0,3,9,2,0,0,1,4,0
10,81,3.03,1,2,0,1,2,0,1,8,0,3,2,4,2,0
4,69,2.12,1,2,0,1,5,0,1,2,4,2,3,2,2,0
14,26,2.25,6,0,0,1,7,0,0,0,2,2,3,2,4,1
6,35,2.12,6,1,3,1,8,1,0,2,1,3,4,3,0,1
14,22,3.09,2,2,3,0,6,0,0,4,3,1,2,1,3,1
0,50,3.01,6,0,4,1,8,1,4,0,1,1,0,3,3,0
1,7,2.75,1,2,4,0,6,0,0,1,2,0,2,4,0,0
10,18,3.64,5,0,1,0,3,1,4,8,4,4,4,3,1,1
5,0,3.27,7,1,3,0,7,1,7,3,3,4,4,3,4,0
2,89,3.6,2,2,3,0,7,1,3,0,0,2,2,0,0,0
0,50,3.16,6,0,3,1,5,0,1,0,0,1,1,2,3,1
9,57,2.09,8,2,1,0,2,1,2,10,4,1,1,1,1,1
4,6,2.84,3,2,0,0,2,0,1,1,0,1,4,4,0,1
9,57,2.02,2,2,4,1,0,1,3,8,2,2,0,4,1,0
4,20,3.46,5,1,4,1,0,1,4,0,0,2,0,2,3,0
6,86,3.91,7,0,0,0,1,1,1,4,3,4,1,4,0,0
0,9,3.25,2,0,4,1,3,0,3,3,2,4,0,2,4,1
11,73,3.899859381982431,6,0,2,1,1,1,4,1,2,3,3,4,4,1
1,10,3.12,4,2,3,1,9,0,2,1,2,3,1,1,4,1
12,83,3.39,5,2,4,0,1,0,4,1,2,4,1,3,1,1
3,37,2.95,6,2,0,1,8,0,2,10,4,1,1,4,2,0
10,18,3.05,2,2,2,1,4,0,1,7,3,0,4,4,3,0
3,37,2.59,6,1,0,0,2,0,1,7,4,4,3,0,0,1
5,29,3.06,2,1,3,0,6,0,9,4,2,4,2,1,4,1
14,65,2.13,4,0,0,0,0,1,1,4,3,1,4,0,0,0
12,64,3.01,8,2,4,1,9,0,1,2,3,1,1,4,1,1
3,37,3.83,3,0,0,1,0,0,2,10,4,2,4,0,0,1
5,30,2.14,9,1,4,0,7,0,7,4,2,0,2,1,4,0
12,66,2.22,6,2,0,0,2,0,0,0,3,2,4,0,2,0
14,26,2.06,8,2,3,0,1,1,0,2,3,1,1,3,3,1
11,73,3.8925488570478537,6,2,3,0,3,1,4,3,2,0,0,4,3,1
14,79,3.69,7,1,0,0,5,1,1,1,4,4,1,3,4,0
10,4,2.66,1,1,0,1,1,0,0,10,0,0,4,3,4,0
5,0,2.89,8,0,3,0,7,0,10,4,4,4,4,4,3,0
7,16,2.91,5,0,4,1,5,1,4,1,9,2,7,2,0,1
14,65,3.42,0,1,3,0,4,1,2,3,3,4,4,1,2,0
4,49,2.74,2,2,0,1,8,0,3,1,4,3,2,2,0,0
6,84,2.69,3,2,2,0,9,1,3,4,4,0,3,3,4,0
12,24,2.69,7,0,2,0,7,1,0,3,0,3,3,2,2,0
14,65,3.97,7,0,4,0,3,0,1,3,0,4,3,2,3,1
4,69,3.33,0,2,3,1,7,1,3,1,0,2,1,0,1,1
8,1,3.72,3,1,3,0,8,1,2,2,0,2,7,1,1,0
8,38,2.97,4,1,0,0,9,1,2,2,3,2,8,3,1,1
9,55,2.45,6,0,2,1,5,1,0,10,3,4,4,1,0,1
1,7,3.34,2,2,3,1,9,1,1,2,1,3,3,4,1,0
9,54,2.58,8,1,2,0,6,0,4,8,4,2,2,3,3,0
0,53,2.89,5,0,4,1,5,1,1,2,1,4,3,2,0,0
0,9,2.2,4,1,4,0,5,1,4,1,4,3,2,4,4,0
2,63,2.94,1,0,2,0,7,0,0,4,1,3,0,0,1,1
3,46,3.52,7,2,4,0,2,1,2,9,3,1,3,0,0,0
10,4,2.87,0,2,1,0,7,0,4,9,2,4,1,1,0,1
12,66,3.52,7,2,3,1,9,1,4,0,1,3,1,4,2,1
3,46,3.41,1,0,4,0,1,1,3,10,2,2,3,3,0,0
13,74,3.6,0,1,2,1,3,0,3,2,3,1,2,2,4,1
6,86,2.58,6,0,3,0,2,0,2,4,4,0,1,2,3,1
0,53,2.12,8,0,4,0,8,1,1,4,4,2,1,2,2,0
4,49,3.77,3,2,2,0,2,1,2,3,2,4,0,3,3,1
8,3,3.82,2,2,2,1,7,0,3,1,4,2,9,0,1,0
4,69,2.34,4,0,1,1,3,0,1,0,0,1,1,0,3,1
3,46,2.49,8,0,2,0,3,1,4,7,1,0,1,4,1,0
3,58,2.38,9,1,2,1,4,1,2,7,3,3,3,1,0,0
6,75,2.49,1,2,3,1,7,0,4,1,3,1,3,3,1,1
6,84,3.57,6,1,1,1,5,1,0,0,1,3,2,1,0,1
3,25,3.86,6,1,2,0,8,0,3,7,0,0,2,2,1,0
7,2,3.62,8,1,3,1,7,1,2,4,8,1,9,1,1,1
8,78,3.24,9,2,4,0,9,0,4,2,3,3,9,3,2,1
14,11,3.92,4,0,0,1,1,1,4,1,2,1,4,3,1,0
10,59,2.01,0,0,4,0,0,0,4,8,2,4,3,0,1,1
14,76,2.41,1,0,3,0,3,1,0,2,3,1,0,0,4,0
10,81,2.21,5,0,0,0,1,0,3,8,0,0,2,4,0,1
11,85,3.6593044813818034,1,1,2,0,5,1,4,3,1,0,4,0,3,0
9,55,3.95,1,0,4,0,9,0,1,7,2,0,2,0,1,1
4,6,3.82,3,2,0,0,8,0,4,3,2,2,1,1,1,1
9,55,3.27,2,0,3,0,6,0,4,9,2,2,1,4,0,0
6,86,2.25,7,0,2,0,9,0,0,1,0,4,3,4,4,1
1,7,2.05,1,1,4,1,2,0,1,1,3,2,0,0,4,1
10,32,3.87,8,2,1,1,5,1,1,7,3,2,0,1,2,0
11,71,3.929382139674736,3,1,2,1,5,1,1,4,4,1,4,2,3,1
1,12,2.99,3,2,4,0,8,0,4,1,2,3,0,1,3,0
4,20,3.44,9,2,3,1,8,0,1,0,0,2,3,2,4,1
10,32,3.43,5,2,4,1,2,0,3,8,3,4,2,2,1,0
8,1,3.24,4,0,3,1,7,0,3,3,1,2,7,2,0,0
9,55,2.33,6,0,1,0,4,1,4,9,4,3,1,0,0,0
12,83,3.02,10,1,1,1,5,0,3,3,4,0,2,4,1,1
8,3,2.16,8,0,1,0,4,1,2,4,0,2,9,4,4,0
11,31,3.5826422450714785,0,2,0,1,7,0,1,4,4,4,2,1,4,0
9,55,2.47,9,0,4,1,2,0,3,8,0,1,0,2,1,1
10,4,2.09,5,1,3,0,1,1,2,8,2,2,4,0,2,1
6,84,3.81,5,2,3,0,9,1,4,4,0,1,0,3,1,1
6,75,2.77,0,1,0,0,7,1,2,3,3,2,3,2,1,0
10,61,2.27,9,0,1,0,4,1,2,8,1,3,2,1,0,1
3,37,2.11,9,0,2,0,2,1,1,7,1,0,0,0,4,0
2,34,3.18,1,1,2,0,8,1,3,0,0,4,4,0,0,1
6,86,2.35,9,2,4,1,2,0,2,1,3,4,3,4,1,1
11,73,3.5828740884826105,0,0,1,0,7,1,1,4,3,1,4,3,4,0
0,87,3.71,6,0,1,0,2,1,0,2,1,3,4,0,4,1
4,6,2.95,7,1,3,1,0,0,3,4,3,3,2,3,4,0
1,45,2.76,6,1,4,1,3,1,1,3,3,3,2,0,4,1
7,16,2.26,8,0,4,0,2,1,0,1,9,3,10,0,3,0
2,14,3.85,2,1,3,1,9,1,2,3,0,2,1,4,0,0
10,81,2.34,3,1,4,1,4,1,0,7,4,2,2,2,0,0
4,69,3.08,9,1,1,0,9,0,0,4,2,3,4,2,2,0
2,14,2.04,0,0,1,1,2,1,4,2,3,2,1,3,1,0
5,30,2.62,5,1,2,1,4,1,8,4,3,2,4,3,2,0
12,23,3.91,10,0,0,0,2,1,2,0,4,3,3,4,1,1
4,49,3.75,9,1,3,1,8,1,3,3,4,3,4,3,1,0
13,77,2.58,9,1,3,1,2,0,4,3,0,1,2,2,0,1
2,44,3.42,4,2,4,0,3,1,3,1,0,0,4,4,2,0
14,79,3.28,8,1,1,0,7,0,1,1,2,0,1,2,4,0
10,32,3.56,9,2,4,1,2,1,0,7,3,4,2,2,1,0
14,76,2.56,3,1,1,0,9,0,4,0,0,4,0,4,0,1
0,50,3.62,0,1,4,0,1,1,1,3,2,1,4,2,2,0
14,80,3.26,2,0,3,0,4,1,0,1,0,4,2,4,4,0
9,56,2.45,1,2,1,1,7,1,4,10,4,1,0,3,3,0
4,69,3.21,5,2,0,0,0,0,2,2,0,1,3,3,0,0
3,58,3.99,7,0,4,0,0,0,1,7,4,0,1,3,3,0
8,39,3.87,2,1,3,1,0,0,3,1,2,1,8,1,0,1
8,51,2.73,6,1,4,1,3,0,3,0,1,1,7,4,3,1
14,65,2.91,9,1,1,1,3,1,4,1,4,4,0,1,4,1
4,20,3.99,8,0,1,1,0,1,4,2,1,1,4,4,4,1
10,81,3.63,3,1,3,1,5,0,2,7,0,1,0,3,3,0
1,7,3.16,8,1,3,0,1,1,3,1,0,2,0,3,2,1
7,2,2.61,7,1,1,0,1,0,4,0,7,3,10,0,4,1
7,2,2.65,0,2,0,1,0,1,2,2,10,0,9,1,4,1
2,63,2.52,9,2,4,1,7,0,4,2,0,2,4,0,2,0
13,74,2.6,8,2,3,1,1,1,1,1,2,4,3,1,0,1
4,72,2.57,8,0,4,0,2,0,4,4,1,4,2,0,2,0
11,31,3.8824004862296384,4,1,1,0,7,0,1,2,1,3,3,4,4,1
9,52,2.32,4,0,3,0,2,1,1,9,2,0,3,0,2,0
12,64,2.94,5,0,3,1,6,0,1,2,4,1,1,0,2,0
4,72,3.35,9,2,3,1,4,1,4,2,2,4,1,4,4,1
1,10,3.81,1,0,3,1,5,0,1,4,0,4,0,0,3,0
4,20,2.69,7,0,2,0,0,0,4,0,1,0,0,1,0,1
10,18,3.19,2,0,2,0,3,1,3,7,4,4,4,4,0,1
13,67,2.73,9,2,4,1,5,1,3,4,0,2,3,0,4,1
8,40,2.69,7,2,2,1,4,1,0,0,2,1,9,3,0,0
10,32,2.98,6,2,0,1,3,1,3,7,2,1,2,4,2,1
4,72,2.99,7,0,2,0,6,0,4,4,1,2,0,1,4,1
6,35,3.45,7,2,0,0,8,1,0,2,3,1,4,1,2,0
12,64,3.0,8,2,2,1,8,0,3,1,3,3,1,1,0,0
9,54,3.43,4,0,2,0,5,1,1,8,3,4,0,2,4,0
5,88,3.78,0,1,3,1,6,0,7,0,2,0,3,0,4,0
7,41,2.48,7,2,2,0,7,1,4,3,7,3,10,3,2,0
3,58,2.52,7,1,0,0,7,0,2,7,2,2,2,0,3,1
2,34,2.89,2,2,1,1,2,0,0,4,0,3,3,3,1,0
1,10,2.23,5,0,5,0,9,1,0,1,2,1,1,2,4,0
10,59,2.02,7,0,0,1,2,1,4,9,0,1,0,3,3,1
2,34,2.94,0,0,3,0,6,1,3,0,4,3,0,3,0,0
7,21,3.15,8,1,1,1,0,1,3,0,8,0,9,2,4,1
5,43,2.83,7,2,2,1,0,1,9,1,3,0,3,4,2,0
7,36,3.47,0,0,0,1,5,1,2,0,7,3,8,3,3,1
9,55,2.12,3,1,4,1,7,0,3,9,2,4,1,2,0,0
1,12,3.83,4,2,5,0,0,0,2,3,3,3,4,1,4,0
3,58,3.85,0,0,4,1,3,1,3,8,4,3,3,3,0,0
1,10,3.15,1,2,4,0,9,0,4,4,2,1,1,2,0,0
6,35,2.31,0,1,0,1,8,1,3,0,3,1,1,1,1,1
8,78,3.47,5,0,1,1,1,1,1,2,4,1,10,2,1,0
2,63,2.1,1,0,4,0,6,1,0,0,2,4,0,4,2,1
0,53,2.61,1,2,4,0,2,1,2,2,3,0,1,3,3,1
5,82,3.67,2,1,3,1,9,1,10,3,2,2,0,1,2,0
13,77,3.74,4,1,4,1,8,0,2,1,3,0,2,4,2,1
11,71,3.772792591334574,0,2,2,1,4,1,0,4,4,1,1,2,0,1
12,24,3.57,9,0,4,0,9,1,1,1,3,2,3,0,2,1
12,64,3.67,6,1,1,0,0,0,2,3,1,4,3,4,2,1
5,43,3.39,1,1,1,0,7,0,7,4,3,0,1,2,2,0
14,65,3.14,5,2,4,1,6,0,1,3,4,0,2,2,0,1
4,49,2.28,7,0,1,0,2,1,0,2,0,4,1,0,4,0
11,31,3.779529642473301,1,0,4,0,4,0,0,3,3,4,1,0,2,0
6,28,2.71,8,0,2,0,5,1,0,3,1,3,4,4,0,1
0,50,2.17,3,2,2,1,1,0,4,0,3,4,1,4,0,1
0,50,2.19,9,1,4,0,4,1,4,3,2,0,1,2,3,1
2,44,2.0,0,0,3,0,8,0,4,0,3,3,3,1,3,1
2,34,3.75,1,2,3,1,3,1,1,4,2,2,1,0,3,0
4,6,3.0,4,1,3,0,9,1,1,2,4,0,2,4,3,1
8,27,2.96,1,1,0,0,5,1,3,3,2,3,8,3,2,0
14,22,3.69,3,0,1,0,9,1,0,1,1,2,1,0,1,0
5,30,2.08,7,1,0,0,0,0,10,0,2,3,4,3,0,0
9,70,2.28,1,2,1,0,9,0,2,9,4,4,0,3,0,0
14,26,2.21,4,1,0,0,9,0,2,1,0,2,2,3,4,1
3,37,3.59,9,1,3,1,6,1,0,10,1,0,4,4,2,0
4,20,2.01,5,2,4,0,1,0,1,3,3,4,4,0,2,0
6,86,2.49,4,0,3,1,2,1,0,1,2,2,1,2,2,1
11,71,3.8159943401980954,8,2,0,1,1,1,0,0,1,3,0,2,2,0
12,64,3.52,9,1,3,1,5,0,0,1,1,1,4,0,4,1
10,32,3.53,1,1,4,0,9,0,2,10,3,0,2,3,0,1
5,82,3.05,0,0,0,1,8,0,10,1,3,0,1,4,2,0
14,48,3.57,2,0,4,0,1,1,1,0,0,4,4,2,0,1
11,85,3.7918567938656818,1,2,2,1,6,1,3,2,1,2,2,4,3,1
11,31,3.760536595254194,2,1,3,1,9,0,1,0,0,0,2,4,0,1
4,69,3.64,2,0,2,1,8,1,4,4,2,1,1,2,2,1
7,19,3.32,8,1,3,0,0,0,0,4,9,2,7,4,3,1
6,28,3.13,2,2,1,0,6,0,4,1,2,1,0,4,1,0
7,36,3.93,5,1,1,1,6,1,4,3,10,1,10,0,1,0
3,58,2.25,0,0,4,1,2,1,3,9,4,3,1,1,3,0
13,67,2.48,2,1,1,0,5,0,1,2,2,3,4,2,1,1
5,88,2.98,7,2,3,0,4,0,7,2,0,1,1,2,1,1
14,65,2.98,4,1,1,0,9,0,4,0,0,4,1,4,4,0
11,31,3.5793394368448426,7,1,0,0,7,1,4,4,3,3,2,1,3,0
7,41,3.83,3,2,2,1,6,0,4,0,9,4,9,3,4,0
13,67,2.46,6,2,3,1,3,0,0,1,4,1,1,1,0,0
7,2,3.29,0,1,1,1,5,1,4,4,8,2,10,3,2,0
11,71,3.926292477469171,5,0,1,1,3,0,2,1,2,0,3,3,4,1
14,11,2.91,4,2,2,1,1,0,0,2,1,4,4,1,2,0
7,5,3.53,6,1,1,1,6,1,1,1,8,4,8,3,0,0
14,65,3.46,8,2,3,0,7,0,2,2,0,0,4,0,3,1
5,30,3.02,2,1,2,1,6,1,7,1,4,3,0,4,3,0
2,17,3.04,4,2,4,1,5,0,4,0,2,0,0,3,4,1
6,35,3.94,1,1,1,1,9,0,4,1,0,4,4,4,1,0
2,63,3.98,7,0,1,1,3,0,1,4,0,1,3,2,2,0
3,37,3.36,3,1,3,0,4,1,2,8,0,2,1,2,2,1
10,59,3.27,8,1,3,1,8,0,0,8,2,3,1,0,3,0
12,66,3.33,7,1,0,1,4,1,3,0,2,0,2,0,1,1
1,10,3.09,4,1,4,1,3,1,3,0,4,4,1,2,0,0
8,39,2.38,8,2,3,1,5,0,2,4,3,0,8,2,4,0
13,77,3.53,9,1,0,0,6,0,3,0,3,4,0,4,2,1
1,12,2.82,2,1,4,1,0,1,3,0,4,0,2,0,1,1
0,87,3.69,9,1,2,0,8,0,1,0,2,3,2,2,4,0
13,13,3.54,2,1,2,1,6,0,3,0,2,4,3,2,0,0
1,10,3.84,3,2,4,1,8,1,4,1,0,4,3,0,0,1
8,38,3.19,0,1,2,0,9,0,4,4,1,4,7,1,0,1
8,27,3.22,4,2,0,1,3,1,2,1,2,3,9,1,0,1
8,38,3.66,6,0,3,0,0,0,4,2,0,2,9,4,2,1
6,28,3.83,9,1,2,1,2,0,2,1,2,3,3,3,3,0
2,15,3.65,5,1,3,0,6,1,0,0,4,0,2,4,0,1
10,61,2.36,1,1,4,1,4,1,4,7,4,3,1,1,3,1
2,14,3.96,3,1,2,1,3,0,1,1,4,4,1,1,3,0
4,72,3.5,7,0,2,0,3,0,1,3,1,3,0,4,2,1
9,56,3.77,7,2,0,1,9,1,4,8,1,1,0,3,1,1
1,7,3.52,0,1,5,0,3,1,3,2,3,1,2,0,1,1
2,14,2.34,3,0,1,0,9,0,0,4,4,2,4,4,1,1
13,67,2.23,3,1,3,1,6,1,2,3,2,1,0,3,1,1
13,13,2.36,8,2,1,1,9,1,4,0,2,1,4,4,3,1
8,39,2.09,0,0,3,0,1,1,1,3,4,3,9,4,1,1
10,4,2.32,0,0,1,0,3,0,1,9,3,2,2,1,4,1
6,84,3.96,3,2,2,0,4,1,2,2,1,3,2,4,2,0
14,42,3.41,9,2,3,1,4,1,2,3,2,3,0,1,1,1
9,57,2.39,4,1,2,0,5,1,4,10,0,2,2,4,1,0
3,25,3.47,9,1,0,1,0,1,0,8,1,3,1,1,0,1
14,11,3.61,0,2,2,1,7,0,3,4,0,0,0,2,1,1
14,22,2.13,2,0,1,0,0,1,1,0,2,2,3,2,0,1
9,70,2.48,6,2,3,1,1,0,0,7,2,3,0,1,4,0
1,47,3.31,2,2,3,0,5,0,4,1,3,2,4,2,0,1
13,74,2.15,0,0,4,1,7,1,1,0,2,1,2,3,3,0
2,89,3.1,9,1,0,0,8,1,1,4,0,0,4,4,1,0
4,72,2.04,3,1,3,1,4,1,1,4,1,4,3,3,3,0
4,72,2.76,9,1,0,1,8,0,2,4,4,4,3,2,2,0
5,30,2.21,3,1,0,0,5,1,9,2,0,4,2,1,2,1
9,55,2.77,1,1,1,1,1,1,0,10,1,2,2,4,3,1
1,45,2.83,0,2,4,1,4,1,4,0,0,4,1,4,0,0
9,54,3.6,7,2,0,0,4,1,3,10,1,1,1,2,0,1
5,0,3.37,6,0,4,0,9,0,9,3,1,3,3,3,2,1
7,41,3.58,9,1,0,0,3,1,1,1,9,2,10,2,4,0
0,9,3.55,9,1,3,0,1,1,3,4,4,2,2,3,0,1
14,42,2.58,3,1,4,1,3,1,4,3,1,2,0,4,3,0
1,7,2.24,9,2,4,1,7,1,0,1,1,0,1,4,1,0
10,81,2.04,0,0,1,1,1,1,3,8,0,3,4,1,4,0
10,18,3.46,4,1,3,1,6,0,3,7,3,4,3,0,3,0
0,9,3.9,3,1,1,1,0,0,3,1,3,2,0,4,0,1
3,25,2.12,9,0,0,0,0,0,4,8,3,4,1,1,4,1
10,18,2.99,6,0,0,1,3,1,3,10,3,3,1,1,1,1
5,88,3.28,3,0,3,0,1,1,9,4,1,4,0,0,2,0
0,9,3.96,6,1,3,1,2,1,2,4,2,0,2,1,4,1
9,52,2.99,3,0,4,1,3,1,4,10,3,0,4,2,2,1
4,72,2.75,4,1,2,1,5,1,4,3,0,4,2,3,1,1
10,81,2.47,3,1,1,1,1,0,2,9,3,3,4,4,2,0
3,58,2.23,7,1,3,1,7,1,1,9,3,4,4,0,0,1
9,52,2.24,8,0,0,0,8,1,1,9,0,3,4,0,4,0
5,43,3.04,6,0,4,0,1,1,7,1,2,4,2,3,3,0
3,58,3.0,8,1,3,1,1,0,3,9,1,3,0,4,4,0
3,25,3.51,7,0,0,1,9,1,3,9,4,1,4,3,4,0
8,51,3.89,5,2,2,1,4,1,0,0,3,1,7,0,3,0
0,50,3.59,8,1,1,1,7,1,3,3,2,2,3,1,2,1
13,13,3.48,1,1,0,0,6,1,1,3,4,0,3,0,1,1
0,50,2.85,1,0,3,1,1,0,0,4,0,2,3,3,0,0
4,49,2.16,4,0,1,1,1,1,2,4,2,4,4,4,0,1
10,4,2.57,1,2,2,1,7,1,0,9,4,1,3,4,0,1
1,45,2.93,3,2,3,1,6,1,1,3,0,3,0,1,1,0
9,70,3.66,8,0,4,1,8,1,1,10,0,2,4,4,1,1
8,27,3.78,3,1,4,1,4,0,4,1,2,3,9,1,4,1
9,52,2.78,4,2,0,1,1,0,3,8,1,2,3,4,1,1
9,52,3.46,0,1,4,1,9,0,0,9,2,0,1,0,4,0
1,7,3.0,3,0,3,0,6,1,0,4,4,1,4,1,2,0
8,40,2.24,7,1,2,0,4,1,2,3,0,1,8,0,4,0
6,35,2.06,3,2,4,1,5,0,2,1,3,0,3,4,3,0
4,20,3.18,1,0,4,1,0,1,2,1,4,3,0,2,4,1
12,66,3.83,9,2,2,1,9,0,3,0,0,3,0,0,0,1
12,83,3.83,7,0,2,0,6,0,2,0,2,2,4,0,3,1
14,26,2.57,0,0,4,1,2,0,3,1,2,2,2,2,2,0
7,62,3.21,4,2,3,0,6,0,0,2,9,4,7,0,0,1
9,54,3.48,9,2,4,0,2,1,1,10,3,4,2,1,4,0
3,25,2.4,8,1,0,0,5,1,2,9,3,3,4,2,1,0
4,6,2.32,5,0,3,1,4,1,4,0,4,0,1,0,3,0
6,75,3.5,4,1,1,1,3,0,0,1,2,2,2,0,4,0
6,84,2.16,7,2,2,1,0,0,0,3,1,2,2,0,4,1
5,43,2.51,4,1,2,1,1,1,9,3,2,1,3,3,4,0
14,11,2.91,5,0,0,0,7,1,1,2,4,4,3,1,2,1
1,12,3.17,5,1,3,1,4,1,0,4,2,2,4,3,1,1
0,53,2.08,0,1,2,1,6,1,0,2,0,0,1,0,1,1
13,13,2.69,9,0,4,1,9,1,3,4,3,3,0,0,1,1
7,19,3.42,1,2,0,0,7,0,1,4,7,3,8,0,3,1
9,56,3.04,8,2,3,0,8,1,4,10,4,2,0,2,0,0
3,37,3.22,0,2,2,0,2,0,1,7,1,4,1,3,1,1
3,37,2.79,6,1,4,0,6,0,3,9,3,4,1,0,4,1
11,68,3.916415950934538,0,0,0,0,5,1,2,4,4,0,2,1,1,0
7,36,2.12,5,1,0,1,3,1,4,4,8,4,9,2,0,1
14,26,3.4,3,0,1,0,3,1,0,3,1,2,2,1,4,0
7,41,3.9,5,2,4,0,5,1,4,2,9,4,9,3,0,1
0,9,3.12,4,2,2,0,8,1,2,2,0,1,3,4,4,0
1,47,2.49,8,0,3,1,8,0,2,1,0,1,1,3,1,0
12,24,3.5,7,2,2,0,0,1,2,3,1,2,2,3,4,1
12,24,2.77,5,2,4,0,5,0,2,0,1,4,2,3,0,1
14,65,3.29,7,0,4,0,4,0,1,0,0,3,1,4,1,0
3,37,3.4,4,2,4,0,8,0,0,8,3,0,4,0,1,1
6,35,2.32,8,2,0,1,3,1,0,1,1,1,1,4,1,0
4,20,2.88,3,2,2,0,7,1,1,4,4,2,3,0,1,0
6,84,2.29,4,2,1,1,4,1,3,3,2,2,4,0,2,1
5,82,3.88,6,1,2,1,3,1,9,3,3,0,2,3,1,0
12,66,2.75,10,1,3,0,9,0,3,0,3,3,3,2,4,0
11,73,3.789863078548613,4,1,2,0,1,1,0,2,2,3,3,4,3,0
2,15,3.08,9,1,0,1,6,0,0,2,1,3,1,1,0,1
5,43,3.21,6,1,3,0,9,0,8,1,1,0,3,4,0,1
10,61,2.5,1,2,2,1,6,0,2,8,3,3,0,1,4,1
6,84,3.11,0,0,2,1,5,0,2,1,0,3,2,3,1,1
3,37,3.89,6,0,1,0,1,0,3,10,3,2,3,2,0,1
7,21,3.74,8,2,3,1,7,0,3,0,9,1,9,0,0,0
1,12,3.29,1,2,5,0,1,1,3,1,2,3,4,1,3,1
14,48,2.06,3,2,2,1,7,0,0,2,2,0,3,4,3,1
12,66,2.21,10,0,0,1,6,0,2,4,1,4,3,2,1,0
9,57,2.33,0,0,4,0,5,1,2,9,4,0,1,1,1,1
5,88,2.39,9,1,1,0,2,1,10,1,0,0,0,1,4,1
9,56,2.58,7,1,0,0,8,1,2,8,0,0,4,0,3,0
11,31,3.5768455214221024,9,0,3,0,2,1,4,1,2,1,4,3,4,0
6,28,2.81,2,0,1,1,6,0,1,0,3,1,3,1,1,1
13,74,3.45,4,1,0,1,9,1,4,0,1,3,1,4,2,0
0,87,4.0,8,0,0,1,9,0,2,4,2,0,2,0,2,0
8,3,2.71,7,1,1,1,7,1,0,3,2,3,8,1,0,1
6,75,2.75,4,1,1,0,1,0,0,3,3,1,2,4,4,0
8,51,3.21,6,0,3,1,3,1,3,0,4,1,10,3,1,1
5,88,2.39,0,0,2,1,9,0,10,0,1,0,1,2,0,0
2,44,3.82,3,2,1,1,2,0,1,1,0,1,0,3,4,0
11,73,3.8513201029291135,9,1,4,0,2,1,2,2,4,3,2,3,2,0
11,31,3.711667572076599,7,1,3,0,9,0,1,3,3,4,4,2,0,1
6,86,2.21,0,0,1,0,8,1,3,3,1,2,1,4,4,0
3,25,3.61,3,2,2,0,0,1,2,10,3,1,2,1,1,1
2,14,3.67,5,2,3,0,8,0,4,4,1,1,1,2,3,1
8,27,3.1,9,1,3,0,9,0,0,2,3,0,10,4,1,0
11,73,3.829522705066116,2,0,1,0,8,1,2,1,4,0,3,4,3,0
1,7,3.05,5,0,5,0,6,0,0,2,0,4,3,3,1,0
14,48,2.56,5,1,0,1,2,1,3,1,0,0,1,3,1,0
0,50,3.52,5,1,3,0,7,1,4,2,1,3,3,1,1,0
3,58,2.61,5,1,1,1,1,1,0,9,3,4,0,1,2,0
13,77,3.9,2,2,3,1,2,1,4,0,3,1,1,4,0,0
1,10,2.88,8,2,5,0,5,0,2,0,2,0,3,2,0,1
14,80,3.09,9,2,2,1,6,0,4,2,2,3,2,0,3,0
1,47,3.95,0,0,3,0,8,1,4,4,2,0,4,0,1,1
6,75,3.99,7,0,3,0,4,1,0,0,2,1,1,3,0,0
11,85,3.811315266799329,0,0,2,0,0,1,1,3,0,4,2,1,3,0
9,54,3.26,7,2,4,1,1,0,0,10,3,4,3,4,0,0
2,89,3.63,1,2,3,0,0,1,3,4,2,1,2,0,4,0
14,11,2.37,2,2,1,0,6,0,3,0,3,0,1,0,2,0
12,66,2.5,8,2,1,0,7,0,3,3,1,2,0,1,2,0
0,9,2.38,2,2,1,1,2,0,1,2,4,2,3,2,4,1
9,70,3.68,3,0,0,0,1,0,2,7,4,2,2,0,3,1
7,21,2.38,5,2,1,1,4,1,4,2,8,1,10,0,0,0
12,83,2.46,7,0,2,1,4,0,2,4,2,1,3,4,2,0
4,6,2.67,0,1,4,1,7,1,4,0,3,2,3,2,4,1
9,56,2.11,9,1,2,1,2,0,0,8,3,2,0,4,4,1
13,67,2.49,1,2,4,1,3,0,0,3,1,1,1,4,4,1
11,71,3.584059064199648,9,2,4,1,7,0,1,2,3,0,1,1,1,0
10,18,3.9,0,2,2,0,5,0,2,10,1,4,4,1,3,0
7,62,3.83,2,0,4,1,3,0,3,2,10,4,8,4,3,0
6,75,2.4,3,2,4,1,6,1,0,2,1,2,3,1,0,0
8,78,2.76,0,2,3,0,4,1,3,4,2,2,10,0,2,1
10,32,2.2,4,2,4,0,9,0,0,7,3,1,4,4,1,0
7,19,2.84,9,2,0,0,7,1,4,4,7,3,9,1,2,1
2,34,3.39,4,1,1,0,0,0,1,1,4,3,4,3,0,1
2,15,3.39,8,1,3,0,6,1,3,4,3,1,3,1,0,0
10,59,4.0,3,2,1,1,7,1,4,10,4,1,1,2,4,0
8,27,2.66,0,2,2,0,5,1,4,1,1,1,10,2,3,1
12,23,3.93,10,0,4,0,2,1,0,4,3,2,1,3,0,0
12,83,3.17,10,1,1,0,0,0,1,0,1,0,4,0,4,0
10,59,3.38,8,2,1,1,9,1,4,8,2,2,4,4,3,1
12,66,2.97,5,1,2,1,3,1,4,4,2,2,2,3,2,1
10,59,3.83,3,1,3,0,2,1,4,7,0,1,0,1,4,0
11,31,3.531282421109726,7,1,1,1,1,0,4,2,0,4,3,0,0,0
1,7,2.61,2,2,4,0,2,1,1,2,2,1,0,4,3,0
13,13,3.38,9,1,4,1,7,0,0,1,1,2,1,3,4,1
4,49,3.26,0,0,3,0,4,1,2,4,4,1,0,4,4,1
11,33,3.6713225732612607,5,1,3,1,8,1,0,1,3,4,4,0,3,0
8,27,2.41,9,2,3,1,8,1,1,3,1,0,10,2,0,1
11,73,3.742268997540005,5,0,4,0,6,0,1,1,2,0,2,2,2,0
14,42,2.99,7,1,2,1,5,0,3,4,2,0,0,2,4,1
6,35,3.69,4,2,4,0,8,0,0,3,0,3,4,3,4,1
5,88,2.51,2,1,3,0,2,0,8,2,3,0,3,4,0,1
3,25,3.05,9,1,4,1,0,1,1,8,0,4,2,0,0,0
2,17,2.12,5,0,3,1,3,1,2,1,1,0,2,1,0,1
5,0,2.88,8,1,2,1,7,0,8,1,4,3,2,0,4,1
9,57,3.22,9,1,3,0,1,0,3,10,1,2,0,0,0,1
5,30,2.71,9,1,2,1,0,0,10,2,1,0,3,4,4,0
5,88,2.38,2,1,3,0,5,0,8,4,2,2,4,0,1,1
7,16,2.18,5,0,3,1,5,0,0,1,7,4,7,4,2,0
13,67,2.94,8,1,4,1,0,1,4,2,0,4,2,3,2,1
3,46,2.75,5,2,4,0,7,1,3,9,1,2,0,0,2,0
0,87,3.64,7,2,2,0,8,1,1,0,4,3,2,2,1,0
5,82,2.84,7,0,0,1,0,1,9,0,2,0,0,1,1,0
3,37,3.01,9,2,2,1,7,0,0,7,1,0,0,3,1,1
0,87,2.2,9,2,2,1,6,1,1,3,3,0,4,4,1,1
13,74,2.37,2,0,2,0,3,1,4,2,2,4,2,1,1,0
13,13,3.71,4,1,1,1,2,1,0,0,3,3,3,2,2,0
14,79,3.87,0,0,4,1,5,1,1,4,1,1,1,2,4,0
14,26,3.54,8,1,1,1,5,0,0,1,2,1,1,4,2,0
3,46,2.27,7,1,0,0,5,0,4,10,3,0,1,0,0,0
5,82,3.91,0,0,3,1,9,1,9,3,4,2,1,4,1,0
8,39,2.69,8,0,0,0,3,0,1,0,1,2,9,1,4,0
5,43,3.67,9,1,2,0,4,0,7,1,0,0,3,4,3,1
9,54,2.66,6,1,2,0,5,1,1,10,1,0,4,4,2,0
8,3,3.03,3,2,1,1,9,0,2,1,1,0,8,1,2,0
14,11,2.63,2,0,0,1,3,1,0,2,4,0,0,3,3,0
3,37,3.16,6,0,1,1,8,1,1,7,1,0,4,3,1,0
11,85,3.746284535376649,5,1,4,0,4,0,4,1,0,1,1,2,3,1
12,66,2.12,10,1,3,0,6,0,0,2,1,4,2,1,2,1
12,23,2.22,8,2,1,1,3,0,3,2,3,0,3,1,0,1
7,16,3.11,8,0,2,0,8,0,3,4,9,3,7,4,4,1
7,41,3.04,9,2,1,0,5,0,4,1,10,2,8,0,1,1
2,89,3.65,1,0,3,1,4,1,1,1,3,2,2,2,2,0
9,70,2.28,5,2,1,1,8,1,3,9,3,1,1,2,4,0
10,60,3.97,1,1,1,0,5,1,2,10,3,2,0,3,1,0
11,73,3.951649007187856,4,0,4,0,7,0,2,4,1,0,0,4,1,0
11,31,3.975722412831546,4,2,1,0,5,1,4,0,0,0,2,4,2,0
9,55,2.73,2,1,2,0,1,1,3,8,2,2,2,1,1,1
6,35,2.8,0,0,2,1,6,0,4,2,4,1,1,2,4,0
7,2,3.94,7,0,3,0,2,1,4,3,10,0,7,1,3,1
3,37,2.78,9,1,3,1,1,1,4,8,1,2,1,3,3,1
1,47,3.42,7,1,5,0,2,1,0,2,3,2,0,3,1,0
2,15,2.51,6,0,4,0,2,1,1,1,1,1,1,4,3,0
3,58,3.71,0,0,1,0,3,0,2,10,2,0,2,4,2,1
2,44,3.64,9,0,2,1,1,1,2,4,4,2,1,2,2,1
0,53,3.36,4,2,1,1,1,0,2,0,0,4,3,1,2,1
1,7,2.54,4,2,4,0,0,1,1,0,1,3,0,3,3,0
7,36,2.29,9,0,4,1,9,0,2,4,9,4,10,1,2,0
1,7,3.92,5,2,4,1,4,0,1,1,1,1,3,3,2,0
4,69,2.36,5,1,0,0,1,1,2,4,3,1,1,2,3,0
11,73,3.801925491270139,0,2,3,1,9,0,1,3,0,0,0,4,3,0
11,73,3.9849632626725953,4,2,1,1,3,1,1,4,2,2,1,2,3,0
12,24,3.35,10,2,4,1,4,0,3,1,0,3,1,1,1,0
3,37,3.55,5,0,0,1,0,1,4,10,1,3,4,3,4,1
5,30,2.27,4,1,4,1,6,0,8,4,2,4,4,2,1,0
2,44,3.19,4,1,2,0,9,1,0,4,2,0,4,0,4,0
1,12,2.16,0,0,3,0,6,1,3,3,3,3,4,1,4,0
1,12,2.99,4,1,5,0,0,1,0,4,0,2,2,2,3,0
11,31,3.897963193571752,9,0,1,0,0,0,0,0,0,0,4,4,0,0
7,5,2.33,3,0,0,1,4,1,4,1,7,4,10,0,0,1
3,46,2.19,3,2,2,0,3,1,0,7,3,2,3,0,0,1
6,28,2.6,6,1,3,0,7,1,0,1,4,2,4,4,2,0
6,75,2.64,8,0,2,0,8,0,0,2,0,2,4,2,4,1
8,3,3.02,0,0,0,0,8,1,1,4,2,1,9,0,3,1
2,89,3.51,8,2,4,0,1,0,4,3,0,3,0,3,0,0
1,47,3.81,5,1,3,1,9,1,4,0,4,0,2,0,4,1
7,2,2.9,0,2,3,0,7,0,0,4,8,3,9,0,3,1
11,33,3.526757231456521,3,0,0,0,6,0,1,0,4,3,0,4,3,0
6,84,3.46,8,2,2,1,1,1,0,0,1,1,4,4,3,0
14,76,3.29,9,2,3,1,4,0,3,4,3,2,2,2,0,1
7,5,3.42,8,1,1,1,5,1,0,3,7,3,10,4,3,0
11,85,3.6756096936743914,0,2,3,1,2,1,4,4,1,2,2,4,0,0
11,85,3.6469745505084488,8,1,0,1,6,1,1,4,2,4,4,3,2,0
3,25,3.64,9,0,2,0,9,0,2,8,0,3,4,1,3,1
9,52,2.45,6,0,4,0,3,0,3,7,4,4,4,0,2,1
14,42,3.73,7,1,1,0,7,1,2,1,0,1,3,0,0,1
1,12,2.37,6,2,4,1,2,0,3,3,0,2,2,1,2,0
11,68,3.794973941400905,6,1,2,0,5,0,0,2,3,0,2,1,1,0
5,43,3.94,7,2,1,1,3,1,7,0,0,4,1,1,2,1
5,88,3.37,0,1,2,0,3,0,7,3,1,4,0,3,2,0
0,9,2.08,0,0,2,1,8,0,3,0,3,1,1,4,3,1
1,45,2.19,7,2,4,0,5,1,3,2,1,0,3,2,0,0
2,63,2.04,3,2,3,0,1,1,2,2,3,4,2,0,4,0
10,32,2.78,7,2,0,0,7,1,3,7,1,2,2,0,3,0
4,72,2.2,1,0,1,0,1,0,2,0,3,2,0,0,4,1
14,26,2.48,3,2,3,0,8,1,2,0,3,2,0,4,4,1
3,58,2.32,5,1,1,1,8,1,2,8,2,3,3,1,2,1
1,45,3.3,8,0,3,0,9,0,3,2,4,1,0,0,4,1
14,11,2.95,0,1,0,1,8,1,0,2,0,4,4,0,3,1
14,11,3.47,8,0,3,1,9,1,3,3,1,1,3,1,2,1
0,8,3.65,1,2,2,1,3,1,2,4,4,4,0,4,1,1
4,6,3.09,4,2,4,1,6,0,2,2,0,0,4,2,1,0
3,25,3.39,8,0,2,0,0,1,0,9,1,4,3,0,2,1
11,85,3.7341650929669066,8,0,3,0,8,0,3,2,3,4,0,2,4,0
6,84,3.7,4,1,0,0,3,1,4,0,2,4,0,4,4,1
0,9,3.21,5,0,0,1,8,1,3,0,4,4,3,0,1,1
1,47,3.15,5,0,4,0,0,1,4,4,1,3,0,1,0,0
12,24,2.56,5,2,2,1,0,0,1,3,1,0,3,2,0,0
4,49,3.0,4,1,4,0,7,0,1,2,2,1,1,4,1,0
5,82,2.35,8,0,4,1,5,1,8,1,4,4,0,4,4,0
3,46,3.06,7,0,3,1,0,1,0,7,0,2,4,2,3,0
8,3,2.36,3,2,0,0,3,1,4,3,4,2,9,1,4,1
8,51,3.14,8,1,3,1,1,1,1,1,2,0,8,0,2,0
4,20,3.07,2,2,3,1,0,1,0,3,1,2,2,0,2,1
11,71,3.8622991434238143,7,1,2,0,1,0,4,0,2,3,3,0,2,0
0,8,2.94,8,1,2,1,9,0,0,3,1,0,2,0,1,0
11,85,3.5945695500114923,8,2,0,0,7,1,3,1,3,2,1,1,0,0
4,6,2.48,3,2,4,0,4,1,1,0,3,0,3,1,2,1
1,47,3.8,5,2,3,1,6,0,4,4,4,2,3,4,3,1
4,6,3.23,9,2,4,1,6,0,0,1,4,0,2,0,3,0
5,29,3.21,6,2,1,1,4,0,8,4,1,3,4,0,1,0
11,68,3.875384824605528,4,1,2,0,3,1,4,4,3,3,1,3,4,0
4,6,2.59,8,1,1,1,4,1,3,4,4,0,0,1,4,1
2,89,2.36,1,1,1,0,9,1,1,4,3,0,2,0,4,0
13,74,2.67,7,1,0,0,8,1,2,2,2,1,4,3,3,0
11,85,3.618466662453325,5,1,2,0,7,1,2,1,0,3,2,0,1,0
5,43,2.3,3,1,0,0,2,1,7,2,4,0,4,1,0,1
11,31,3.91753297272751,1,1,0,0,9,0,0,2,1,1,0,4,4,0
12,64,3.46,10,1,2,0,3,0,0,2,3,0,2,2,1,0
3,58,2.43,0,0,2,0,0,0,4,7,4,2,3,3,2,1
4,6,2.04,6,0,0,0,9,0,0,4,1,0,4,1,4,0
14,65,3.68,3,2,3,1,5,0,2,3,0,0,2,4,0,1
11,85,3.6414005653352497,9,2,0,1,2,0,3,0,2,3,1,2,3,1
6,35,2.62,6,0,3,1,8,0,1,1,0,2,0,1,4,1
2,44,2.66,6,1,2,1,0,1,3,2,1,3,0,0,1,1
14,48,2.96,2,2,1,0,1,1,2,2,2,2,1,1,0,1
3,58,2.59,4,1,2,1,9,0,2,7,0,0,0,2,1,1
8,51,3.82,4,1,2,1,7,1,1,0,2,3,8,4,2,1
14,48,3.74,8,0,3,0,4,1,1,2,2,0,2,4,3,1
9,52,3.94,1,2,4,1,6,0,3,9,4,1,2,0,3,0
4,49,3.78,2,2,2,0,9,1,1,3,1,0,4,1,0,1
8,51,3.04,8,1,2,1,7,1,3,0,1,0,7,4,0,0
12,23,3.72,10,2,4,0,6,1,1,0,4,2,0,4,0,1
0,53,2.39,9,0,0,0,4,0,0,3,2,1,1,4,1,0
12,64,2.68,10,1,4,1,1,0,1,2,4,2,1,3,2,1
3,46,3.37,4,1,4,1,6,0,2,7,2,1,1,1,4,1
9,52,3.06,3,0,3,0,0,1,3,10,3,1,0,3,1,0
14,22,2.33,0,1,0,0,3,1,3,4,3,3,4,2,4,0
0,87,3.39,5,1,0,1,8,0,0,3,1,2,2,1,0,0
7,21,2.78,7,0,3,0,8,1,4,3,10,2,9,4,2,1
4,69,3.39,6,2,3,0,8,0,2,3,4,0,2,3,2,1
13,74,3.15,4,0,1,1,5,0,1,0,1,3,2,4,4,0
13,77,3.47,5,0,1,1,1,1,4,3,4,1,3,4,1,0
9,56,2.66,0,1,4,0,0,0,4,10,3,3,4,1,4,0
3,58,3.16,1,0,3,1,4,0,2,7,2,2,1,2,3,0
11,71,3.8113447704748986,7,1,2,0,6,0,3,4,1,3,4,4,1,1
0,50,2.46,1,0,4,0,7,1,2,2,4,0,0,1,2,1
2,63,3.57,6,1,4,0,4,1,1,2,0,4,2,4,1,1
6,84,3.08,0,0,2,0,5,1,3,0,0,2,3,3,3,1
12,23,2.84,10,0,2,0,0,0,3,0,4,0,1,3,3,0
8,78,3.11,0,0,3,0,0,1,2,0,1,4,10,3,3,1
0,50,3.87,7,2,0,0,3,1,0,0,3,0,0,3,0,0
11,71,3.630524263117424,3,2,0,0,5,0,3,1,0,2,4,1,3,0
9,56,3.37,8,1,3,1,1,1,3,10,3,4,1,2,1,1
10,60,2.53,1,0,1,1,8,0,1,9,0,2,3,3,2,1
9,70,2.93,2,2,1,1,6,0,1,10,2,4,3,1,4,0
4,69,2.33,5,0,0,0,7,1,3,0,0,1,4,3,0,0
3,25,3.26,0,0,2,1,4,0,2,8,3,0,4,3,3,0
13,77,2.27,1,1,0,0,5,1,3,1,2,3,1,2,1,1
2,44,2.51,5,1,2,1,4,0,3,0,0,0,1,3,2,1
0,8,2.34,0,0,2,1,2,0,2,0,3,2,1,1,0,0
6,84,2.62,2,2,0,0,9,1,4,1,1,2,0,2,4,0
9,57,2.19,4,1,3,0,7,0,0,7,0,3,2,3,4,0
12,24,2.87,6,2,0,0,9,1,1,0,2,1,2,4,2,0
11,68,3.623329307902704,4,2,1,0,1,0,2,0,0,4,2,2,3,1
8,38,2.57,5,1,3,1,7,1,4,0,2,0,8,4,3,0
10,81,2.76,7,1,3,1,7,1,2,7,1,1,2,3,0,1
14,22,2.64,3,0,2,0,7,0,0,3,1,3,4,2,2,1
8,78,2.96,0,2,3,1,1,1,2,2,1,0,10,3,0,0
1,45,2.91,0,1,5,1,4,1,1,3,2,1,1,2,4,0
9,52,2.59,2,1,3,0,5,1,3,10,1,1,0,1,3,0
7,2,2.71,3,1,1,1,0,1,1,3,8,3,9,3,0,0
12,23,2.43,5,1,1,1,4,0,2,0,2,4,2,1,0,1
13,67,3.06,5,1,1,0,5,0,1,3,3,4,1,0,4,1
8,51,3.91,7,0,2,1,1,0,4,1,2,3,10,3,1,1
4,20,2.23,3,0,0,1,4,1,4,3,1,3,3,4,2,1
4,72,3.52,2,1,0,1,8,0,3,3,2,3,3,4,4,1
0,53,2.04,2,0,4,0,1,0,2,2,1,3,2,2,1,1
2,63,3.61,5,0,3,1,0,0,4,1,3,1,1,2,0,0
6,75,2.36,1,0,1,1,8,1,1,0,1,3,2,1,3,1
13,67,3.12,5,2,1,0,5,0,3,1,2,1,0,2,1,0
9,56,2.57,1,1,3,1,5,1,1,10,3,4,0,2,1,1
5,88,3.05,0,2,2,0,8,1,9,1,4,1,0,1,2,1
8,3,3.07,9,1,2,1,6,1,2,3,4,0,9,0,0,0
4,20,3.76,9,1,0,1,0,1,4,0,1,3,2,1,1,0
12,24,2.25,6,0,0,0,1,0,4,2,3,4,3,2,3,1
10,61,2.27,3,1,4,0,4,1,4,9,4,2,2,4,0,0
7,62,3.89,7,0,1,1,9,0,3,4,7,1,7,4,3,1
13,77,2.79,7,0,2,0,0,1,4,1,0,2,1,0,0,0
6,86,2.43,6,2,2,0,3,0,2,3,1,1,1,0,4,0
11,71,3.559945546736356,7,0,0,1,6,1,3,0,2,3,4,2,2,0
9,57,3.41,3,0,3,0,5,1,3,7,4,3,2,0,3,1
8,1,3.14,1,2,1,1,9,0,4,2,0,0,10,1,1,1
5,0,2.42,0,0,4,0,0,1,7,4,1,1,3,4,1,1
4,69,3.54,7,1,2,0,9,1,4,3,2,0,2,4,0,1
5,29,3.7,7,2,4,1,7,1,8,1,2,1,1,3,1,0
12,66,3.93,10,2,0,1,2,1,3,1,2,3,0,4,3,1
0,8,3.23,0,2,1,1,1,0,3,2,4,2,4,4,1,0
3,58,3.81,0,2,3,1,3,1,0,10,2,3,3,3,1,1
1,10,3.96,1,1,4,0,8,0,2,3,1,0,2,4,2,1
4,72,2.16,2,2,1,0,5,0,1,2,2,2,0,0,0,1
13,13,3.59,5,2,3,1,8,1,4,2,2,1,1,2,3,0
6,86,2.0,5,0,2,0,7,0,1,2,0,3,4,2,4,0
11,68,3.671978843278843,7,0,3,0,3,1,2,2,4,2,3,2,0,0
1,47,3.69,5,2,5,0,0,0,0,2,0,4,4,4,4,1
0,87,3.95,9,2,2,0,9,1,1,4,3,3,1,1,4,1
2,17,2.46,4,1,2,1,9,1,4,4,4,2,0,3,4,0
7,19,2.9,3,0,0,0,1,0,4,1,8,3,9,1,1,1
8,78,2.87,3,0,0,0,0,0,2,0,2,3,9,0,3,1
6,35,3.56,4,2,3,0,1,1,3,2,1,3,3,3,4,0
6,75,2.85,5,2,4,0,3,1,2,4,1,3,0,2,3,1
5,29,3.67,8,1,2,1,5,1,7,2,2,2,0,1,4,1
11,71,3.505405541817598,0,2,3,1,3,1,3,4,2,0,2,1,0,0
3,46,2.89,0,1,0,1,8,1,4,9,3,0,3,2,3,1
11,31,3.889994163455272,6,0,4,1,2,1,2,1,1,2,1,2,3,0
4,69,3.23,5,2,2,0,6,0,3,3,3,4,1,4,2,1
0,9,2.42,4,2,1,0,5,1,3,0,3,3,1,2,2,0
5,43,2.52,1,1,3,0,2,1,9,3,2,0,4,3,0,0
12,83,2.48,7,2,3,1,2,0,1,3,4,3,4,2,3,0
10,4,3.27,5,1,4,0,0,0,1,8,0,4,0,3,4,0
3,58,2.75,2,2,3,0,7,1,4,7,4,0,1,0,3,0
11,85,3.947848981599686,2,1,4,1,5,0,4,1,1,4,1,2,4,0
6,75,3.17,0,2,3,1,4,1,0,4,1,2,0,1,2,1
14,76,2.87,8,0,1,1,2,0,2,2,1,0,2,0,0,1
8,78,3.6,8,2,0,1,1,1,0,0,2,1,10,1,1,1
13,67,3.39,7,1,2,0,4,0,0,2,1,2,3,0,0,0
8,38,2.44,7,0,2,1,3,0,4,0,2,4,9,1,3,0
14,42,3.36,7,1,4,0,8,0,4,0,2,2,2,3,4,0
5,29,2.42,5,1,4,1,5,1,7,2,1,4,1,0,0,0
13,67,3.14,6,2,4,1,3,0,3,2,0,4,0,3,3,0
6,28,3.75,9,2,1,0,5,1,0,4,3,2,1,3,4,1
9,55,2.18,7,2,2,1,7,1,0,8,1,0,0,2,3,0
4,49,3.08,1,0,0,0,8,1,3,3,0,1,4,1,1,0
0,87,2.43,2,2,0,0,2,1,2,0,0,2,4,2,1,1
12,24,3.4,6,2,3,0,7,0,3,3,1,3,1,0,2,0
5,43,2.18,7,0,2,1,6,0,10,1,2,1,3,2,2,0
12,64,3.46,8,1,0,1,9,0,1,2,1,1,4,2,0,1
2,15,2.34,3,0,3,1,6,1,2,4,4,3,2,3,3,1
5,88,2.82,0,2,3,1,1,0,7,0,1,4,4,3,2,0
4,72,2.58,5,2,4,1,2,0,0,3,1,0,4,1,2,0
5,82,2.45,8,0,4,0,7,1,7,3,4,4,1,4,0,0
11,85,3.7888158771722114,2,1,1,0,0,0,1,0,1,1,2,3,2,1
5,0,2.03,1,2,3,0,1,0,8,4,2,1,3,1,4,1
7,2,3.34,0,2,4,1,7,0,0,4,7,4,9,2,2,1
3,37,3.16,4,1,4,1,6,0,0,8,4,1,1,3,0,0
12,23,2.33,9,1,4,0,0,1,1,4,0,0,2,3,4,0
2,34,3.02,1,1,0,1,2,1,4,0,3,2,3,3,1,1
4,20,2.86,3,1,0,1,9,1,2,1,1,0,0,1,0,0
7,21,2.54,8,1,4,1,5,1,0,2,8,1,8,0,3,1
10,4,2.44,4,0,4,1,5,0,2,7,0,1,3,4,2,1
1,10,3.01,6,1,4,1,1,0,0,1,1,2,0,0,1,0
8,40,3.41,0,2,4,1,7,0,1,1,0,1,8,1,1,1
1,12,3.47,3,1,4,1,7,0,3,3,2,3,4,1,4,1
10,61,3.24,7,0,3,0,8,1,0,9,3,1,3,4,4,1
14,48,3.01,5,0,3,0,8,0,4,4,1,0,2,0,4,1
8,40,2.18,8,1,4,1,3,1,2,1,3,0,9,3,2,1
0,9,3.14,3,0,4,1,4,1,1,3,0,1,4,3,2,1
6,35,2.22,1,0,4,1,5,1,4,4,0,2,3,0,3,0
0,9,3.66,9,1,2,0,3,0,1,4,3,0,0,0,1,0
1,10,3.54,2,2,5,1,8,1,4,1,3,2,0,2,3,1
2,17,2.8,3,0,0,1,2,1,1,2,4,3,2,0,3,0
13,77,3.7,6,0,3,0,0,0,1,2,0,2,0,1,0,0
4,6,2.14,4,0,3,0,9,0,2,3,0,2,2,3,4,0
10,59,3.51,7,1,3,0,2,0,1,8,4,0,4,0,3,1
6,28,3.47,8,2,3,1,7,0,0,4,2,0,3,2,0,0
11,73,3.5382841292167697,7,0,4,0,7,0,3,2,3,1,3,3,2,1
13,67,2.73,9,2,0,0,2,0,1,2,0,0,0,1,2,0
14,79,2.73,9,1,2,0,3,1,4,0,0,0,4,3,0,0
10,81,3.3,2,1,4,0,0,0,3,8,3,4,1,3,2,1
2,89,3.46,8,0,2,0,1,1,1,1,2,3,3,3,0,0
8,40,3.31,0,0,4,0,9,1,0,2,4,3,8,0,2,0
12,66,3.03,10,0,0,0,6,1,0,2,4,2,4,0,0,0
0,50,3.94,9,2,4,0,1,0,4,1,2,1,1,0,3,0
5,29,3.24,2,1,3,0,3,1,8,4,2,4,0,0,1,1
7,19,2.2,2,1,3,1,7,1,1,3,7,0,7,3,4,0
12,83,2.57,8,1,2,0,8,1,2,3,0,1,1,0,0,0
3,46,3.9,9,0,1,0,0,1,3,9,0,1,2,1,2,0
6,35,2.91,8,2,0,0,6,1,1,1,3,0,2,1,1,0
5,30,2.84,1,0,3,0,5,0,9,4,1,0,1,0,0,1
7,19,2.43,0,0,3,1,4,1,4,2,7,2,9,0,1,1
7,36,3.28,0,2,1,1,7,1,4,2,10,1,9,4,4,0
0,53,2.33,5,1,0,0,0,0,4,2,2,1,0,3,1,1
0,50,3.01,8,1,2,0,0,1,3,3,4,0,2,4,1,0
10,81,3.41,8,1,1,1,3,0,3,10,0,4,4,0,2,0
2,14,3.6,2,1,2,0,2,0,3,4,0,2,3,4,0,0
12,83,2.94,9,0,2,0,8,1,2,0,0,2,1,0,1,0
0,8,2.8,7,0,1,1,9,0,3,2,3,0,2,4,3,0
7,16,2.44,4,0,2,0,9,1,1,4,8,4,9,3,3,0
0,8,3.31,5,2,0,1,7,0,1,3,3,1,0,4,4,0
12,23,2.16,8,0,4,1,5,0,4,2,1,2,3,1,1,0
3,58,2.25,3,2,0,0,0,1,0,8,4,2,2,0,2,1
7,62,2.16,7,2,2,0,3,0,0,1,8,1,10,3,1,1
11,31,3.5350540698206285,0,0,4,0,2,0,0,0,4,4,4,3,3,0
7,16,3.54,8,1,2,1,8,0,3,3,10,4,8,1,3,1
6,35,2.47,1,0,1,1,5,1,4,4,1,3,0,2,0,1
11,71,3.953624472178203,8,0,4,0,1,0,2,2,4,3,2,4,4,0
8,3,3.34,5,0,4,0,7,0,1,0,3,3,7,4,3,1
5,29,3.9,8,2,2,0,4,0,10,2,3,2,1,0,1,0
3,25,3.37,2,2,3,0,8,1,2,7,0,0,0,1,1,0
11,33,3.778520256637518,4,0,3,0,5,1,1,1,2,1,0,3,0,0
3,37,3.6,8,0,0,1,4,0,1,10,0,1,3,4,3,0
14,48,3.6,9,2,0,0,8,1,4,1,1,3,3,4,0,1
12,23,2.59,5,2,1,1,3,1,4,3,4,1,4,1,4,0
12,83,3.26,6,0,2,1,2,0,2,3,1,0,0,2,4,0
5,88,3.34,7,0,4,1,1,1,9,2,1,3,4,4,4,1
3,46,2.94,1,0,1,1,9,0,4,8,2,2,2,0,2,0
4,72,3.87,1,0,4,1,5,0,2,2,0,0,1,0,1,1
14,79,2.45,5,0,1,0,6,0,0,3,2,2,0,4,2,0
12,23,2.98,10,2,3,1,5,1,2,0,0,3,0,0,3,1
8,39,2.99,4,0,0,0,3,0,3,4,1,1,8,4,4,0
10,81,3.54,9,2,0,0,0,0,2,8,3,1,1,0,4,1
13,74,2.92,0,0,4,0,3,1,4,4,4,4,2,3,0,0
1,7,3.7,8,1,3,1,1,1,0,1,2,3,0,2,0,1
4,49,3.19,8,0,1,1,1,0,3,0,4,2,2,0,4,1
11,33,3.9122357588022743,5,1,0,1,1,1,3,4,3,3,0,4,3,1
8,40,3.2,5,1,3,0,9,0,2,0,4,3,9,0,1,0
6,28,2.71,5,2,2,0,6,1,0,3,4,4,2,2,0,1
0,87,2.88,4,1,2,0,9,1,4,4,0,4,4,0,4,1
3,58,2.67,3,1,1,1,8,0,2,8,0,3,0,2,0,0
12,66,3.3,8,1,4,1,2,0,4,4,3,3,3,2,0,1
6,28,2.39,9,0,4,1,6,0,1,0,3,4,1,2,2,1
13,67,2.14,7,0,4,1,9,0,3,3,3,3,4,3,0,1
7,5,3.33,0,2,0,0,7,1,3,2,8,4,10,4,1,0
12,64,2.25,6,2,4,1,0,0,2,4,2,3,0,2,1,0
10,60,2.15,7,1,4,0,4,0,0,7,4,1,4,1,2,1
8,39,2.65,9,1,2,0,8,1,4,2,1,0,10,2,4,1
2,34,2.26,9,0,0,0,0,0,4,2,0,2,3,3,1,0
7,41,2.87,5,2,0,1,4,0,2,3,9,4,10,4,0,0
6,35,3.7,5,0,0,1,5,0,3,0,1,0,2,2,2,1
3,37,3.95,7,1,0,1,3,0,4,9,4,2,4,4,4,1
11,68,3.989177393528428,5,2,4,1,5,1,1,1,1,2,2,0,0,0
6,84,3.0,7,2,2,0,4,1,2,1,4,0,2,3,0,1
7,16,2.5,8,2,0,0,8,0,1,2,7,4,10,2,0,1
0,8,2.92,4,2,2,1,9,0,4,3,2,3,2,0,2,1
8,51,3.26,6,1,0,0,8,0,4,4,4,1,7,0,4,1
9,57,2.2,6,1,1,0,3,1,2,10,4,0,0,1,0,0
6,35,3.36,9,1,1,0,7,0,0,3,1,3,2,2,4,0
1,10,3.34,5,1,4,0,3,1,2,0,1,1,3,1,1,1
13,77,2.07,7,1,1,0,3,1,0,3,4,3,3,0,4,1
10,32,2.94,7,0,4,0,5,0,3,9,4,1,2,2,1,1
11,31,3.995166151896824,2,1,1,1,5,1,0,3,4,1,2,3,3,0
5,30,2.11,1,2,2,1,3,1,7,0,1,4,1,1,2,1
12,66,3.43,8,1,0,0,3,0,2,0,0,3,1,3,2,1
2,89,2.09,4,2,0,1,9,0,2,2,2,1,0,2,4,1
0,8,3.5,4,2,1,0,1,0,3,2,3,3,1,4,0,0
8,39,3.71,8,2,4,1,2,1,0,1,0,1,7,3,4,1
1,12,2.83,0,1,3,0,2,0,4,2,4,0,0,4,2,0
3,58,3.29,5,2,4,0,9,1,2,9,4,0,0,0,4,1
10,81,3.64,3,1,2,1,9,0,3,9,2,2,0,3,4,0
10,4,2.87,3,1,0,1,7,1,4,9,0,4,2,0,4,1
12,83,3.05,8,1,0,0,7,0,4,3,2,4,2,2,1,0
6,86,3.54,1,2,3,0,7,0,0,1,2,1,0,4,1,1
0,53,3.01,1,0,3,0,6,0,3,1,3,2,1,0,1,1
4,69,2.01,7,0,0,0,4,0,2,4,4,2,3,3,0,1
10,4,3.68,0,1,2,0,0,0,3,10,1,2,4,4,2,0
9,54,2.75,2,2,2,1,2,0,0,8,3,3,1,4,4,1
4,69,3.93,9,2,2,1,2,1,4,4,4,2,3,1,4,1
11,85,3.845202860955536,8,2,2,1,0,1,4,0,2,4,3,3,1,0
3,37,2.47,3,0,1,0,1,1,4,9,2,2,2,1,4,1
9,54,2.29,7,2,1,0,4,1,2,7,3,1,2,4,0,1
12,23,2.96,8,0,4,0,2,0,0,0,1,1,1,0,3,0
10,81,2.37,2,0,1,1,6,1,3,8,2,0,0,2,0,1
7,36,3.61,3,0,3,1,4,1,0,2,9,1,9,2,2,0
12,83,2.47,9,2,4,1,3,0,2,4,0,2,0,3,2,0
0,9,3.81,4,1,4,1,2,0,0,4,0,0,4,0,2,1
0,8,3.43,6,2,3,1,0,1,1,4,3,2,1,1,2,0
12,64,3.0,8,1,4,0,2,0,0,3,1,1,4,0,0,0
2,15,3.14,1,0,2,0,5,0,3,0,3,1,3,3,0,0
0,87,3.46,7,2,2,0,9,0,4,3,2,2,4,1,4,0
2,63,3.33,7,0,0,0,0,1,1,4,2,2,1,1,3,1
14,65,3.01,2,1,0,1,7,1,2,1,4,2,3,3,0,1
0,50,3.46,5,1,3,0,8,0,0,2,4,3,2,2,2,0
1,12,3.51,9,2,3,0,8,1,2,0,2,1,2,4,4,1
5,30,2.38,9,2,1,0,5,1,8,4,2,2,3,0,0,0
3,46,3.97,5,1,4,1,1,1,1,7,1,0,1,0,2,0
13,67,2.94,7,0,4,1,5,0,1,2,4,4,0,0,0,1
2,63,3.68,5,1,0,0,9,1,3,2,3,3,0,3,0,0
10,61,2.7,8,0,4,0,8,0,2,7,1,2,1,4,4,0
0,53,3.11,8,2,0,1,6,0,2,3,1,1,2,4,0,0
12,23,3.83,6,0,2,0,0,0,1,1,4,3,3,1,1,1
1,47,3.77,7,0,3,1,1,1,4,1,1,0,1,3,4,0
5,88,3.09,0,2,3,0,6,1,9,1,3,1,0,0,3,0
10,61,2.99,2,1,4,0,8,1,3,8,3,4,0,0,1,1
13,13,2.94,1,2,2,0,7,1,2,4,3,3,2,0,0,1
1,12,3.23,4,0,5,0,5,0,1,2,3,1,0,4,1,1
11,68,3.7830358232240826,8,0,3,0,7,1,4,0,1,2,4,3,0,1
3,25,2.24,2,0,4,0,3,0,4,9,0,3,4,0,2,1
6,84,3.8,4,2,4,1,8,0,0,0,2,3,3,2,4,0
11,71,3.705247897030277,9,1,4,0,9,1,1,0,3,0,3,2,1,0
13,67,2.68,0,2,2,0,9,0,4,1,4,3,1,4,3,0
12,24,3.96,9,2,3,1,8,1,2,3,1,1,4,0,2,1
3,58,3.58,6,2,4,0,0,1,0,10,2,3,0,3,4,1
1,47,2.98,8,0,3,0,1,1,0,4,2,4,1,0,0,0
10,4,3.4,1,1,4,0,8,1,1,8,0,1,4,1,1,0
0,53,2.72,4,0,3,0,1,1,1,1,3,3,0,2,2,0
2,14,2.27,0,0,3,0,0,0,0,0,2,4,3,2,2,1
0,9,3.42,0,2,2,1,3,1,1,4,2,1,3,0,4,1
8,27,3.06,6,2,3,1,8,0,0,3,4,2,10,2,0,0
12,83,3.21,10,2,0,0,0,0,0,1,3,2,0,3,0,0
0,87,3.07,4,2,2,1,4,1,3,0,0,1,4,3,4,1
6,28,3.24,6,1,2,1,4,1,0,1,2,1,1,0,4,1
6,84,3.98,4,1,3,0,5,0,2,1,3,1,0,0,0,1
9,70,3.23,9,0,0,1,2,0,1,7,2,2,4,2,2,0
13,74,3.74,9,1,0,1,6,0,0,0,4,2,0,4,2,0
5,43,3.18,3,2,3,0,5,0,9,2,3,4,2,0,2,0
12,66,3.17,10,1,1,1,4,1,2,4,4,1,4,2,0,0
6,84,3.45,4,0,4,0,0,0,2,3,1,1,1,4,2,1
12,23,2.79,9,0,0,1,9,0,3,1,0,4,2,3,0,0
11,33,3.604294183870525,5,2,0,1,7,0,4,2,2,4,4,4,3,0
2,17,3.65,9,2,4,1,0,1,1,0,3,4,0,0,1,0
2,44,2.27,3,0,4,1,1,1,4,1,3,0,4,2,3,1
14,42,2.16,7,2,2,0,1,1,1,4,3,0,0,3,4,1
5,88,3.65,0,0,3,0,2,0,7,4,0,2,0,0,1,0
9,70,3.97,7,0,2,1,3,0,1,7,2,0,0,4,0,1
11,73,3.6732793799082737,6,2,2,1,7,0,1,3,4,3,0,0,4,0
10,81,3.98,7,2,0,0,2,0,0,8,1,2,4,0,3,0
14,26,2.5,0,0,2,0,3,0,1,0,4,2,4,1,3,1
10,4,2.66,2,1,3,1,2,0,4,8,3,2,4,2,0,0
6,84,2.49,9,0,2,1,1,0,3,3,0,0,3,0,1,1
9,57,3.69,1,2,1,1,7,0,2,7,2,0,4,2,0,0
4,6,3.22,0,2,4,1,0,1,2,0,3,0,4,3,1,0
10,32,3.82,7,1,2,1,5,1,3,8,0,1,3,3,3,1
8,40,2.17,0,0,1,1,2,1,1,4,1,2,9,0,1,0
8,38,2.1,3,0,4,1,2,1,1,2,0,2,8,2,1,0
5,43,2.91,9,2,4,1,3,1,10,1,1,2,0,2,1,1
11,73,3.668655477075614,8,0,2,0,7,1,0,0,0,3,0,1,0,1
1,47,2.85,0,0,3,1,8,1,3,3,3,3,4,0,3,1
5,30,3.58,2,0,2,1,7,1,9,1,3,1,1,3,0,0
6,84,3.62,5,1,2,0,6,0,0,1,1,1,3,2,0,1
5,82,3.95,7,0,1,1,3,0,10,3,4,3,4,2,2,1
6,86,2.09,4,1,4,1,8,0,1,2,0,0,1,2,4,0
14,22,2.06,4,0,3,0,5,1,1,4,0,2,2,0,0,1
1,45,3.93,3,0,4,1,5,0,2,4,4,4,2,0,2,1
1,7,3.57,2,0,5,0,6,1,1,1,0,3,1,4,3,1
14,11,3.07,3,0,2,0,0,0,1,2,2,2,0,1,2,1
12,64,2.06,8,0,0,0,4,0,2,3,3,3,4,2,0,1
13,74,3.87,1,1,1,0,0,1,1,3,4,4,1,3,1,1
14,26,3.4,2,1,0,0,5,0,1,2,4,0,3,3,4,1
3,58,3.61,3,0,0,0,8,0,1,8,4,3,2,2,1,1
4,20,2.93,5,1,4,1,0,0,4,3,2,4,2,3,2,1
8,39,3.65,6,2,4,1,4,0,0,4,4,4,9,1,0,1
10,32,2.51,4,1,2,0,4,0,1,10,4,3,4,3,0,0
6,35,3.43,9,0,3,0,7,0,0,3,3,1,0,0,1,1
5,29,2.16,9,2,3,1,5,0,8,2,0,1,3,3,0,0
11,68,3.7889035251255434,5,1,4,0,4,0,1,3,2,3,1,4,2,1
9,55,2.34,1,0,2,1,8,1,0,9,4,1,3,1,1,0
10,18,2.77,6,0,2,0,8,1,2,9,0,3,1,2,4,0
6,28,3.88,4,0,1,0,5,0,4,0,2,1,2,4,3,1
10,81,3.55,2,1,2,0,3,0,0,9,4,2,0,4,0,1
1,47,2.99,9,0,4,1,2,1,2,2,4,1,3,3,2,0
9,56,2.13,7,0,2,1,4,0,4,8,3,0,1,2,0,0
9,70,3.69,2,0,2,0,6,1,1,10,0,1,0,1,0,0
2,15,3.69,7,1,2,0,9,0,2,1,2,4,0,0,3,0
2,34,3.2,7,0,0,0,2,0,1,1,2,4,4,0,4,1
6,28,2.48,5,0,4,1,6,0,1,2,1,2,2,3,3,1
6,35,3.6,1,1,3,0,0,0,3,4,3,1,2,4,2,0
5,82,3.46,4,0,0,1,3,0,9,3,4,2,0,2,4,0
4,72,2.27,6,2,4,0,6,1,4,4,4,1,3,1,1,1
9,70,2.94,2,1,1,1,3,0,2,9,4,1,1,1,0,0
9,56,2.49,4,2,2,1,7,1,3,9,2,2,4,3,2,1
9,56,2.28,9,2,0,1,9,0,4,10,3,4,4,2,0,0
6,86,2.81,7,0,0,1,1,0,1,3,1,3,0,4,0,0
8,1,3.77,6,0,0,1,3,1,4,4,1,3,9,1,4,1
11,71,3.597504490219308,7,1,2,0,1,0,3,4,2,2,4,1,0,1
13,67,3.22,0,2,4,1,3,0,4,2,2,3,4,1,0,0
8,3,3.61,7,0,4,0,1,1,4,2,2,2,7,0,1,1
6,75,2.94,9,0,1,1,7,0,3,0,1,0,0,2,1,0
14,42,3.83,7,0,0,0,5,1,3,0,4,2,2,4,2,1
6,75,3.02,1,0,4,0,8,1,4,4,1,2,3,0,1,1
4,69,3.66,9,2,0,0,7,0,0,2,1,1,0,2,1,1
1,47,3.1,1,1,5,1,9,0,1,2,3,2,1,3,4,1
4,69,3.19,3,0,4,1,6,0,1,2,2,0,4,2,3,1
14,48,2.67,7,2,1,0,7,1,4,4,3,2,0,1,4,1
14,26,2.49,8,1,3,0,4,1,0,1,4,2,4,2,4,1
3,46,3.78,9,0,1,1,2,1,3,9,4,2,2,1,3,0
2,17,3.35,8,0,3,0,1,1,4,4,2,1,0,1,0,1
5,30,3.55,2,0,2,1,5,1,10,4,4,1,3,2,4,0
11,68,3.8382418747603024,8,2,3,0,0,1,4,4,3,3,2,3,0,0
13,74,3.18,3,0,4,1,7,1,2,0,2,3,2,4,3,0
9,57,2.09,1,1,1,1,0,0,2,8,0,0,1,2,1,1
8,1,3.9,8,0,2,1,1,0,3,2,4,2,10,0,2,0
14,26,2.17,2,0,1,0,4,0,4,1,2,1,2,0,3,0
10,59,3.52,0,0,3,0,3,0,3,8,3,0,2,1,0,0
9,57,2.1,9,0,4,1,0,0,2,10,1,0,1,3,3,0
13,13,3.84,4,2,0,1,5,0,0,1,0,2,3,2,2,1
5,88,3.37,0,2,4,0,6,1,7,0,3,0,4,3,4,1
3,25,2.11,0,1,4,1,2,0,3,7,1,2,4,3,4,0
6,75,2.66,6,1,1,1,4,1,2,3,4,2,3,4,3,0
8,3,3.67,8,1,2,0,3,1,0,1,4,2,8,0,4,1
7,41,2.47,6,2,4,0,6,1,1,3,7,2,7,1,1,1
5,82,3.4,0,0,1,1,0,0,8,1,0,3,3,4,4,1
6,75,2.13,1,1,1,0,8,0,2,0,3,0,2,2,0,0
2,89,2.92,1,2,4,1,5,0,1,2,3,0,1,0,4,0
12,83,3.46,10,2,0,0,2,0,0,0,1,1,4,4,2,0
6,28,2.68,6,2,4,0,7,0,4,2,3,4,1,3,0,1
0,8,2.39,3,2,2,1,8,0,3,3,1,1,3,3,4,1
7,19,2.33,0,0,3,0,9,0,4,4,9,1,8,4,1,0
7,36,2.92,4,2,1,0,5,0,4,4,10,2,7,1,2,1
4,69,3.12,6,0,4,0,3,0,2,4,2,2,2,1,2,1
3,25,3.34,9,2,0,1,7,0,3,8,0,1,0,4,1,0
3,58,2.63,9,1,2,0,5,0,0,8,0,2,0,3,0,1
7,19,3.59,4,1,3,1,9,0,4,0,7,0,10,2,4,1
13,77,2.13,4,1,3,0,9,1,2,0,3,1,2,0,2,1
1,45,3.26,0,1,3,1,6,1,2,2,4,2,2,4,3,0
7,62,2.42,8,2,2,0,7,0,1,0,7,4,10,2,0,0
10,81,2.27,6,1,0,0,7,1,1,10,0,2,2,2,2,0
0,53,2.27,5,1,0,0,8,0,4,2,0,0,1,0,4,0
6,84,2.6,0,0,4,1,0,1,3,4,2,0,4,0,3,1
0,87,2.14,4,1,0,0,3,0,2,0,2,2,1,1,3,0
14,76,3.54,0,1,2,0,9,0,2,1,1,1,2,0,2,0
13,67,2.27,7,2,0,0,6,0,1,2,4,3,2,4,4,1
14,22,2.03,2,1,1,1,2,1,0,0,2,2,2,0,2,1
13,77,2.39,2,0,0,0,6,0,0,2,0,3,3,0,1,0
10,61,3.92,7,1,3,0,3,0,1,9,4,3,1,4,0,0
11,33,3.8319122374263626,5,2,4,1,9,0,2,3,2,3,3,0,4,1
8,38,3.94,7,0,2,0,8,0,0,0,1,1,8,2,4,0
14,11,2.57,7,0,4,0,8,0,4,3,2,3,4,3,2,1
13,77,3.66,2,2,0,1,3,0,1,0,3,4,3,3,1,0
10,59,3.33,1,0,2,1,2,0,4,7,1,0,1,4,3,0
3,46,3.45,7,2,4,0,3,1,3,10,3,4,2,3,4,1
13,74,3.36,3,0,2,1,2,1,4,4,2,0,2,1,1,0
2,63,2.2,0,1,0,0,1,0,4,2,4,2,1,1,4,0
13,13,3.37,4,1,2,1,7,1,0,2,0,4,1,2,3,0
11,73,3.919910176101744,6,0,1,0,5,1,1,3,3,0,4,1,2,0
10,61,2.46,6,0,1,0,8,1,1,8,3,3,4,4,2,1
9,56,2.2,5,0,3,1,3,0,3,10,4,1,1,2,4,1
8,38,2.41,7,0,4,0,4,0,0,4,3,2,10,3,3,0
10,61,2.69,5,1,3,0,4,0,2,10,1,2,4,3,2,1
2,17,2.63,9,0,4,0,4,0,2,1,2,3,4,4,3,1
14,22,3.51,7,2,4,1,4,1,1,1,3,4,3,3,1,0
0,9,3.6,3,1,3,0,7,0,2,1,3,4,0,2,3,1
1,47,2.28,4,1,3,1,3,1,3,2,1,4,0,2,3,0
5,82,3.73,9,1,0,0,5,0,7,3,0,2,4,0,2,0
0,53,3.89,8,1,2,1,1,0,0,0,1,4,2,2,1,0
12,66,3.02,6,2,4,0,7,0,0,0,4,4,3,3,0,1
7,5,2.38,6,0,2,0,5,1,1,0,9,4,9,0,3,0
14,11,2.56,3,0,4,1,8,0,2,2,0,3,4,0,0,1
9,70,3.62,8,0,4,0,1,0,3,7,0,2,4,3,2,0
11,68,3.7967306913523617,9,2,3,1,1,0,1,0,2,3,4,2,3,1
1,47,2.71,0,1,3,1,3,0,3,2,3,2,4,2,1,1
14,42,3.74,8,1,2,0,5,0,2,4,4,0,0,2,3,0
10,61,2.34,7,1,2,0,2,0,0,7,2,1,0,4,3,0
13,67,3.54,5,2,4,1,1,1,4,3,1,0,4,0,4,1
1,47,3.46,6,2,3,1,5,0,4,2,4,4,0,0,0,0
4,20,3.92,9,2,3,1,5,1,2,2,2,3,3,4,4,0
14,65,2.24,0,1,0,0,0,1,3,0,1,1,2,0,0,0
14,26,2.1,3,2,0,1,0,0,2,0,1,1,1,3,3,0
4,72,3.08,6,0,3,1,0,0,3,3,1,0,3,2,0,0
4,72,2.6,0,2,0,0,6,1,4,4,1,0,4,3,2,1
4,6,2.64,5,0,2,0,2,1,2,1,2,2,1,3,3,0
7,19,3.71,4,1,4,1,6,1,2,2,10,3,9,3,0,1
5,30,2.95,5,0,0,1,3,0,8,1,2,1,0,0,3,1
4,6,2.02,4,2,3,0,2,1,3,2,3,1,4,0,3,0
14,76,2.98,3,0,2,1,4,1,3,2,4,3,3,0,2,0
9,55,3.1,2,2,0,0,1,1,4,9,0,4,3,2,3,1
5,30,3.64,4,0,0,0,5,0,7,3,4,4,4,2,1,1
5,88,3.26,1,2,4,1,0,0,9,0,1,2,3,2,3,0
13,13,2.6,7,1,0,0,8,1,4,4,1,1,2,4,0,1
14,65,2.38,3,0,2,1,1,0,0,3,1,0,1,2,3,0
3,37,3.46,5,2,1,1,9,0,3,9,0,3,0,4,4,0
0,9,2.92,8,2,1,1,9,0,3,0,0,1,4,0,1,0
2,44,3.43,7,2,1,1,6,1,0,0,2,4,3,2,4,0
10,59,2.52,3,2,3,1,1,1,2,9,0,2,4,2,1,1
2,17,2.61,6,1,2,1,0,0,1,4,0,4,0,4,4,0
0,8,3.51,2,2,3,0,5,1,2,1,2,4,4,0,0,0
14,65,2.94,7,2,3,1,8,0,4,4,0,2,2,3,3,0
11,85,3.6920213191955504,7,1,4,0,3,1,3,4,4,3,1,2,1,1
0,87,2.89,2,0,3,0,0,1,3,0,2,4,4,3,4,0
8,40,3.19,6,1,0,0,6,0,4,3,2,0,7,4,0,1
6,84,2.01,7,0,3,0,5,0,4,1,2,2,1,3,3,1
0,50,2.88,1,0,4,1,8,1,1,1,4,0,0,1,2,0
12,24,2.95,5,2,0,1,6,0,1,3,0,4,1,3,3,1
14,22,2.43,5,1,4,0,5,0,4,3,2,1,3,4,2,1
4,49,3.61,2,0,4,0,0,0,2,2,4,4,1,0,1,1
4,6,2.58,6,0,3,0,2,0,4,4,4,1,2,2,3,1
5,0,2.74,2,1,0,0,4,1,10,3,1,4,3,0,3,0
0,50,2.72,3,2,1,1,7,1,1,1,4,4,1,4,1,1
12,83,2.04,10,0,4,0,5,0,3,0,4,3,4,1,1,0
3,37,3.6,1,0,1,1,5,0,4,10,0,2,1,3,1,1
7,36,2.39,3,1,1,1,3,1,3,4,8,2,10,1,0,0
7,36,2.34,6,2,2,1,0,1,2,3,9,2,7,4,3,1
10,81,3.29,1,2,4,1,0,0,2,7,3,3,4,4,2,1
3,46,4.0,8,1,2,1,0,1,2,7,3,0,1,1,0,1
7,21,3.19,8,2,2,0,5,1,4,4,7,4,8,3,1,0
5,88,3.64,3,2,2,0,6,1,8,1,3,0,2,4,4,0
14,48,3.2,7,0,1,0,2,1,4,4,4,0,0,4,3,0
1,7,2.54,1,0,5,1,5,1,1,1,1,0,0,0,2,0
8,1,2.97,9,2,4,1,9,0,2,3,1,0,9,0,1,1
9,70,2.16,5,1,1,1,3,0,1,9,2,1,0,4,0,1
2,17,3.0,6,0,2,1,7,1,1,0,1,3,2,3,1,0
8,51,3.83,4,2,1,0,7,1,3,1,2,3,10,2,0,1
2,14,3.38,6,1,2,1,4,1,2,4,2,2,0,0,0,0
0,53,3.52,9,2,4,0,5,1,4,0,2,1,0,4,1,0
8,40,3.62,0,1,4,0,9,0,0,1,1,1,10,4,4,1
9,54,2.3,1,0,2,1,8,1,2,9,0,0,3,1,2,0
2,14,2.83,4,1,2,1,9,1,3,3,1,1,2,0,0,1
11,68,3.7499794959823936,4,1,0,1,1,0,0,3,0,4,4,0,3,1
5,0,2.18,6,0,4,0,9,1,9,1,2,3,3,2,1,1
14,79,3.17,7,0,1,1,6,1,1,0,0,3,2,1,2,1
2,34,2.12,3,2,4,1,7,0,3,2,2,4,4,2,0,0
11,71,3.7215168531688096,3,1,2,1,6,1,4,1,1,3,1,3,1,0
4,72,2.38,3,2,3,1,6,0,1,4,3,2,1,2,0,0
6,28,3.94,4,0,4,0,6,1,4,4,2,0,1,4,0,1
14,65,3.55,0,0,1,0,7,1,0,4,0,3,2,0,4,1
2,44,3.68,4,2,0,0,7,1,4,3,1,0,4,3,1,1
7,36,3.97,7,0,0,1,8,0,0,0,10,3,10,4,1,0
1,45,3.76,9,1,4,0,5,0,3,4,3,4,4,0,3,1
5,30,3.36,8,0,4,1,1,0,8,3,3,3,4,3,0,0
4,6,2.22,5,1,2,0,1,1,0,1,0,2,1,0,2,1
10,4,3.69,4,0,3,0,9,0,0,10,3,4,1,1,1,0
3,58,3.29,7,2,1,0,0,0,3,10,1,3,3,1,0,0
0,50,3.3,4,0,1,1,0,1,3,1,4,3,3,0,1,1
14,42,2.82,6,0,0,1,9,1,2,2,3,4,1,2,1,0
1,12,2.81,4,1,5,0,9,1,1,4,0,1,4,0,1,1
3,46,2.9,6,2,0,0,2,0,0,9,4,4,3,3,0,1
4,6,2.39,4,0,1,1,2,0,2,1,0,2,1,1,0,1
0,87,3.05,2,1,4,1,9,1,3,3,2,2,2,4,4,0
11,33,3.9100337510278247,3,1,3,1,3,0,4,4,2,4,3,0,1,0
12,64,3.31,7,1,0,0,5,0,3,0,2,4,1,2,1,0
8,51,3.93,7,0,0,1,7,0,4,0,0,1,10,3,3,0
3,37,2.71,3,0,4,1,0,0,4,8,0,4,2,0,0,0
0,53,3.36,7,2,0,0,1,0,1,3,1,0,0,4,1,1
2,34,3.4,6,0,1,1,4,0,0,1,4,1,3,3,0,1
8,1,3.94,7,2,2,0,3,1,2,2,2,4,8,1,4,1
13,77,2.75,2,1,1,1,6,1,4,4,4,1,0,4,1,1
3,58,2.97,3,0,0,1,5,1,1,9,4,4,1,2,2,1
3,25,3.66,9,2,3,0,0,0,2,10,4,3,1,1,2,1
4,6,2.17,7,2,4,1,1,1,3,2,2,4,1,0,2,1
14,22,3.03,0,2,1,1,5,0,2,2,0,0,4,4,3,0
7,5,3.83,4,2,2,1,2,1,1,0,10,1,9,2,4,0
3,46,2.85,6,2,3,1,2,0,2,9,0,3,3,3,0,1
11,31,3.9982828281444913,6,0,4,1,9,0,1,4,2,1,2,4,3,0
5,88,2.3,9,1,3,0,2,0,8,0,0,3,1,1,2,1
2,34,3.96,1,1,4,1,1,0,3,1,3,3,0,0,0,0
4,49,3.04,8,2,1,0,0,0,0,0,2,3,0,4,3,0
7,36,2.83,8,0,3,0,9,1,2,4,7,4,9,2,2,1
11,31,3.510467058913367,6,1,0,1,6,1,1,2,3,0,3,1,2,0
4,20,3.65,3,2,4,0,8,0,1,3,2,3,2,3,3,0
5,43,3.96,2,0,4,0,7,1,7,1,1,0,0,1,2,0
4,72,3.42,7,1,1,0,6,1,1,0,4,2,0,3,1,0
8,38,2.75,3,0,3,0,2,1,2,4,4,2,8,1,0,1
13,74,2.03,7,2,3,1,2,0,4,1,1,1,2,0,3,1
5,88,2.46,3,2,1,0,3,1,8,2,3,1,2,0,0,0
10,59,2.67,9,2,3,1,2,1,2,9,3,3,2,4,0,0
9,54,3.74,2,0,2,1,5,0,1,9,2,4,1,3,4,1
9,57,3.81,3,0,1,1,8,1,3,8,4,3,0,3,3,0
7,36,3.0,6,0,2,0,4,0,1,0,8,4,10,4,4,1
7,21,3.12,9,0,1,0,3,1,2,1,7,3,9,4,1,1
0,87,3.25,8,2,2,1,2,1,4,4,2,3,3,3,3,0
5,88,3.01,6,1,3,1,4,0,9,0,3,0,3,2,0,0
4,20,3.53,3,2,0,1,4,0,3,0,1,3,2,1,3,0
4,69,2.84,1,0,3,1,1,0,0,0,2,3,2,3,3,1
11,85,3.5310183818143908,5,1,2,1,5,1,4,1,0,1,0,3,4,1
4,6,2.75,0,0,4,1,7,1,1,2,2,0,3,0,2,0
0,8,3.29,7,1,0,0,3,0,1,4,3,0,1,3,2,1
2,14,2.64,5,0,1,0,4,0,1,2,4,2,3,4,4,0
6,35,2.29,5,0,3,1,3,1,2,1,0,1,1,3,3,1
13,13,3.54,1,2,3,0,8,1,4,0,3,3,3,4,4,0
6,84,3.61,8,2,4,1,1,1,4,2,2,3,3,3,2,1
10,60,3.42,9,1,4,1,8,0,0,9,0,0,4,4,1,0
8,78,3.81,4,1,2,1,3,1,2,2,3,1,8,0,4,0
13,13,2.01,5,1,0,1,8,1,0,1,0,4,4,0,2,1
8,3,3.97,5,2,2,0,9,0,2,0,0,4,7,4,2,1
6,28,3.28,7,2,3,0,1,0,4,1,0,4,4,2,3,0
8,27,3.91,5,1,2,0,3,1,3,0,0,4,8,3,1,0
5,82,3.56,2,0,4,0,4,0,9,1,4,3,0,1,1,0
11,73,3.6936372057124207,1,2,1,1,9,1,4,0,3,3,4,4,2,1
7,16,3.1,2,1,4,1,3,0,4,2,10,0,7,0,1,1
8,38,2.06,8,0,0,1,7,1,3,2,2,1,10,3,0,1
5,29,2.17,4,1,2,1,9,1,8,4,0,1,2,1,2,1
7,41,2.59,1,2,1,1,2,0,3,1,7,3,9,1,1,1
3,37,3.47,1,0,2,1,2,0,1,9,1,3,2,1,4,0
12,24,3.23,6,0,0,0,6,0,1,0,4,0,4,1,4,1
9,54,3.8,5,2,0,0,8,1,4,7,4,0,2,0,1,1
8,39,3.32,4,0,3,0,3,0,4,1,3,2,8,0,2,1
8,1,3.12,7,2,2,0,2,1,1,1,1,2,9,1,2,0
0,9,3.89,6,0,0,1,0,0,3,1,4,0,4,2,3,1
10,81,3.95,0,2,2,0,4,1,4,8,4,1,4,4,2,1
2,44,2.67,8,0,2,1,6,0,0,1,0,4,2,0,3,1
10,59,2.56,7,1,0,1,4,1,0,7,3,0,2,3,2,0
8,1,2.36,2,1,1,0,7,1,4,3,3,1,10,1,1,1
3,58,2.17,8,2,3,1,4,1,4,10,4,4,3,0,2,0
7,62,2.35,2,2,2,0,5,1,1,3,7,2,10,1,4,1
6,84,2.9,4,0,4,0,6,1,1,1,4,0,2,2,2,0
10,18,3.65,6,2,2,0,6,0,3,8,0,3,4,1,1,1
9,56,3.84,4,2,3,1,6,1,0,10,0,0,3,2,1,1
7,21,2.64,5,2,3,0,7,1,3,3,8,4,9,1,3,0
10,81,2.83,0,2,4,1,9,0,0,7,3,2,4,3,3,1
7,2,3.58,1,0,2,1,1,0,1,1,10,4,9,0,3,0
7,2,3.82,7,2,2,0,5,1,0,3,9,3,10,3,4,1
6,84,3.41,8,1,3,1,9,0,1,2,2,3,3,1,1,1
0,87,3.87,4,2,0,1,5,1,4,0,1,3,3,0,3,0
2,14,3.13,3,2,1,1,8,1,2,1,3,4,1,1,1,0
14,79,3.37,1,2,1,0,5,1,3,2,2,4,4,4,4,0
12,64,3.64,8,1,2,0,5,0,0,2,2,1,4,3,2,0
6,84,3.58,6,2,1,1,6,1,0,4,4,4,3,1,1,0
4,72,3.04,7,2,3,0,1,0,3,2,0,3,3,4,3,0
11,68,3.5757227609676785,4,2,1,0,5,1,0,3,0,1,3,3,2,0
1,12,3.55,2,2,5,0,0,0,1,2,0,4,0,2,2,1
7,19,2.82,4,0,1,0,6,1,0,1,7,0,7,3,4,0
12,64,3.91,5,2,0,1,0,0,2,2,4,3,1,0,1,1
10,59,3.53,3,2,3,1,1,1,4,8,2,0,4,0,2,0
3,37,2.46,4,1,0,1,2,0,3,8,1,3,0,2,2,1
0,50,2.86,7,2,2,0,8,1,2,4,4,4,2,2,4,0
12,64,2.84,8,1,1,0,5,1,1,2,2,3,0,4,0,1
6,84,3.65,4,1,4,0,1,1,3,1,4,4,3,1,3,1
0,53,3.51,4,1,3,1,7,1,4,2,4,4,4,2,1,1
9,56,3.33,9,1,0,1,9,1,2,8,0,2,3,3,4,0
14,11,2.66,2,0,2,1,7,1,0,3,3,4,3,0,4,0
9,55,2.55,5,0,3,0,5,0,3,7,0,4,2,2,1,0
1,45,2.49,0,1,4,0,5,0,1,1,4,4,4,1,2,1
10,32,3.87,9,0,4,1,2,1,4,8,2,3,0,4,1,0
8,40,2.46,1,0,2,0,6,1,3,2,1,0,8,1,2,0
9,57,3.31,2,1,0,1,4,1,3,10,0,0,2,4,0,1
8,78,3.37,0,1,2,1,1,1,3,0,3,2,10,2,2,0
1,12,2.26,7,1,3,1,3,0,1,2,2,1,4,3,1,0
6,75,3.28,6,2,0,1,3,1,4,2,4,3,4,2,2,0
14,11,2.58,5,1,0,0,6,1,1,0,3,0,4,4,1,0
9,57,2.13,5,1,3,1,7,1,3,7,0,0,4,3,3,0
14,76,3.92,8,2,2,1,1,0,1,1,4,4,3,4,0,1
14,11,3.0,2,2,0,1,8,1,4,3,3,4,3,1,1,1
10,59,2.33,6,1,0,1,4,1,2,8,1,4,2,0,1,0
12,23,4.0,5,2,3,1,1,1,2,4,0,3,2,4,3,0
13,13,3.08,3,1,4,1,5,0,2,4,1,1,0,0,4,1
13,74,2.29,5,0,0,0,4,0,1,4,0,2,3,4,1,1
6,84,3.07,8,1,4,0,5,0,4,1,3,0,2,2,4,1
8,27,2.71,3,2,1,0,5,0,3,2,1,0,7,1,1,1
9,54,2.84,0,0,4,1,0,1,1,9,3,3,4,0,4,0
2,34,3.61,3,0,0,1,3,0,4,3,0,0,3,4,1,0
10,4,2.56,4,2,4,0,3,1,0,9,4,3,0,4,3,0
12,64,2.1,8,0,1,0,4,0,3,4,1,1,0,2,3,0
2,89,2.4,6,2,1,0,8,1,4,1,1,0,1,3,1,0
9,55,3.7,1,2,1,0,5,0,4,10,1,4,2,2,0,1
14,65,3.44,9,1,0,0,3,1,0,2,2,3,0,4,0,0
3,37,3.33,1,1,1,1,3,1,4,9,3,0,1,4,3,0
5,30,3.16,2,0,3,1,6,1,8,2,3,4,1,3,4,0
9,70,2.12,9,0,3,0,2,0,1,8,1,1,0,2,3,0
6,28,2.47,2,0,0,1,5,0,0,0,2,1,2,2,1,0
11,33,3.721288672966408,0,2,2,0,4,1,0,4,1,3,1,0,3,0
2,44,2.18,6,0,0,1,8,0,3,4,1,0,4,4,0,1
3,46,2.85,9,1,2,1,1,1,2,8,2,4,0,1,1,1
12,23,3.3,8,1,3,0,0,1,4,4,4,3,1,3,4,0
5,30,3.35,1,2,0,1,0,0,8,2,0,4,2,3,2,0
7,19,3.35,2,1,1,1,1,0,0,0,8,1,7,3,2,0
11,31,3.5340545123617613,3,0,4,1,4,0,3,2,0,0,1,3,2,1
4,69,2.05,7,1,4,0,4,1,1,3,0,2,1,1,3,0
5,88,2.31,8,1,0,0,0,0,9,0,2,3,4,4,3,1
1,45,2.06,9,2,3,1,7,0,2,0,3,3,2,4,2,0
7,16,3.22,8,2,2,0,4,0,1,1,7,2,7,1,3,1
4,6,2.33,7,0,0,1,1,1,2,2,1,1,0,0,4,0
9,57,3.07,0,1,1,0,2,1,4,9,3,2,1,2,3,0
6,84,2.67,5,0,0,0,2,1,2,0,0,3,3,0,2,0
10,59,2.88,6,0,2,1,7,0,2,9,4,3,3,4,0,0
4,20,3.18,3,2,0,0,4,0,3,0,3,1,1,1,0,1
14,79,2.63,3,2,1,1,9,0,2,2,4,2,4,3,4,1
8,39,3.36,0,2,4,1,9,1,1,1,0,4,7,3,2,1
6,28,3.67,8,0,3,1,2,1,4,0,3,0,1,4,4,0
9,55,3.86,4,1,4,1,0,1,1,8,0,1,3,1,1,0
10,4,2.76,5,1,3,0,4,0,2,10,2,1,0,3,4,1
3,46,2.62,5,1,4,1,4,1,2,8,4,0,0,2,4,0
5,30,3.31,7,2,2,0,1,0,9,1,4,4,1,2,1,0
6,75,2.37,9,2,2,1,7,1,4,4,2,3,0,1,3,1
8,27,3.45,9,1,4,1,3,0,2,0,4,2,9,1,3,0
2,17,3.54,2,1,2,0,6,1,1,3,1,3,3,0,3,1
14,80,2.41,4,1,0,0,0,0,1,0,2,4,2,2,3,1
1,12,3.75,4,0,4,0,7,0,4,0,4,0,3,3,1,0
7,19,2.87,2,0,2,0,1,1,2,1,9,3,7,3,0,0
5,30,2.39,6,0,4,1,6,0,8,2,2,0,1,4,3,1
1,47,2.81,5,1,5,1,4,1,4,2,3,4,2,0,4,0
11,73,3.755853723557351,5,0,4,1,7,1,3,3,2,4,3,4,0,1
1,12,3.99,1,1,5,1,6,1,0,0,4,2,4,0,3,0
13,77,3.85,9,1,1,0,3,0,3,3,1,4,0,4,3,1
1,45,3.05,3,2,5,0,1,1,4,3,1,2,2,2,1,0
8,3,2.22,7,2,4,1,5,1,3,3,2,3,9,4,0,0
14,11,2.45,4,0,0,0,9,1,4,0,3,3,3,4,3,0
2,44,3.88,1,1,4,1,6,0,1,1,3,2,3,1,0,0
13,74,2.95,5,2,0,0,6,1,3,3,4,2,0,0,0,0
4,72,2.04,2,0,2,0,6,1,4,3,2,2,2,4,1,0
6,35,2.28,6,2,4,1,9,0,2,3,0,0,4,3,1,1
13,77,3.06,9,1,3,0,3,0,2,2,3,4,4,3,1,0
1,10,2.32,0,2,4,0,5,0,2,2,3,3,1,2,1,0
0,9,3.16,4,0,3,0,2,0,0,2,3,0,3,0,2,1
4,72,2.74,5,0,1,1,5,1,3,4,1,0,2,2,1,1
10,60,3.57,1,2,0,0,7,0,3,9,3,0,3,3,0,1
9,57,2.67,7,1,2,1,8,1,4,8,0,2,2,3,4,0
6,86,3.0,6,0,3,1,8,1,4,1,1,3,0,3,4,0
14,65,2.93,0,0,4,1,7,0,3,4,4,4,1,2,3,1
4,20,3.74,7,2,4,1,0,0,4,0,0,2,3,2,2,0
8,40,2.32,5,0,0,1,1,1,1,0,2,4,10,2,2,1
10,60,3.74,1,0,3,1,7,0,0,8,1,1,1,4,1,0
10,18,2.08,1,2,1,1,1,0,3,10,2,0,2,2,2,1
8,38,2.44,1,1,1,0,0,0,4,1,2,1,10,4,3,1
2,15,2.43,2,1,0,1,7,0,1,1,3,1,2,2,4,1
14,79,3.91,4,0,3,1,5,1,2,3,3,0,3,0,2,1
2,63,2.76,1,0,0,0,2,0,2,0,3,1,2,0,2,0
8,3,3.18,5,0,4,1,9,0,1,4,3,1,7,1,2,1
7,21,3.36,0,1,4,1,9,1,1,3,8,3,10,4,4,1
5,0,3.82,2,1,1,0,7,1,10,0,1,2,1,0,1,1
11,73,3.6229237212467,7,1,3,1,6,1,3,1,2,0,2,1,0,1
7,21,2.07,7,2,0,0,1,1,4,1,9,0,9,4,3,1
14,65,3.4,5,0,0,0,8,0,2,0,4,3,3,1,4,1
14,11,2.8,5,2,0,0,3,0,3,1,0,3,1,3,0,1
2,44,2.79,3,1,2,1,9,0,3,4,1,4,0,1,4,0
10,60,3.85,8,0,3,1,2,0,0,8,2,4,0,0,1,0
10,61,2.78,5,2,2,1,3,1,4,7,2,1,2,2,0,0
6,35,3.56,1,0,1,0,0,0,1,4,3,1,1,0,3,1
13,13,3.53,5,1,2,0,4,1,4,2,1,4,1,1,2,1
11,71,3.538379030944369,5,1,1,1,7,0,1,4,0,1,0,3,2,0
13,77,3.49,2,0,3,1,4,0,1,1,3,0,0,4,0,1
4,20,3.3,9,2,1,0,9,0,1,1,1,4,4,1,0,1
3,25,2.29,2,2,1,1,0,1,2,9,0,4,0,4,4,1
5,30,3.99,6,0,2,1,3,0,10,3,3,2,0,1,3,0
9,54,3.55,0,2,1,1,4,0,2,10,2,0,0,1,0,0
11,71,3.789809548614069,0,0,2,0,3,0,0,3,4,1,2,1,2,1
12,66,3.58,10,2,0,1,4,1,0,3,2,3,0,1,1,1
9,54,3.69,1,0,0,1,3,1,0,8,2,4,0,3,3,1
0,50,3.87,8,1,0,0,5,1,1,3,1,1,0,4,4,1
6,75,3.22,6,2,2,1,3,1,4,2,1,4,1,4,4,0
10,61,3.92,5,2,3,1,5,0,4,10,3,1,3,1,3,0
12,83,3.32,9,0,3,1,0,0,2,1,4,4,0,4,2,0
5,43,3.18,9,2,0,1,0,1,7,1,4,0,4,2,0,0
14,22,3.16,2,1,4,0,5,0,1,1,4,1,4,4,4,0
5,0,2.58,9,1,3,1,8,1,8,0,3,0,2,1,2,0
12,64,2.46,6,2,3,0,8,1,3,0,2,2,4,0,0,0
8,39,3.69,7,1,4,1,6,0,0,4,4,3,9,2,1,0
4,72,3.77,5,1,0,0,3,0,4,3,1,0,0,2,0,1
12,64,2.96,8,1,0,1,1,1,2,0,2,1,3,2,0,0
10,32,2.38,2,0,1,1,7,1,4,7,4,2,2,4,0,1
2,63,2.57,1,1,4,0,4,0,3,2,1,0,2,2,0,0
4,20,3.88,7,1,0,1,5,1,3,3,2,2,0,1,3,0
12,23,3.36,7,2,3,1,7,1,0,3,4,2,2,3,4,0
0,50,3.29,2,1,4,1,1,0,4,1,2,4,0,2,4,1
10,32,3.19,0,2,3,0,8,1,4,7,1,1,1,0,2,1
10,81,2.98,1,1,3,1,8,0,4,8,0,2,1,0,3,0
3,37,3.59,6,0,1,0,0,1,4,8,1,2,4,1,0,1
6,28,2.28,0,2,0,1,1,1,1,2,1,3,0,2,4,1
13,77,3.82,0,2,4,0,9,0,3,2,2,1,2,4,0,0
11,85,3.8153587222459646,7,0,4,1,9,0,1,1,0,4,2,4,3,1
9,52,2.22,1,2,4,1,8,1,4,9,2,4,4,0,4,0
6,35,2.3,0,2,2,1,1,1,0,0,3,1,4,1,1,0
13,13,3.11,5,1,2,0,5,1,0,0,3,1,1,1,2,1
6,84,2.7,4,1,0,1,8,1,0,1,0,1,2,0,4,1
7,16,3.4,3,2,1,1,2,0,3,1,10,1,10,2,3,0
13,77,2.97,7,1,0,1,4,1,0,3,0,0,1,3,4,0
3,46,2.31,7,2,4,1,6,1,2,7,1,3,4,1,0,0
6,35,3.34,9,1,3,1,4,0,0,4,2,2,3,1,4,1
6,84,3.49,1,1,2,0,4,0,4,0,3,4,1,3,0,0
13,67,2.29,2,2,1,1,1,1,2,1,4,1,2,1,3,0
6,84,2.98,9,2,3,0,9,1,0,0,2,1,0,2,0,0
1,7,3.74,1,1,4,1,7,0,0,3,1,1,3,0,4,0
7,21,3.99,5,2,4,1,0,1,0,2,8,4,7,4,1,0
10,18,3.01,7,1,4,1,9,0,2,8,4,3,2,2,1,0
2,89,2.78,9,2,0,0,0,0,3,1,3,0,4,0,2,0
3,46,3.38,5,2,4,0,8,0,1,10,1,2,3,0,1,0
12,83,2.43,10,0,2,1,0,1,1,2,4,2,3,4,0,0
6,84,3.71,2,2,1,0,6,0,1,0,2,2,2,4,1,1
0,53,2.21,8,2,3,0,8,1,4,0,0,4,3,4,4,0
1,12,2.02,4,2,3,1,1,0,3,0,0,3,2,1,2,0
4,49,2.23,7,2,3,0,4,0,4,4,1,0,0,3,3,1
1,7,2.55,0,0,4,1,8,0,0,1,4,1,2,0,1,0
4,72,2.62,7,2,3,0,7,1,4,1,0,1,0,4,0,0
12,24,2.26,5,2,1,1,4,1,3,3,4,3,2,2,1,0
3,58,2.63,9,1,2,1,0,0,0,8,3,3,3,1,3,0
4,6,3.18,1,1,2,0,5,1,1,3,2,0,4,4,4,0
0,50,2.76,7,2,0,0,9,1,1,4,2,1,4,4,4,1
4,6,2.08,7,0,2,0,2,0,2,0,2,0,2,2,3,0
11,73,3.969332406646686,5,1,1,1,4,1,3,3,2,0,4,3,4,0
4,69,3.75,7,1,4,0,9,0,4,0,2,4,1,2,4,0
4,20,3.86,1,2,0,0,9,1,0,2,2,3,2,0,2,1
6,28,3.39,8,1,3,0,1,1,4,0,2,1,0,0,1,1
4,20,3.26,2,0,2,1,2,1,3,1,2,4,2,2,3,1
1,12,3.71,7,1,3,1,2,0,1,3,1,4,4,0,2,0
3,25,3.34,7,1,2,1,4,0,4,8,1,3,3,1,0,0
8,78,2.31,0,2,3,1,4,1,3,4,4,3,9,1,4,0
13,67,3.09,7,0,3,0,9,1,1,3,1,0,0,0,0,1
13,77,3.42,7,2,1,0,7,0,4,3,2,2,1,1,3,0
2,44,2.83,8,0,1,0,7,1,4,2,0,2,3,0,2,0
5,29,2.97,3,2,2,1,8,1,9,3,3,1,2,2,2,1
13,13,3.37,3,2,2,0,3,0,1,4,0,3,1,4,4,1
3,25,2.31,6,2,1,1,6,1,2,10,0,3,2,4,1,0
0,50,2.11,9,0,1,1,8,1,1,2,1,3,1,4,1,1
0,50,2.76,8,1,3,0,2,1,1,2,1,1,2,4,2,1
4,20,3.54,3,1,3,0,0,0,3,4,3,1,4,4,1,0
14,11,3.24,3,2,2,1,6,0,3,1,1,2,1,1,1,1
3,58,2.41,8,1,0,1,4,0,0,7,0,0,3,3,0,1
5,43,2.55,4,1,1,1,2,0,8,3,4,0,1,2,2,1
5,43,2.86,5,2,0,1,8,0,7,3,4,4,4,4,2,0
14,76,2.42,0,2,4,0,8,0,0,1,3,2,0,2,2,1
8,27,2.87,2,1,4,0,5,1,4,2,1,0,10,0,4,1
8,40,3.0,7,2,1,1,3,0,4,3,0,4,8,4,0,1
8,40,2.91,8,1,4,1,1,0,0,0,3,2,10,0,4,0
6,86,2.21,1,2,4,1,4,1,2,4,1,0,1,0,1,1
12,66,2.69,5,2,3,0,8,0,4,1,2,1,2,1,2,1
4,69,2.56,0,2,2,0,1,1,3,3,4,2,3,0,2,0
0,8,3.41,2,1,1,1,3,0,1,3,3,3,3,0,2,0
13,13,3.87,4,2,4,1,2,1,0,2,3,1,3,1,3,1
8,39,3.64,2,0,0,1,9,1,0,2,0,0,7,4,1,0
4,6,3.03,5,0,0,1,8,1,0,4,1,2,4,4,4,0
3,58,3.57,7,0,3,1,7,0,1,7,4,0,3,3,2,1
8,38,3.19,1,0,1,0,0,1,4,4,3,4,8,1,4,1
2,17,2.01,0,0,0,1,9,1,3,3,4,2,2,2,2,0
3,46,3.07,7,1,0,1,2,0,0,8,4,0,2,3,4,0
4,69,2.54,3,0,0,1,9,1,2,4,0,0,1,3,0,1
1,12,3.92,5,1,5,0,1,0,4,3,4,1,1,3,0,0
6,28,2.34,2,1,3,1,9,1,4,2,3,0,4,1,3,1
4,6,2.99,8,0,3,1,6,1,4,2,4,3,3,1,0,0
4,20,3.77,8,0,0,1,0,1,2,0,2,4,3,1,4,0
0,50,3.87,5,0,2,1,1,0,3,3,2,3,4,3,1,0
1,45,2.19,1,1,3,0,0,0,2,4,3,3,1,2,0,0
4,49,2.85,0,2,4,1,9,1,1,0,3,1,0,3,1,0
13,74,3.57,2,2,4,0,9,0,2,0,2,2,0,0,4,0
13,77,2.66,9,0,3,1,6,1,4,4,1,1,4,0,4,1
1,7,3.93,8,1,5,1,6,1,4,4,3,3,3,3,1,1
11,73,3.8210432536762,8,0,3,0,1,1,0,1,1,0,1,4,0,0
13,74,2.61,2,1,0,0,9,1,2,1,4,3,3,3,1,0
2,17,2.66,8,2,4,0,8,0,4,2,1,0,1,3,0,0
9,54,3.59,0,0,2,0,4,1,0,10,2,4,4,1,2,1
4,6,3.63,1,0,3,1,3,1,1,3,1,3,1,1,1,0
11,33,3.945329227730921,5,2,4,1,0,1,0,3,3,4,0,2,2,0
6,75,2.93,3,0,1,0,8,0,2,0,0,4,0,4,2,0
11,31,3.9050805449798514,7,0,1,1,1,0,3,0,3,3,0,0,4,0
10,18,3.36,1,1,4,1,0,1,1,7,0,1,1,4,1,0
12,23,2.57,5,0,0,0,6,1,1,3,4,2,2,2,3,0
1,10,2.56,6,2,4,1,1,1,1,1,1,1,3,1,3,0
12,23,3.32,5,0,2,0,8,0,1,3,4,0,3,1,0,0
14,26,2.77,3,2,4,1,8,0,1,3,2,4,2,0,2,0
9,70,3.96,0,1,4,0,3,0,1,10,2,1,0,0,0,0
11,33,3.6532077246755184,8,1,2,0,2,1,1,2,1,4,0,1,4,1
3,58,3.98,5,1,0,0,3,0,4,7,0,0,0,2,0,0
0,9,3.74,2,1,2,1,3,0,2,4,0,0,1,0,3,0
12,64,3.44,10,1,4,0,1,1,4,4,3,0,3,1,4,1
3,25,2.44,0,2,0,0,8,0,2,7,4,4,0,2,0,1
6,35,2.42,3,0,1,1,4,0,4,1,0,3,4,1,2,0
11,33,3.8863354940640833,0,0,1,0,4,1,4,1,0,3,1,4,4,0
11,85,3.606997339349157,6,0,0,0,1,0,4,1,3,0,0,3,1,1
5,88,3.82,2,0,0,1,5,1,10,0,4,3,3,2,4,1
7,19,3.07,2,2,3,1,0,1,2,0,7,0,7,3,1,1
9,70,2.82,1,1,0,1,9,0,1,9,4,4,1,1,3,1
12,24,2.87,9,0,1,1,7,1,1,0,1,4,1,0,0,0
12,24,2.81,6,1,1,1,9,1,2,4,3,4,3,3,4,0
9,70,2.47,5,2,1,1,0,0,0,7,4,4,0,2,2,0
10,32,2.2,5,1,3,0,5,0,1,9,2,2,0,2,4,0
9,54,3.41,0,0,4,0,3,0,1,10,3,3,3,1,2,0
7,2,2.29,6,0,1,0,9,1,4,0,7,4,9,0,4,0
12,66,3.46,6,0,1,0,4,1,1,4,1,3,1,4,1,1
6,75,3.73,9,2,2,1,8,1,3,4,1,4,1,4,0,0
1,7,2.77,4,1,3,1,8,1,4,2,3,1,0,0,1,0
4,49,3.12,6,0,3,0,7,0,1,0,0,4,1,4,2,1
0,87,3.31,8,1,1,1,8,0,2,2,3,2,4,4,2,1
14,79,2.26,3,0,4,0,7,0,4,0,1,3,4,4,0,1
0,50,2.92,4,1,2,0,3,1,3,2,0,0,0,4,3,0
3,25,2.15,4,0,1,0,6,1,0,9,1,0,2,0,4,1
14,79,3.56,2,1,2,0,6,1,2,0,0,3,3,4,1,0
10,61,2.55,6,0,2,0,1,1,1,7,4,1,0,4,3,1
7,36,2.23,1,2,4,0,3,0,3,2,7,2,9,2,0,0
10,4,2.13,7,2,3,1,4,1,1,8,4,3,3,4,1,0
6,28,2.93,8,1,4,0,6,1,1,4,0,1,2,3,0,1
12,66,2.37,9,1,2,0,7,0,0,4,3,2,2,4,1,1
9,70,3.81,2,0,4,1,9,0,3,7,2,2,0,3,1,0
8,39,3.62,4,0,2,1,5,1,0,4,4,4,10,4,4,1
12,24,2.62,8,0,2,1,0,0,4,4,2,4,2,0,1,1
8,27,2.41,3,2,3,1,4,0,1,0,3,4,8,1,4,1
9,57,3.49,1,2,4,0,7,0,4,10,4,3,2,3,0,0
12,66,3.17,9,0,0,1,8,1,1,0,4,1,1,1,2,1
3,46,3.19,1,1,3,0,3,1,0,7,3,0,2,0,2,0
10,61,3.6,3,0,2,0,4,0,1,8,4,4,3,2,3,1
9,52,2.38,0,0,1,1,8,0,0,7,1,0,1,3,0,1
10,32,2.26,6,1,0,0,3,0,3,9,2,1,2,4,0,1
11,85,3.5759430861683152,9,2,2,0,4,1,3,1,1,0,2,0,4,0
7,19,3.6,8,2,3,0,6,1,3,4,9,0,10,2,0,0
2,15,2.04,9,0,1,0,5,1,4,0,1,1,4,3,2,0
9,55,2.99,7,1,4,0,3,0,1,8,3,0,2,2,2,0
9,54,2.14,3,2,3,1,4,1,3,7,0,2,2,1,1,0
2,63,2.5,6,2,4,1,8,0,0,4,2,0,1,3,1,0
1,47,2.19,0,1,4,1,0,1,0,2,4,3,3,1,4,0
8,27,3.28,8,2,1,0,4,0,3,0,1,0,8,3,1,1
11,68,3.6560948682845646,3,1,3,1,6,1,4,1,1,1,1,3,1,0
2,63,3.82,8,0,3,0,9,0,4,1,1,4,4,4,1,1
4,6,3.18,8,2,2,1,3,1,1,2,2,1,1,3,2,1
6,84,2.53,0,1,4,0,8,0,0,4,1,4,2,2,4,1
6,28,3.9,1,2,1,1,4,0,4,0,3,4,4,4,1,0
8,51,3.64,9,0,1,1,2,1,1,1,2,4,8,2,1,0
2,44,3.98,2,1,3,1,8,0,4,3,0,4,2,1,4,0
11,71,3.634580785495815,4,2,3,0,9,0,4,1,1,1,1,3,4,1
2,89,3.74,9,0,4,0,3,0,1,2,3,4,3,3,1,0
3,37,3.96,6,0,3,1,9,0,2,10,0,3,0,1,1,0
12,24,3.81,8,0,3,0,0,0,1,1,4,1,2,0,1,0
5,82,2.98,0,1,2,0,5,1,10,3,0,1,0,3,2,1
7,16,3.96,0,1,0,1,1,1,0,0,9,1,9,2,4,1
3,37,2.95,5,1,3,0,8,1,3,7,1,3,1,1,0,0
11,68,3.9781459407566806,8,1,2,1,3,0,0,4,0,4,3,3,4,0
10,32,3.06,9,0,1,1,7,1,2,8,3,2,0,2,1,1
6,35,3.73,6,0,2,1,2,1,4,2,0,4,0,4,0,1
8,1,3.17,5,2,2,1,6,0,0,3,2,0,7,3,2,1
6,35,2.97,6,0,4,1,8,0,1,0,3,3,3,0,1,0
1,45,3.83,7,0,5,0,9,0,4,3,1,3,3,4,1,1
0,87,3.7,0,0,2,0,9,1,1,2,1,0,4,0,4,0
12,24,2.16,9,0,2,0,3,0,0,4,2,4,1,2,4,0
7,2,2.61,4,1,1,0,3,1,4,3,9,0,9,1,1,1
8,39,3.32,8,1,0,0,2,0,2,0,0,2,8,1,0,1
4,49,3.19,0,1,1,0,0,0,4,0,1,2,1,0,3,1
14,79,3.04,2,0,2,1,0,1,0,1,3,4,1,4,4,0
10,61,3.75,0,0,4,1,4,1,0,10,3,2,4,4,3,1
6,75,2.34,8,2,3,1,5,0,1,2,2,3,2,4,0,0
4,72,2.62,7,1,0,0,2,0,2,2,1,1,1,0,3,0
10,61,2.09,1,2,3,0,7,1,0,7,4,0,0,1,3,0
6,86,2.5,7,2,4,1,1,0,3,4,0,2,2,4,1,0
10,61,3.35,3,1,0,0,4,0,2,10,0,2,1,0,2,0
7,36,2.53,8,1,2,0,2,0,4,3,9,1,8,1,3,0
6,35,3.51,4,1,3,1,1,1,0,3,3,3,4,4,2,1
2,34,3.76,8,1,1,1,9,1,1,2,1,1,3,4,4,1
8,39,3.85,9,1,1,1,4,0,4,0,4,0,10,4,3,1
5,30,3.77,4,0,2,0,1,0,9,4,4,3,1,0,4,0
6,28,2.89,6,1,4,0,9,1,1,0,1,4,0,2,4,0
11,73,3.722704760552893,7,1,2,1,6,1,0,3,0,3,3,3,0,1
8,78,3.23,9,2,4,0,6,1,0,4,3,3,7,1,1,1
5,0,2.23,3,0,4,1,1,0,10,3,4,0,0,3,0,0
0,50,3.32,6,0,3,1,8,1,2,3,2,3,4,1,3,1
10,18,3.41,9,0,3,1,1,0,3,10,4,1,3,2,3,1
1,12,3.26,8,1,5,1,9,0,1,2,1,3,1,2,0,0
8,1,2.52,3,0,3,0,3,0,0,0,3,4,7,1,3,0
0,8,3.36,9,2,4,1,7,1,0,3,1,2,4,2,4,0
2,17,2.72,5,1,0,0,5,1,2,0,3,0,3,1,0,0
3,46,3.24,1,0,4,0,4,1,3,10,1,2,4,1,3,0
10,61,3.83,1,1,3,1,7,1,0,10,3,0,0,2,4,0
12,23,3.76,7,0,0,0,1,0,2,3,1,0,2,3,3,1
8,51,2.45,6,2,2,1,2,0,2,1,0,1,8,2,3,1
13,74,3.05,4,0,3,1,3,0,0,2,2,1,1,3,2,1
6,35,2.01,8,2,2,0,1,0,2,1,2,3,2,0,4,0
11,85,3.737737857616367,7,1,4,0,4,1,3,2,4,0,2,4,1,0
2,34,3.8,4,1,4,0,3,0,3,3,1,2,3,4,3,0
14,42,2.9,3,0,2,1,2,1,2,1,2,4,3,4,4,0
6,84,3.74,4,1,3,0,0,1,2,1,1,1,1,0,0,0
12,24,2.97,7,0,2,0,3,1,3,2,3,4,4,3,0,1
14,11,3.37,2,2,0,1,2,1,1,0,1,4,1,0,4,0
9,54,3.92,3,1,0,0,3,0,4,8,1,3,1,3,2,0
1,47,2.98,3,0,3,0,4,1,3,2,2,4,3,0,1,1
13,74,2.72,1,2,0,1,3,0,0,3,1,3,4,0,1,1
12,23,3.29,5,0,1,1,5,0,2,0,2,4,2,2,0,1
7,36,3.33,5,2,2,0,5,1,1,4,7,2,10,3,2,0
5,30,3.16,6,1,3,1,6,0,10,2,4,1,4,0,4,1
6,35,2.04,5,2,0,0,3,1,4,4,1,0,1,2,2,1
9,70,2.86,2,1,3,0,4,0,2,8,0,4,0,0,3,0
3,46,3.95,2,1,1,1,7,1,4,10,3,2,0,3,0,0
6,28,3.36,8,2,4,0,0,0,4,2,4,0,2,3,0,0
13,74,2.1,5,1,4,1,9,0,1,0,2,3,4,0,4,0
11,85,3.652120931913598,7,2,0,0,1,0,4,4,3,1,0,4,3,0
6,84,2.64,4,2,0,1,6,1,2,3,1,1,4,0,4,1
11,33,3.7038890172030814,7,0,2,0,2,1,4,1,2,3,3,3,3,0
5,0,3.02,5,1,3,0,8,1,8,1,2,2,0,3,1,0
11,73,3.674898030903796,6,2,4,0,4,1,3,1,1,1,2,2,0,0
2,63,2.27,3,2,1,0,6,0,3,3,1,4,3,2,1,0
8,3,2.8,9,2,1,0,6,1,3,4,0,3,9,3,0,0
5,30,2.41,0,1,1,1,2,1,8,0,2,1,0,0,3,0
6,28,2.04,4,2,0,0,9,1,1,1,1,0,4,2,3,0
1,10,2.92,9,1,4,0,6,0,3,2,1,1,1,3,0,1
4,72,3.53,9,1,3,0,3,1,4,3,4,1,0,2,4,1
10,61,3.34,7,2,4,1,0,1,3,10,4,4,0,0,1,1
4,20,3.51,0,2,3,1,7,0,3,3,0,0,3,0,0,0
7,2,2.25,5,0,0,1,3,0,3,4,8,3,7,3,3,1
14,79,3.34,8,0,3,0,7,0,1,4,3,4,2,3,0,0
11,31,3.760271918652429,5,2,4,1,4,0,1,4,3,2,3,4,3,0
8,38,2.64,6,1,4,0,8,0,1,3,3,3,9,2,0,1
11,31,3.5166339855846798,8,1,2,0,3,1,4,3,2,4,3,2,1,0
2,17,3.22,7,1,4,1,4,1,2,1,2,3,2,4,1,1
4,20,3.58,4,0,2,0,8,0,2,3,3,0,2,3,3,0
2,34,2.55,8,0,3,1,9,1,2,2,1,3,1,4,4,0
7,5,3.7,4,0,4,1,3,0,3,0,9,0,10,4,3,1
7,5,3.19,3,2,4,0,0,1,3,4,7,0,8,2,1,1
3,58,3.63,3,2,4,0,2,0,2,8,4,1,0,1,1,1
9,54,2.31,9,2,1,0,7,1,4,10,0,4,2,3,2,1
10,61,3.7,1,0,1,1,0,1,3,7,0,4,2,0,4,1
8,3,2.82,5,1,4,1,0,1,4,4,2,1,7,0,0,1
11,31,3.892531960523216,7,2,2,1,0,0,2,2,1,0,3,4,4,1
2,44,3.96,6,1,3,0,1,1,1,1,0,0,0,3,0,1
9,55,3.86,6,0,3,1,5,0,0,10,4,2,3,0,3,0
2,63,3.95,6,2,3,1,8,1,4,0,3,1,3,3,4,0
3,37,2.08,5,1,2,1,7,1,3,10,2,1,3,2,1,1
4,20,3.31,3,1,2,1,9,1,0,1,4,4,1,1,0,0
10,18,3.25,5,2,3,0,6,0,4,7,2,0,0,4,0,0
2,63,2.44,3,2,3,0,8,0,1,3,0,2,4,2,2,0
12,64,2.16,8,0,0,0,9,0,0,1,4,2,0,1,4,0
9,55,2.18,2,0,1,1,1,0,0,9,1,1,0,0,3,1
3,37,3.72,2,0,1,0,6,0,2,8,4,0,0,2,0,1
12,24,2.77,5,0,2,1,6,0,3,3,1,2,0,1,1,0
10,4,2.1,1,0,0,1,8,0,4,7,3,1,4,1,2,0
9,70,2.61,7,0,1,0,6,0,3,10,0,1,2,1,0,1
9,52,3.98,6,1,1,1,7,0,1,7,3,1,4,3,4,1
5,43,2.88,2,1,3,0,5,1,10,3,4,1,2,3,4,1
0,8,2.58,4,1,1,0,9,1,4,3,1,1,3,4,2,0
10,4,3.19,7,0,1,1,1,0,0,8,4,3,4,1,1,0
5,82,3.74,5,2,1,0,0,0,8,2,2,4,0,4,3,1
14,79,3.05,7,2,2,1,6,1,0,3,1,4,4,2,0,0
0,50,3.49,1,1,0,1,8,1,2,2,4,4,1,3,3,1
3,25,3.54,5,0,4,0,0,1,1,8,0,4,2,0,0,1
4,69,2.15,2,2,4,1,4,1,2,2,4,0,0,1,0,0
11,31,3.560181788104993,1,1,1,1,4,1,1,4,4,3,3,3,4,0
10,61,2.84,8,2,2,1,8,1,4,7,1,3,4,0,4,0
4,69,3.04,9,2,4,0,6,0,0,4,4,0,3,4,1,0
9,54,3.2,1,1,1,0,3,0,0,9,1,2,1,2,1,0
11,85,3.852781355824845,7,2,2,1,8,0,2,1,1,3,3,3,3,1
7,19,2.55,8,2,0,0,6,1,1,0,7,4,10,1,0,0
2,63,3.02,2,1,1,0,9,0,1,1,4,2,2,4,1,0
0,50,2.9,0,1,0,1,9,1,4,4,1,1,2,3,0,1
7,36,3.57,7,0,3,0,3,1,0,4,10,4,9,3,2,1
0,8,2.92,0,1,3,0,1,1,0,1,0,2,0,2,2,1
7,19,2.03,3,1,1,1,8,1,4,1,7,0,8,2,2,0
14,42,3.95,2,1,4,1,4,0,1,4,1,2,3,2,1,0
5,88,3.36,4,1,4,0,8,0,10,3,2,2,2,0,3,1
0,87,2.54,6,1,3,1,9,0,4,3,0,0,2,3,4,0
9,56,3.4,9,2,1,0,2,1,0,8,0,1,4,1,2,1
3,25,3.87,1,1,4,1,3,0,0,10,3,1,2,3,1,0
13,74,3.7,2,0,2,0,3,0,4,0,4,4,2,1,2,1
4,72,3.12,4,2,3,1,5,0,2,2,4,0,2,0,3,1
4,69,2.4,3,1,0,0,8,0,2,4,3,2,2,1,1,0
5,0,3.66,8,2,4,1,6,0,7,2,0,1,4,1,2,0
11,85,3.722091703439183,6,0,1,1,9,1,1,0,2,2,1,1,2,1
14,42,3.5,7,2,4,0,4,1,1,1,0,3,0,3,3,0
10,4,3.36,5,2,1,0,1,1,0,8,0,1,0,3,3,0
6,86,3.13,6,2,2,0,7,1,4,1,3,0,4,2,4,0
3,46,2.95,7,1,4,1,8,0,4,8,1,1,2,1,1,1
3,46,3.68,2,0,4,1,1,0,3,8,4,4,4,4,4,1
1,12,2.28,0,0,4,0,3,1,0,4,0,0,1,0,3,0
0,87,2.68,2,1,0,0,3,0,4,3,0,4,3,0,0,0
7,62,2.68,0,2,0,1,9,0,2,4,10,3,8,1,3,1
7,36,2.83,0,1,4,1,6,1,0,0,10,4,9,2,3,1
10,81,2.25,5,2,1,1,9,0,3,8,4,0,0,1,3,0
9,57,2.27,5,0,0,0,2,1,0,8,1,3,2,4,2,1
4,69,3.75,1,1,3,1,3,0,4,0,2,4,4,2,4,1
8,1,2.06,7,0,4,0,1,1,3,0,3,4,10,4,2,0
3,37,2.54,1,0,0,1,3,1,0,7,2,3,1,4,3,0
3,25,2.97,5,2,2,0,6,0,1,8,4,2,0,2,3,0
4,6,3.14,4,1,3,0,5,1,1,2,4,2,0,4,1,0
13,74,3.26,1,0,0,0,2,0,4,0,0,4,1,3,3,1
1,7,3.85,9,2,4,0,8,0,4,2,0,3,1,1,3,1
7,5,2.96,6,0,3,0,4,1,0,0,9,0,7,1,0,0
14,80,2.92,9,0,2,1,8,1,4,2,0,2,1,1,3,1
4,6,3.67,0,2,0,1,5,1,4,1,2,2,4,0,1,0
5,0,2.33,1,0,3,1,7,1,10,3,1,3,1,4,2,0
9,70,3.2,1,2,3,1,6,0,4,10,0,0,3,2,0,0
14,65,3.93,5,0,2,0,9,1,1,1,4,1,3,2,0,1
6,86,2.15,8,1,2,1,2,1,1,0,1,0,4,0,3,0
10,61,3.29,4,0,0,0,3,0,2,7,4,1,2,0,4,0
9,54,3.83,9,1,1,0,8,1,3,10,1,2,3,0,1,1
5,30,2.29,9,2,0,1,6,1,8,2,0,2,3,3,1,1
13,67,2.21,6,1,1,0,1,1,0,3,3,1,2,4,1,1
14,79,2.24,3,1,0,0,3,1,3,1,0,0,3,2,4,1
11,71,3.708697391164574,3,2,0,0,5,0,3,4,3,2,1,1,3,1
1,7,3.23,1,0,4,0,1,0,4,2,2,0,1,0,3,0
3,46,2.32,2,2,0,1,1,1,1,10,1,3,4,1,1,0
0,9,3.9,2,1,1,1,2,1,1,3,4,4,2,3,2,1
0,50,3.26,2,2,3,1,0,1,1,2,2,3,4,0,3,0
3,58,3.49,7,1,0,1,2,1,2,8,1,3,3,1,1,0
13,13,3.38,4,0,4,1,6,0,0,0,3,0,3,4,1,0
2,15,3.89,3,2,3,1,2,1,3,2,2,3,4,2,0,0
9,57,2.86,6,1,4,0,9,0,4,10,4,3,2,0,0,0
8,39,2.83,9,0,1,1,5,1,3,0,2,4,9,2,3,0
13,13,3.84,1,0,0,0,9,1,3,3,0,1,4,0,4,1
7,21,3.39,6,0,2,0,8,1,4,3,8,4,8,2,1,1
8,27,2.63,2,1,4,1,3,1,3,3,1,2,7,4,0,1
10,32,2.74,4,2,0,0,5,1,1,8,3,1,3,3,3,0
13,77,3.55,2,1,0,1,2,0,2,1,1,2,3,1,1,0
8,38,3.59,3,0,2,1,9,0,0,2,2,1,9,2,2,1
9,52,2.1,6,1,0,1,2,1,4,7,3,1,4,1,0,0
11,71,3.5103790160619823,7,0,1,1,1,0,0,0,2,4,4,0,3,0
13,13,2.17,9,0,0,1,2,0,3,3,4,4,4,3,2,0
5,43,2.42,2,2,0,1,9,0,7,0,0,1,4,0,0,0
5,88,3.73,6,1,2,0,8,0,7,3,2,4,0,3,4,0
14,65,3.98,8,1,2,1,9,0,0,2,4,1,0,1,2,1
1,7,2.77,1,2,3,1,4,1,3,1,0,2,2,4,4,1
8,51,3.11,5,1,0,0,0,0,0,3,4,3,7,2,4,1
13,67,3.65,0,0,0,0,4,0,1,1,3,2,0,2,4,0
3,58,2.21,1,2,1,0,8,0,4,7,0,2,0,0,3,1
11,71,3.720035537533249,4,0,0,0,9,1,3,0,3,0,2,3,4,1
7,5,3.07,2,1,2,0,5,1,4,3,8,0,10,2,3,1
4,49,3.11,8,0,3,1,9,0,0,4,4,3,1,1,1,1
10,60,3.61,2,1,4,0,8,0,3,10,4,1,0,0,1,1
1,45,2.98,7,1,5,0,1,1,0,1,4,3,3,1,4,1
4,20,3.93,6,1,3,0,8,0,2,2,1,4,1,4,3,0
1,10,3.84,6,0,5,1,5,0,3,1,3,2,4,4,2,0
10,32,3.49,6,1,1,0,0,0,1,9,1,0,0,1,1,1
7,19,3.16,6,0,3,1,9,0,1,3,9,4,7,0,4,0
1,47,3.64,2,1,5,1,3,0,2,1,2,0,3,4,2,1
0,87,2.69,4,0,3,0,9,1,2,3,4,1,4,1,3,0
4,72,3.09,3,2,2,0,5,0,3,1,1,3,4,1,0,1
6,84,2.32,1,1,2,0,8,0,4,3,0,1,1,1,3,1
2,34,3.8,6,2,2,1,1,0,0,1,4,0,0,1,3,1
1,12,2.13,5,1,4,1,2,1,4,4,4,1,1,4,4,1
5,29,2.12,3,0,0,0,1,1,8,1,1,2,1,1,4,1
13,74,3.47,8,1,4,1,3,1,3,4,1,4,1,1,3,0
10,60,3.61,5,0,1,1,5,1,1,7,0,0,2,3,3,1
2,14,3.78,7,1,4,1,8,0,4,3,3,3,0,0,4,1
12,24,2.87,8,0,4,1,7,1,4,3,1,0,3,4,4,1
11,85,3.577886630290085,8,0,3,1,3,1,2,2,4,1,2,3,4,0
9,55,3.43,8,2,3,0,9,0,3,8,0,2,0,4,2,1
8,38,3.93,6,1,1,1,5,0,1,4,2,4,9,1,3,0
0,87,3.9,4,2,1,1,2,1,1,4,2,0,3,1,1,0
12,83,3.7,5,2,2,0,0,0,0,0,4,1,2,3,0,1
6,75,3.81,1,2,4,1,4,1,0,4,4,4,3,2,2,1
7,2,3.29,2,1,2,0,7,1,2,1,9,1,9,4,0,0
12,66,2.89,7,2,0,0,8,0,1,0,2,3,3,2,2,1
8,39,2.37,4,0,0,0,3,0,4,4,1,0,7,0,2,1
0,53,3.9,9,1,2,1,7,1,0,2,0,4,2,4,3,0
0,9,3.09,1,0,2,0,3,0,3,0,1,1,3,3,1,0
7,16,3.02,1,0,0,1,8,1,0,2,9,4,10,4,2,0
4,20,2.18,5,2,2,1,7,1,2,2,3,1,0,1,3,0
12,83,2.68,9,2,0,1,9,0,3,4,3,3,2,1,2,0
9,56,2.61,9,2,1,0,9,1,2,9,4,0,4,3,4,0
13,13,2.52,1,2,3,1,7,1,0,4,0,4,3,1,2,1
7,21,3.88,6,2,0,1,5,1,2,0,9,4,10,2,1,0
3,37,2.62,4,2,1,1,4,1,3,9,0,4,0,4,2,0
7,41,2.67,4,0,2,0,2,1,3,3,7,3,8,1,2,0
7,62,3.31,4,1,0,0,7,1,2,4,9,1,9,1,0,0
0,50,3.18,2,1,4,1,0,1,4,3,3,2,3,0,1,0
1,7,2.65,6,0,4,1,5,1,3,2,2,0,1,4,2,1
7,21,2.45,4,2,0,0,2,0,2,2,7,2,7,1,2,1
6,35,2.25,2,1,0,1,4,1,3,0,0,2,4,3,1,0
10,81,2.6,2,0,0,0,1,1,4,10,1,4,1,0,2,1
5,29,2.22,3,2,2,0,2,1,9,0,0,4,3,1,2,1
0,8,2.95,4,1,1,0,1,1,2,2,0,4,2,0,3,0
9,54,2.37,8,0,3,0,7,1,1,7,1,4,2,3,4,0
3,37,3.14,4,0,4,1,2,1,3,10,4,2,0,2,2,1
11,73,3.67797888673532,6,2,0,1,6,1,0,0,1,1,1,4,0,1
4,69,3.34,7,2,2,1,5,1,0,1,4,3,0,0,0,1
6,75,3.63,6,0,1,0,5,0,0,3,3,0,4,4,2,1
12,66,2.26,9,1,1,1,5,1,4,2,4,2,3,3,0,0
4,49,2.86,9,1,2,0,0,1,4,0,2,4,3,0,3,1
4,20,3.77,6,1,4,0,6,1,2,1,3,4,2,2,4,1
6,86,3.39,7,1,1,0,4,1,2,2,4,0,3,4,4,0
11,33,3.9838714124168577,9,2,4,1,6,1,3,2,2,2,4,4,1,0
0,87,2.09,3,1,4,1,8,1,3,0,1,0,2,2,4,0
8,51,3.74,1,0,2,1,3,0,0,3,4,0,10,1,3,1
0,53,3.98,3,0,0,0,5,1,2,3,3,0,1,3,2,0
0,8,3.84,7,1,3,0,8,0,3,3,2,3,2,2,3,1
8,78,2.87,1,0,3,0,8,1,3,0,1,2,9,3,3,1
10,61,3.28,6,2,1,0,9,1,1,9,4,3,1,3,4,0
10,59,3.11,2,0,0,0,3,0,3,7,3,4,4,3,1,1
4,6,3.65,0,0,2,0,4,1,2,3,0,2,1,2,1,1
1,45,2.3,1,2,4,1,6,0,0,3,3,1,4,3,1,0
6,75,3.56,2,1,4,0,5,0,2,0,0,2,0,3,3,0
1,47,3.46,4,0,4,0,0,1,1,1,2,4,4,1,4,1
1,7,2.29,5,2,5,1,5,0,2,3,4,3,1,2,2,0
2,15,3.72,7,2,4,0,5,0,2,1,3,0,1,3,2,1
10,32,2.02,3,0,0,0,1,1,1,10,4,1,4,1,2,0
0,87,2.93,1,2,3,0,6,0,3,1,0,1,4,2,1,0
4,20,2.39,6,0,3,1,3,0,3,3,2,3,3,0,0,1
7,36,2.84,7,1,1,0,7,1,4,2,7,1,8,2,3,1
13,74,3.74,5,0,2,0,8,0,3,4,3,3,3,0,3,0
5,30,3.15,5,2,2,1,2,0,7,2,2,0,2,0,2,0
7,5,2.52,9,1,1,1,2,1,0,0,7,3,7,2,1,1
0,8,2.82,5,1,0,1,3,1,2,2,2,4,2,3,0,1
9,54,3.95,2,0,0,1,6,0,4,10,3,4,3,3,2,0
6,28,2.53,8,1,1,1,3,1,2,3,4,3,1,2,2,0
12,24,3.7,6,0,2,1,6,1,1,0,3,1,0,3,4,1
9,54,2.92,9,1,4,0,1,1,0,10,0,1,4,1,3,1
6,86,3.37,5,2,4,1,3,1,2,4,1,3,3,1,1,1
3,25,3.86,9,2,0,1,9,0,0,7,1,4,2,4,4,0
14,76,3.26,9,2,1,1,1,0,3,3,0,3,2,3,4,1
8,40,3.15,3,2,3,1,5,1,2,4,4,0,8,3,0,1
9,57,2.45,1,1,1,1,4,0,2,10,0,0,2,3,2,1
6,75,3.28,7,0,0,1,1,0,2,2,2,0,1,0,2,1
9,52,3.82,9,2,1,0,2,0,2,7,2,2,0,0,0,0
13,74,3.61,4,0,4,1,5,1,4,2,1,1,3,4,0,1
5,29,3.2,4,0,3,1,2,0,9,4,3,0,1,4,1,1
9,55,2.11,3,2,4,0,7,0,2,10,1,3,4,0,2,1
9,56,2.32,2,0,4,1,8,0,2,7,4,4,2,4,2,0
11,85,3.5977290001842,2,0,2,0,0,1,4,0,3,3,0,1,2,1
1,47,2.32,5,0,3,1,3,1,1,1,1,2,2,2,3,1
2,17,2.52,6,0,2,1,6,1,0,2,2,4,0,4,1,1
5,29,3.73,5,2,3,0,7,0,7,2,4,4,1,3,2,0
9,54,2.52,5,1,0,1,2,1,0,8,4,4,0,4,3,1
6,86,2.7,2,1,2,0,2,0,3,4,0,4,4,1,4,1
13,74,3.22,7,1,2,1,1,1,2,0,0,3,0,4,0,1
4,49,3.03,3,1,2,0,0,0,0,0,3,1,2,4,1,1
7,62,2.39,7,0,4,1,3,1,4,2,10,4,9,1,2,1
7,41,3.51,9,1,4,1,2,0,0,4,9,3,10,3,2,0
1,12,2.71,6,1,3,1,4,0,1,3,0,0,2,0,2,0
7,2,3.86,9,2,0,0,8,1,1,1,9,1,9,1,0,1
14,11,3.0,1,1,1,1,0,1,4,0,2,0,3,3,4,0
3,46,2.82,9,0,1,1,9,1,3,9,4,4,2,0,3,0
8,39,2.38,8,1,2,1,6,1,4,2,1,1,10,2,4,0
2,63,3.73,3,2,4,0,5,1,0,3,4,0,3,0,3,1
1,10,3.85,9,0,4,1,0,0,3,1,3,4,1,1,1,0
3,37,2.93,3,0,3,1,5,1,3,8,0,2,2,0,3,1
6,84,2.46,8,0,4,1,1,0,1,1,0,1,3,0,1,1
2,15,3.76,9,2,4,1,5,0,3,2,0,4,2,2,0,1
0,87,2.57,6,1,1,0,2,1,4,4,0,1,1,0,2,1
1,7,2.28,4,2,5,0,5,0,0,4,0,2,4,1,2,0
2,63,2.32,4,0,2,1,8,0,2,2,0,1,1,1,4,1
2,15,3.3,3,2,4,1,5,0,4,2,2,3,0,1,0,0
4,69,3.05,7,2,0,1,7,1,4,4,4,4,2,0,3,1
8,51,2.57,0,1,2,0,1,0,0,4,2,2,7,2,0,0
10,59,3.99,4,2,3,0,4,1,3,7,4,2,3,1,3,1
8,3,2.89,9,2,2,1,5,1,0,1,0,1,7,2,2,0
3,25,2.9,0,0,0,0,4,1,4,9,1,3,3,0,1,1
13,67,3.89,0,2,3,0,8,0,1,0,4,0,3,0,4,0
6,35,3.43,7,2,0,0,8,1,0,2,1,1,3,3,4,1
3,58,3.58,2,0,2,0,3,0,3,9,2,0,1,3,4,1
0,87,3.49,9,0,4,0,8,1,0,4,0,1,0,0,3,0
13,67,3.89,2,0,3,1,4,1,0,0,4,4,3,1,2,1
9,70,2.7,3,1,1,0,5,0,3,10,2,3,2,2,3,0
2,17,2.14,1,1,0,1,5,0,0,3,1,2,3,4,4,1
13,13,2.77,7,1,0,1,6,1,3,2,4,4,2,3,0,1
7,16,3.46,6,0,2,0,8,0,4,1,8,1,8,4,3,0
8,3,2.84,8,1,1,1,9,1,4,1,2,2,10,4,3,0
1,7,3.72,6,1,4,1,1,0,1,4,3,3,2,0,3,1
6,86,3.03,0,2,1,1,7,0,1,2,2,0,1,2,4,0
12,24,2.49,5,2,3,0,8,1,0,2,2,2,1,0,4,0
10,81,3.76,2,0,1,1,6,0,2,8,4,3,2,1,2,0
11,33,3.7917107595092174,1,0,0,0,3,1,1,1,3,2,1,4,3,0
4,49,3.98,2,0,2,0,9,1,4,4,0,1,2,1,0,0
1,47,3.4,1,1,5,1,8,1,2,3,1,0,3,3,2,1
13,74,3.51,3,2,1,0,4,0,1,0,0,1,0,1,0,0
12,23,2.34,6,0,3,1,5,1,4,0,4,0,0,3,0,1
8,39,2.28,9,2,3,0,2,1,4,0,3,3,8,0,4,0
7,16,3.59,9,0,1,1,6,1,0,1,8,4,7,3,1,0
3,58,2.95,6,0,0,1,8,0,2,7,2,1,3,2,2,1
3,25,2.81,0,1,2,0,7,1,1,9,2,2,2,2,4,1
1,12,3.89,4,2,3,0,2,1,4,2,3,4,4,3,4,0
6,75,2.66,8,2,2,1,0,1,4,4,2,2,4,4,4,1
5,30,3.9,1,1,4,1,3,1,8,2,2,2,3,4,3,0
6,84,2.27,9,1,4,1,1,0,0,3,4,2,1,1,1,1
6,86,2.15,0,0,2,1,8,1,0,0,0,1,0,3,0,1
3,25,2.16,0,1,4,0,2,1,3,8,3,2,3,1,3,0
2,14,2.63,2,1,0,0,7,1,3,3,4,2,2,3,2,0
5,82,3.95,9,2,4,1,7,0,7,2,1,4,0,1,3,0
8,38,3.4,7,2,4,0,4,1,4,3,2,4,10,3,0,1
12,64,3.1,8,0,1,0,7,1,2,1,1,1,2,3,0,0
5,29,2.35,9,2,4,1,5,0,7,2,1,0,3,3,1,1
2,14,3.66,5,1,3,0,2,1,1,3,2,1,0,1,4,0
2,14,2.01,9,0,4,0,9,0,3,1,3,1,2,4,4,0
0,87,3.14,5,0,1,0,4,1,3,1,2,0,2,4,1,0
1,45,3.87,8,0,3,0,8,1,4,0,0,2,0,0,4,1
14,42,3.88,9,0,0,1,4,0,1,3,0,4,0,4,1,0
9,55,3.66,3,0,2,0,1,1,1,9,1,4,4,3,3,0
5,82,3.66,4,1,4,1,1,0,8,2,0,1,2,3,1,1
14,26,2.34,1,1,3,1,8,0,3,3,0,3,0,3,0,0
14,22,3.46,3,2,2,1,6,0,4,0,4,2,1,4,1,0
5,88,3.18,2,2,2,1,6,0,9,2,2,2,1,4,1,1
5,0,3.73,8,1,3,0,5,1,9,4,1,0,4,3,4,1
1,47,2.42,4,0,4,1,9,1,0,0,0,4,4,3,3,0
5,88,3.52,0,1,0,1,8,0,8,2,3,3,4,4,1,0
2,44,2.31,0,2,3,0,8,1,2,2,4,1,4,1,2,0
12,64,3.45,8,2,1,0,2,1,4,0,2,1,4,1,1,0
13,74,3.31,7,1,0,1,8,1,1,1,2,3,2,2,2,1
6,28,2.95,1,2,3,0,0,0,0,4,1,2,1,3,0,0
4,49,3.76,2,1,2,0,5,1,2,0,3,0,0,4,3,1
10,61,3.14,1,2,2,1,6,0,2,8,1,1,1,0,2,0
2,14,2.2,5,2,2,0,7,1,4,4,1,4,1,4,1,1
11,71,3.90787269031306,7,1,1,1,5,1,0,3,0,1,2,4,1,0
1,7,4.0,3,2,5,1,6,1,4,4,4,2,0,1,0,0
0,50,3.14,9,2,2,0,6,0,0,1,3,0,3,2,4,0
2,34,2.23,8,0,0,0,4,0,4,1,2,0,2,4,3,1
13,77,3.3,9,2,4,1,6,0,1,2,3,2,0,0,2,0
8,51,3.65,8,0,3,1,8,1,3,4,1,4,7,4,3,1
8,51,3.68,4,0,0,0,8,1,0,2,4,4,7,2,3,0
9,52,3.96,6,2,1,1,2,0,4,7,0,1,2,0,2,0
1,12,3.11,5,1,5,1,9,1,1,0,4,2,2,3,4,0
3,25,3.85,8,2,2,0,9,1,3,9,1,0,2,3,0,1
3,37,2.96,6,2,2,1,8,0,1,7,4,4,2,3,3,0
7,16,3.79,5,0,0,1,6,0,0,3,7,2,7,0,3,1
1,10,2.34,3,2,5,0,7,1,0,1,3,0,0,0,3,1
10,18,2.6,6,0,3,1,9,1,3,7,0,4,2,0,1,0
2,34,3.49,9,1,1,1,1,0,1,2,0,2,0,0,0,0
4,20,3.53,8,2,3,1,4,0,4,3,3,3,3,3,2,1
1,45,2.17,0,2,3,1,8,0,3,1,2,3,4,1,1,0
6,28,3.34,0,2,2,1,5,1,0,4,4,4,2,2,1,0
1,10,3.28,5,0,5,1,0,1,1,2,1,3,1,0,2,0
3,37,2.12,0,1,1,1,1,0,1,10,2,1,2,2,0,1
6,75,3.68,8,2,3,0,4,1,3,2,3,2,2,0,3,1
12,83,3.77,7,1,2,1,4,0,4,0,4,4,4,0,1,0
11,73,3.6325406421692863,5,1,4,1,0,0,0,3,4,0,2,3,4,0
14,65,2.32,4,1,2,1,3,1,4,3,0,0,2,3,0,0
1,47,3.82,3,0,5,0,7,0,2,1,4,2,4,2,2,0
12,64,3.34,5,0,2,1,4,0,2,4,4,1,1,3,1,0
14,76,3.97,3,2,2,1,4,1,3,4,2,2,1,0,2,1
3,58,3.44,5,2,3,0,0,1,1,9,0,1,4,2,1,0
5,0,3.93,6,2,4,1,5,0,9,4,3,3,4,1,1,0
3,46,3.03,2,2,4,1,5,0,3,7,1,3,2,0,2,0
12,66,3.56,8,2,1,0,5,1,2,1,0,0,3,2,3,1
2,63,2.3,7,2,1,0,5,1,3,2,3,2,4,2,1,0
13,74,2.98,5,1,0,0,1,0,2,2,0,2,3,4,2,0
6,75,2.87,7,0,0,0,6,1,3,2,4,4,4,0,2,1
4,69,3.72,9,0,1,0,0,1,4,1,4,4,3,4,3,0
10,4,2.09,0,0,2,1,7,0,2,8,4,0,2,3,3,1
9,54,3.72,7,2,2,1,0,1,1,10,4,4,1,0,2,1
7,62,2.68,8,2,2,1,9,1,1,3,9,3,7,0,4,1
6,75,2.42,9,0,1,1,2,0,4,4,2,0,0,3,1,1
10,59,3.06,0,2,2,1,3,0,3,7,2,1,0,3,2,1
13,13,2.16,1,1,4,0,9,0,0,3,0,0,4,1,2,1
8,39,2.01,8,2,1,1,0,0,3,3,3,2,8,1,0,1
8,78,3.38,5,2,2,1,1,1,2,3,4,1,7,3,3,1
11,68,3.743606003460957,9,1,0,1,7,1,3,3,3,4,4,1,0,1
1,10,2.22,3,0,5,0,3,0,1,2,4,2,3,3,2,1
14,79,2.84,6,0,1,0,1,0,2,2,3,1,2,0,1,0
6,75,3.71,5,1,3,1,6,1,3,2,4,1,0,3,0,1
10,81,2.75,6,0,4,1,7,1,3,9,2,1,3,0,3,0
5,88,2.05,4,2,3,0,0,1,7,2,2,0,0,3,1,1
1,47,2.55,4,1,4,1,8,1,2,1,3,3,0,3,2,1
0,9,3.51,0,2,3,0,2,1,2,4,3,1,1,1,0,0
2,14,3.81,4,0,4,0,6,0,2,1,2,2,2,3,3,1
4,49,3.78,7,1,1,1,4,1,0,3,2,4,3,2,2,1
14,65,3.1,9,1,4,1,4,0,2,2,0,2,2,0,1,1
12,64,3.51,9,0,1,1,6,0,0,3,2,3,2,2,0,0
9,57,2.73,9,1,2,0,3,1,3,7,0,4,0,4,2,0
0,53,2.87,2,1,2,0,1,1,4,4,0,3,1,4,2,0
9,56,2.72,3,0,1,1,4,1,4,8,1,1,3,0,0,1
0,53,2.07,8,0,1,0,0,0,2,3,1,3,2,2,3,1
10,32,2.83,6,1,1,1,4,1,2,9,0,2,4,1,1,0
13,74,3.1,9,1,1,0,5,1,3,2,0,1,1,3,4,1
9,54,2.59,8,1,1,0,1,1,4,8,1,4,0,3,3,0
10,61,2.9,2,1,3,1,5,0,2,8,4,1,4,4,2,0
8,38,2.6,6,0,2,1,5,1,0,3,1,3,7,1,0,0
7,19,3.14,0,1,0,0,8,0,4,2,10,2,8,2,0,1
8,39,3.48,2,0,4,1,2,0,3,2,0,2,9,1,2,0
1,45,2.48,5,1,4,0,3,0,0,2,2,3,2,3,4,0
9,54,2.07,4,0,4,1,5,0,1,9,3,3,0,4,0,0
11,33,3.531553184557773,9,0,4,1,1,0,3,0,0,2,2,0,3,1
5,30,3.08,1,0,4,0,5,0,8,3,3,2,3,0,0,0
9,55,3.78,7,1,1,1,9,0,1,10,1,0,0,0,1,1
10,61,2.31,7,0,4,0,1,0,1,7,2,0,4,4,3,0
1,10,3.87,5,1,4,0,6,1,2,1,1,3,0,2,4,0
5,82,3.26,5,2,0,0,7,1,9,3,2,4,1,2,0,0
13,13,2.32,3,0,0,0,9,0,4,1,4,1,3,1,1,1
3,25,4.0,1,0,1,1,3,0,4,10,0,4,0,0,1,1
11,85,3.728408902278068,9,2,0,1,6,0,1,4,4,3,0,0,3,1
3,25,3.67,1,0,2,0,8,1,3,10,1,4,3,2,1,0
9,56,3.67,4,0,2,1,1,1,3,9,3,1,3,1,1,1
2,63,3.75,5,1,0,0,2,1,2,1,0,1,3,2,0,0
7,5,3.28,0,0,1,1,4,1,2,3,10,4,7,3,4,1
13,13,2.53,8,2,2,0,7,1,4,1,2,4,1,3,0,0
6,75,2.66,5,0,1,0,4,0,2,2,2,0,4,4,3,1
1,45,3.94,9,0,3,1,7,0,3,4,2,4,1,4,1,1
9,52,2.04,5,0,0,0,3,0,4,9,2,1,0,0,2,1
7,62,2.46,2,1,1,1,8,1,2,3,10,3,7,3,3,0
4,72,3.21,2,2,0,0,2,1,2,1,1,4,2,2,2,1
10,32,3.46,2,0,4,1,7,1,0,10,4,2,0,0,3,1
9,54,3.96,9,1,2,1,8,1,1,7,1,3,4,2,3,0
11,33,3.631204188244651,9,2,1,1,3,0,3,0,2,4,2,1,1,1
8,1,3.61,5,0,2,0,1,1,0,4,1,3,7,1,4,1
7,62,2.89,5,2,4,0,7,1,4,4,9,0,10,1,4,1
7,36,3.82,2,1,0,1,7,1,1,4,7,0,8,0,4,0
5,0,2.51,6,0,0,1,3,1,8,4,0,1,3,3,3,0
9,57,3.38,2,1,0,0,0,0,0,8,1,3,3,2,2,0
7,41,2.07,5,1,1,1,6,1,3,3,7,0,10,0,3,0
13,13,2.36,5,2,4,0,1,0,2,0,2,4,2,4,0,1
13,77,3.51,9,0,0,0,1,1,0,2,3,0,4,0,4,0
12,83,3.57,6,0,4,1,5,0,0,0,0,4,4,1,3,1
6,84,2.63,8,0,1,0,9,0,2,1,3,4,2,4,3,1
6,86,2.73,1,2,2,1,9,1,2,4,1,0,3,4,1,1
5,30,2.36,9,1,0,0,8,1,8,2,2,1,3,3,3,1
0,87,2.53,2,1,3,0,7,0,2,4,4,4,0,1,2,1
4,69,2.55,3,0,1,0,6,1,1,1,2,0,2,3,2,1
6,84,3.58,7,0,0,1,1,0,2,0,4,1,3,3,2,1
10,60,2.89,5,1,1,0,4,1,0,9,4,1,2,3,1,0
11,31,3.85043284862194,3,2,1,0,1,1,4,3,1,2,3,1,2,0
1,47,3.5,0,1,4,0,2,0,2,0,2,1,4,0,2,0
2,44,3.04,7,0,2,1,3,0,0,4,2,1,2,2,2,0
11,33,3.727824774719939,7,2,3,0,3,0,4,3,2,4,1,0,4,1
4,6,3.78,3,1,0,1,4,1,0,1,1,0,3,3,4,1
8,39,2.48,9,2,3,0,9,1,4,2,3,0,9,1,0,1
11,68,3.6409591777986257,7,1,1,0,9,0,4,3,3,3,0,3,1,1
10,60,2.36,4,1,1,0,1,1,2,10,3,2,2,2,1,1
1,45,3.13,9,2,3,0,6,1,4,0,4,4,4,1,1,1
12,24,2.95,6,0,0,1,8,1,4,4,2,0,4,0,3,0
0,8,2.41,2,1,4,1,7,0,2,4,2,0,4,0,0,1
14,11,3.04,1,2,1,1,5,0,0,2,4,0,4,0,4,1
11,33,3.773203537106066,8,1,1,1,3,1,3,2,1,2,1,3,0,1
1,7,2.06,7,2,5,0,9,1,1,1,4,4,0,3,0,0
13,74,3.35,9,2,0,0,7,1,3,2,4,4,1,0,1,0
7,36,2.51,8,2,2,0,1,1,0,4,10,1,8,2,4,1
7,36,3.11,0,0,3,0,6,1,2,2,8,1,8,1,2,0
14,26,3.88,4,2,2,0,1,0,4,4,3,2,1,3,2,0
0,50,3.49,7,1,0,1,4,0,2,4,3,0,3,2,2,0
0,53,3.35,9,1,4,1,2,0,0,3,3,4,1,2,4,1
11,71,3.766413518700697,4,0,2,0,8,1,1,4,0,4,0,4,4,0
5,43,2.61,9,1,4,0,3,1,8,1,4,1,3,2,2,0
12,66,2.04,6,1,1,0,1,1,4,2,2,2,0,4,3,0
6,28,3.35,7,0,1,1,2,0,1,4,0,4,2,1,4,1
8,27,2.17,4,0,1,1,8,1,2,4,2,0,8,4,0,0
11,33,3.7878326264987097,8,2,3,1,5,1,4,0,4,3,1,2,3,1
0,53,3.61,4,1,3,1,7,1,0,1,2,1,1,1,1,1
0,8,3.51,5,0,0,0,9,0,2,4,0,2,1,3,4,0
14,11,2.13,6,2,3,1,8,1,0,1,2,3,3,4,0,0
1,7,2.44,3,2,3,0,2,1,3,2,2,3,3,0,2,1
12,23,2.6,6,1,1,1,5,0,3,0,0,1,4,1,4,1
9,70,3.49,7,0,0,0,7,1,0,7,0,1,4,0,2,0
2,15,3.54,8,0,0,0,5,0,0,0,2,2,2,1,3,1
7,2,3.84,0,1,0,1,2,0,0,2,8,0,8,4,1,1
4,69,2.74,9,1,4,0,4,0,1,4,0,4,3,3,2,0
6,84,2.41,9,1,3,1,4,0,2,0,1,1,4,1,3,1
9,52,2.9,7,0,0,1,3,0,0,9,3,4,2,2,3,1
6,84,2.96,1,1,0,1,2,0,3,1,3,3,1,0,3,0
14,11,2.72,6,1,4,1,6,0,1,3,3,4,2,2,1,1
1,10,2.44,0,1,5,0,5,1,0,2,2,0,4,3,0,0
2,14,3.97,7,1,0,0,3,0,2,4,1,1,3,4,1,0
1,45,2.74,2,1,3,1,4,0,4,4,3,3,4,0,4,1
3,58,2.28,2,2,0,1,4,1,2,9,1,3,4,3,1,0
10,4,3.64,3,1,1,1,0,0,1,7,4,1,2,1,1,1
5,43,2.59,6,0,4,1,9,0,7,4,3,0,0,4,1,0
10,60,2.41,0,2,1,0,7,0,4,9,3,0,1,1,2,1
8,27,2.82,1,0,3,1,0,1,1,1,4,4,10,4,0,1
9,55,2.65,1,1,0,0,8,1,4,9,3,4,1,2,3,1
3,46,2.86,2,0,4,1,7,1,2,10,2,0,0,4,1,1
5,0,2.56,9,0,2,0,3,1,7,1,2,1,1,4,1,0
5,88,2.71,0,1,2,0,6,0,10,2,4,4,0,2,2,1
12,83,2.85,6,0,4,1,2,1,2,0,1,3,3,0,2,1
12,24,3.05,8,1,4,1,0,0,3,3,4,0,4,2,0,0
11,71,3.691066454412994,5,2,1,0,6,0,2,4,3,3,0,0,0,0
6,86,2.85,4,0,1,1,1,0,4,2,2,2,3,0,3,0
12,66,3.08,5,0,3,0,3,0,1,1,1,0,4,1,3,1
14,11,3.24,4,1,3,0,9,0,3,1,4,1,4,2,1,0
6,84,2.77,7,0,1,1,3,1,4,4,4,2,3,0,1,0
7,5,3.24,3,1,3,0,9,1,2,4,10,1,10,2,3,0
2,44,3.71,6,2,1,1,6,0,0,2,1,3,0,4,1,1
9,55,2.9,1,1,2,0,4,1,0,8,0,1,2,2,0,1
6,75,3.04,8,0,1,0,6,0,4,2,2,4,4,3,1,1
2,17,2.28,5,1,3,1,7,0,3,4,4,3,1,0,2,0
1,45,2.5,3,1,3,0,0,1,1,3,2,1,4,2,3,1
9,56,2.66,6,2,1,0,7,1,4,8,1,4,2,4,2,1
11,68,3.969090586262361,7,2,2,1,5,0,2,1,1,0,3,0,3,1
6,84,3.44,9,1,3,0,5,0,1,2,0,0,2,2,2,1
2,17,2.23,1,2,0,1,4,1,1,3,2,2,4,3,2,1
9,54,3.39,3,1,4,0,4,1,2,9,3,3,4,2,1,1
2,15,2.03,6,1,0,0,0,0,3,4,1,3,3,2,0,0
3,25,2.35,7,0,0,1,3,1,0,7,1,4,0,0,0,1
11,68,3.6024012045281046,1,2,1,1,3,1,1,1,3,3,1,2,1,0
5,82,2.63,1,2,2,1,8,1,9,2,2,0,0,3,3,0
10,61,3.86,7,2,2,1,8,0,1,9,3,2,2,1,2,0
2,17,2.84,3,2,0,1,8,0,0,3,1,1,4,0,3,1
10,4,2.54,1,0,4,0,5,0,2,9,2,3,0,4,3,1
10,61,3.35,8,1,0,0,3,1,4,9,2,4,4,4,0,1
9,56,3.06,8,1,0,1,3,1,1,10,3,4,3,3,2,1
14,65,3.57,9,0,3,0,8,1,0,1,1,0,2,3,0,1
1,47,2.67,9,1,5,1,1,0,1,1,1,1,2,2,2,1
2,63,3.98,8,0,2,0,8,1,4,1,3,3,0,2,0,0
7,41,3.01,9,1,3,1,7,1,3,2,10,0,10,2,0,0
1,10,2.71,0,0,5,0,7,1,0,0,1,1,4,0,1,0
14,26,3.62,7,1,0,1,6,0,0,2,2,0,1,4,3,1
0,53,2.53,0,1,2,0,8,1,2,4,0,4,1,1,4,1
8,40,2.96,7,2,4,0,1,0,1,4,0,0,9,1,2,1
3,58,3.9,3,1,1,1,2,0,0,7,2,2,1,4,0,1
0,9,3.64,7,1,3,0,0,1,1,2,2,2,2,0,1,1
4,69,3.17,1,2,3,0,3,0,3,1,4,1,4,0,0,1
10,18,3.47,2,2,4,0,5,1,1,9,1,2,1,0,2,0
10,61,2.39,2,2,1,0,4,1,3,9,2,2,3,0,1,1
2,15,2.98,9,1,2,0,0,1,0,1,3,2,0,3,3,1
7,16,2.75,1,0,0,0,3,0,2,2,7,4,8,4,4,0
0,53,2.99,6,2,3,0,6,0,2,2,4,1,1,3,0,1
9,55,2.27,5,1,0,0,4,1,3,7,4,4,2,2,2,0
6,28,2.65,6,2,3,0,0,1,1,0,1,3,3,2,0,1
6,75,2.54,6,2,3,0,5,0,1,3,0,3,1,1,4,0
0,53,3.32,1,0,2,1,2,0,0,3,2,0,2,3,2,0
10,81,3.32,5,2,0,1,0,0,0,10,3,1,3,1,4,1
1,47,3.28,7,0,3,0,7,0,4,4,3,0,0,2,0,1
4,69,2.61,6,0,2,0,0,1,0,3,4,1,1,4,2,1
1,45,3.63,4,2,3,0,6,0,4,2,4,0,0,3,0,0
13,67,3.72,4,2,3,0,7,1,0,2,0,4,0,3,1,0
10,81,2.67,7,2,1,0,4,0,1,7,4,1,1,1,0,1
12,23,3.13,7,1,4,0,6,1,3,3,1,0,1,3,3,1
7,41,2.63,6,0,3,1,9,1,1,4,8,4,9,1,1,0
2,63,2.08,8,1,1,0,4,1,1,3,1,4,3,0,0,0
7,5,2.57,2,2,1,0,4,1,3,0,8,3,9,3,2,0
5,82,3.51,0,0,2,0,2,1,8,0,4,1,0,3,3,1
12,66,3.95,5,0,4,0,0,0,4,2,4,2,4,4,2,0
3,46,3.51,8,0,3,1,1,1,4,7,1,1,3,2,2,0
0,53,3.06,6,0,0,1,8,1,3,1,2,4,4,4,3,0
13,67,3.75,6,0,1,1,6,1,2,1,1,4,4,4,4,0
7,16,3.05,2,1,1,0,2,0,2,1,7,2,8,4,2,1
11,73,3.519200438663172,9,2,4,0,3,0,2,2,1,1,1,3,3,0
4,6,2.33,7,2,4,1,1,0,1,2,1,1,2,3,0,0
12,23,2.19,6,2,1,1,7,0,1,1,4,1,3,1,0,1
9,54,2.25,1,1,1,0,9,1,1,10,2,4,2,4,0,1
8,39,3.89,2,1,2,1,9,0,2,2,2,4,10,3,2,1
10,60,2.3,5,2,1,0,2,0,3,9,0,4,0,3,0,1
14,22,2.03,5,1,2,1,5,0,3,3,0,2,1,3,3,1
6,84,3.16,6,2,3,0,2,0,2,1,4,2,2,4,1,1
10,61,3.11,8,0,2,0,6,1,3,10,4,1,4,1,3,0
11,68,3.848583127145176,9,1,3,1,2,0,1,0,3,4,4,4,4,0
13,13,3.32,6,0,3,1,0,0,2,1,1,1,4,1,4,0
1,45,3.55,0,0,3,1,0,0,2,0,1,0,2,0,0,0
13,13,2.88,8,2,1,0,8,1,3,4,4,3,2,2,2,0
14,42,2.71,3,0,2,0,3,1,2,0,0,4,4,4,4,0
4,49,3.87,5,2,1,1,8,0,4,0,4,4,3,0,1,1
4,20,3.21,4,1,4,0,8,1,2,0,3,4,0,1,3,0
7,19,3.6,2,1,4,1,9,0,4,0,7,3,9,3,3,0
8,78,3.48,3,2,4,0,8,0,4,1,0,4,10,2,2,0
3,46,3.12,4,2,0,1,4,1,2,10,2,1,1,1,0,0
12,64,2.03,10,2,0,1,8,1,0,2,3,3,3,3,0,1
10,4,3.73,1,2,0,1,6,0,2,10,3,1,1,4,1,0
0,53,2.31,3,1,4,1,4,0,0,4,3,3,4,2,3,0
5,43,3.91,2,2,4,1,9,0,7,3,2,4,4,2,2,1
5,82,3.47,2,2,3,1,2,1,8,1,2,4,4,1,1,0
7,2,3.86,9,2,0,1,5,0,1,0,9,1,7,3,3,0
6,28,2.85,5,2,1,1,5,0,3,2,0,2,1,1,4,1
2,63,2.01,2,1,4,1,0,1,3,4,4,0,3,1,0,0
5,0,3.18,0,1,1,1,6,0,8,0,4,0,3,0,1,1
10,59,3.06,6,1,4,1,0,1,0,10,0,0,3,0,3,0
3,25,3.38,3,2,3,0,7,1,0,10,0,1,0,2,3,1
12,23,2.52,9,2,1,1,4,0,4,2,0,2,1,1,3,0
1,47,2.85,5,0,5,1,4,1,0,1,1,1,2,1,3,1
9,54,3.85,5,1,4,0,3,1,2,10,3,2,3,4,3,0
12,83,3.73,8,2,2,0,8,0,1,1,3,0,4,2,4,0
8,51,2.99,4,2,4,1,7,1,3,0,3,2,8,2,3,1
6,75,2.28,7,2,0,0,8,1,4,3,4,2,4,1,3,1
2,17,3.49,0,2,4,0,8,0,1,0,2,1,4,1,2,1
12,64,2.21,6,1,2,1,0,0,2,2,1,0,1,4,1,1
12,24,2.69,9,0,0,1,5,0,1,3,0,4,1,2,0,0
3,46,3.12,9,1,4,0,7,0,2,7,3,1,1,0,3,1
2,63,2.38,8,0,0,1,4,1,2,3,2,2,3,4,1,0
11,33,3.62737435366836,1,0,3,0,6,1,4,4,2,3,1,1,4,1
1,12,2.44,0,2,5,0,4,0,4,2,4,2,2,4,1,0
10,4,2.99,7,0,0,1,8,1,1,10,2,2,4,0,1,0
14,76,3.49,8,0,4,0,5,0,2,0,4,4,4,2,0,0
13,77,3.68,1,2,0,1,0,0,4,0,0,2,3,1,2,1
5,82,2.41,2,1,1,1,3,0,9,2,0,3,3,1,4,0
10,61,3.63,4,1,4,1,0,0,2,7,4,0,3,3,2,1
2,34,2.67,7,2,4,0,1,0,3,4,3,3,4,3,1,1
6,28,3.61,1,2,3,0,5,0,1,2,1,4,4,2,1,0
4,20,3.62,8,1,1,0,2,0,4,2,3,0,3,1,4,1
11,85,3.5235291897300094,6,2,2,1,5,1,0,1,2,0,0,4,0,0
6,75,3.25,7,1,0,1,5,0,4,2,3,0,0,3,1,1
14,79,3.99,8,1,0,0,9,1,2,0,3,0,2,3,0,1
12,66,3.64,9,2,1,1,2,1,2,3,4,4,2,4,3,0
0,50,3.74,2,1,1,1,9,0,0,4,3,2,1,4,4,1
6,35,3.1,4,0,2,1,2,0,4,3,3,0,3,0,1,1
13,77,3.0,3,2,1,0,8,1,1,1,1,2,4,0,1,0
0,87,3.39,5,2,3,1,1,1,4,2,0,4,3,2,3,1
1,10,2.55,0,0,3,1,0,1,3,4,2,3,2,1,4,1
9,57,3.97,6,2,4,1,9,1,3,10,2,0,2,2,2,1
11,85,3.784215977165252,7,0,3,1,9,0,4,0,1,3,2,0,0,1
10,18,2.93,6,1,3,1,7,1,0,7,3,0,3,3,1,0
12,66,2.83,6,1,2,0,6,0,0,1,3,3,1,4,1,0
8,3,3.81,6,0,2,1,9,1,0,2,0,3,8,3,0,1
13,67,2.88,7,1,4,0,2,0,3,4,3,3,0,3,4,0
2,34,2.91,8,0,3,0,9,0,0,0,0,3,2,1,0,0
7,21,2.14,3,0,4,0,8,0,0,3,9,4,7,4,2,1
13,13,2.29,9,0,1,1,7,1,1,0,1,3,2,1,0,1
10,18,2.52,6,2,4,0,6,1,2,7,3,1,0,3,0,1
9,70,3.62,5,2,0,1,4,0,4,9,1,4,4,2,4,1
8,78,3.12,8,1,2,0,9,1,4,4,1,0,10,3,3,0
12,66,2.96,8,2,0,1,9,1,1,4,3,4,3,3,1,0
7,5,2.63,3,1,1,0,6,0,4,4,7,1,8,1,1,1
6,84,2.41,0,1,4,1,3,0,3,3,0,0,2,3,3,0
6,28,3.16,7,0,0,0,8,1,0,4,3,3,3,4,1,1
5,43,2.18,7,0,2,0,6,0,8,2,3,4,0,4,0,1
5,0,3.91,5,0,2,1,0,1,7,3,0,3,0,2,1,0
4,72,3.05,3,0,3,0,3,1,1,4,4,0,3,2,2,1
9,52,2.79,3,2,0,0,0,1,0,10,1,0,0,3,3,0
7,21,2.82,3,1,3,0,0,1,2,4,7,1,7,1,3,0
5,30,2.27,9,2,1,0,5,1,8,3,0,4,4,4,4,1
2,17,2.6,8,1,1,1,7,0,1,0,0,4,0,3,4,0
2,44,2.45,3,2,0,0,5,0,1,2,3,3,1,4,2,1
2,15,3.93,1,1,0,0,1,0,4,3,1,1,4,2,1,0
4,6,2.11,9,1,4,0,5,0,2,2,0,2,1,0,3,1
3,58,3.53,3,1,3,0,6,1,4,9,2,0,3,0,3,0
8,40,2.14,7,2,1,1,3,0,4,4,2,2,8,0,2,0
5,43,2.1,8,0,3,1,0,1,9,3,4,4,1,4,0,0
7,19,2.7,7,0,3,1,5,0,2,2,10,3,10,3,4,1
14,26,2.91,3,2,1,1,8,0,4,2,2,0,3,2,1,1
7,2,2.58,2,0,3,1,6,1,1,1,9,4,10,3,1,1
8,78,2.48,7,0,1,1,0,0,4,4,1,1,9,2,3,0
4,6,3.43,5,0,1,1,9,0,1,3,2,4,4,4,0,0
10,4,3.79,2,2,3,0,1,0,0,7,0,1,1,4,2,1
0,8,2.26,6,0,4,1,7,0,1,4,2,0,2,2,1,0
6,86,2.89,7,1,4,0,4,0,1,2,0,3,3,3,2,1
7,21,3.32,3,2,1,1,1,1,3,2,8,2,7,3,0,1
11,68,3.97418477639446,8,0,0,0,6,0,1,2,0,1,1,1,1,0
5,0,2.8,6,0,3,0,9,0,9,2,2,4,1,3,1,0
5,29,3.5,2,1,2,1,5,0,8,3,2,0,4,1,1,1
6,35,2.94,1,2,1,0,5,0,1,3,4,2,2,2,3,1
1,47,3.38,2,1,3,1,1,1,1,0,1,3,3,4,2,0
1,10,3.54,4,2,5,1,9,1,0,0,3,3,4,1,4,0
1,45,3.6,1,2,5,0,0,0,4,2,3,3,0,1,3,0
7,5,2.25,8,0,2,1,5,1,0,4,9,3,10,1,1,0
11,85,3.606571059656968,6,2,4,0,3,1,3,0,3,4,2,3,4,1
8,39,3.66,4,2,2,1,2,1,3,2,4,1,7,1,2,1
4,6,3.79,2,0,2,0,1,0,1,4,1,2,2,3,2,1
1,10,3.8,6,0,5,0,6,1,3,0,1,0,0,2,2,1
8,3,3.48,7,2,1,1,8,0,1,3,2,1,10,1,4,1
4,72,3.11,4,0,3,0,6,1,4,3,1,2,4,4,1,0
5,88,2.97,3,1,0,1,2,1,8,2,2,1,2,4,4,0
11,85,3.926658593333293,5,2,0,1,4,0,1,4,4,4,1,2,0,0
0,53,2.06,1,0,2,0,2,0,3,3,4,0,2,0,4,1
7,19,3.24,6,2,0,1,5,0,1,3,7,4,10,1,2,0
5,82,2.48,3,1,0,1,9,0,10,0,4,1,1,4,0,1
6,35,2.6,5,0,2,0,7,0,2,2,2,0,1,2,3,0
0,9,3.47,4,0,4,1,3,0,4,0,4,1,2,4,1,1
10,81,2.78,6,2,1,0,3,1,0,8,0,1,2,0,3,0
0,8,3.02,6,0,2,0,7,0,4,3,1,4,1,1,0,0
12,23,2.19,8,1,1,0,1,1,2,0,3,3,2,1,1,1
10,81,3.63,2,2,0,1,3,1,2,7,0,4,1,2,1,1
4,6,3.99,9,1,4,1,8,1,0,1,4,1,1,4,2,0
3,46,3.94,2,2,3,1,7,1,1,9,2,2,0,3,0,1
14,76,2.37,1,0,1,1,4,1,4,2,0,1,3,4,4,1
4,20,2.74,4,1,2,0,1,1,3,2,4,3,4,4,2,1
12,66,2.98,5,0,3,0,5,0,2,2,3,4,1,0,0,1
3,46,2.22,4,0,4,0,3,1,3,10,3,2,3,0,1,0
6,84,2.11,3,0,4,1,8,1,4,2,2,1,4,4,3,0
5,43,3.71,3,0,3,0,7,0,9,4,1,3,3,2,0,0
0,50,2.6,3,2,3,1,5,0,0,1,0,4,3,2,0,0
13,67,2.16,4,0,3,0,9,0,4,2,2,2,2,1,3,1
12,83,2.34,8,0,4,1,4,0,2,4,1,3,2,1,4,1
4,49,3.56,1,2,2,1,1,0,1,4,3,0,4,4,3,1
4,20,3.08,0,1,1,1,9,1,4,0,0,4,3,2,3,0
14,11,2.06,9,0,2,0,8,0,0,4,1,0,1,1,3,0
1,10,3.74,7,0,3,1,0,1,3,2,3,2,2,3,4,0
5,82,3.52,4,0,0,1,4,0,8,0,1,1,4,0,1,1
13,67,2.18,5,2,3,0,5,1,1,3,0,1,3,2,4,1
13,67,2.66,7,0,2,0,0,0,1,0,0,3,2,4,1,1
11,68,3.5927044251870277,0,1,4,1,2,0,0,3,3,0,0,4,4,1
13,67,2.34,8,0,2,0,0,1,4,3,2,3,4,4,1,0
5,88,2.72,9,0,3,1,5,0,8,0,2,3,1,2,4,0
11,33,3.922398790594073,8,1,1,1,8,1,2,2,1,1,4,1,0,0
13,77,2.74,1,0,4,0,9,0,3,3,2,2,1,0,0,1
5,30,3.53,3,1,4,1,6,0,10,1,3,4,4,3,1,0
13,13,2.09,2,2,4,0,8,0,4,3,2,2,1,0,0,0
11,68,3.56972511810258,6,1,0,1,1,1,3,2,4,0,4,3,3,0
10,4,2.98,9,0,4,0,2,1,2,8,4,2,2,1,2,1
2,14,3.08,5,1,4,0,0,1,3,2,1,2,4,1,1,0
4,69,2.9,2,1,3,1,8,1,2,0,3,0,1,1,0,1
4,49,2.31,9,0,2,1,8,1,4,3,4,2,4,4,0,1
12,64,3.48,8,2,3,1,1,1,3,1,3,1,0,0,0,1
10,61,3.04,3,2,3,0,2,1,2,9,2,3,1,0,1,0
12,24,2.51,7,2,0,0,8,1,3,2,0,4,1,2,4,1
2,15,3.43,9,1,3,1,0,0,2,2,2,0,3,0,3,0
5,0,3.06,2,2,4,0,1,0,10,3,0,2,2,1,2,0
12,23,3.36,7,2,2,0,7,1,3,4,4,0,1,1,0,0
13,13,3.92,1,1,1,1,5,1,4,3,1,2,3,1,3,0
1,7,2.84,6,0,4,1,3,0,4,3,3,3,1,2,1,0
1,47,2.91,6,2,4,0,9,1,3,3,4,1,2,0,3,1
11,71,3.918724797541731,8,1,1,0,9,0,1,1,0,2,2,2,0,1
4,20,3.1,3,1,3,1,5,0,0,2,3,2,3,4,0,1
9,70,2.49,8,0,2,1,9,1,1,10,3,2,4,3,3,1
6,75,2.56,0,1,1,0,8,0,3,2,1,3,3,4,0,1
10,18,3.78,0,2,3,0,0,1,4,8,1,0,4,1,1,1
4,49,2.23,5,1,1,0,3,0,1,0,1,2,0,1,0,0
1,7,3.2,8,0,4,1,3,0,3,4,1,3,2,1,0,1
7,16,2.21,7,0,3,0,9,1,3,0,9,2,10,3,0,0
14,48,3.53,7,1,2,1,8,0,1,0,4,2,2,0,4,0
2,15,3.61,4,0,1,1,0,0,1,1,2,3,0,0,4,0
1,10,3.42,5,1,5,1,5,0,2,0,0,3,0,3,2,1
2,15,2.31,2,2,2,1,2,0,4,1,3,0,3,0,0,0
6,84,2.36,4,2,1,1,6,0,4,2,2,0,2,1,2,0
1,45,3.78,6,1,3,0,3,1,1,3,1,3,3,3,4,0
11,71,3.596128959234046,6,1,1,1,8,1,4,0,3,3,0,0,2,0
7,5,3.29,3,2,3,1,3,0,0,3,10,2,10,0,3,1
3,46,2.53,8,2,3,1,3,0,3,8,2,4,1,3,0,1
13,13,2.19,8,2,2,0,7,0,3,3,1,3,3,2,2,0
5,29,3.87,4,0,0,0,4,0,9,1,2,0,1,0,2,0
11,73,3.820512428817677,0,2,3,1,7,0,2,2,2,1,0,4,1,1
2,15,2.14,5,2,2,0,5,1,3,0,2,4,0,0,1,0
14,22,3.82,0,0,3,1,1,0,0,1,2,4,2,0,0,1
11,73,3.501354074910226,8,1,4,0,9,1,3,4,0,3,2,1,0,1
12,23,3.05,8,2,2,1,8,1,2,2,1,0,2,0,0,1
1,12,3.8,0,2,5,1,7,0,1,4,3,4,1,4,1,1
1,45,2.92,4,0,4,0,4,0,2,2,3,0,4,2,3,0
7,62,2.71,2,0,0,0,0,1,3,4,7,1,8,0,0,0
5,29,2.71,5,0,3,0,0,0,9,2,1,2,0,1,0,1
6,75,2.04,2,1,0,0,8,1,0,3,2,3,0,3,2,1
9,70,3.56,9,2,1,1,2,0,2,9,2,2,3,2,2,1
3,37,3.47,3,2,3,1,4,0,0,8,3,4,2,0,0,0
6,75,3.28,0,0,4,1,4,1,1,1,0,4,0,3,1,0
9,55,3.01,9,2,0,0,5,1,1,8,2,3,2,1,3,0
0,50,2.67,5,2,3,0,1,0,4,4,0,2,2,2,0,0
12,23,3.63,10,1,1,1,0,1,0,1,3,1,0,4,1,1
9,57,3.58,9,2,0,1,3,0,0,8,0,4,3,0,2,1
4,6,2.55,1,0,0,0,7,1,0,4,1,4,4,0,1,1
12,23,2.29,9,1,2,1,2,1,0,4,3,4,2,2,4,1
7,19,2.08,3,2,0,1,2,0,2,2,10,1,7,2,4,0
12,24,2.64,9,0,0,1,9,1,3,3,1,4,4,2,4,1
5,29,3.95,8,2,4,1,6,1,10,0,0,0,4,4,2,0
7,62,3.48,2,2,3,0,2,0,1,1,10,3,9,2,1,1
13,74,3.5,0,0,3,1,7,0,1,2,0,3,3,3,1,0
2,14,2.66,6,2,3,1,0,1,3,1,1,3,2,0,2,0
11,73,3.880164110702069,0,0,1,0,7,1,2,4,1,3,4,2,1,1
10,81,3.18,3,2,4,1,7,1,4,7,2,3,1,2,3,0
3,46,2.19,7,1,4,1,2,1,2,7,4,1,0,1,2,1
6,35,2.43,7,0,1,1,7,0,1,4,2,1,4,0,3,0
11,31,3.695458713420581,4,0,2,0,4,0,1,3,2,2,2,2,3,1
13,77,2.94,6,0,1,1,4,0,1,1,4,2,4,3,0,1
1,12,2.75,6,0,5,1,3,1,2,0,1,3,0,2,0,0
9,52,2.56,0,0,4,0,2,0,1,10,0,0,3,0,0,0
9,54,2.33,6,0,3,0,3,1,4,7,3,0,1,4,3,1
5,0,2.65,5,2,0,0,6,0,9,3,2,3,3,2,2,0
12,66,2.75,5,2,3,0,3,1,1,2,1,2,0,1,4,0
3,25,2.18,3,1,1,1,5,0,3,7,3,1,4,3,1,0
6,84,3.18,6,0,0,0,0,1,2,1,4,1,3,1,1,1
13,13,2.91,1,2,0,0,8,1,2,0,0,1,1,4,4,0
10,61,3.29,5,1,3,1,7,1,4,7,4,3,3,1,3,0
11,68,3.822242530760297,9,2,4,0,0,1,0,2,3,4,1,0,0,1
13,77,2.51,3,1,0,0,3,1,1,2,1,3,4,0,3,0
4,20,2.33,6,0,3,0,9,0,4,0,2,3,2,3,2,1
11,68,3.81781599932002,1,0,1,1,3,1,1,0,3,0,3,0,0,1
9,56,2.75,6,0,0,1,4,0,4,7,4,1,2,2,1,0
6,28,2.4,3,1,2,1,3,1,4,2,2,2,1,1,2,1
12,66,2.83,6,2,3,0,5,1,3,3,3,4,1,4,4,0
12,66,2.38,8,2,3,1,9,0,2,1,4,2,4,3,3,1
11,68,3.9331164351338352,1,0,3,1,7,1,0,1,1,0,2,2,0,1
11,73,3.652047317985642,6,1,1,0,4,0,0,4,4,4,4,4,1,1
1,12,2.54,9,0,5,0,0,0,1,2,0,0,2,4,0,0
13,77,2.58,2,1,0,0,8,0,3,4,1,4,2,2,4,0
1,45,3.0,2,2,3,0,6,1,1,1,3,2,3,2,3,1
6,84,2.65,9,1,4,0,7,0,3,4,1,3,2,4,3,1
0,9,2.36,1,0,0,1,9,1,0,3,2,4,3,4,1,1
5,82,2.84,0,2,4,1,2,0,7,4,1,1,2,3,3,0
3,58,3.4,2,1,1,0,7,1,0,7,1,3,4,4,4,1
3,25,3.69,8,1,4,1,1,0,3,7,3,4,4,1,4,0
11,33,3.578181070822437,8,2,4,1,7,0,0,0,3,1,4,2,0,0
3,25,2.44,6,0,3,1,2,1,1,8,2,1,0,0,1,1
8,78,2.07,2,0,0,0,6,1,0,0,2,0,10,4,4,0
14,80,3.97,2,0,2,1,0,0,4,0,2,0,0,4,0,1
12,23,3.16,9,0,0,1,9,1,2,3,1,0,3,2,3,0
0,87,2.12,3,0,2,1,2,0,3,3,1,3,3,4,0,0
4,6,2.12,4,2,4,1,2,0,2,1,3,3,3,2,4,0
1,7,3.65,5,0,4,0,2,1,2,1,1,1,3,0,0,1
14,22,2.82,6,1,3,0,9,0,4,3,1,2,3,1,2,1
4,69,3.05,8,2,0,1,6,0,2,0,3,4,2,3,3,0
0,50,2.86,0,1,2,1,1,0,2,2,4,4,4,1,4,1
9,52,2.26,0,2,4,1,9,0,2,7,0,2,1,0,4,0
3,46,3.48,8,1,0,0,8,1,1,7,4,4,4,1,0,0
14,26,2.81,3,0,1,1,2,0,2,1,1,1,2,1,4,1
12,24,3.64,8,2,3,1,3,0,1,0,0,3,2,1,3,1
5,82,3.57,0,1,3,0,6,1,8,3,3,0,1,3,1,1
4,69,2.43,5,1,3,0,9,1,2,4,2,2,4,4,2,0
8,78,2.84,1,1,1,1,3,1,2,3,2,0,7,3,0,0
12,66,2.7,5,0,1,0,4,1,4,3,4,2,4,3,3,1
7,2,3.83,5,0,0,1,0,0,0,4,8,2,9,3,3,0
4,72,2.15,1,0,0,0,6,0,4,2,3,1,4,3,1,0
2,89,2.99,5,2,2,0,3,1,2,2,4,0,1,3,3,0
9,52,3.06,4,0,4,0,6,0,3,8,0,4,0,2,1,0
13,13,3.27,6,1,1,0,0,1,3,2,0,3,0,4,1,0
4,69,3.96,1,2,2,0,8,1,0,4,0,3,0,0,4,1
5,0,2.31,8,2,2,1,4,0,10,3,4,4,2,2,1,0
7,21,3.89,0,1,2,1,8,1,0,0,10,3,9,1,2,1
10,60,2.28,5,2,1,1,4,1,1,7,3,2,0,1,3,1
10,4,3.05,4,0,4,1,4,0,4,7,4,3,3,4,1,0
2,14,2.32,1,2,3,0,5,0,1,3,2,1,2,2,4,0
0,8,2.12,6,1,1,1,5,1,0,0,0,2,2,2,3,0
1,45,2.06,4,2,5,1,1,0,0,3,4,2,2,1,1,1
4,72,3.01,6,1,4,0,5,0,2,2,2,3,4,2,3,0
2,89,2.79,3,1,2,1,6,0,1,3,3,3,4,1,1,1
9,56,3.59,6,2,3,0,1,0,4,8,2,1,3,4,4,1
12,83,3.27,9,1,2,1,6,1,4,1,0,3,3,0,1,1
3,37,3.06,4,2,3,1,3,0,1,9,1,0,4,3,1,0
11,33,3.6325566252075743,5,2,2,1,7,1,0,3,0,4,3,3,2,1
1,12,3.06,4,2,4,1,7,1,0,3,3,3,4,4,0,0
9,54,2.39,2,2,3,1,8,1,1,10,0,1,4,2,4,1
11,73,3.792517584359331,2,1,4,1,9,1,2,2,0,3,1,0,2,1
0,87,4.0,5,1,0,0,7,0,4,1,1,3,1,1,1,0
13,77,2.68,6,1,0,0,8,1,1,0,4,0,4,4,3,1
2,63,2.77,9,0,2,1,9,0,4,1,3,3,2,2,4,0
9,57,2.85,8,1,4,1,1,1,3,7,0,4,2,1,2,1
12,24,2.04,7,2,2,1,6,0,2,0,3,0,2,0,2,0
5,43,3.3,3,1,3,1,1,1,9,2,2,0,4,0,0,0
5,88,3.52,1,2,2,0,2,0,7,4,1,3,1,4,3,0
12,83,3.75,8,1,3,1,0,0,0,1,2,0,2,2,2,0
10,4,3.94,3,0,2,1,6,0,4,9,2,1,0,0,4,1
6,75,3.53,6,2,2,0,8,0,0,0,3,3,3,1,3,0
12,83,3.18,7,2,0,1,6,1,4,4,0,4,2,1,2,0
13,13,3.82,6,2,1,1,5,1,1,3,3,2,4,0,0,0
6,75,3.01,7,1,4,0,5,1,4,1,4,0,2,4,4,1
2,89,3.15,6,1,2,0,0,0,3,2,4,1,0,1,2,0
1,7,2.5,9,1,5,1,7,0,1,3,0,3,1,0,3,1
14,65,3.44,3,0,4,0,8,1,3,2,2,4,1,4,2,1
7,2,2.77,7,1,3,0,3,1,2,3,10,0,9,1,3,0
11,33,3.984745449703089,6,2,1,1,1,0,2,3,1,1,3,0,3,1
14,80,2.55,1,1,1,0,6,1,3,0,4,1,0,4,4,1
10,60,3.68,7,2,2,0,8,0,4,10,0,3,0,3,4,1
2,17,3.88,1,0,4,0,1,0,3,4,0,4,2,2,3,0
11,73,3.819553923497353,7,0,1,1,6,1,0,0,0,1,4,4,0,0
0,50,3.2,6,2,3,0,2,0,1,0,3,3,3,1,1,1
14,42,3.16,9,2,3,0,0,0,2,4,4,1,1,3,1,1
13,77,2.85,7,0,0,1,0,0,3,3,3,2,3,0,3,0
7,5,3.18,9,1,1,0,4,1,3,1,10,2,9,0,1,1
9,55,3.3,0,0,4,1,0,0,3,10,1,1,2,1,2,0
11,68,3.512322202318161,8,0,4,0,3,1,4,1,2,1,0,1,2,1
10,81,2.01,2,2,0,1,4,0,1,9,3,1,4,1,4,0
13,67,3.75,9,0,0,0,7,0,2,1,1,0,3,3,1,1
7,21,3.73,5,0,3,0,3,1,1,1,9,0,7,2,4,0
14,65,2.41,3,1,3,1,7,0,3,4,0,4,4,1,2,1
14,26,2.02,4,1,0,1,0,0,2,0,0,3,1,0,4,0
9,52,2.28,6,2,1,1,1,0,3,10,1,2,1,0,0,0
4,6,2.38,0,1,0,1,0,0,1,1,2,4,0,4,0,0
6,75,3.24,5,2,0,0,3,0,0,4,0,0,2,4,2,1
4,6,3.03,4,1,4,1,3,0,0,4,1,1,3,2,4,0
5,82,2.72,6,1,3,0,3,0,9,3,3,1,3,3,1,1
9,52,3.61,2,2,2,1,7,1,0,9,3,0,1,4,4,0
6,84,2.89,1,1,2,0,1,1,0,3,1,3,0,1,0,0
5,82,3.94,7,0,0,1,7,1,7,4,0,2,4,4,0,1
9,52,2.68,3,2,4,1,7,1,3,8,4,3,0,0,4,0
0,53,2.04,2,0,0,0,4,1,1,1,4,3,0,4,1,0
2,44,2.58,0,2,4,0,3,0,3,3,3,2,3,1,0,0
9,52,3.69,6,2,3,0,8,1,3,8,3,1,4,2,0,0
6,75,3.14,2,0,0,0,3,1,0,1,0,3,3,1,0,1
0,53,3.19,1,2,1,0,5,1,1,3,4,4,2,3,1,0
3,58,2.23,2,2,2,1,7,0,0,10,2,1,2,1,4,1
11,33,3.527550767579416,5,1,1,1,8,0,2,3,0,1,4,3,0,1
7,62,2.25,0,0,4,1,4,0,4,1,10,1,8,4,0,0
6,28,2.48,3,2,0,1,4,0,1,2,2,2,2,1,0,0
14,26,3.63,2,1,2,0,5,0,1,4,2,1,1,4,4,1
9,70,3.19,1,2,4,1,1,1,1,10,4,4,2,0,4,1
6,28,3.5,4,2,4,0,4,0,3,2,1,4,4,1,4,1
0,8,3.64,6,1,1,0,1,1,1,0,3,3,2,2,2,0
12,24,2.98,7,2,3,1,2,1,4,1,1,0,2,3,0,1
4,69,2.56,4,1,3,1,5,0,0,1,4,4,0,0,3,0
8,40,2.18,5,0,3,0,2,0,0,4,0,3,8,3,4,1
9,56,3.77,5,1,3,1,1,1,4,7,2,1,0,2,3,0
6,28,2.14,4,0,0,1,4,1,2,4,0,3,3,3,0,1
5,43,2.51,1,2,1,1,7,1,8,1,4,2,0,1,1,1
5,0,3.5,0,2,1,1,3,1,9,3,4,0,0,0,3,0
6,84,2.27,9,2,4,0,9,1,3,0,1,2,3,0,0,0
10,81,3.77,3,2,1,1,4,0,1,10,2,0,1,2,3,1
5,43,3.56,0,2,0,1,0,0,8,4,0,2,2,3,2,1
11,68,3.5512645991139005,4,0,1,1,7,1,3,4,3,2,0,0,1,0
9,55,2.36,0,2,0,0,1,0,1,9,1,2,2,0,3,0
1,47,2.77,8,1,5,0,5,1,4,3,2,4,2,0,1,0
2,89,2.53,6,0,0,1,7,0,3,1,4,3,4,0,1,1
0,9,3.47,6,2,3,0,9,0,0,3,1,2,2,2,4,0
6,35,3.17,9,0,4,0,4,0,0,1,1,4,2,4,4,0
13,74,2.99,5,0,4,1,6,1,3,3,1,0,1,0,1,1
5,29,2.32,7,1,0,0,8,1,8,3,2,2,4,4,1,0
12,23,3.66,10,0,4,1,8,0,0,1,1,1,1,2,2,1
13,13,3.6,9,1,1,0,3,0,4,4,4,3,4,3,0,0
7,62,3.57,1,0,3,1,0,1,3,3,9,0,8,1,0,0
1,10,2.97,0,0,5,0,9,0,1,1,4,1,1,0,2,0
5,82,2.92,6,0,1,1,9,1,7,2,1,3,4,2,0,0
10,32,3.57,5,2,1,1,4,1,3,10,2,4,1,2,2,1
2,34,2.37,7,2,1,1,5,1,2,2,2,0,4,2,3,0
6,28,2.22,4,1,3,0,8,1,4,4,2,1,3,0,2,0
7,41,3.3,9,1,4,1,5,1,2,2,8,3,9,3,3,1
1,7,2.88,3,2,4,1,3,1,1,0,2,3,3,2,0,0
2,34,3.12,3,2,4,0,8,1,3,0,2,2,4,3,0,0
7,16,2.47,9,0,0,0,2,0,4,1,7,3,8,0,3,0
7,2,3.21,4,1,3,1,4,0,4,2,7,3,10,0,4,0
2,89,2.93,2,2,3,0,3,1,1,3,2,3,2,3,2,1
7,5,3.68,2,0,4,0,4,1,3,4,8,0,8,3,1,1
4,72,3.94,6,0,3,0,5,0,4,0,1,2,4,3,4,0
4,49,3.33,7,0,0,0,5,1,3,0,3,0,1,3,1,0
6,84,3.75,6,0,3,0,0,0,1,4,2,1,2,4,0,1
3,58,2.04,3,2,4,1,4,0,3,8,0,0,3,0,3,0
10,4,2.23,9,1,4,1,4,0,3,8,2,2,4,0,4,1
2,89,3.44,5,1,0,0,9,0,2,3,2,1,0,2,4,0
12,24,3.49,9,1,2,0,3,1,4,0,1,1,4,0,1,0
14,65,2.37,1,1,3,1,3,1,3,1,2,3,2,3,3,0
1,47,3.54,7,2,4,1,0,1,0,0,4,3,1,2,3,0
4,72,3.12,1,0,1,1,4,1,1,1,3,2,1,3,1,0
7,21,3.22,3,1,1,1,6,0,2,0,7,2,7,0,0,1
1,10,3.5,0,2,5,1,0,0,3,4,1,0,3,0,2,1
7,36,3.88,0,0,0,1,1,1,3,4,7,3,10,2,3,0
13,13,2.16,6,1,4,1,4,0,2,1,2,4,3,2,3,0
1,7,2.31,7,0,5,0,4,1,0,2,4,1,1,3,3,1
13,74,3.28,5,0,2,1,3,0,0,0,2,0,4,0,4,0
10,18,3.69,5,2,1,0,1,0,0,10,4,2,1,4,3,0
4,49,3.39,9,0,2,1,7,0,3,1,2,0,2,2,1,0
6,28,3.69,8,2,0,0,1,0,2,2,2,0,0,3,2,1
11,31,3.946556870661236,9,2,0,0,9,1,2,2,1,4,1,0,3,1
3,37,2.34,0,0,0,1,0,1,1,10,3,4,3,4,2,1
1,10,2.66,3,2,5,1,3,1,0,3,2,3,3,3,0,1
1,45,2.83,5,0,4,0,2,1,2,1,3,4,1,1,0,0
11,33,3.8380978731782696,0,0,4,1,0,0,2,4,1,4,3,3,2,1
11,31,3.809873927245783,2,1,2,0,5,0,3,0,0,2,0,3,1,0
3,46,2.24,9,2,2,0,3,1,0,8,3,2,0,4,4,1
11,33,3.5920506616804784,9,2,2,1,4,1,4,4,3,2,4,1,0,1
7,5,2.2,0,1,3,1,4,0,2,4,9,3,7,4,4,0
0,9,2.36,5,2,2,0,5,1,3,0,0,0,0,0,3,0
5,29,3.42,6,1,0,1,4,1,8,1,2,4,0,2,1,0
6,28,2.37,0,1,2,1,4,0,3,0,3,2,2,0,1,0
1,45,3.23,3,1,4,0,2,1,4,3,3,2,1,0,1,0
6,75,2.52,5,2,1,1,6,0,2,0,0,3,4,0,4,1
10,81,2.64,4,0,4,0,8,1,0,9,3,2,0,0,2,0
14,26,3.62,1,1,4,0,9,1,0,0,2,1,2,1,2,1
7,19,2.55,7,2,3,0,6,1,0,0,7,2,8,2,4,1
1,47,3.53,4,0,5,0,7,1,0,1,4,4,2,0,4,0
4,49,2.71,5,2,0,0,5,1,3,4,4,2,3,0,2,0
5,82,3.67,8,2,4,1,2,1,7,0,2,0,0,1,2,0
13,74,3.29,9,0,2,1,4,0,3,4,1,4,0,2,2,1
10,18,2.18,6,0,1,1,2,1,0,7,3,3,3,3,4,0
0,9,3.55,4,2,1,1,0,0,1,0,4,1,2,0,0,1
13,77,3.05,0,0,2,0,6,0,0,2,1,2,0,1,1,1
4,72,2.27,1,2,3,0,1,1,1,1,1,2,1,0,0,1
14,79,3.25,7,2,1,0,3,1,4,1,0,0,1,4,2,0
0,50,2.86,1,2,0,1,0,1,3,3,0,2,3,1,3,1
10,61,3.92,7,1,2,0,0,1,1,9,1,0,0,3,3,1
13,67,2.9,4,0,1,1,9,0,1,4,1,0,1,1,3,1
1,47,2.08,6,2,3,1,2,0,2,2,0,2,2,3,3,0
9,56,2.2,9,0,0,0,1,1,1,7,1,4,1,3,0,1
2,15,2.92,4,1,4,1,8,0,0,3,3,0,1,4,2,0
3,25,2.23,0,0,0,0,0,1,0,9,3,1,2,4,2,1
13,13,3.86,8,2,1,0,0,1,4,3,2,3,1,2,4,1
0,50,2.06,3,2,4,0,3,0,2,2,1,1,1,3,2,0
14,48,2.45,4,1,0,0,2,0,4,1,0,3,0,0,4,1
14,22,3.49,2,1,0,0,8,0,0,3,2,1,3,2,1,1
7,41,2.19,2,0,1,0,2,0,3,1,10,2,10,1,3,1
6,35,2.71,5,2,2,0,6,0,1,0,3,1,4,3,4,0
14,76,3.34,2,1,0,1,1,0,0,2,2,2,1,2,3,1
8,51,2.44,3,2,0,0,4,0,4,3,1,3,8,4,4,1
1,10,3.82,3,0,4,1,6,1,1,1,4,2,1,0,3,1
4,6,3.5,9,1,0,1,9,0,0,4,2,4,1,0,2,1
4,20,3.99,4,1,4,1,8,1,3,3,1,1,1,2,0,0
6,75,2.46,3,0,0,1,7,1,4,3,4,4,4,2,2,0
3,46,3.6,4,1,1,1,0,1,4,10,2,0,0,0,4,0
12,23,3.22,9,2,4,0,4,1,2,3,3,2,0,0,0,1
13,67,3.91,6,0,4,0,3,0,4,1,4,0,3,2,2,1
5,43,3.28,3,1,4,0,7,1,8,1,4,3,4,2,4,1
5,30,2.25,0,1,4,0,6,0,8,1,1,4,0,0,4,0
11,33,3.647408619173383,9,0,4,0,0,0,0,0,4,3,0,2,4,0
8,39,2.88,9,2,3,1,8,1,3,1,0,4,8,1,2,0
13,67,2.84,5,0,0,0,8,1,4,1,0,2,3,3,4,0
5,30,2.75,3,0,1,0,1,1,9,4,3,3,1,3,0,0
3,46,3.9,7,2,0,1,1,1,4,10,3,4,2,1,2,1
7,16,3.37,9,2,4,1,4,0,2,2,8,1,7,1,2,0
14,76,2.49,5,0,4,1,8,1,4,1,3,2,2,0,1,0
10,4,3.09,2,2,4,0,0,0,0,10,0,2,0,3,4,1
3,46,3.32,6,1,3,1,0,1,3,8,2,0,0,2,0,1
11,85,3.806841593864372,1,1,3,1,7,1,3,2,4,2,3,4,4,1
13,77,2.57,7,2,4,0,6,1,2,4,0,2,1,4,1,1
1,47,3.58,8,2,4,0,5,0,3,2,3,4,1,2,2,0
12,83,2.37,8,0,3,0,9,1,1,3,3,3,1,4,1,0
0,53,3.27,8,2,4,0,1,0,4,0,1,2,3,1,1,1
9,55,3.68,2,2,1,1,5,0,0,7,0,3,1,1,4,1
0,53,3.66,9,1,3,1,2,1,0,3,0,4,1,0,2,1
5,30,3.25,4,2,4,1,6,0,10,4,1,1,3,2,2,0
2,34,2.94,5,2,0,1,5,0,1,2,2,1,1,2,1,1
13,13,2.73,0,1,2,1,5,1,3,4,2,1,2,3,3,0
12,66,3.26,5,0,3,1,7,1,4,0,4,0,3,4,4,1
11,85,3.757392117466568,6,2,1,1,1,1,4,3,4,2,3,3,1,0
14,80,2.35,7,0,0,1,9,1,2,4,3,0,4,3,3,0
13,74,2.74,4,2,2,0,9,1,2,3,3,1,1,4,4,1
10,4,3.59,2,1,3,1,2,1,1,10,2,4,1,4,2,1
7,36,2.79,8,2,4,1,6,1,4,0,10,1,8,3,4,1
5,30,2.15,0,0,4,0,3,0,7,1,4,1,3,0,4,0
9,70,2.05,9,0,3,1,1,0,4,7,0,1,3,2,4,1
12,83,2.19,8,1,1,1,4,1,0,0,2,2,3,1,3,0
10,59,2.64,4,1,2,0,3,1,4,10,2,1,3,1,0,0
3,25,2.0,7,0,4,1,1,1,1,10,4,2,2,3,4,1
10,4,2.83,5,0,0,0,7,0,3,8,1,1,0,2,1,1
0,87,3.03,3,2,1,1,8,1,3,4,2,1,3,2,2,1
6,86,3.45,5,2,1,0,6,1,2,0,3,0,4,4,3,0
9,56,2.35,5,0,4,0,3,1,3,8,4,3,4,2,1,1
7,62,3.1,0,1,4,1,8,1,3,2,10,2,7,4,0,1
6,84,2.6,7,2,1,0,5,0,0,3,4,3,2,1,3,1
1,7,3.23,3,2,4,0,0,0,4,1,3,3,3,1,4,0
12,64,2.4,9,0,4,0,7,1,0,2,0,0,3,1,2,0
9,54,2.74,3,1,1,0,2,0,1,10,2,0,4,3,1,0
1,47,2.77,4,1,5,0,5,0,3,4,0,0,1,0,4,0
5,30,2.06,6,2,1,0,4,0,7,4,4,2,4,3,4,1
2,89,3.3,2,0,1,1,3,1,4,0,3,4,2,2,4,1
8,38,3.46,1,2,1,0,9,0,0,3,0,1,7,3,4,1
2,17,2.26,0,1,2,1,4,0,3,1,3,4,3,2,2,1
8,39,2.12,2,0,2,1,9,0,1,2,4,1,10,3,2,0
0,50,2.24,6,0,4,1,6,1,4,3,1,2,1,0,4,0
9,54,3.58,7,0,2,0,9,0,0,9,4,1,4,1,0,1
0,87,3.3,8,2,4,0,1,0,1,4,0,0,0,3,0,0
14,42,2.76,8,0,1,1,8,1,3,0,3,2,1,2,4,0
0,87,2.12,2,1,3,1,1,0,2,3,0,3,1,3,3,0
11,68,3.8992779190653,5,1,4,0,7,0,0,1,4,1,1,3,0,0
4,6,3.16,6,2,0,0,1,0,0,1,4,3,1,0,2,0
13,74,2.01,3,0,2,0,7,1,4,4,4,3,3,1,0,0
13,67,2.7,6,0,2,0,9,1,2,0,1,4,4,2,4,1
0,50,2.16,9,1,2,0,0,1,4,1,1,3,2,3,4,0
8,40,2.12,1,1,2,0,8,1,4,4,4,4,8,4,0,1
3,25,2.2,6,0,0,0,6,0,4,10,4,3,1,0,3,1
14,42,3.82,0,1,3,1,4,0,2,4,1,1,4,4,4,0
4,49,2.19,9,1,0,1,6,1,3,3,4,4,4,2,2,0
10,18,2.11,9,0,0,0,8,1,0,7,0,2,4,3,0,1
13,74,2.75,7,1,0,0,4,1,4,4,4,1,1,1,2,0
14,76,2.9,1,0,0,0,4,0,1,4,3,0,0,2,3,1
14,11,2.85,2,1,3,1,4,0,4,3,1,0,0,1,2,1
14,79,3.03,5,1,0,1,8,1,2,3,1,2,1,2,2,0
2,15,2.17,8,1,2,0,7,1,2,4,3,2,4,3,0,1
4,20,2.22,8,2,4,0,3,1,3,2,1,1,2,3,0,1
3,25,2.78,6,2,2,1,5,1,1,10,2,4,2,4,1,1
12,64,3.38,5,1,2,1,7,0,3,3,2,1,2,0,3,0
10,61,3.01,0,1,0,0,8,1,3,7,0,4,4,1,4,1
10,4,2.9,8,2,1,1,5,0,3,7,3,0,4,0,4,0
4,69,2.53,7,2,2,0,9,0,2,4,4,0,2,0,0,0
2,34,3.86,5,2,1,1,2,0,1,3,1,3,1,2,3,1
9,54,2.36,3,1,4,0,7,0,3,9,1,0,3,3,1,0
14,65,2.33,1,1,4,1,9,1,1,4,1,2,2,2,0,0
13,77,3.47,1,1,4,1,9,0,4,4,0,4,0,0,2,0
1,45,2.74,0,1,3,1,0,0,3,0,1,1,1,1,0,1
6,28,2.31,9,1,4,1,2,0,1,4,1,1,1,1,2,1
5,88,2.15,4,1,4,0,2,1,8,4,0,1,2,2,2,1
11,33,3.57304828277066,6,0,2,0,1,0,4,2,3,3,4,3,2,0
12,66,3.35,7,0,4,0,1,0,0,2,2,4,4,1,1,0
4,6,2.97,6,2,4,0,3,0,4,3,0,3,4,1,2,1
12,23,2.27,6,1,3,0,2,1,1,4,2,1,0,1,3,1
12,64,2.17,10,1,2,1,8,1,2,4,0,0,0,4,0,0
6,28,2.21,0,2,2,0,0,1,3,0,2,3,3,3,3,1
12,64,2.87,6,2,0,1,1,0,0,4,1,4,4,0,4,1
6,75,2.93,6,0,4,1,7,1,2,1,3,1,1,0,4,0
9,70,3.59,4,1,3,0,1,0,3,8,1,0,1,3,4,0
0,8,3.12,9,2,0,0,5,1,4,2,3,4,4,1,3,1
12,24,2.98,10,0,0,0,1,0,2,2,0,2,2,3,1,1
12,83,2.26,8,2,3,1,2,0,0,3,3,1,2,2,0,0
10,32,2.19,2,0,0,1,6,1,4,8,3,1,3,2,1,0
3,58,3.87,7,0,3,0,4,1,1,10,3,3,3,3,0,0
6,84,2.73,9,2,3,0,9,1,1,0,4,0,2,4,2,1
4,72,2.94,1,1,0,1,8,0,0,1,0,4,0,0,0,1
14,48,2.55,8,0,2,0,4,0,4,4,0,4,3,4,4,1
0,53,3.26,7,1,0,1,2,1,3,3,4,4,3,0,3,1
6,75,2.47,7,2,3,1,8,1,3,3,3,0,4,1,3,1
5,88,3.02,0,0,1,1,2,1,7,3,2,4,2,4,3,0
13,13,2.51,9,0,2,1,4,1,3,2,0,4,2,4,0,0
5,43,2.29,4,0,3,1,8,0,9,1,2,2,1,4,0,1
4,72,2.44,0,1,3,0,4,0,3,2,1,1,2,0,4,0
6,86,3.76,1,0,2,0,1,0,4,0,3,1,0,0,0,1
8,39,2.16,7,1,3,0,3,1,0,0,2,4,10,0,0,0
8,1,3.1,2,2,1,1,2,0,1,0,0,4,8,4,4,0
13,67,2.72,2,2,4,0,0,0,2,1,2,0,3,3,3,1
12,64,3.72,8,2,4,0,5,1,3,3,4,2,2,1,1,1
6,28,3.38,7,2,0,1,0,1,2,1,1,3,1,2,2,0
3,46,3.9,8,0,1,1,4,0,0,8,1,2,3,4,2,1
14,79,3.1,0,1,3,1,3,0,4,4,1,3,2,4,4,1
14,79,3.08,8,2,1,1,9,1,3,4,1,3,1,3,0,1
12,64,2.68,6,2,1,0,0,1,2,2,3,0,2,0,0,1
9,57,2.64,7,1,0,0,1,0,0,9,1,3,2,4,3,1
8,38,2.85,8,1,3,0,5,1,0,1,4,3,10,4,0,1
2,15,2.26,8,1,1,1,5,1,3,3,3,3,1,0,1,1
11,68,3.583269256748635,3,0,2,0,0,1,4,1,4,3,4,4,1,1
4,49,3.46,3,0,0,0,8,0,2,0,1,2,4,4,0,0
10,18,3.23,6,2,2,1,9,0,3,9,3,1,0,0,2,0
2,89,3.09,2,2,4,0,1,0,3,1,3,1,4,3,0,0
5,82,2.17,0,0,3,1,3,0,8,2,0,4,4,2,1,1
3,58,2.3,5,0,0,1,3,0,1,8,2,1,3,2,1,0
5,82,3.45,5,1,1,1,0,0,10,3,4,2,3,2,2,1
14,26,3.5,4,2,2,0,5,1,1,4,0,0,2,0,3,0
7,41,2.26,6,2,0,1,8,0,1,0,7,3,8,0,3,0
9,57,3.72,2,0,2,0,5,0,2,7,1,1,3,1,2,0
13,13,3.75,3,2,0,0,2,1,0,0,1,1,3,1,0,1
13,13,3.35,2,2,1,1,2,0,0,2,2,4,3,4,1,0
3,25,3.81,5,1,0,1,4,0,3,8,2,1,4,3,1,1
5,30,3.24,3,1,2,0,0,0,9,2,1,2,3,1,2,1
4,20,2.51,4,2,2,0,7,1,4,4,1,1,0,3,1,1
2,63,3.95,5,2,4,1,3,1,2,4,2,3,0,4,0,1
10,4,3.27,5,1,0,1,1,1,4,8,0,1,2,1,0,0
11,73,3.791118724401293,8,0,0,1,6,0,1,0,2,1,3,3,0,0
4,6,2.25,1,1,2,1,7,1,0,2,0,1,4,1,0,0
1,7,2.17,9,2,5,0,6,0,0,1,4,4,2,4,0,0
13,13,2.59,0,2,2,0,6,1,0,3,2,2,4,0,0,1
11,85,3.908028378557162,8,0,0,0,4,0,3,3,2,3,3,3,2,1
13,74,2.13,6,2,4,1,2,0,3,4,4,1,3,0,2,1
10,61,3.05,8,0,0,0,4,0,4,9,2,0,1,0,0,1
13,77,3.67,0,1,4,0,6,0,1,1,2,0,2,4,2,1
12,64,2.3,5,1,3,0,2,1,3,1,2,2,0,0,1,0
1,45,3.87,5,2,3,1,1,0,4,2,2,3,2,2,3,0
11,71,3.802152209910739,9,0,2,0,3,1,0,4,2,4,2,2,3,0
11,33,3.708691470900237,5,1,3,1,7,0,4,4,3,4,3,2,4,0
11,31,3.813385259708611,1,0,1,0,4,1,4,3,0,2,4,1,2,0
4,49,2.13,9,2,3,0,4,1,4,1,3,4,0,4,1,1
6,84,2.52,3,0,1,1,8,0,0,0,1,0,2,2,1,1
4,72,3.62,4,1,4,1,4,0,3,0,1,4,4,2,1,1
13,67,3.89,1,2,1,1,5,1,0,1,0,0,1,4,0,1
2,34,3.87,7,2,1,0,2,0,0,0,2,3,0,1,4,0
9,56,2.39,4,1,0,1,4,1,0,9,1,3,1,3,4,1
7,16,3.66,5,0,4,1,2,1,2,1,10,4,7,1,3,0
11,73,3.7530223462059182,0,2,1,1,8,0,0,4,4,4,0,0,3,0
9,54,2.58,3,2,3,0,9,0,1,9,2,3,2,0,0,1
1,10,2.51,0,1,5,1,6,0,2,3,4,4,0,3,3,1
12,66,3.95,5,0,2,0,3,1,2,4,3,3,4,2,0,0
9,52,2.01,3,2,1,0,9,0,0,7,2,1,3,4,2,1
14,48,3.23,3,1,0,0,5,0,1,4,2,0,0,0,0,0
14,80,3.66,8,0,1,0,5,0,0,3,4,0,3,3,0,1
12,23,2.34,6,1,0,0,1,1,3,1,0,3,3,1,4,0
2,44,3.06,8,1,2,0,1,0,3,3,0,0,4,3,0,0
10,61,2.35,9,2,0,1,2,0,0,9,4,1,0,0,3,0
7,41,2.76,8,2,1,0,0,0,4,1,8,1,8,3,3,1
6,28,2.66,0,1,1,0,0,1,0,4,1,1,4,0,3,0
11,71,3.859034080600431,7,1,4,1,1,0,4,2,2,4,2,3,0,0
12,23,3.74,9,2,3,1,4,1,1,1,3,1,0,3,4,0
6,35,3.59,4,1,4,1,5,0,4,3,1,2,1,2,4,0
8,1,2.02,9,1,4,1,1,1,4,3,3,4,9,0,1,0
6,75,2.71,5,2,3,0,2,1,4,1,3,2,4,2,0,0
0,53,2.43,2,0,0,1,4,1,1,0,3,2,2,2,3,0
10,4,2.06,2,2,3,0,2,0,1,8,0,3,1,3,2,1
12,66,2.27,9,0,0,1,4,0,4,0,0,2,4,4,3,1
2,17,2.1,2,1,4,0,7,0,3,2,0,3,2,1,2,1
14,76,3.0,3,0,4,0,5,0,1,2,4,0,1,2,0,0
11,33,3.79881621993445,2,0,3,1,5,1,0,2,4,1,3,0,2,1
2,89,3.25,6,0,0,1,5,0,0,3,4,0,4,1,3,1
11,31,3.5145849461453715,0,2,1,0,3,0,2,4,1,0,3,3,0,1
10,18,3.84,6,2,1,1,4,1,4,9,0,2,0,0,1,1
5,82,2.23,2,1,3,0,8,1,9,1,3,3,1,2,3,1
0,87,2.11,7,0,0,0,0,1,4,4,0,2,4,0,1,1
0,87,3.11,3,2,0,0,2,0,4,2,3,2,0,0,0,1
12,83,3.21,10,1,3,1,1,0,1,2,2,3,2,4,0,0
14,42,3.27,4,1,4,1,4,0,1,1,4,4,2,0,2,1
9,54,3.39,2,2,4,1,5,1,4,8,3,3,2,4,1,0
11,85,3.5653363152066317,5,0,2,0,3,0,1,2,1,3,1,1,4,0
1,45,3.82,3,0,3,0,9,0,2,4,0,0,0,0,4,1
9,57,2.07,0,0,1,0,1,1,0,8,0,0,2,0,0,1
4,69,2.33,7,2,1,0,1,1,0,0,2,1,1,3,3,1
13,13,2.78,7,0,2,1,0,0,3,4,4,4,0,1,4,1
8,39,2.08,8,1,3,0,0,0,4,4,0,3,10,0,2,0
9,56,3.58,5,2,2,1,3,0,1,9,4,4,0,3,4,0
10,60,2.35,6,0,4,0,9,1,0,10,3,2,3,3,3,1
10,59,3.36,2,0,2,0,0,0,0,8,0,2,3,2,2,1
6,86,3.18,2,1,2,1,6,1,3,1,4,2,2,0,1,1
9,57,3.74,4,2,3,0,0,0,2,7,0,2,3,0,0,0
2,63,2.73,8,0,4,0,2,1,4,3,3,3,1,1,3,0
11,73,3.9158623156525447,5,0,1,0,1,0,2,0,2,1,3,2,0,1
14,65,2.93,4,0,3,0,1,0,2,4,4,1,0,3,3,0
14,65,3.9,5,2,0,0,8,1,3,1,4,4,1,4,0,0
2,63,3.75,6,1,1,1,1,1,1,2,0,3,1,0,4,1
8,27,3.42,1,1,4,1,1,1,2,0,4,1,10,0,0,1
13,67,2.06,0,0,0,1,5,0,3,3,0,3,0,4,3,0
14,65,2.21,4,1,1,0,6,1,1,1,0,2,2,2,3,0
2,44,3.31,0,2,2,0,8,1,1,2,1,0,0,0,1,1
12,64,2.93,5,1,2,1,7,1,4,2,3,4,0,0,1,0
11,31,3.729352557833769,8,2,0,1,8,0,4,3,3,0,4,2,2,1
8,39,3.75,7,2,2,0,0,1,3,1,4,1,7,0,2,1
14,42,2.88,6,2,0,1,0,0,1,0,1,2,3,1,1,0
6,35,2.8,0,1,4,0,3,1,3,3,4,1,0,3,4,0
13,74,2.68,5,1,2,0,7,1,0,4,4,4,1,4,2,1
0,53,3.69,2,0,2,0,7,1,1,2,4,1,0,4,4,0
6,75,2.07,8,2,1,0,0,1,2,0,4,1,0,4,0,0
1,10,2.3,4,0,3,1,0,1,2,0,0,1,2,3,3,0
8,39,3.57,2,2,2,1,1,0,1,0,0,3,9,4,2,0
13,13,3.85,1,2,3,0,1,1,2,2,0,3,0,4,1,1
13,13,2.64,7,0,0,0,2,0,1,4,3,4,4,4,4,0
6,35,3.97,0,1,1,1,5,1,0,2,4,1,0,0,0,1
7,5,3.49,1,1,1,1,2,1,1,1,9,3,9,1,4,1
12,64,3.04,7,1,1,1,8,0,4,3,2,0,0,0,2,1
12,24,3.22,7,2,2,1,7,1,0,3,3,1,0,3,0,0
10,18,3.61,1,0,2,1,2,0,2,8,2,4,0,1,4,0
14,42,2.19,8,0,4,0,5,1,2,0,0,4,4,4,0,1
8,1,2.27,7,1,3,1,5,1,1,0,4,0,10,0,0,0
4,49,3.94,1,0,4,1,9,1,0,4,2,2,4,0,3,1
4,72,3.07,9,0,2,1,1,0,2,2,4,2,3,1,4,1
7,36,2.31,5,2,1,0,0,1,0,2,7,1,9,1,2,1
14,22,2.48,2,0,4,0,5,0,1,1,1,3,2,2,1,0
9,55,3.78,1,1,0,1,1,1,2,7,4,1,2,2,3,1
10,18,3.11,0,2,3,0,2,0,1,10,0,0,1,1,2,1
4,72,2.77,4,2,4,0,3,0,1,3,3,0,1,4,0,1
12,64,3.39,8,0,3,0,7,1,2,4,2,2,1,2,0,0
3,58,2.47,9,2,3,1,2,0,2,7,1,4,3,1,0,1
9,56,3.09,1,2,4,1,3,0,4,7,3,2,4,2,0,1
10,4,3.18,5,0,1,0,6,0,2,10,3,4,2,1,4,1
11,68,3.7666541812293706,8,0,0,1,0,0,1,3,2,2,2,1,4,0
10,18,2.2,4,0,4,0,4,1,2,9,4,4,0,0,3,0
5,29,2.58,7,1,2,1,5,1,8,0,2,2,4,1,0,0
5,43,2.17,0,2,3,0,0,0,9,2,4,3,0,2,0,1
11,73,3.520779924136129,1,0,2,0,3,1,2,3,4,0,1,2,3,1
5,29,3.61,7,2,2,0,3,1,7,0,1,3,3,0,4,1
4,6,2.25,4,1,2,0,2,1,2,3,1,4,0,0,4,1
3,25,2.32,1,1,2,1,4,1,0,8,2,0,2,0,4,0
9,54,3.04,7,1,2,1,0,1,3,10,3,4,0,3,1,1
9,52,2.65,4,0,2,0,9,1,4,8,4,0,3,0,0,1
4,69,3.7,6,1,1,0,1,1,0,2,2,1,1,0,4,0
6,35,3.47,6,2,1,1,6,0,4,0,1,0,1,0,4,1
1,45,3.58,4,1,3,0,8,0,1,3,2,2,3,2,1,1
8,51,2.39,7,1,4,1,0,0,1,0,1,3,8,4,0,1
9,57,2.86,0,2,1,0,8,1,2,10,2,2,4,4,2,1
11,85,3.515756521541106,5,2,1,0,3,0,2,3,0,1,3,2,3,0
8,40,3.61,8,1,2,1,8,1,0,3,3,2,9,1,0,1
7,5,2.24,7,2,1,1,0,0,1,4,8,3,8,2,4,1
0,8,3.88,9,0,3,1,3,1,0,3,0,1,0,3,1,0
10,61,2.48,8,2,4,1,2,1,0,9,4,2,0,4,4,0
10,4,3.8,7,1,0,0,6,1,0,7,3,2,0,3,0,1
14,76,3.6,2,0,0,0,7,0,2,3,0,3,0,4,0,0
6,28,3.91,0,1,4,0,8,0,1,4,0,0,2,1,4,0
2,44,3.83,1,2,2,0,3,1,2,3,1,3,2,4,4,0
8,39,3.1,6,0,0,0,3,0,2,4,1,4,9,3,1,1
14,65,3.27,6,2,0,1,7,1,2,4,1,3,1,4,0,0
14,42,2.36,9,0,4,0,5,0,3,3,4,1,0,2,3,0
8,78,2.41,2,1,0,1,1,1,4,3,0,2,10,0,1,1
12,66,3.72,8,2,1,1,7,0,3,3,3,1,4,4,2,0
8,40,2.33,0,0,3,0,8,0,1,2,3,3,7,2,2,0
2,89,2.93,5,2,3,1,5,1,0,0,1,1,0,2,1,1
3,46,2.98,5,1,3,0,3,1,1,10,1,4,4,2,3,0
1,45,2.88,1,1,5,1,2,1,4,0,4,0,0,4,0,1
1,47,3.86,4,1,5,1,7,1,0,4,2,3,2,3,2,0
11,71,3.608551614734945,3,1,4,1,9,0,1,2,2,1,0,0,3,0
13,13,2.91,1,1,0,0,7,0,0,2,0,2,1,1,1,0
14,65,3.59,5,0,0,1,1,0,0,2,3,1,2,0,4,0
5,0,2.93,4,0,1,1,3,0,7,1,1,0,3,1,2,1
8,1,2.24,9,2,1,0,4,0,4,3,1,2,7,4,4,0
5,30,3.25,9,1,3,1,4,0,7,2,0,1,0,1,4,0
8,51,3.86,0,1,3,1,4,0,1,2,4,3,9,3,1,1
12,24,3.06,6,0,0,0,3,0,3,4,2,0,4,1,1,1
9,54,2.29,0,1,4,0,5,0,2,9,4,0,4,4,4,0
13,13,3.94,0,1,2,0,0,0,2,0,2,2,2,1,3,0
11,73,3.508484564657733,3,0,2,1,1,0,3,2,1,2,0,4,4,1
2,14,3.3,8,0,4,0,4,0,4,1,4,1,2,2,2,0
12,66,2.26,7,0,4,0,7,1,2,2,4,0,3,3,3,1
8,27,2.48,9,2,1,1,8,0,2,0,2,4,7,2,1,0
11,33,3.8506817801552207,7,2,1,0,8,1,1,0,3,1,1,1,4,1
14,80,3.7,8,1,1,0,5,1,1,1,3,4,1,3,1,0
4,69,2.05,9,0,1,1,8,1,1,0,2,0,4,2,3,0
2,89,2.95,9,1,1,1,5,1,2,0,0,3,1,0,0,1
13,74,2.28,1,2,3,0,2,1,4,2,2,3,4,3,3,0
11,31,3.670837286909227,9,0,3,0,4,0,3,1,0,0,4,4,0,1
8,3,3.73,4,0,1,0,4,1,1,0,4,3,7,2,2,0
8,40,2.63,0,2,3,1,0,0,4,0,1,0,7,1,4,1
4,49,3.92,8,0,4,1,9,0,3,4,0,0,2,1,4,0
12,83,3.79,10,2,2,0,9,1,1,2,2,4,2,1,0,0
5,88,3.72,8,1,3,0,8,1,8,1,3,2,3,1,3,0
3,58,2.52,7,1,3,0,3,1,4,8,2,4,0,3,1,1
11,85,3.882574424930632,0,0,4,0,4,0,2,4,1,0,1,3,3,1
10,61,3.3,0,1,1,1,8,0,1,7,1,1,1,4,2,1
10,60,2.13,9,1,2,1,8,0,0,9,1,4,0,0,3,0
2,15,2.65,5,0,2,1,9,1,2,1,3,1,3,3,2,1
14,76,3.13,7,2,0,0,3,0,3,3,1,1,1,0,2,1
8,51,2.32,3,0,4,0,0,0,4,1,2,1,7,2,0,0
3,58,3.35,0,0,3,1,0,0,3,9,0,4,1,3,4,1
1,47,2.63,4,1,3,0,0,1,3,1,4,2,3,0,1,0
7,21,3.52,9,0,4,0,7,1,3,0,9,3,9,1,1,0
5,88,2.32,0,1,0,0,9,0,8,2,3,3,3,4,4,1
11,31,3.792465446989361,1,0,4,1,0,0,3,1,3,4,3,4,3,0
0,9,3.54,3,1,1,0,6,1,1,3,3,4,2,2,3,1
5,82,2.15,5,2,1,0,1,0,9,2,2,4,2,3,4,1
7,5,2.69,6,2,2,0,7,1,2,3,10,4,9,0,1,1
14,11,3.24,0,2,3,0,3,0,0,3,4,2,2,4,1,0
3,25,2.11,3,0,2,1,1,0,2,9,4,2,0,0,2,0
2,17,3.5,5,2,2,0,3,1,4,3,1,4,2,4,4,0
4,20,3.52,1,2,1,1,2,0,4,2,1,2,2,0,0,0
14,48,2.91,7,2,0,1,9,0,3,1,1,3,3,0,0,0
7,41,3.37,6,2,0,0,2,0,4,4,10,2,8,2,2,0
1,47,3.1,6,2,4,0,0,0,4,2,2,0,1,4,1,0
14,22,2.79,0,1,1,0,5,0,2,3,1,0,0,3,1,1
5,88,3.78,0,0,3,0,6,0,7,2,4,1,1,0,3,1
6,28,2.13,0,2,2,1,0,0,4,4,0,1,2,1,1,0
3,37,2.29,9,2,3,0,1,1,4,9,2,2,0,0,3,1
10,60,3.88,2,0,0,0,9,0,1,8,4,3,2,1,0,1
13,77,2.03,3,1,1,1,0,1,0,2,2,4,4,0,3,0
13,77,2.2,5,2,1,1,1,1,2,2,1,0,4,4,3,0
9,57,3.63,3,0,3,0,8,1,0,10,0,1,2,3,1,0
9,70,3.57,6,2,1,0,1,0,4,7,3,1,2,4,4,0
11,33,3.5079601336313995,0,1,3,1,7,1,2,1,4,1,2,4,0,0
2,63,2.51,9,1,3,0,0,0,3,4,2,2,2,1,2,0
10,4,3.93,3,2,0,0,0,0,1,10,2,3,3,2,2,0
2,44,2.56,9,0,3,1,8,1,0,0,3,2,3,2,2,1
0,87,3.56,8,2,4,1,3,0,2,3,3,2,0,4,0,0
9,70,2.97,0,1,4,0,7,0,4,7,4,3,3,4,1,0
2,89,3.09,8,2,2,1,6,1,0,1,1,2,0,2,2,0
6,28,2.02,8,1,2,1,9,1,3,0,2,1,3,0,1,1
8,38,3.25,2,2,4,1,4,1,3,1,2,2,10,0,0,0
4,20,3.69,2,2,3,1,6,0,0,0,0,2,3,3,0,1
2,63,2.95,5,1,4,1,9,1,1,2,2,3,1,0,1,1
0,87,3.19,9,0,1,1,9,0,1,4,3,1,0,0,3,1
8,1,2.32,7,0,4,1,7,0,3,2,2,1,8,4,0,0
0,53,3.97,9,0,3,0,2,1,3,1,2,4,1,1,2,0
11,33,3.5222545196380857,0,1,0,0,6,0,4,3,4,0,4,4,2,1
1,12,2.16,6,1,4,0,8,1,3,1,1,4,1,1,4,1
9,56,2.85,1,1,4,0,4,1,1,7,0,3,4,1,3,1
4,72,2.43,1,1,1,0,5,0,1,1,2,2,2,3,1,1
14,76,3.61,5,2,2,0,9,1,0,1,0,0,0,3,3,1
14,76,3.46,1,0,3,0,6,1,1,2,1,4,0,0,0,1
2,15,2.1,0,1,3,1,6,1,1,0,2,4,2,3,2,1
3,58,2.09,0,2,1,0,9,0,1,7,1,4,3,4,3,1
3,46,3.01,4,2,1,1,3,1,1,7,1,3,4,2,1,0
0,50,2.42,3,0,2,1,3,0,0,0,1,3,3,4,4,1
10,60,3.77,7,1,3,0,1,0,0,8,3,0,0,4,1,1
12,83,2.28,8,2,1,1,6,0,1,2,1,4,4,2,0,0
7,5,3.81,1,1,3,1,9,1,2,2,7,3,9,2,2,1
9,55,3.04,6,0,1,0,1,0,3,8,2,4,2,3,1,0
4,20,2.49,1,2,0,0,2,1,0,2,4,2,0,0,0,1
6,75,3.52,4,2,2,1,3,0,2,2,3,2,3,4,1,0
13,74,3.83,3,1,0,0,6,0,2,0,0,2,0,3,0,0
6,86,3.46,2,2,3,0,9,1,2,2,4,0,2,2,2,1
0,9,2.59,9,2,0,0,1,0,3,1,3,0,1,1,4,1
3,37,3.46,6,1,1,1,1,1,2,7,4,3,4,1,4,1
13,67,2.99,7,1,4,1,3,0,1,0,1,1,4,2,4,0
3,46,2.33,3,0,3,0,4,0,2,8,0,2,0,0,0,1
4,6,3.24,3,0,3,0,9,1,2,1,2,4,4,3,2,0
9,55,2.73,4,1,4,0,8,1,3,8,3,1,0,0,2,1
1,47,3.62,3,0,3,0,1,0,3,2,2,4,1,3,2,1
8,3,3.02,4,2,1,1,3,0,1,2,1,0,8,3,3,1
8,39,2.31,8,1,3,1,0,0,1,2,2,4,10,1,1,0
3,58,2.03,1,2,3,0,2,0,1,9,4,4,1,0,2,1
9,52,2.39,3,0,0,0,1,0,1,10,3,3,0,2,3,1
10,81,2.29,6,1,0,1,4,1,2,7,0,0,3,2,4,1
11,31,3.723675274502813,2,0,4,0,2,1,4,2,4,1,0,1,4,1
14,76,2.9,1,1,4,0,3,1,3,2,4,0,3,3,1,1
12,23,2.96,6,2,1,0,8,0,2,4,1,0,0,3,4,1
10,61,2.75,2,2,2,0,4,1,2,10,0,4,0,0,2,1
11,68,3.7236513781263,8,2,4,1,2,0,0,4,2,1,1,3,2,1
6,75,2.84,0,1,0,1,0,1,3,1,2,2,1,4,1,0
1,12,2.24,0,0,3,1,2,1,4,2,1,0,1,4,3,0
4,20,2.95,3,1,3,1,6,1,2,0,3,3,1,2,4,1
11,73,3.728882306352067,9,2,3,1,8,1,4,3,4,3,4,1,0,0
6,84,3.39,1,0,3,0,9,0,1,4,1,2,2,3,4,1
11,85,3.602994092094237,3,1,2,0,0,0,0,0,1,3,1,4,2,0
9,70,3.36,2,0,2,1,2,0,2,7,3,1,1,1,4,0
2,17,2.63,5,1,1,1,7,1,3,4,0,1,1,3,1,0
5,0,2.34,6,1,2,0,5,0,9,2,3,1,4,1,1,1
11,71,3.887932532601394,6,2,3,0,0,0,4,4,0,2,1,3,0,1
9,54,3.32,2,1,4,1,7,0,0,9,3,1,1,2,2,0
9,54,3.8,4,1,1,0,3,1,0,7,4,1,3,4,3,1
7,5,2.58,2,0,3,1,8,0,3,4,8,2,7,0,3,0
7,16,3.71,2,1,4,1,2,1,1,0,7,4,9,3,4,0
1,45,2.94,5,1,3,1,7,0,4,4,1,1,3,1,3,0
6,75,2.98,4,2,2,0,5,0,4,0,2,1,1,1,1,0
2,34,2.0,2,1,0,0,3,1,2,4,0,3,0,1,2,1
8,27,3.02,7,0,1,0,9,0,3,1,0,3,8,4,0,1
7,16,2.18,8,2,3,0,4,0,4,0,9,1,8,4,1,1
5,30,2.68,5,1,2,0,4,1,9,4,1,3,2,4,2,1
9,55,3.35,5,0,0,0,2,0,4,8,1,4,3,4,4,0
13,77,3.1,1,0,0,1,5,0,1,0,3,4,4,0,1,0
11,85,3.75960348730173,7,0,1,0,2,0,1,3,3,4,0,0,1,1
3,25,2.21,8,0,0,1,3,0,0,10,0,0,4,0,2,0
9,56,2.04,0,2,1,1,7,0,4,10,1,4,0,1,3,1
1,7,3.06,9,2,5,1,7,0,4,0,1,0,4,2,1,0
11,73,3.867379644424689,0,2,0,1,7,0,4,4,1,0,4,1,2,0
5,30,3.96,6,2,0,1,3,0,10,1,4,0,4,0,0,1
14,22,2.86,7,0,2,1,8,1,3,1,0,0,2,1,3,1
2,63,2.8,1,2,2,1,2,0,0,1,3,4,0,3,2,0
11,73,3.634871232936884,3,0,2,0,9,1,4,4,1,1,4,4,3,1
9,56,3.68,8,2,2,1,0,0,2,7,3,0,0,3,4,1
3,25,2.2,9,1,4,1,2,0,3,9,1,1,1,2,2,1
1,47,3.34,8,0,4,0,6,0,0,4,0,0,4,4,1,1
9,56,3.67,4,0,4,0,7,0,0,8,3,4,1,3,4,1
9,52,3.82,9,2,0,1,4,1,0,8,4,3,4,0,4,0
9,55,2.17,1,1,3,0,4,1,3,10,3,3,0,3,1,1
4,6,2.51,5,2,3,0,9,0,0,1,4,4,0,2,1,1
4,6,2.59,4,2,3,0,3,0,3,2,4,4,3,0,2,1
12,23,2.05,5,2,2,0,2,1,1,1,3,2,0,2,1,0
2,89,3.99,8,2,2,1,0,1,3,2,4,4,0,0,1,1
14,22,2.57,1,0,1,0,4,0,4,1,0,2,2,3,0,1
4,6,3.32,8,0,4,1,4,1,4,3,0,2,0,3,2,1
0,53,2.3,6,0,3,1,8,1,3,2,2,4,4,0,3,1
11,68,3.6879856109645694,3,2,3,0,9,0,3,1,0,2,2,0,1,1
4,72,2.48,8,1,0,1,9,1,4,0,1,4,0,1,3,0
3,37,3.13,1,0,4,0,5,0,4,9,1,2,4,4,0,0
10,81,3.67,3,1,3,1,0,0,2,10,4,4,3,1,1,1
11,33,3.810278423511729,2,1,4,0,8,0,2,2,4,3,3,2,3,0
13,77,2.11,4,2,4,0,4,0,2,0,2,2,3,4,3,0
14,22,2.67,2,1,3,1,0,1,3,3,2,3,0,1,3,1
2,34,3.73,1,0,4,1,5,0,0,2,0,1,3,3,2,1
12,64,3.1,10,2,3,0,2,0,3,4,4,0,2,1,1,0
10,32,2.97,4,1,3,1,3,0,2,9,4,3,3,0,2,0
5,29,2.63,3,1,3,1,5,1,9,3,1,0,3,0,2,1
3,46,2.38,5,1,2,1,0,0,0,10,1,4,3,3,0,0
12,64,3.46,7,1,4,0,8,1,0,3,1,1,4,0,0,0
8,78,3.74,5,0,1,0,8,1,1,1,2,0,7,4,3,0
11,68,3.891580014513951,4,2,1,0,9,1,2,3,0,4,1,1,1,1
8,27,2.11,0,2,3,0,7,0,2,0,3,2,8,3,3,1
10,81,3.81,5,2,1,0,8,0,1,8,1,2,4,0,3,1
9,57,3.79,7,2,1,1,6,1,3,8,2,3,4,0,1,0
6,35,3.29,8,0,3,1,7,1,0,3,4,2,1,2,3,1
4,20,3.59,6,1,3,1,6,0,2,4,3,3,3,3,1,1
2,44,3.11,8,0,3,1,4,1,4,2,3,4,0,0,4,0
14,80,2.31,2,2,4,1,3,1,3,3,2,2,1,4,2,0
5,43,3.85,8,1,3,1,0,1,9,0,0,2,2,1,4,1
3,37,2.47,3,0,4,0,8,0,3,10,1,2,2,1,1,1
2,14,2.53,0,0,4,1,3,1,1,0,1,1,2,1,4,1
7,36,2.24,0,0,0,1,2,1,4,3,7,0,9,0,3,1
8,40,2.07,3,2,3,1,6,1,1,0,2,2,8,4,3,0
6,35,2.24,3,2,3,0,3,1,4,4,2,4,3,1,4,1
11,68,3.83282525031298,6,0,4,0,8,1,4,1,3,3,3,3,3,1
10,4,3.64,8,2,3,1,8,0,1,10,1,1,4,2,0,1
11,71,3.65058779349868,1,0,4,1,8,1,2,3,3,4,3,4,2,0
8,39,3.0,0,2,4,0,5,1,2,2,4,3,9,2,4,0
5,43,2.31,7,2,0,1,0,1,7,2,1,2,4,1,2,0
8,3,3.53,3,2,4,1,8,0,0,3,0,3,10,0,3,0
13,13,3.63,1,2,4,1,2,1,3,0,0,0,3,2,0,1
13,77,2.95,9,0,0,1,5,0,0,2,1,0,3,4,2,0
11,85,3.602359726975,5,2,2,1,4,1,2,0,2,0,4,1,2,0
6,35,2.65,7,1,1,1,4,0,2,1,2,3,3,1,0,0
9,55,2.91,5,2,4,1,0,1,0,7,3,4,2,2,2,0
9,56,2.38,6,1,2,0,5,0,3,8,0,3,1,2,1,0
2,15,3.93,4,1,0,1,6,0,3,1,1,3,1,1,0,1
4,6,3.14,3,0,2,0,3,1,4,2,0,4,2,4,0,0
9,54,3.2,6,2,4,1,9,1,1,10,0,3,1,1,3,0
9,54,3.7,8,2,3,1,3,0,1,9,2,1,4,4,3,1
0,87,2.2,7,2,2,0,0,1,3,1,3,0,1,0,4,1
14,65,2.93,7,2,0,0,1,0,0,3,1,4,1,4,2,1
2,34,3.53,2,2,3,1,7,1,3,0,4,0,0,0,1,1
11,73,3.780797253856097,2,0,2,1,0,1,0,4,1,3,1,4,2,0
6,84,2.33,4,0,4,0,9,1,0,3,1,3,0,1,2,1
12,66,3.07,9,1,4,0,7,1,4,2,1,1,4,1,0,0
2,63,2.26,2,0,1,0,8,1,0,1,1,1,1,3,2,0
0,87,3.41,1,1,2,0,9,0,1,3,1,0,2,0,3,1
6,28,2.31,1,2,2,1,4,0,0,0,1,2,4,4,0,1
14,76,3.66,8,1,4,0,7,0,1,3,3,4,2,2,4,1
2,89,2.82,3,1,1,1,6,0,4,3,2,3,0,2,4,1
6,84,2.48,3,2,3,0,1,0,1,2,3,3,1,3,1,1
1,47,2.26,1,1,4,1,3,1,4,2,0,2,1,0,3,1
5,82,3.72,5,2,1,0,9,0,10,3,3,2,1,3,4,0
13,13,3.07,0,2,0,1,8,0,3,4,3,0,1,2,3,0
12,23,2.15,10,1,3,0,2,0,3,0,2,1,2,1,0,0
12,23,3.31,6,2,4,1,0,1,3,0,0,0,4,4,1,0
1,7,2.78,7,1,4,0,0,1,0,1,1,0,1,3,0,0
4,69,3.2,9,2,3,0,7,1,1,4,0,0,4,3,3,1
10,32,3.06,1,2,3,0,5,1,0,9,3,4,3,3,1,1
10,18,2.58,8,2,2,1,1,0,1,8,0,0,3,3,0,0
6,86,2.12,8,0,4,0,0,0,4,3,4,2,2,0,2,1
14,26,3.9,6,2,3,1,0,0,1,3,4,1,3,3,3,1
4,49,3.39,6,2,0,1,1,0,2,3,0,0,2,2,3,1
5,88,3.13,4,2,4,1,8,1,7,1,4,2,2,1,3,0
0,50,3.75,3,1,0,0,4,1,3,1,2,0,4,3,1,1
12,66,3.33,8,0,4,0,9,0,3,2,0,0,4,0,1,1
7,16,3.57,7,2,1,1,7,1,1,0,7,4,9,2,0,1
13,13,2.61,1,2,4,0,3,0,2,4,0,0,0,1,4,0
10,18,2.82,0,1,0,1,1,0,1,8,4,2,1,1,0,1
4,69,3.54,2,0,2,1,6,0,3,0,1,4,0,4,4,1
11,68,3.883639588757815,6,1,3,1,1,1,1,4,1,2,0,4,2,0
5,29,2.84,1,1,2,1,6,1,10,0,1,4,4,1,0,0
3,46,2.77,0,0,1,0,8,1,1,8,4,2,2,1,1,1
3,37,2.87,9,1,3,1,1,0,2,8,0,3,2,2,4,1
3,25,2.6,5,0,2,1,2,1,0,10,1,4,3,0,3,0
6,75,2.28,1,1,3,0,4,1,2,3,2,2,4,0,4,1
2,34,2.05,7,1,3,0,9,0,4,4,1,2,2,0,4,0
3,58,3.95,7,1,4,0,5,0,4,7,4,2,2,0,3,1
6,84,3.99,6,1,0,0,3,1,4,3,3,2,4,4,2,1
10,18,2.88,9,0,2,0,4,0,0,10,4,4,3,1,0,0
12,83,2.47,5,1,3,1,1,0,0,1,4,1,0,1,2,0
4,20,2.04,9,0,2,0,7,0,3,3,0,3,1,1,2,1
1,45,2.65,2,1,4,1,6,0,2,1,3,4,2,0,0,1
9,56,2.3,3,1,3,1,0,0,3,7,2,4,4,1,3,1
8,40,2.54,4,1,2,1,9,1,2,1,4,3,8,2,1,0
8,27,2.79,2,2,1,1,1,0,4,4,3,4,9,3,2,1
4,49,2.39,2,1,3,0,0,0,4,0,4,0,4,4,0,0
13,67,2.24,8,0,0,0,9,1,0,3,3,1,2,4,0,0
6,84,3.34,6,0,0,0,8,1,1,1,2,4,4,0,2,1
14,11,3.02,3,2,3,0,6,1,0,3,4,4,4,2,1,0
1,45,2.05,0,1,4,1,4,0,2,0,2,1,0,2,1,1
10,59,2.22,1,1,4,0,2,0,2,8,2,1,4,1,1,0
10,81,3.63,6,0,0,1,3,1,3,10,3,2,3,3,1,1
9,54,3.92,1,1,4,0,4,0,1,9,1,1,4,4,1,1
9,57,3.67,6,1,4,1,7,1,4,10,0,0,2,0,3,1
7,2,3.99,1,1,3,1,1,1,3,4,10,0,9,2,0,0
1,45,2.1,3,1,4,1,1,1,4,4,4,2,0,1,3,1
12,66,3.45,7,1,4,1,5,0,1,3,3,3,1,0,0,0
5,88,2.12,4,2,1,0,4,0,9,3,4,4,0,1,0,0
1,12,2.33,4,2,5,1,9,0,2,3,4,2,2,1,1,0
7,16,3.0,3,1,2,0,6,1,1,0,7,2,9,1,4,0
9,57,2.42,4,0,3,1,7,1,1,8,2,4,3,0,3,0
9,56,2.38,1,2,2,1,8,1,1,9,3,0,4,0,0,0
2,63,2.09,5,0,3,0,4,0,4,3,4,2,0,2,3,1
0,8,2.73,3,2,1,1,0,0,0,2,0,3,4,0,1,0
7,41,3.38,8,0,4,1,0,1,0,3,8,1,9,2,3,0
9,54,3.3,7,1,4,1,2,1,0,10,0,3,2,0,0,1
2,17,2.9,0,1,1,1,2,0,2,0,2,0,0,1,0,1
7,62,2.14,6,2,3,1,3,0,3,1,10,3,7,0,0,0
13,13,2.57,8,2,2,1,0,0,4,1,3,3,4,2,0,0
6,84,3.77,5,1,4,0,7,1,4,3,1,4,3,4,0,0
1,10,2.2,5,0,5,0,6,0,2,2,4,0,1,4,2,1
9,52,3.18,6,1,4,1,0,0,0,10,2,3,3,1,4,0
14,22,2.68,0,2,3,0,6,1,2,1,3,0,4,0,1,0
8,51,3.64,2,2,1,1,1,0,3,4,4,1,9,2,4,0
0,53,3.54,9,1,1,0,8,1,0,2,2,2,4,0,4,0
4,72,2.8,1,2,0,0,9,1,2,1,2,3,3,4,2,1
0,50,3.71,3,2,3,1,4,0,2,2,3,1,1,2,2,0
0,8,3.62,0,1,2,0,4,1,2,0,0,1,2,2,1,1
13,77,3.11,7,2,1,0,6,1,0,4,2,0,1,2,4,0
7,62,2.58,3,0,2,0,4,0,0,1,8,2,9,1,2,1
11,73,3.578306407446325,8,0,4,0,6,1,2,3,1,2,0,4,0,0
13,74,2.13,8,0,2,0,4,0,0,4,3,2,3,4,1,0
6,75,3.54,9,0,3,1,6,0,0,1,3,2,0,3,0,1
6,35,2.02,0,2,1,1,4,1,3,2,3,3,0,3,1,0
7,41,3.68,5,0,0,1,7,1,0,4,10,0,8,1,0,0
8,38,2.67,1,0,4,1,4,1,3,0,2,3,8,1,0,0
2,44,2.25,6,1,2,1,5,0,1,4,4,4,2,2,0,1
8,51,3.38,0,1,1,0,7,0,4,1,3,0,10,3,4,0
12,66,2.47,9,1,4,1,4,1,1,1,3,1,3,0,0,1
3,46,3.49,8,1,2,0,3,1,1,8,1,3,0,1,0,1
8,39,2.34,0,0,1,0,0,1,3,4,4,2,7,0,2,0
1,45,3.45,6,2,3,0,0,0,0,3,2,2,4,0,2,1
13,74,3.49,2,0,1,1,5,0,2,2,1,4,1,0,3,0
9,56,3.93,7,1,1,1,7,1,0,8,0,0,3,4,2,0
1,47,3.36,4,2,5,1,5,0,4,2,3,4,0,2,4,1
1,7,3.52,0,2,4,0,1,0,0,4,2,4,2,2,2,0
13,77,3.45,2,1,2,0,7,0,4,0,0,0,3,1,0,0
2,15,3.01,9,2,4,0,3,0,4,4,0,0,0,0,2,1
10,32,2.92,8,2,3,0,6,1,0,8,4,2,1,0,1,0
8,3,3.3,1,0,0,1,6,1,3,1,1,3,9,0,1,1
6,28,2.18,1,2,1,0,5,1,2,3,1,2,2,1,4,0
1,12,3.37,2,1,5,1,2,0,2,2,1,2,1,2,1,1
0,8,3.82,4,2,1,0,3,0,3,1,3,0,3,0,4,0
8,51,3.94,2,1,2,1,3,0,4,2,0,4,10,3,2,1
11,85,3.722220478835749,0,0,3,0,0,0,3,4,0,1,3,0,3,0
6,28,2.5,4,1,1,0,0,1,0,1,3,4,1,2,0,0
9,54,2.62,4,2,3,0,2,1,0,8,0,1,2,1,2,0
14,48,2.48,1,0,0,1,6,1,4,0,0,1,0,2,2,0
6,86,3.42,9,2,1,0,7,0,2,4,0,1,1,0,3,0
5,29,2.43,7,0,1,1,1,1,8,0,0,1,1,3,4,1
11,85,3.5713928183339423,7,1,0,1,1,1,1,4,3,2,1,4,3,0
3,46,3.13,4,1,4,0,2,1,4,8,1,4,2,3,3,1
7,16,3.35,3,2,0,1,1,1,0,4,7,2,9,4,1,0
2,34,2.23,2,2,3,1,9,1,3,4,0,1,3,0,0,1
13,77,2.97,3,2,2,1,0,0,0,4,3,0,0,4,1,1
2,63,2.45,5,1,0,1,5,0,4,0,3,4,0,0,2,0
5,82,3.57,4,2,4,1,4,1,9,4,2,3,4,3,1,1
5,88,3.15,6,2,0,0,8,1,8,1,2,1,0,1,4,0
2,89,2.51,6,1,1,1,6,0,0,0,1,0,3,2,1,1
11,73,3.862278954579409,4,2,0,1,2,0,4,0,3,4,3,2,0,1
10,61,2.41,8,0,4,0,3,0,4,8,0,2,3,4,4,1
4,6,3.6,0,2,1,0,0,1,4,0,2,0,2,1,3,0
13,77,2.43,4,0,3,0,2,0,4,0,3,1,4,1,1,1
2,89,2.54,1,2,0,1,2,1,1,3,1,4,3,3,0,1
2,44,3.61,3,0,1,1,8,0,2,4,0,2,0,1,1,1
4,6,2.93,4,1,4,1,5,0,0,4,4,3,3,1,2,0
6,86,2.85,3,1,0,0,2,0,2,3,0,1,2,4,1,0
1,7,2.1,7,0,5,1,0,0,0,1,4,0,4,4,3,1
2,14,2.61,3,1,3,1,8,1,4,0,0,0,0,2,0,0
7,41,2.55,4,0,4,0,4,0,3,2,10,3,8,3,1,0
1,47,2.07,9,0,5,1,1,1,1,1,2,2,1,3,2,1
12,24,2.74,5,1,3,0,9,1,3,4,0,1,4,4,2,1
4,49,3.25,8,0,3,0,9,1,3,1,2,1,0,1,2,1
6,28,2.03,8,2,2,0,2,0,4,3,2,1,2,3,2,1
12,24,2.73,5,0,4,1,1,0,1,4,3,3,2,0,0,0
2,14,3.52,7,0,0,1,2,1,3,4,2,3,3,4,3,1
13,74,3.39,7,0,4,0,9,0,4,3,2,4,1,2,0,1
3,58,3.15,3,0,1,1,0,1,2,7,1,2,0,3,2,1
10,4,3.44,1,1,1,1,4,1,1,8,3,0,0,2,4,0
14,11,3.21,9,1,1,1,5,1,1,0,1,0,3,3,2,1
14,11,2.78,8,0,3,0,2,1,1,3,3,4,4,4,2,0
4,69,3.25,7,2,4,0,2,0,2,2,4,0,1,4,2,1
11,73,3.809051482780848,9,0,4,0,8,1,3,2,1,1,4,0,2,1
14,79,3.69,6,2,2,1,2,0,2,2,4,0,3,1,4,0
12,83,3.12,5,1,3,0,7,1,0,4,4,1,2,0,3,0
8,3,2.68,7,2,3,0,1,0,1,3,2,3,7,3,0,0
13,67,3.81,8,1,3,1,3,1,0,2,4,1,1,2,4,1
9,57,2.82,2,1,3,1,1,1,2,10,3,2,4,2,4,1
0,87,3.26,5,0,4,0,1,1,2,4,3,1,4,1,4,0
12,24,2.24,5,0,3,0,1,0,2,2,1,2,4,3,1,1
8,1,3.12,3,2,4,0,7,0,1,1,1,1,9,3,2,0
0,50,2.72,6,0,2,0,3,0,3,0,4,2,3,4,4,1
6,84,2.52,1,2,3,0,7,1,4,1,4,4,4,4,4,1
13,13,4.0,0,2,2,1,3,0,0,1,1,1,2,0,0,1
13,74,3.21,3,1,0,0,6,1,1,4,2,3,1,4,4,1
9,54,2.71,0,0,0,0,3,0,1,7,0,1,0,2,3,0
0,8,3.56,1,0,2,1,0,1,0,2,0,0,3,2,1,1
13,67,2.23,3,1,3,0,8,1,4,0,0,4,3,4,1,0
2,34,2.43,8,2,0,0,7,1,4,1,1,3,1,0,1,0
8,38,3.78,4,0,3,1,5,1,2,3,4,3,10,0,3,1
10,32,3.2,9,1,1,1,9,1,1,7,1,4,0,2,1,0
14,42,2.66,8,0,3,1,9,0,0,3,0,2,1,1,4,0
7,41,2.41,1,1,1,1,6,1,3,3,7,0,10,2,3,0
14,48,3.56,9,1,2,0,6,1,3,1,2,2,3,3,0,0
2,34,3.01,2,0,3,1,2,1,2,4,3,2,4,0,1,1
11,71,3.9501561197872457,3,2,2,0,7,1,3,3,2,2,4,0,1,0
13,77,3.4,4,1,1,1,9,1,2,4,4,3,1,0,0,0
14,48,2.2,9,2,0,0,0,0,1,1,2,2,2,3,4,0
0,50,3.29,5,1,1,0,4,1,1,4,0,3,2,0,3,1
5,43,3.72,7,0,1,1,0,0,10,1,4,4,1,0,1,0
13,67,3.66,8,1,3,1,3,0,2,1,0,0,3,0,2,1
13,13,3.34,3,1,3,0,8,1,4,2,3,0,3,3,4,1
0,50,3.36,7,1,0,0,4,0,2,2,0,1,2,0,4,1
3,46,3.55,1,1,1,1,7,1,4,10,1,4,1,2,2,0
14,22,3.3,3,0,0,0,3,0,0,1,1,2,1,4,3,0
0,9,2.26,4,1,3,1,8,0,0,1,4,3,0,0,3,0
14,48,2.27,6,0,2,0,1,0,3,4,0,2,4,2,2,0
4,20,3.18,6,1,3,1,2,0,3,0,1,0,0,1,3,0
5,29,3.61,5,2,3,0,8,1,7,0,3,1,4,1,2,1
8,78,3.15,5,1,0,0,6,1,2,3,0,3,9,4,2,1
3,46,3.26,9,0,3,0,4,1,4,10,3,3,4,4,0,0
12,23,3.97,6,1,1,0,8,0,4,1,1,1,3,4,2,1
8,38,2.41,6,1,2,0,0,0,1,4,4,3,10,1,0,0
9,56,2.69,8,1,4,0,7,0,3,10,3,4,1,4,4,0
11,85,3.729102402626108,5,0,2,1,5,1,2,3,4,3,1,1,4,0
8,40,3.65,0,2,3,1,9,0,2,3,2,2,7,2,4,0
7,16,2.95,9,1,3,0,0,1,4,4,10,2,9,2,1,0
6,86,3.04,5,1,3,1,7,0,3,4,4,0,1,0,0,1
2,14,2.95,8,2,3,0,3,0,2,3,2,0,2,0,1,0
0,8,2.45,1,1,2,1,3,0,3,1,0,2,3,2,4,1
12,64,3.24,9,2,1,0,9,1,1,3,4,4,2,0,1,1
5,43,2.85,9,2,1,0,0,0,8,4,0,4,2,2,4,0
8,3,2.8,6,0,2,0,0,1,4,2,4,3,10,4,3,1
0,50,2.11,3,0,4,0,8,0,1,1,2,1,3,1,1,1
11,85,3.915101442172881,6,1,1,1,5,0,0,0,2,1,3,4,2,1
10,59,2.85,2,2,0,1,0,0,2,7,1,0,3,2,3,0
5,82,2.58,9,2,4,0,4,1,9,1,2,2,3,2,3,1
2,34,2.61,9,2,0,1,8,0,4,2,1,3,0,1,0,1
11,68,3.762885168341613,3,2,4,0,8,1,1,3,3,4,4,1,3,1
11,31,3.790726973964312,9,1,2,1,5,1,0,3,0,1,2,1,1,1
6,28,2.55,9,1,3,0,2,1,3,2,0,1,4,0,4,1
7,41,3.23,6,1,0,0,1,1,4,4,9,1,8,2,0,1
7,5,3.14,0,1,1,1,5,1,3,2,7,4,7,2,3,1
9,70,2.42,0,1,2,0,1,0,0,9,3,3,1,3,2,1
3,58,3.69,7,1,3,1,3,0,3,9,1,4,4,1,0,1
4,6,4.0,2,1,2,0,5,0,1,4,4,2,4,1,1,0
6,35,3.2,3,0,4,1,4,1,0,3,3,0,4,1,1,0
10,61,3.8,9,2,1,1,9,1,2,7,0,0,0,0,4,1
10,32,2.54,5,0,1,1,7,0,4,7,2,4,3,2,4,1
3,46,2.66,9,0,2,1,1,0,1,8,1,4,0,0,2,0
10,61,2.12,6,1,2,0,9,0,0,8,3,4,4,2,1,1
7,41,2.74,1,0,2,0,6,1,1,0,10,2,7,3,3,1
3,46,3.35,2,0,3,0,8,1,2,7,3,4,4,4,2,1
14,76,3.25,8,0,0,1,8,0,2,3,2,2,0,4,1,0
11,33,3.721475505373967,8,2,4,1,6,0,2,3,1,4,0,3,3,1
10,61,3.63,0,0,4,1,0,1,0,8,1,0,0,1,3,1
3,46,2.58,7,1,4,1,6,0,0,10,1,4,3,0,3,0
3,25,2.26,1,2,1,1,9,0,0,9,0,2,0,2,2,0
11,71,3.9284750649346942,2,1,0,0,5,1,3,4,4,4,1,1,2,1
6,86,3.17,3,1,0,0,7,1,4,4,4,0,4,1,0,1
2,44,2.68,2,1,2,1,5,1,4,3,0,1,1,1,1,1
8,38,2.8,5,1,2,1,4,1,4,4,0,0,7,1,2,1
3,37,2.42,8,0,2,1,9,1,3,10,0,0,1,2,3,1
4,20,3.28,2,0,2,1,4,0,4,3,3,0,3,2,1,1
0,50,3.74,7,2,3,1,9,1,3,3,3,2,2,2,1,0
2,34,3.03,4,2,4,0,9,0,3,4,0,4,0,4,0,1
7,5,2.31,6,1,1,0,1,0,3,0,7,2,7,3,3,1
4,20,2.62,0,0,3,0,7,1,3,1,3,3,1,4,2,1
13,77,2.27,0,0,4,1,9,1,4,0,1,3,4,4,2,1
13,13,3.03,4,2,1,1,3,0,2,3,0,4,0,2,0,0
4,49,2.2,6,0,2,1,2,0,3,3,0,0,0,3,3,1
3,25,3.4,7,0,0,0,0,0,2,10,3,4,3,4,2,1
1,10,2.79,1,0,5,1,8,1,0,2,0,0,0,4,4,1
11,85,3.655503501835444,5,2,2,0,3,0,3,1,4,1,2,4,2,0
5,88,2.43,9,1,0,0,6,0,10,0,2,4,1,2,4,1
3,58,3.89,7,2,2,1,2,1,1,9,3,3,0,3,2,0
9,56,2.57,3,1,2,0,2,1,2,9,2,0,3,0,4,1
9,57,2.48,4,0,1,0,5,0,3,8,3,1,3,0,2,0
5,88,2.49,4,1,0,1,9,0,9,1,3,4,3,4,0,1
8,3,2.81,1,1,3,1,6,0,3,4,3,3,9,2,2,1
12,64,2.11,10,0,2,1,6,1,1,4,0,2,3,0,3,1
6,86,2.11,6,1,3,1,5,1,4,1,0,3,3,4,4,1
5,0,3.92,1,1,1,1,3,1,7,3,2,4,0,4,4,1
9,56,3.6,3,2,1,0,3,0,2,10,0,4,2,0,1,1
5,82,3.88,0,1,3,1,1,0,10,1,0,3,4,1,2,1
2,34,2.66,9,0,0,1,2,1,2,2,1,3,0,1,0,0
10,81,3.01,4,1,1,1,0,0,3,10,0,2,4,1,3,1
0,50,3.12,2,0,2,0,3,1,0,0,0,2,4,1,2,1
6,75,3.69,9,1,4,1,5,0,1,4,1,1,3,1,3,0
6,86,3.12,4,2,2,1,7,1,0,0,1,2,0,2,2,1
3,25,2.23,0,1,1,1,7,1,3,7,3,4,2,1,4,1
5,88,2.77,2,1,3,1,4,1,8,0,3,4,3,1,2,0
5,30,2.43,1,0,0,0,2,1,10,3,3,0,0,1,0,0
6,28,3.1,1,2,3,1,4,0,3,3,0,4,1,0,0,1
1,10,3.54,8,1,4,0,4,0,1,4,3,3,3,0,1,1
11,68,3.937084460741034,4,1,1,0,0,1,1,4,4,4,1,3,0,1
4,6,3.24,3,2,3,1,2,1,0,4,1,4,3,2,0,1
7,19,2.07,3,1,0,0,5,1,0,2,8,3,9,2,2,1
7,16,2.14,5,1,2,1,9,0,4,0,8,4,7,4,3,0
10,81,3.47,0,2,1,1,1,0,1,9,1,2,3,4,0,1
13,13,2.77,5,1,3,0,7,0,2,1,4,0,0,2,1,1
13,77,3.58,5,0,0,1,5,1,2,1,0,3,4,3,3,1
2,15,3.59,7,1,3,0,5,0,2,4,3,1,0,1,4,0
2,89,2.74,0,0,2,0,7,0,4,0,2,3,0,2,2,0
1,12,2.41,0,0,4,0,5,1,2,0,2,0,2,1,0,1
14,26,3.58,9,1,2,0,7,1,0,1,1,3,4,4,3,1
0,87,2.38,7,1,2,0,4,1,4,3,0,3,4,2,4,0
0,87,3.33,8,1,0,0,3,1,1,3,3,4,0,3,0,0
4,20,2.96,4,1,1,0,3,1,1,3,1,4,1,2,1,1
13,13,3.12,1,0,1,0,6,1,2,2,2,1,0,0,4,0
1,10,2.39,1,2,3,0,3,1,4,2,4,0,1,3,3,1
0,50,2.37,7,0,1,0,8,0,4,3,4,4,3,1,0,1
4,6,2.21,3,2,1,0,0,0,1,0,1,1,2,1,3,0
1,47,3.68,9,0,4,1,1,0,3,0,1,1,2,2,1,0
3,58,2.55,4,1,3,0,9,0,1,10,2,4,1,2,2,1
1,47,3.57,2,1,4,1,3,1,1,2,4,4,1,2,4,1
13,74,2.75,7,0,3,0,4,0,2,3,3,2,1,1,0,1
11,68,3.634023593689319,3,2,4,0,5,1,1,2,4,1,3,0,0,1
12,66,2.17,6,0,4,1,1,0,4,2,3,0,4,1,4,1
9,55,3.69,1,2,0,0,4,0,2,10,0,4,4,2,0,1
9,52,2.89,3,0,4,1,9,1,0,9,0,1,3,1,1,1
13,13,2.35,1,1,1,0,8,0,2,2,1,1,2,3,0,1
9,52,3.25,3,2,0,0,5,0,4,7,4,3,4,0,4,1
7,19,3.06,7,1,4,1,5,1,4,0,9,2,9,1,4,1
4,69,3.26,0,1,1,1,2,1,1,4,4,2,2,0,3,0
8,51,3.03,7,0,0,1,6,0,3,3,3,2,8,4,0,1
4,6,2.68,4,0,1,0,2,0,0,1,3,2,4,1,4,1
14,79,3.64,1,2,4,0,0,1,0,2,1,4,4,0,1,0
10,61,3.24,6,1,1,0,4,0,0,9,1,1,0,1,4,1
4,69,3.87,2,0,3,1,1,1,0,2,4,2,0,4,0,0
14,22,3.46,1,1,2,0,9,1,2,3,3,4,4,1,2,0
3,58,3.04,5,0,3,0,0,0,0,7,3,3,3,1,1,1
9,57,3.3,5,1,0,1,3,1,3,10,0,0,2,1,2,1
12,83,3.59,7,1,0,1,4,1,1,0,2,1,1,0,2,0
6,35,2.9,3,0,3,0,6,1,0,0,4,1,1,2,1,1
5,29,2.41,5,2,3,1,9,1,7,1,0,1,3,4,3,1
7,36,2.8,5,1,0,1,4,0,4,2,9,3,10,4,1,0
8,27,2.93,1,1,1,1,3,0,0,4,2,0,8,3,1,1
0,87,3.14,7,0,0,0,1,0,4,1,2,2,2,2,2,0
11,71,3.691804520177579,2,0,4,1,6,1,0,4,4,1,1,3,0,1
7,16,2.82,6,1,1,0,4,0,1,1,7,0,10,1,3,1
10,60,2.28,3,2,0,0,5,0,2,10,2,0,2,4,2,1
9,55,3.4,1,1,3,1,9,1,3,8,4,4,3,3,3,0
6,86,2.56,6,2,4,0,7,1,2,3,0,0,0,4,1,1
4,20,3.77,9,0,3,0,4,1,2,1,3,3,0,3,3,1
5,88,2.59,8,1,4,0,8,1,7,0,2,4,4,3,3,0
9,55,2.05,9,2,0,1,0,1,4,10,1,3,0,1,4,0
8,78,2.99,0,0,3,0,6,1,2,3,2,3,9,0,1,0
1,10,3.18,9,1,5,0,2,1,1,1,3,4,3,4,3,0
1,45,2.55,1,2,3,0,6,0,3,1,4,3,3,3,3,1
4,72,2.33,6,1,1,0,7,1,3,1,3,2,2,0,4,1
0,8,3.45,4,0,4,1,7,0,1,3,4,2,1,3,1,0
11,33,3.920553654469435,6,2,0,1,3,1,2,4,4,2,3,1,1,0
0,8,2.08,2,0,4,1,3,0,1,1,0,0,2,0,2,1
0,53,3.88,9,1,1,0,3,0,4,2,2,2,2,0,2,1
4,6,2.09,7,1,4,0,7,0,0,4,1,2,4,3,4,1
4,49,2.43,4,0,4,1,3,0,4,1,3,3,4,4,3,1
9,70,2.6,8,2,3,0,6,0,4,10,3,3,3,0,4,0
1,10,2.26,2,0,3,1,4,1,4,4,4,2,1,4,4,1
6,35,3.81,5,1,3,0,9,1,3,3,0,2,3,3,3,0
13,13,2.21,2,0,2,1,6,0,1,4,0,4,4,0,4,1
9,55,2.92,0,1,2,1,5,0,4,9,1,3,0,0,1,1
4,20,2.88,6,2,1,1,1,0,4,1,0,4,3,1,1,1
13,77,2.83,7,0,2,0,3,1,4,1,3,2,2,3,1,1
2,63,2.51,1,1,3,0,5,0,3,2,0,3,3,1,1,1
8,27,2.81,5,0,3,1,3,0,1,3,1,0,9,1,2,1
14,26,2.36,4,0,0,0,8,0,4,2,3,1,0,3,1,1
8,27,3.85,7,1,4,0,5,1,4,0,4,1,9,0,3,0
7,21,3.71,2,1,3,0,5,0,2,0,8,3,9,0,1,1
12,66,2.79,7,0,4,1,3,1,1,2,0,3,1,3,0,1
14,26,2.15,9,2,3,1,2,0,3,4,4,0,0,0,0,1
11,31,3.593453648225059,3,0,0,0,9,0,4,0,4,1,1,1,3,0
8,40,2.49,7,2,0,0,6,0,2,0,3,0,7,4,3,1
10,60,2.26,5,2,0,0,6,1,2,7,4,0,4,3,3,0
5,88,2.1,4,1,1,1,9,1,10,4,0,3,3,1,1,0
11,68,3.54000913487884,0,2,4,0,8,0,4,0,4,0,2,2,0,0
3,25,3.33,4,1,2,1,5,0,0,7,3,1,0,3,0,0
10,4,3.34,7,2,3,0,3,1,4,8,4,3,0,1,1,0
14,79,3.16,1,2,4,0,0,0,1,3,1,2,2,2,2,0
6,35,2.49,3,0,0,1,7,0,0,2,3,0,4,2,3,0
12,83,2.61,6,1,3,0,6,1,2,0,2,4,2,2,4,0
5,82,2.76,4,2,0,0,7,0,9,3,1,3,3,0,1,0
7,36,2.53,3,2,0,0,7,0,2,2,9,4,8,3,1,1
3,58,3.47,2,1,3,0,7,0,1,9,3,3,2,1,1,0
8,27,3.13,3,1,3,1,9,1,0,1,4,2,8,2,3,1
6,35,3.83,2,1,1,1,6,0,3,2,2,4,2,3,1,1
8,3,3.73,0,1,0,1,0,0,4,0,0,0,8,1,1,1
14,65,3.36,8,0,2,1,1,0,2,1,3,3,4,2,3,1
11,85,3.779476620135189,5,2,1,0,1,1,1,1,2,1,1,1,0,0
7,2,2.85,2,1,1,1,1,0,3,0,8,2,10,4,4,0
12,24,3.41,5,2,0,0,5,1,1,4,0,4,3,4,3,1
0,8,2.78,7,2,0,0,2,0,2,3,4,2,3,3,3,0
14,76,2.88,4,1,1,1,6,0,0,2,1,2,0,1,4,0
11,68,3.620340794862943,8,1,0,1,8,0,1,0,1,2,4,1,4,0
4,69,3.85,3,2,1,0,9,1,3,3,1,2,4,4,1,0
7,19,3.49,3,0,0,0,1,0,1,1,7,4,9,0,0,0
7,21,3.21,5,2,2,1,3,0,1,3,7,3,7,2,2,1
12,66,3.11,5,2,2,1,1,0,3,1,3,4,0,1,3,1
8,3,2.9,7,1,0,0,3,1,3,2,4,2,9,4,1,1
7,62,3.36,7,0,4,0,2,0,2,1,8,3,7,1,0,0
13,67,2.18,9,2,1,0,9,1,4,1,0,1,2,1,0,1
0,50,2.2,2,1,4,1,3,0,1,1,1,3,2,1,2,0
5,82,3.47,2,1,0,1,0,1,9,1,2,3,3,3,0,0
4,72,2.57,5,2,4,0,9,0,1,1,2,1,4,1,4,1
13,77,2.13,2,1,2,0,4,1,1,3,4,1,3,2,2,1
1,7,3.04,8,2,4,0,6,1,1,4,4,0,4,2,2,0
6,28,2.46,5,0,4,0,1,1,0,2,3,1,3,2,2,0
4,20,2.47,5,0,4,0,2,0,1,4,4,1,4,4,2,0
4,72,2.35,7,1,3,1,7,0,0,2,1,4,4,0,4,0
9,54,2.57,1,1,4,0,7,1,2,8,1,2,1,3,3,1
0,9,3.63,5,2,2,1,1,1,2,1,4,1,2,1,3,0
6,84,3.55,7,2,4,0,7,0,0,2,1,3,4,0,4,1
1,47,2.53,2,2,4,1,9,1,0,0,0,2,4,0,0,0
2,14,3.74,3,1,1,0,3,0,0,0,4,0,4,2,3,0
12,83,3.38,9,1,4,0,9,1,2,1,0,4,3,2,3,0
2,34,2.47,0,0,4,0,4,0,3,3,2,4,2,3,2,0
0,9,2.23,5,1,4,1,6,1,0,1,3,0,4,0,4,1
1,10,3.04,9,1,4,1,9,0,0,3,3,4,4,0,3,0
0,53,2.08,7,1,0,0,1,0,0,4,0,0,1,2,3,0
8,1,3.88,2,2,0,1,5,0,0,2,2,0,8,1,2,1
11,71,3.818410732142176,8,0,0,1,6,1,4,4,0,0,3,3,2,0
12,66,3.71,9,2,4,1,7,1,2,1,4,2,1,3,3,0
4,49,2.8,8,0,3,0,8,0,4,1,4,2,4,0,3,0
3,25,2.54,7,2,0,0,4,0,2,10,0,3,2,1,2,0
6,35,2.37,4,2,1,0,3,1,2,3,3,2,3,2,1,0
10,60,2.96,0,1,4,0,4,1,2,9,3,4,4,2,0,0
1,10,2.9,6,2,4,1,4,0,0,2,1,0,2,1,2,1
7,16,3.93,1,2,3,0,7,1,2,0,10,2,8,1,4,0
12,64,2.73,6,1,1,0,6,1,4,0,3,0,2,4,1,1
5,0,3.25,0,1,0,0,0,1,8,2,1,1,1,4,3,1
1,10,3.88,0,1,5,0,4,0,2,0,0,2,1,3,1,1
13,74,2.93,9,0,3,1,6,1,4,3,2,4,0,3,3,0
10,60,2.57,8,1,0,0,1,1,3,7,2,0,4,0,2,0
11,33,3.62494380321545,4,1,0,1,7,1,1,2,0,4,3,1,0,0
3,58,2.61,5,2,2,0,8,0,2,10,2,3,4,0,1,0
0,50,3.02,4,2,0,0,9,0,0,2,3,4,0,3,3,0
13,67,3.11,6,1,0,1,8,1,3,1,1,1,1,0,1,1
0,50,4.0,6,1,2,1,6,0,2,0,2,4,1,2,1,0
12,24,3.38,10,2,0,0,8,0,3,1,1,0,2,4,1,1
0,50,3.21,2,1,0,1,6,0,3,2,2,2,0,3,4,1
0,53,2.79,5,0,4,0,2,0,1,4,0,0,2,2,2,1
1,47,3.19,4,0,3,1,4,0,1,0,0,3,2,2,0,1
4,6,3.28,2,2,2,0,9,0,0,1,0,1,3,3,1,1
12,24,3.84,5,1,3,0,5,1,4,0,4,3,4,1,4,1
0,9,3.3,1,1,3,1,5,0,4,3,3,0,1,2,2,1
14,79,2.08,5,2,0,0,2,0,1,3,3,4,4,0,0,0
10,32,2.68,0,0,4,0,4,0,1,10,2,4,3,2,2,1
3,25,2.43,9,1,3,1,8,1,4,9,3,2,4,4,3,0
4,20,3.6,6,2,2,0,6,0,3,3,0,3,2,3,2,0
5,82,3.39,0,2,0,1,3,1,8,3,4,0,1,1,0,0
11,33,3.629196323935185,6,2,3,0,9,1,1,0,2,1,1,3,2,0
10,59,3.91,3,1,1,1,0,1,3,8,0,4,1,2,4,1
2,14,2.03,6,0,3,0,4,0,0,4,0,4,4,4,4,0
1,47,3.29,1,0,5,0,6,0,1,2,4,3,3,3,2,1
3,46,2.62,8,0,1,0,2,0,0,9,1,3,1,0,3,0
8,51,2.04,5,0,1,1,4,1,2,0,1,3,8,0,1,0
8,1,2.11,5,0,1,1,0,0,4,2,1,0,7,0,2,0
11,31,3.5181703741581214,8,2,2,0,1,0,0,3,4,1,4,2,3,1
1,45,2.31,7,0,4,1,6,0,3,0,2,4,4,3,3,0
2,15,3.01,2,0,1,0,0,0,0,4,4,0,4,0,0,0
1,10,2.38,2,1,3,0,8,0,0,4,4,1,0,1,2,1
4,69,3.56,3,0,0,0,1,1,0,4,2,2,0,2,0,0
3,25,3.69,5,2,4,1,0,1,0,9,4,1,2,0,1,0
6,28,3.59,3,0,1,0,7,0,1,4,3,0,1,0,0,1
13,13,3.61,4,1,1,0,2,0,0,2,2,3,2,2,2,1
2,34,3.16,3,0,1,1,1,1,2,3,0,3,0,4,2,1
3,46,3.86,9,2,4,0,6,1,1,8,2,3,4,3,0,1
2,15,3.83,8,2,1,1,4,1,1,2,3,0,4,2,1,1
9,70,3.24,9,0,0,0,8,1,1,8,0,3,0,4,4,1
3,25,2.66,9,2,3,1,1,0,0,8,2,3,4,2,0,1
6,84,3.79,8,0,1,0,6,0,4,1,2,2,3,3,0,1
7,5,3.64,4,1,0,0,7,1,2,0,10,1,9,3,1,0
0,87,3.1,7,2,3,1,1,0,1,1,1,4,3,1,1,1
3,37,3.16,5,0,4,0,0,1,2,9,3,4,2,3,0,1
5,30,2.99,9,0,3,1,9,1,10,2,4,0,1,3,1,1
7,19,2.66,7,0,4,1,9,0,2,1,7,4,9,3,3,0
13,74,3.22,6,1,1,1,3,0,0,2,1,0,4,1,0,1
7,62,2.69,9,0,1,1,9,1,4,0,8,4,7,3,1,1
9,54,3.78,4,1,2,1,6,1,1,10,4,2,3,1,1,0
11,31,3.542701242145437,3,1,3,0,9,0,4,2,0,2,1,4,4,1
10,59,2.67,8,2,1,0,4,1,2,8,2,2,4,1,1,0
4,6,2.24,2,1,4,0,4,0,3,4,0,0,4,2,0,1
0,50,2.13,5,1,4,1,3,0,0,1,2,2,3,4,1,1
12,23,3.2,7,2,3,0,0,0,4,3,2,3,1,4,4,1
6,28,2.68,7,1,1,0,0,1,2,2,4,2,3,0,2,1
7,19,3.64,6,1,2,0,4,0,4,3,8,4,10,0,2,1
1,10,3.05,5,2,4,0,0,0,1,3,1,4,2,0,0,1
4,69,2.46,4,0,3,0,0,1,3,4,4,0,1,1,3,1
4,69,3.51,1,1,4,1,7,1,2,3,4,3,3,0,1,0
14,26,3.9,5,0,1,1,6,0,4,3,2,1,4,0,1,1
8,3,3.77,5,1,0,0,6,0,3,2,4,2,7,3,0,1
7,41,2.03,4,2,3,1,5,1,3,2,10,4,8,2,4,0
11,71,3.708984254006944,7,0,0,1,9,0,3,1,3,4,0,2,2,0
4,69,2.78,2,0,3,0,3,0,3,1,1,0,1,1,4,0
8,27,3.94,3,0,3,0,3,1,0,2,1,0,8,3,4,1
6,75,2.02,1,0,4,0,3,1,0,4,4,0,1,1,2,1
12,83,2.84,7,1,0,0,5,1,4,2,4,0,2,2,4,0
0,8,3.59,6,0,3,1,2,1,1,0,4,0,0,0,4,0
0,87,2.8,7,2,2,0,1,1,3,1,1,1,1,0,0,0
0,8,3.83,0,2,4,0,4,1,2,1,4,2,3,4,4,1
12,23,2.13,6,2,4,1,9,0,1,1,3,1,1,3,0,1
12,83,2.71,8,2,4,0,9,0,0,3,4,0,3,3,0,1
6,28,3.53,2,0,3,1,1,1,2,3,1,0,3,2,0,0
7,16,2.27,4,0,1,0,4,0,3,4,10,3,7,3,3,0
12,66,3.74,8,0,0,0,6,1,2,4,1,4,0,2,2,0
10,61,2.73,0,1,3,0,2,0,2,10,4,4,1,3,3,0
1,45,2.39,0,1,3,0,5,1,3,0,1,3,3,3,2,0
9,57,2.34,1,2,2,0,7,1,1,8,4,3,0,4,1,1
10,60,2.89,1,2,4,0,5,1,0,10,4,0,4,4,3,0
14,22,3.5,7,0,3,1,7,1,4,0,2,2,3,2,0,1
4,72,2.2,3,2,0,0,6,1,2,0,4,1,3,2,4,1
2,44,3.47,1,1,1,0,8,0,0,0,4,0,1,3,2,1
3,25,3.1,1,2,2,1,1,0,3,10,0,1,1,0,0,1
7,16,3.47,3,1,2,0,7,1,1,0,7,3,9,3,3,1
0,9,2.33,1,0,3,0,7,1,1,0,3,4,1,4,3,0
5,0,2.5,3,0,2,1,9,0,8,2,0,4,0,4,2,1
2,63,2.2,8,2,2,1,5,0,1,4,1,2,3,1,3,1
0,8,3.96,2,0,3,0,8,0,4,2,4,4,0,1,3,0
14,76,3.06,0,1,1,1,3,1,3,2,4,2,4,2,2,1
13,67,2.79,4,0,3,1,6,0,4,4,4,0,1,1,0,1
4,6,2.21,1,0,4,1,9,0,2,3,0,3,4,3,1,0
6,35,3.23,0,0,2,0,8,0,2,3,3,0,3,2,1,0
11,68,3.758503141604854,4,0,0,1,8,1,0,3,3,3,2,0,1,0
8,1,3.19,8,0,4,0,0,1,3,0,3,2,8,4,1,0
6,75,3.41,5,1,1,1,1,1,0,3,1,0,1,1,4,0
0,53,2.01,1,2,2,0,6,1,0,0,0,4,3,4,2,0
11,31,3.7717422142915074,5,2,3,1,3,1,4,0,4,1,1,1,2,1
4,49,2.59,0,2,3,1,3,0,0,0,1,0,1,4,2,0
13,13,3.03,9,2,0,0,3,0,3,3,3,2,0,0,3,1
10,18,2.22,7,0,4,1,7,1,1,8,4,3,0,4,3,1
9,57,3.11,8,1,1,1,8,0,1,10,2,1,1,4,2,1
7,16,3.25,4,1,2,1,9,0,0,0,8,0,8,0,1,0
2,63,2.72,5,0,3,0,2,0,0,0,1,2,4,3,0,1
3,25,2.81,5,1,2,0,0,0,0,8,4,4,2,1,1,0
2,44,3.41,3,0,4,0,6,0,0,2,2,4,0,2,1,0
13,74,3.61,4,1,0,0,6,0,2,0,2,1,3,0,4,1
4,72,2.13,0,2,1,0,6,0,2,2,4,2,4,1,3,0
5,29,2.35,1,0,4,0,0,1,8,0,3,2,2,0,4,1
9,56,3.69,7,1,2,0,9,1,4,7,1,2,2,4,1,1
7,5,2.74,1,0,3,1,4,1,0,0,9,0,10,4,3,1
5,88,2.31,0,1,0,0,4,0,9,0,0,0,4,2,0,1
4,20,2.5,1,2,2,0,8,1,1,3,0,3,2,3,0,1
6,75,2.81,6,0,4,1,1,0,4,2,2,2,2,1,3,1
9,57,3.2,1,0,1,1,1,1,4,7,1,3,2,1,1,0
14,76,2.81,1,2,4,0,3,1,0,2,1,0,2,2,3,0
3,58,3.87,4,2,4,1,3,0,4,10,0,1,4,1,2,0
3,58,3.52,5,2,1,0,1,1,4,9,3,3,1,0,2,1
4,49,2.45,9,2,4,0,2,0,2,2,0,0,4,3,3,0
5,88,2.43,6,1,1,1,5,1,10,2,0,0,2,4,3,1
14,22,3.46,7,0,4,1,6,1,1,4,0,0,3,1,2,0
9,54,2.73,5,1,0,1,9,0,4,7,0,3,2,2,0,1
3,25,2.27,0,0,3,1,4,0,3,8,2,1,1,1,1,0
10,81,3.25,8,1,1,1,8,0,1,10,4,1,4,3,1,0
11,33,3.928514514165289,4,1,1,1,1,0,3,1,1,3,0,1,1,0
9,54,2.52,2,2,2,1,6,0,4,8,2,4,3,2,2,0
2,44,2.07,1,1,1,0,7,1,4,3,0,1,0,0,2,0
5,0,3.77,2,2,2,0,4,0,9,0,2,2,0,4,3,1
4,72,3.8,1,0,2,1,9,1,0,3,2,3,3,3,4,1
7,41,2.61,9,1,4,1,4,1,0,4,9,0,7,2,1,1
0,9,3.7,4,0,2,0,3,1,3,4,2,4,3,2,3,0
14,42,3.73,5,0,4,0,6,0,1,2,1,0,4,1,1,1
3,46,2.07,2,0,3,1,7,0,3,8,3,2,1,3,1,0
4,72,2.05,0,2,0,0,9,0,4,1,4,1,0,3,1,1
5,43,2.94,5,0,1,1,8,0,7,1,3,0,1,2,3,0
3,25,2.43,5,2,0,0,8,1,0,8,0,3,3,1,2,0
10,61,3.38,1,2,4,1,0,0,4,8,2,1,2,1,1,0
7,41,2.63,1,0,2,1,5,0,0,4,7,2,7,4,3,1
8,1,3.15,7,1,0,1,1,1,3,0,2,1,8,0,2,0
5,0,3.3,3,1,2,0,6,0,9,3,2,1,0,3,4,0
1,47,2.21,7,1,4,1,8,1,0,1,3,2,1,0,2,1
9,52,2.22,8,1,3,0,8,0,0,7,4,3,0,2,1,1
3,37,3.18,8,1,3,0,4,1,3,10,0,1,1,0,0,1
7,41,4.0,6,0,3,0,8,1,0,2,7,0,10,1,2,1
0,53,2.38,6,0,1,1,9,1,2,3,3,1,2,2,2,0
7,2,3.56,6,0,3,1,7,0,3,4,7,1,7,0,0,1
6,75,2.32,1,0,4,1,9,1,2,1,3,2,2,4,3,0
2,17,2.01,7,2,1,1,9,0,4,2,0,3,0,0,1,1
8,51,3.42,9,1,2,0,4,0,3,1,2,2,10,0,0,1
14,26,2.27,6,1,3,1,1,1,2,4,1,0,4,4,0,0
12,24,2.56,6,0,1,0,0,1,1,3,3,1,4,1,4,0
3,46,3.56,2,0,2,1,4,0,4,7,3,0,3,0,1,1
14,80,2.1,1,0,2,0,4,1,1,3,1,3,2,2,3,1
1,10,2.45,2,2,5,1,8,1,3,2,3,0,2,1,0,1
9,55,2.97,0,1,0,0,8,0,1,8,4,3,4,3,3,1
8,1,3.39,0,0,2,1,2,0,3,0,1,0,8,2,2,1
6,28,2.48,5,0,0,1,9,1,1,1,3,0,1,4,0,1
2,15,3.48,2,0,4,0,7,0,1,0,0,3,1,4,2,0
5,88,3.88,5,2,2,0,4,0,9,0,2,1,3,3,0,0
10,32,2.93,8,0,4,1,2,1,2,9,0,3,4,2,3,0
7,21,3.73,7,2,4,1,5,1,2,2,7,0,7,0,2,1
14,65,3.62,2,2,4,0,3,1,3,2,1,4,4,0,3,0
11,85,3.793673895621514,6,0,0,0,8,0,2,4,0,3,2,4,4,1
2,89,3.69,4,1,2,1,7,0,1,1,0,1,0,2,4,1
5,88,3.38,6,0,2,1,7,0,7,0,0,2,1,3,1,1
0,50,2.55,7,2,2,1,6,1,3,3,3,3,3,2,3,1
9,54,3.76,8,2,3,1,6,1,1,8,0,4,4,4,4,1
7,16,3.39,3,2,0,0,7,0,2,4,9,4,8,3,0,1
12,24,3.36,8,0,4,1,4,0,2,3,4,0,2,3,1,0
5,43,3.81,4,2,0,1,2,1,7,1,2,0,2,1,4,1
9,54,2.07,5,0,1,0,2,0,4,9,3,4,2,0,0,1
8,3,2.21,9,0,0,1,9,1,0,4,1,3,8,4,3,0
5,43,3.5,1,0,0,1,4,1,9,1,3,1,4,0,2,1
10,81,3.22,0,2,3,1,9,1,3,7,0,3,0,4,0,1
10,61,3.86,1,2,1,1,4,0,1,7,1,1,4,1,4,1
11,33,3.987543584853841,1,2,2,0,3,1,4,0,1,1,0,0,4,0
12,66,3.42,9,0,1,1,8,1,3,4,0,4,3,0,3,0
2,89,3.77,8,2,0,0,6,1,2,3,1,0,3,0,4,1
6,75,3.78,7,0,0,1,9,1,0,1,0,3,0,2,1,1
8,3,3.51,7,1,3,0,3,1,0,4,2,1,10,1,4,0
8,40,3.71,6,0,2,1,2,1,2,4,2,2,10,3,0,1
1,47,3.73,8,0,4,1,8,0,3,3,1,4,0,1,1,1
0,53,3.67,5,2,0,0,4,0,4,4,4,0,2,1,2,0
10,18,3.21,1,1,3,0,1,1,0,10,1,0,4,1,3,0
4,69,2.85,8,0,3,0,8,0,1,4,4,0,3,4,3,1
9,55,3.08,5,0,3,0,5,0,3,7,4,3,3,3,4,0
6,75,3.57,8,0,1,0,9,1,1,0,4,0,2,3,1,0
4,69,2.47,6,1,4,0,9,1,2,3,4,3,2,0,1,1
7,62,3.34,6,2,0,1,0,0,4,1,8,4,9,0,1,1
1,10,2.34,2,1,5,1,3,1,4,3,2,2,2,0,0,0
14,11,3.38,6,1,3,1,2,1,3,1,4,0,3,1,0,0
14,76,3.69,3,0,0,0,7,1,1,3,1,4,2,3,0,1
12,66,2.36,8,1,2,0,5,1,0,0,4,4,0,3,0,1
10,4,3.8,5,2,1,0,7,1,2,10,2,2,4,1,4,0
13,13,3.03,9,0,0,1,2,0,0,4,1,3,4,0,2,0
14,42,2.65,3,1,2,1,1,0,2,2,0,4,3,2,2,1
11,85,3.970607347060343,6,0,0,0,3,0,4,1,4,0,3,2,0,0
0,8,2.74,1,1,4,1,1,1,4,2,1,1,2,0,1,0
12,64,2.87,9,1,4,1,1,1,0,0,4,4,4,0,0,1
13,13,2.02,1,1,3,0,1,0,4,1,4,0,1,2,3,0
12,66,3.45,5,0,3,0,6,0,3,3,0,2,4,0,0,1
12,83,2.85,5,1,3,0,8,0,3,3,3,2,1,3,1,1
5,43,2.41,1,1,1,1,5,1,10,2,2,2,1,0,1,0
6,86,3.93,5,1,0,1,4,0,4,2,1,0,4,0,2,1
5,88,2.12,8,1,0,0,3,0,9,2,0,0,0,0,4,1
14,42,3.34,0,2,2,0,7,1,4,4,1,2,2,4,0,0
8,78,2.64,8,0,0,0,0,0,3,1,4,4,7,1,3,0
8,51,2.96,0,2,1,0,6,0,0,1,1,2,7,1,2,0
5,82,3.29,5,0,4,1,0,0,8,2,1,3,3,4,4,1
9,55,2.32,2,0,1,0,6,0,1,8,3,2,3,1,3,1
0,50,3.85,3,0,3,1,2,1,0,4,4,3,2,0,3,0
11,71,3.609694694598123,7,1,2,0,2,0,4,3,2,4,0,1,2,0
1,12,2.36,2,0,3,1,0,1,1,1,2,0,1,3,3,1
1,12,3.51,9,1,5,1,5,1,4,0,1,2,3,0,1,1
7,21,3.99,3,0,3,0,5,1,4,3,7,1,9,2,3,1
9,56,3.44,8,2,2,0,9,0,0,10,4,3,1,3,3,1
0,9,3.78,7,2,2,0,7,1,0,2,3,3,4,0,2,0
12,83,2.55,7,1,0,0,8,0,0,2,1,4,0,4,2,0
4,69,2.93,0,1,0,1,2,0,3,2,1,1,0,1,2,1
10,4,3.6,6,1,2,1,2,1,4,8,0,3,2,3,1,0
6,86,2.28,9,0,3,1,5,0,2,2,3,2,2,3,0,1
7,36,3.89,4,0,0,0,1,0,2,3,10,4,10,4,2,1
6,86,2.73,9,0,0,0,9,0,2,4,2,2,2,4,2,0
1,45,2.13,3,1,3,0,0,0,4,1,2,3,2,4,3,1
2,15,3.92,7,0,3,0,1,1,4,4,2,0,3,2,2,1
0,53,2.24,5,0,3,1,9,0,4,0,2,2,2,3,4,1
9,70,2.67,8,2,4,1,9,1,0,8,2,1,3,4,0,1
3,37,2.76,1,1,0,1,3,0,1,7,4,2,4,3,0,1
13,67,3.31,4,0,0,0,1,1,3,2,0,1,2,4,0,0
10,60,2.95,8,2,2,1,4,0,2,8,0,0,1,2,1,1
8,27,3.59,2,1,1,1,0,1,2,1,3,3,10,1,1,1
2,63,2.17,1,1,2,1,0,0,0,4,0,0,4,0,0,1
5,29,2.62,4,1,3,1,3,1,9,2,3,3,0,4,2,0
3,37,3.66,4,0,1,1,5,1,4,8,3,1,2,4,4,0
10,61,3.64,8,2,1,1,5,1,1,8,0,1,4,4,1,1
5,29,2.86,6,0,1,1,9,0,8,1,2,3,4,0,3,1
3,37,2.39,1,2,4,0,4,0,0,8,0,0,0,4,0,0
13,77,3.72,4,2,3,1,9,0,3,1,3,4,0,4,3,0
1,45,3.56,5,0,3,1,4,0,0,4,1,2,0,3,2,1
3,58,3.35,9,0,3,0,0,0,0,10,3,2,2,0,3,1
5,29,4.0,5,0,2,0,0,0,7,3,3,1,3,1,3,1
4,72,2.7,0,2,3,1,5,0,4,2,0,4,0,0,1,0
12,66,2.77,6,2,3,0,3,0,2,0,1,1,1,2,2,1
2,34,2.03,5,2,2,0,6,1,3,0,0,3,1,3,0,0
2,17,2.85,5,2,0,0,0,0,4,4,3,3,0,3,4,1
5,29,3.3,5,1,3,1,3,1,9,1,3,0,3,2,3,1
6,35,2.02,4,0,2,1,7,0,1,0,2,4,3,4,0,1
2,44,3.77,2,1,1,0,9,0,0,2,3,0,0,1,0,1
14,11,3.57,4,1,0,0,4,0,0,0,0,1,4,2,2,0
9,52,2.84,9,0,3,0,5,0,0,10,4,0,0,3,0,0
0,53,3.16,2,2,0,0,3,1,2,2,3,3,4,4,1,0
9,55,2.32,2,0,2,0,6,0,2,8,2,0,3,2,2,0
11,85,3.859599847797884,7,2,0,1,8,1,4,1,0,0,2,3,2,1
7,62,2.37,3,0,0,1,0,1,3,1,8,4,8,0,2,1
14,79,2.67,3,2,3,0,3,0,2,1,1,1,1,1,3,1
1,12,3.64,3,2,5,0,2,0,4,3,1,1,3,2,0,0
2,63,3.65,8,0,3,0,4,1,3,0,0,2,2,3,2,0
8,27,3.68,6,2,0,0,4,0,0,1,4,3,10,4,2,0
0,9,2.8,8,2,0,0,5,1,0,1,3,1,3,4,4,1
11,31,3.700626291601864,1,0,4,0,4,0,2,1,4,1,1,0,2,0
14,22,3.7,3,2,0,0,1,0,0,3,0,3,0,4,3,0
13,13,3.03,8,2,1,0,8,1,4,2,0,0,0,0,4,1
8,27,3.41,2,2,1,1,0,1,1,4,3,3,10,1,1,0
12,24,2.49,7,0,0,0,0,0,4,0,4,1,1,1,4,0
7,2,3.82,8,0,1,0,3,0,4,1,7,3,9,3,3,0
3,37,2.22,6,2,1,1,2,1,3,9,0,0,2,2,3,1
13,74,3.95,6,1,3,1,2,1,1,3,3,2,1,0,2,1
4,6,3.72,1,2,1,1,6,0,3,4,1,3,3,3,2,1
8,78,3.68,2,0,2,0,6,0,4,0,1,2,8,2,4,1
14,79,2.54,7,1,2,1,3,0,3,2,4,0,2,1,3,1
1,12,3.82,1,1,5,1,2,1,4,0,2,2,2,1,2,0
6,75,3.92,6,1,0,0,9,0,2,2,4,1,4,3,1,1
7,41,2.85,4,1,3,0,2,1,2,2,7,4,8,3,0,0
13,67,3.25,6,2,3,0,9,0,3,1,1,1,3,1,3,1
0,87,3.04,1,2,3,0,9,0,4,3,3,1,0,2,3,0
7,62,2.82,2,2,0,1,0,1,4,1,10,2,7,1,0,0
2,89,3.0,3,2,0,1,2,1,3,2,4,0,3,3,3,1
8,27,2.71,0,1,4,1,9,0,3,0,0,1,7,0,0,0
1,10,2.65,4,1,4,0,3,0,3,1,0,0,1,1,0,1
0,87,3.66,9,1,1,1,3,1,4,1,1,0,4,2,0,0
6,86,3.99,8,2,1,1,1,1,0,0,1,1,2,3,3,1
3,25,3.03,0,1,4,0,3,0,4,7,1,4,3,0,3,0
13,67,2.36,9,0,3,1,7,1,2,2,1,3,4,2,0,0
14,79,3.8,8,2,4,0,2,0,3,2,0,1,2,3,1,0
0,9,3.96,7,1,0,0,6,1,2,4,3,1,1,3,3,1
4,72,3.62,9,0,0,1,0,0,3,2,0,3,2,4,4,0
0,87,3.38,3,2,0,1,9,0,0,4,4,3,2,2,0,0
1,12,3.34,5,0,3,0,7,1,2,2,0,2,0,2,1,0
0,87,3.31,4,2,0,0,8,1,2,4,0,2,0,4,2,1
4,69,3.27,4,1,2,0,5,1,3,3,1,4,0,0,1,1
14,11,3.3,3,1,4,0,9,1,3,4,0,0,2,0,1,0
0,8,3.3,6,2,0,1,9,0,3,1,1,4,3,4,0,0
5,82,3.42,2,2,0,1,0,0,7,2,1,4,0,2,3,0
12,64,2.03,8,2,4,0,7,1,0,3,4,1,2,1,0,0
8,51,3.73,3,2,0,0,5,1,3,0,2,2,8,3,3,1
11,33,3.502442233010126,1,2,0,0,6,1,0,1,3,1,2,2,2,1
10,61,3.25,5,2,3,1,6,1,3,8,3,2,3,2,2,0
12,66,2.78,9,2,2,1,6,0,0,3,0,4,4,2,2,0
8,1,3.31,1,1,4,1,7,0,1,4,2,4,10,4,0,1
4,6,3.64,4,1,3,1,6,1,0,0,2,2,1,0,1,0
13,13,2.09,0,0,1,0,6,1,4,3,0,3,4,1,3,1
9,52,3.8,5,0,3,1,6,1,0,7,2,0,0,4,4,1
3,58,2.43,7,2,4,0,5,0,3,9,0,2,4,1,2,0
2,17,2.7,8,0,1,1,4,1,4,4,4,0,4,2,2,0
13,13,2.63,1,0,4,1,5,1,0,1,4,0,3,3,3,1
13,77,2.17,3,2,0,1,1,0,1,1,0,3,2,0,4,1
5,0,3.76,5,2,2,0,2,1,8,1,4,2,4,3,3,1
6,86,3.37,2,2,0,0,7,1,2,1,0,0,3,3,2,0
0,87,3.91,3,1,4,1,6,1,4,4,0,0,2,0,4,0
3,25,3.39,1,2,2,0,4,0,4,8,2,4,0,2,0,1
5,29,3.12,9,2,0,1,8,0,10,4,0,1,1,4,4,0
11,33,3.710887120968063,1,2,3,1,2,1,4,4,3,1,1,0,2,1
9,55,2.86,1,0,0,1,5,1,3,9,0,3,3,0,4,1
4,49,3.09,2,0,1,1,6,0,0,4,1,3,2,2,4,0
2,89,3.57,8,0,0,1,7,1,1,4,1,0,2,1,1,0
11,68,3.631255145241583,7,1,2,0,6,1,0,4,0,1,4,3,1,0
11,73,3.615489655264032,4,1,0,0,1,0,4,0,2,2,0,2,2,1
6,86,2.13,3,2,3,0,9,1,2,1,4,4,4,4,2,1
1,12,2.18,3,2,3,0,7,0,3,2,1,0,1,1,4,1
3,37,3.66,3,2,4,1,7,0,0,8,1,0,4,0,1,0
12,83,3.53,8,1,3,1,3,0,4,0,1,0,3,0,0,0
3,58,2.19,8,2,3,1,9,0,2,10,1,2,0,1,4,1
13,67,3.7,5,1,1,1,3,1,2,1,2,0,0,2,4,0
5,88,3.86,1,2,3,1,6,1,9,1,0,0,1,2,0,1
1,7,2.38,9,0,5,0,6,0,1,1,1,0,3,3,0,0
1,12,3.78,5,2,5,0,5,1,0,1,1,2,0,1,3,0
2,14,3.01,4,1,4,0,2,1,0,2,4,3,2,2,0,1
14,48,3.8,8,0,2,0,5,1,0,2,1,2,1,3,3,0
11,73,3.705973274306132,4,0,3,1,3,1,4,0,3,4,1,1,0,0
1,47,3.41,5,2,5,0,4,0,2,1,2,4,4,4,4,1
4,72,3.23,3,0,4,0,6,0,3,3,0,1,1,1,0,1
14,22,3.92,2,2,0,1,6,0,3,3,1,4,2,3,2,1
4,49,2.08,2,0,0,1,9,0,1,1,3,2,0,1,4,0
0,53,2.33,1,2,0,0,5,0,4,2,3,0,3,0,0,0
1,47,3.5,8,1,5,1,8,0,2,2,4,0,3,0,4,1
4,72,2.48,9,1,4,1,1,1,0,2,0,0,1,2,1,0
5,43,3.25,4,1,1,0,7,0,7,3,4,0,3,3,1,0
1,47,3.3,4,2,3,1,0,1,2,4,0,4,1,2,3,0
4,72,3.44,4,0,0,0,7,0,0,1,2,1,0,1,3,0
13,77,2.37,2,2,3,1,7,1,0,2,2,4,1,1,3,1
14,65,2.05,1,1,0,0,5,1,2,1,0,3,2,3,3,0
13,13,3.28,3,1,1,1,7,1,4,1,0,2,1,0,1,0
14,42,2.21,1,1,0,0,2,1,4,3,0,0,3,2,2,0
10,59,3.85,8,2,3,1,3,1,3,8,2,3,1,3,1,1
8,51,3.84,8,2,2,0,8,0,1,3,0,3,10,3,0,1
10,18,2.95,4,0,0,0,8,0,4,7,3,4,0,2,0,0
10,4,3.62,5,1,0,1,3,1,1,7,3,3,3,1,0,0
14,11,2.67,2,2,2,0,1,1,1,3,2,3,0,1,2,0
12,64,2.35,6,0,4,1,7,0,4,3,0,1,3,0,1,0
14,65,3.8,1,0,2,0,3,1,3,2,4,0,0,1,4,0
5,43,3.16,3,1,4,1,1,1,8,2,3,1,4,3,1,0
14,79,3.62,6,2,0,1,1,0,0,4,2,1,2,2,3,1
3,58,3.6,1,0,1,0,3,1,4,8,1,0,2,2,0,0
14,22,2.61,3,1,4,1,5,1,3,1,3,1,1,2,3,0
8,27,2.41,5,1,2,0,0,1,4,0,2,2,10,0,4,0
10,60,3.92,9,1,1,0,1,0,1,7,0,0,3,4,4,0
13,77,2.3,3,2,3,1,6,0,3,4,4,4,3,3,3,1
4,72,3.83,8,0,1,0,4,1,1,0,4,3,1,2,1,0
0,50,3.92,9,2,4,0,8,1,3,4,2,4,0,2,1,0
1,45,3.35,9,2,3,0,7,1,4,3,4,3,2,4,4,1
2,44,2.45,5,2,2,1,6,0,1,2,1,4,1,2,3,0
2,14,2.3,6,2,0,0,4,1,3,2,4,4,1,0,4,0
6,35,2.94,1,1,2,0,6,1,3,1,4,2,1,1,1,0
12,83,2.5,8,1,4,0,1,0,2,1,0,4,4,1,0,1
7,19,3.26,8,1,4,1,6,1,4,3,8,3,10,2,3,1
6,35,3.57,7,0,0,0,9,0,0,3,4,2,4,0,2,1
12,83,2.52,5,2,1,1,9,0,4,4,4,2,2,4,3,1
2,89,3.15,5,1,0,1,9,0,4,3,2,3,3,3,3,1
9,57,3.51,1,2,3,0,7,0,4,9,0,3,2,0,2,0
6,86,3.83,3,2,4,1,1,0,2,0,2,2,4,4,4,0
9,52,3.39,2,2,1,0,9,1,4,8,2,2,1,0,2,1
9,54,2.93,6,1,4,1,1,1,0,8,2,4,0,4,3,0
1,12,3.21,1,0,5,1,9,1,4,1,0,2,2,4,3,0
3,37,2.66,9,0,4,1,3,0,0,9,4,2,4,0,1,0
5,88,3.99,5,2,3,0,3,1,8,2,3,3,3,3,3,1
12,24,3.64,9,1,0,1,0,0,1,4,0,1,3,4,4,0
11,73,3.707163507010104,6,2,0,1,1,0,4,2,3,0,1,2,0,0
2,89,3.71,4,2,3,1,6,1,4,2,2,0,1,0,3,0
10,59,2.64,1,2,4,1,1,1,0,8,3,0,4,4,4,0
14,65,3.39,9,2,2,1,6,0,2,0,1,4,2,4,2,1
2,34,2.66,3,0,2,1,6,1,2,2,4,1,2,0,4,1
13,77,3.91,3,0,3,0,4,1,1,0,1,1,3,2,0,1
0,8,2.66,3,1,3,0,6,0,2,1,0,2,3,0,1,1
11,73,3.646257510170516,8,2,4,1,9,0,1,2,4,1,4,0,4,0
13,74,3.47,4,0,0,0,5,1,4,2,1,2,3,1,4,1
1,10,3.39,7,0,4,0,5,1,4,1,4,3,2,4,3,1
2,15,2.12,1,2,3,1,5,0,0,0,4,4,3,2,3,0
8,51,2.78,2,0,0,0,9,0,4,4,4,0,8,3,1,0
12,66,3.96,5,1,2,0,7,1,3,2,4,1,3,3,3,1
7,41,2.57,6,2,0,1,7,1,2,0,8,1,7,3,2,0
13,74,2.18,1,1,4,0,1,1,0,2,2,4,3,2,2,0
4,69,2.29,8,2,1,1,4,1,1,2,4,4,4,2,1,0
12,24,3.21,9,0,3,0,3,0,4,0,0,3,1,1,1,0
3,46,3.54,3,0,1,1,5,1,1,7,2,2,0,2,3,0
0,8,3.12,0,1,3,1,8,1,2,1,3,2,0,4,3,1
6,28,3.24,6,2,4,1,9,0,0,4,3,0,0,3,4,0
9,70,2.65,2,0,1,0,4,0,0,7,4,2,0,1,3,1
3,46,3.07,6,2,1,1,2,1,0,7,1,4,4,1,3,1
14,65,2.88,6,2,2,1,8,1,0,0,1,3,0,1,3,0
10,18,3.6,0,2,4,0,1,1,1,8,3,0,1,4,2,0
4,49,3.29,5,2,2,1,2,0,0,3,4,0,0,2,1,0
14,26,3.53,4,0,1,0,4,1,3,4,2,4,1,0,4,0
6,86,3.21,7,0,1,0,8,1,1,0,2,0,3,4,2,0
2,63,3.24,4,0,0,0,8,1,2,1,0,1,4,4,4,1
5,30,2.16,1,1,4,0,5,1,8,3,1,3,0,3,3,0
6,86,2.05,9,2,3,1,0,1,1,4,0,2,4,1,1,0
9,54,2.96,1,1,0,1,0,1,4,9,0,2,3,0,2,1
3,58,2.18,6,0,1,0,0,0,1,9,1,3,3,4,0,1
4,6,2.25,8,0,4,0,3,0,0,3,2,3,4,4,1,1
7,21,2.94,9,0,2,0,3,1,3,4,9,3,7,3,3,0
1,12,3.65,6,1,3,1,3,0,3,4,1,1,0,0,4,0
1,7,2.09,2,2,5,1,7,1,2,4,1,0,2,0,4,0
7,36,2.61,3,0,0,1,2,1,4,0,7,2,9,3,2,0
6,84,3.52,5,1,4,0,6,1,1,3,2,0,4,3,4,0
11,73,3.6041159043041073,9,0,3,1,5,0,1,2,4,3,3,2,4,0
3,46,2.42,5,0,3,0,7,1,0,7,4,4,1,0,0,0
3,37,2.55,4,1,1,1,4,1,4,7,3,3,2,1,2,0
14,42,2.23,0,0,1,1,3,0,0,0,2,3,1,2,1,1
10,81,3.09,7,2,2,0,0,0,2,8,2,4,3,3,0,1
5,30,3.01,2,1,3,0,7,0,7,3,3,0,2,3,3,0
3,25,2.29,2,2,4,0,6,1,1,7,3,2,0,4,0,0
7,2,3.59,1,1,4,0,7,1,1,3,9,2,10,0,0,1
0,50,3.92,5,0,1,1,1,1,1,4,1,3,4,1,2,1
12,66,2.93,5,1,0,1,8,1,3,0,1,0,2,4,2,1
13,13,3.54,6,0,0,1,1,1,3,3,0,0,2,3,3,1
13,77,2.42,8,2,2,0,9,1,3,2,4,3,0,2,2,0
11,85,3.654866624473006,7,0,2,0,8,1,3,3,0,0,3,0,0,1
9,52,2.78,8,0,3,0,6,1,4,7,1,3,3,3,1,1
14,48,2.56,3,1,1,0,2,0,4,1,1,0,3,1,4,0
11,31,3.53815122708704,0,0,0,1,9,0,3,4,0,1,3,2,1,1
2,14,3.37,5,1,0,1,3,1,2,2,4,3,1,4,0,0
0,53,2.85,8,2,1,1,9,0,0,0,4,4,3,3,1,1
4,20,2.96,8,0,0,1,4,0,0,4,0,3,3,1,2,1
12,66,2.42,7,0,2,1,7,0,3,4,1,0,2,0,0,1
14,79,2.73,4,2,3,0,5,1,3,4,1,3,3,3,3,0
14,22,2.47,9,1,4,0,7,0,1,2,1,1,2,3,4,0
11,71,3.818066833864033,9,1,3,0,2,1,2,0,4,4,3,0,4,0
11,31,3.722864910451434,6,2,2,1,0,0,4,0,1,3,0,0,1,0
14,26,3.66,1,0,4,1,5,0,3,4,4,1,4,3,4,0
7,5,3.2,4,0,4,1,9,0,2,3,10,1,10,4,3,0
3,58,2.27,4,1,1,1,1,0,0,9,1,4,1,3,0,1
4,49,3.8,4,1,4,0,5,0,2,2,1,2,2,4,1,1
5,82,3.78,9,1,3,1,8,0,10,1,3,0,1,2,3,0
12,83,2.52,5,0,2,1,0,0,1,3,0,2,1,1,3,0
3,46,3.09,4,2,2,0,0,0,2,10,1,3,1,4,4,0
1,10,2.08,9,1,4,1,4,1,0,1,0,0,2,4,4,0
12,64,2.94,10,2,3,1,1,1,0,3,0,3,3,4,1,1
9,54,2.37,1,1,4,0,1,1,2,9,1,3,3,1,0,1
10,59,3.92,9,0,4,1,6,0,4,10,4,2,1,0,1,1
12,24,2.46,10,0,3,0,0,0,0,0,3,3,3,1,0,1
3,58,2.92,8,0,3,1,0,0,4,7,3,4,2,0,2,1
1,10,3.41,5,2,5,0,1,1,1,1,2,3,3,4,0,1
9,55,3.08,5,0,3,0,1,0,4,7,0,4,0,2,0,0
14,79,3.63,4,0,3,0,9,1,2,0,0,2,3,1,3,1
0,50,3.72,4,1,0,1,7,0,3,4,3,2,1,2,2,0
10,18,2.16,2,2,0,0,2,0,1,9,0,1,2,1,1,0
7,21,3.05,5,2,1,0,1,0,4,2,8,2,8,2,2,0
9,56,3.11,0,2,1,0,3,0,1,10,3,4,1,1,1,0
10,60,3.82,8,0,0,0,0,0,1,8,1,1,4,4,0,1
4,20,2.13,5,1,1,0,9,1,4,3,4,2,0,1,3,1
11,33,3.9554121101651982,4,1,2,1,1,1,4,0,3,0,1,2,0,1
10,32,2.49,6,1,0,0,6,1,4,8,2,1,1,0,4,1
9,70,3.65,8,1,2,0,9,0,2,10,4,1,2,0,3,1
13,13,2.16,2,0,4,1,8,0,1,2,0,0,3,2,1,0
12,83,2.61,7,2,3,1,8,1,0,3,4,3,1,2,1,0
12,64,2.24,6,2,3,1,7,1,3,0,1,4,4,2,3,0
0,50,2.38,5,2,2,0,4,0,1,4,3,2,4,4,3,0
14,80,2.58,4,1,0,1,1,0,3,1,4,1,3,3,2,0
6,86,3.21,8,2,3,0,3,0,2,2,3,3,1,0,0,0
12,66,2.83,8,2,1,1,9,0,4,2,1,0,4,1,1,0
13,13,3.47,6,0,3,1,3,1,0,4,3,1,4,1,3,1
12,83,2.31,6,2,2,1,1,1,2,1,1,2,3,2,0,1
4,72,3.33,5,0,1,1,3,1,0,0,1,3,3,0,2,1
9,54,2.55,7,1,4,0,5,1,2,10,3,1,1,4,2,0
6,86,2.76,7,0,1,0,8,1,3,0,3,0,0,2,3,0
9,54,3.59,3,0,3,1,3,0,3,8,2,3,4,2,2,0
5,82,2.87,2,2,2,1,6,0,9,3,4,3,1,0,0,0
14,42,3.0,9,0,0,1,5,1,4,2,2,0,2,4,4,1
11,71,3.716383540854097,8,2,3,0,4,0,0,0,1,2,2,0,3,0
10,59,3.85,8,2,2,0,4,0,0,8,4,1,3,2,2,0
0,53,3.14,5,0,1,0,3,1,1,2,0,0,0,3,1,0
10,18,3.46,4,2,2,0,0,0,2,10,4,1,0,3,1,1
4,72,3.34,6,2,4,1,9,1,3,3,2,2,2,1,0,1
1,12,2.85,4,2,5,0,1,1,1,1,1,0,4,0,3,0
13,13,3.73,7,2,4,0,7,1,4,0,0,4,1,2,4,0
2,89,2.77,1,0,2,1,8,1,2,2,0,1,0,0,3,0
5,29,2.5,9,0,0,1,9,1,7,4,2,2,0,2,3,1
11,68,3.5454677249565205,7,0,0,0,6,0,1,0,2,4,4,1,0,0
1,47,2.86,7,1,3,0,9,1,3,4,2,3,0,3,1,0
0,8,3.15,3,1,4,0,4,0,0,3,2,2,1,3,0,0
0,53,2.37,1,2,0,1,6,1,1,3,3,3,0,0,0,1
13,13,2.86,3,2,3,1,3,0,1,1,3,4,4,4,2,1
11,31,3.917785852545325,4,2,3,1,2,1,3,3,1,0,1,2,2,1
6,75,2.72,5,2,2,0,1,0,2,3,1,1,1,0,0,0
13,67,2.78,6,0,1,0,6,1,4,4,0,4,1,1,2,0
12,24,3.83,10,0,3,0,0,1,3,1,3,1,0,4,3,0
9,70,3.21,8,2,4,0,9,1,2,7,1,0,3,2,4,0
8,38,2.63,7,0,1,0,7,1,3,2,0,3,10,2,3,1
10,32,2.64,3,0,4,0,6,1,1,8,2,2,0,4,3,1
1,47,2.51,2,2,5,1,0,1,3,2,0,3,3,3,2,1
11,33,3.832050335573945,1,0,2,1,8,1,1,0,4,4,1,4,0,0
7,62,3.25,7,2,4,0,0,1,3,3,7,0,10,4,2,0
12,66,3.73,10,2,0,0,3,0,3,1,1,1,0,2,3,1
4,72,3.61,9,1,3,1,4,0,1,1,4,2,3,3,1,0
3,46,3.07,6,0,3,1,2,0,3,9,3,0,4,4,2,0
8,39,2.12,6,1,2,1,6,0,2,3,2,3,9,0,0,1
6,28,2.55,1,1,1,0,3,0,3,3,1,4,2,3,3,0
1,47,2.05,3,0,3,0,3,1,1,1,0,2,0,2,2,0
13,77,2.59,6,2,2,1,6,0,3,1,3,4,3,1,0,1
5,88,3.41,5,0,1,0,5,0,10,4,1,0,0,4,4,1
9,54,3.16,9,2,0,0,1,1,3,9,3,3,3,2,4,1
11,33,3.85050563354752,3,0,4,0,5,0,4,3,1,1,1,1,3,0
8,27,2.33,1,2,2,0,4,1,3,3,4,4,9,1,0,1
7,2,2.97,2,1,0,1,4,1,1,1,10,3,7,2,1,0
4,49,3.32,6,2,0,1,5,1,4,1,3,0,3,3,2,1
14,65,2.17,9,0,1,1,1,1,4,0,4,0,0,4,0,0
10,18,3.87,5,1,4,1,5,0,4,8,1,0,1,2,0,1
12,64,2.07,10,2,2,0,9,1,0,4,3,3,0,2,3,0
2,15,3.69,3,1,3,0,9,1,1,3,2,1,1,4,0,0
4,20,2.0,9,2,4,1,4,0,4,2,0,4,0,4,2,1
3,58,3.64,9,0,1,0,0,1,2,8,1,1,3,2,3,0
2,63,2.94,1,0,4,0,8,0,0,3,4,2,3,4,2,1
10,18,3.06,2,2,4,0,6,1,0,8,4,2,1,3,2,0
10,32,2.12,5,1,1,0,1,1,0,8,3,4,4,0,3,0
12,64,2.64,10,1,2,0,6,1,0,2,1,1,4,0,2,1
11,73,3.581091686203939,9,1,3,1,6,1,0,4,3,1,2,4,4,1
5,0,3.05,1,2,4,0,2,1,8,2,4,3,2,2,2,0
2,44,3.39,0,0,2,0,6,0,1,1,1,2,2,4,1,0
1,10,3.24,3,1,3,0,0,0,4,2,3,0,2,0,1,0
6,86,2.41,7,0,3,1,5,1,3,2,3,4,0,3,3,1
12,24,2.76,9,0,0,0,1,1,1,2,2,1,1,3,1,0
11,33,3.972888248623174,5,2,4,0,4,0,1,2,4,1,2,2,2,1
3,58,3.96,4,2,0,1,7,1,4,7,4,4,3,4,0,1
5,88,2.9,2,0,1,0,4,1,8,4,4,3,2,3,0,1
2,15,2.75,9,2,4,0,0,1,0,1,0,2,3,1,3,0
3,46,3.32,6,2,1,0,8,0,0,9,1,0,3,2,4,1
6,28,2.37,4,1,1,0,5,0,2,0,0,2,0,2,0,0
9,55,3.77,3,0,1,0,3,1,0,7,0,4,3,4,2,0
1,47,2.31,5,0,5,0,3,1,3,4,1,4,1,2,4,1
1,10,3.78,4,0,5,0,4,0,4,3,3,0,3,2,4,1
13,74,3.66,4,0,4,1,6,1,3,2,0,3,3,0,4,1
11,73,3.9102345081804266,9,0,1,0,0,0,0,2,4,1,3,0,0,0
7,16,2.29,8,0,0,1,8,1,3,4,9,3,8,0,1,0
4,6,2.75,5,2,2,1,4,1,2,4,2,3,2,4,4,0
7,5,3.96,3,2,1,1,7,1,2,0,8,0,9,0,0,1
5,88,3.62,3,1,4,0,6,1,7,2,0,0,2,3,0,0
2,17,2.84,2,1,0,0,0,0,0,2,1,2,0,0,3,1
11,71,3.864944558851799,8,1,0,1,5,1,3,3,1,1,1,4,2,0
3,37,3.83,0,2,1,0,3,1,0,8,2,4,2,3,1,1
6,84,2.84,6,1,3,1,1,1,3,2,2,4,0,1,4,1
3,58,3.85,5,1,3,1,7,1,3,9,3,0,3,1,3,1
13,67,2.76,9,1,0,0,3,0,2,0,1,2,1,2,2,1
8,1,3.53,5,0,0,0,0,0,4,3,0,0,10,4,4,0
12,23,3.44,9,0,0,0,8,0,1,1,3,0,3,1,2,0
1,12,3.78,5,0,4,1,9,1,3,4,1,4,0,4,1,1
2,34,3.47,7,1,2,1,1,0,2,2,2,3,2,3,0,1
7,19,2.71,1,2,4,1,5,0,0,2,10,1,8,2,3,0
2,17,3.15,2,1,2,0,9,0,1,2,4,4,2,3,0,1
9,55,3.58,3,2,4,0,9,1,3,9,2,2,4,3,3,1
14,80,2.3,7,2,3,0,3,0,1,0,4,0,3,3,2,1
1,12,2.67,2,1,3,0,1,0,3,0,0,1,2,2,2,1
5,30,3.69,7,1,2,1,9,1,8,0,0,4,0,0,2,0
2,44,2.01,2,0,2,0,4,1,4,0,2,1,1,2,0,0
6,75,3.99,6,0,1,0,7,1,1,1,1,1,0,0,4,1
4,72,3.04,9,2,1,1,6,1,2,1,1,4,0,2,2,1
3,25,2.69,1,2,0,0,1,1,3,8,2,1,2,1,3,1
12,64,3.94,8,2,3,0,2,1,2,2,3,0,0,2,3,0
14,22,3.93,6,2,0,0,4,0,3,3,4,0,0,0,4,0
6,75,2.3,8,2,4,1,5,0,4,4,0,0,4,4,3,1
12,83,3.21,5,1,0,1,9,0,3,3,3,1,2,4,4,1
0,53,3.62,1,1,0,1,8,1,3,0,2,4,1,0,4,1
11,71,3.5673736325654537,9,0,2,0,3,0,4,3,1,4,1,3,2,1
13,67,3.68,7,1,3,1,4,0,4,2,1,0,1,2,0,0
2,17,2.6,7,1,2,1,5,0,1,4,3,3,0,0,3,0
3,25,2.49,2,1,1,1,2,0,3,8,0,3,3,4,0,0
2,15,3.02,8,1,3,1,7,0,2,1,4,3,2,3,4,1
3,46,3.29,5,2,1,1,9,1,4,9,1,3,0,3,0,1
12,64,3.67,5,2,2,0,0,1,1,3,3,0,3,1,1,1
12,24,2.09,5,1,3,0,3,0,4,0,1,2,0,0,0,0
3,37,2.03,0,1,1,0,7,1,2,8,4,3,2,0,4,0
11,68,3.556526483917255,0,0,1,0,6,0,1,1,3,3,0,4,3,1
11,33,3.7524664020447,4,0,3,1,3,1,0,1,0,1,3,3,4,1
8,40,2.72,7,1,1,1,7,0,4,1,4,1,10,3,4,0
3,46,2.92,1,2,4,1,7,0,2,9,1,1,4,3,2,0
6,84,3.61,6,0,4,1,2,1,2,4,0,1,4,4,0,0
1,10,3.42,3,2,3,1,2,0,4,2,2,3,1,2,0,1
1,12,3.07,7,0,5,0,2,0,1,0,4,3,3,1,1,1
3,25,3.22,6,2,4,1,5,1,1,8,2,3,4,4,3,0
8,39,2.48,0,0,2,0,8,1,3,3,2,3,9,1,2,1
2,89,2.02,9,2,1,1,8,1,1,0,4,4,3,4,3,0
11,33,3.9374938440263256,5,0,0,1,2,1,2,1,3,0,3,3,2,1
13,13,3.62,4,0,4,1,8,0,4,1,2,1,3,3,2,1
5,0,2.3,4,2,0,1,0,0,7,4,3,2,1,4,3,1
14,79,3.82,1,1,2,0,8,0,0,4,4,4,3,1,4,0
13,67,2.55,5,0,2,1,8,1,2,2,2,1,4,1,0,0
1,7,3.1,0,0,5,0,4,1,0,0,3,1,2,4,0,0
9,52,3.6,4,2,3,0,8,0,1,9,1,0,0,4,3,1
3,25,3.58,1,1,0,1,8,1,0,8,2,4,2,4,4,0
6,75,3.14,2,1,3,0,5,1,3,1,2,1,3,0,2,0
2,15,3.24,7,1,3,1,3,1,1,2,3,3,0,3,1,0
1,7,3.08,6,2,4,0,5,1,0,1,2,2,4,1,1,0
12,24,2.6,8,1,1,1,9,0,0,1,2,2,1,4,3,1
7,36,2.18,5,1,2,1,9,0,1,4,7,3,9,4,3,1
4,20,2.11,7,0,4,0,0,1,1,1,1,2,4,4,4,1
14,76,3.1,3,1,0,1,4,1,4,3,3,1,4,4,4,1
13,77,3.69,9,0,2,1,3,1,0,4,2,1,4,0,1,1
8,27,3.79,5,2,4,1,5,1,2,3,1,4,9,4,3,0
11,85,3.9866971457180216,3,2,3,0,2,1,4,0,3,2,4,2,2,1
9,55,3.64,5,1,0,1,2,1,0,9,4,1,1,2,0,1
0,53,3.64,8,1,3,1,4,0,4,4,0,1,3,3,3,1
7,2,2.56,0,2,2,0,3,0,1,2,8,4,8,2,1,0
4,49,3.7,9,1,4,1,8,1,2,2,0,2,2,0,2,0
11,31,3.929662475535238,8,2,2,1,9,1,0,3,3,4,1,1,4,0
8,3,3.56,5,0,0,1,8,0,0,2,1,2,7,4,1,1
12,64,2.06,7,2,4,0,4,1,3,1,0,2,3,1,3,1
10,60,3.47,3,2,1,1,2,1,2,7,3,1,0,4,1,0
4,49,3.69,5,0,4,1,2,1,4,4,1,1,2,4,1,0
0,87,3.62,4,0,2,0,4,0,3,0,1,2,3,3,3,1
3,58,2.23,5,0,2,0,9,1,4,9,4,2,1,3,4,1
12,66,3.09,8,0,0,1,3,1,2,1,2,2,0,2,3,0
10,60,2.0,9,1,0,1,9,1,0,9,0,4,2,3,3,1
12,64,3.35,5,1,4,0,8,1,0,1,0,3,2,3,4,1
3,46,2.25,5,2,4,0,6,0,3,8,4,2,2,0,1,1
9,57,3.58,6,0,2,1,5,1,4,10,0,1,3,0,1,0
7,41,3.4,1,2,1,1,4,0,3,2,10,4,9,0,4,0
13,13,2.39,1,2,2,1,3,0,0,3,4,0,3,4,3,0
10,18,2.93,7,1,1,1,8,0,4,7,1,2,1,4,4,0
0,50,3.91,4,2,4,1,4,0,3,4,1,3,3,0,2,0
4,69,3.83,8,1,2,0,9,0,2,2,4,1,1,4,1,1
3,58,2.91,6,2,2,1,5,1,4,10,1,3,1,4,1,1
0,53,3.15,0,1,0,0,0,0,1,0,1,3,3,1,1,0
1,7,2.33,9,2,3,0,6,1,0,0,4,4,4,2,2,0
7,21,2.05,8,2,1,1,5,1,4,2,8,0,9,2,3,1
6,35,2.89,2,1,4,0,2,1,2,1,2,3,3,4,2,0
12,64,2.57,7,1,4,0,1,0,4,1,0,4,3,4,0,0
1,10,2.83,2,1,5,1,4,0,1,2,3,2,0,2,1,0
7,62,2.87,7,2,3,1,5,1,1,4,7,2,10,0,2,0
3,58,3.53,2,2,3,1,9,0,2,7,3,3,1,2,2,1
4,6,2.97,4,2,3,1,8,0,2,3,3,4,0,4,4,1
14,65,2.04,1,1,3,1,1,0,2,2,4,1,3,3,2,0
5,82,2.71,1,2,2,1,6,1,8,4,4,2,0,0,3,0
0,9,2.34,2,2,3,1,5,0,3,2,3,3,3,3,2,1
5,0,2.28,1,0,0,1,3,0,10,0,4,4,4,1,4,0
6,28,3.42,2,2,0,1,2,0,0,1,1,1,0,1,3,1
9,52,3.01,6,0,1,0,5,1,2,8,3,3,0,2,3,1
0,53,2.8,1,2,2,1,5,0,2,3,1,4,3,4,1,0
2,34,3.18,8,1,0,1,9,0,3,1,4,3,2,2,0,1
12,64,2.42,9,2,2,0,2,1,3,0,2,0,0,1,4,1
12,64,2.73,8,0,1,1,0,0,3,2,3,3,2,1,2,1
2,63,3.69,4,0,1,0,9,0,0,2,2,0,1,2,4,1
0,87,2.18,1,2,2,0,5,1,1,4,0,3,0,4,3,0
9,56,3.33,7,2,2,1,6,0,0,8,0,2,1,3,3,1
3,58,3.15,9,0,2,1,1,1,2,8,4,2,1,3,1,0
4,72,2.54,2,1,4,1,5,0,3,0,1,4,3,0,0,1
10,59,2.89,8,2,0,0,3,0,4,7,3,0,2,3,3,1
2,15,2.55,1,1,3,0,9,0,2,0,4,2,0,0,4,1
4,20,2.8,2,2,0,1,9,1,2,3,4,1,0,3,3,0
9,54,2.33,3,0,4,0,1,1,3,8,3,3,2,2,3,0
5,82,3.64,2,2,4,1,7,1,8,3,3,3,4,3,2,1
3,58,2.52,7,2,3,0,8,0,2,9,2,3,4,2,4,1
9,70,3.24,8,1,3,1,3,0,2,7,3,0,3,1,2,1
11,31,3.603911920729418,5,1,4,1,8,0,0,3,4,4,4,3,3,0
7,5,3.35,8,0,3,0,6,0,4,3,7,0,7,4,1,1
6,86,2.71,4,1,1,0,7,1,3,2,0,1,4,4,4,1
0,8,2.8,7,0,2,0,9,0,2,0,0,1,1,2,2,0
11,71,3.861186753816399,4,1,1,0,4,0,1,2,1,1,2,0,1,1
14,65,3.07,8,1,1,1,8,1,1,2,3,0,4,0,1,1
4,20,3.46,3,2,2,1,0,0,1,3,2,0,3,0,4,1
3,58,2.23,1,0,1,0,9,1,4,7,4,0,0,0,2,0
12,24,3.96,6,1,2,0,8,1,0,4,4,3,0,0,1,1
1,45,2.5,3,1,5,0,4,0,0,2,0,2,4,1,3,0
7,21,3.79,2,1,3,0,1,1,0,0,10,1,9,2,2,1
2,44,2.22,2,1,2,1,6,1,2,4,4,4,3,4,0,0
8,40,2.72,7,1,3,0,7,0,4,1,1,1,8,1,4,1
8,39,3.32,2,0,0,1,9,1,4,4,1,0,7,0,3,0
8,78,3.49,7,1,3,1,9,1,3,2,4,0,7,0,1,0
5,88,2.18,4,1,0,0,8,0,8,2,3,1,2,2,4,1
10,59,3.08,9,1,1,1,9,0,3,7,1,2,1,3,1,1
13,74,3.18,1,1,1,1,7,1,0,2,3,4,0,1,1,1
13,74,2.28,6,0,0,1,0,0,1,0,3,2,3,2,3,0
6,84,2.1,5,0,0,1,3,0,4,3,4,0,1,3,4,1
3,25,3.65,4,2,0,0,7,1,4,10,3,0,3,4,2,0
14,26,2.94,0,1,1,0,6,0,1,4,3,4,1,1,3,1
6,35,2.28,6,1,4,1,6,1,2,2,2,0,1,0,1,1
0,50,3.79,6,1,3,1,3,1,2,0,1,2,3,0,0,1
8,1,2.5,2,2,3,1,0,0,4,4,4,0,8,3,3,0
8,3,2.64,6,0,3,0,3,1,2,2,1,2,7,4,2,0
13,13,2.65,5,0,3,0,9,1,0,0,1,1,3,3,1,0
7,2,3.72,4,0,2,1,2,1,4,0,8,1,8,4,2,0
5,82,2.48,9,2,1,1,3,0,10,3,4,3,0,4,4,1
9,52,2.18,2,1,2,0,8,1,1,9,2,3,3,2,1,0
13,77,2.86,8,0,1,1,2,0,4,2,4,4,4,4,1,1
0,9,2.63,4,0,2,1,8,1,0,0,4,2,3,3,4,0
2,34,3.78,6,1,4,1,8,0,1,3,1,3,4,3,1,1
6,75,3.88,3,1,3,1,7,1,4,0,0,4,0,0,3,1
5,82,2.22,0,1,0,1,8,1,10,1,3,2,0,0,2,0
9,54,2.83,8,2,4,1,9,1,3,8,4,2,0,4,1,0
7,19,3.94,0,0,1,1,2,1,1,2,8,2,7,4,3,1
13,74,2.37,0,1,3,1,6,0,3,2,2,0,3,1,1,1
1,47,2.05,8,2,3,0,6,1,4,4,2,1,0,1,4,0
11,73,3.90670344678234,5,2,0,0,8,0,0,4,0,4,3,4,4,1
1,45,3.74,1,1,3,1,9,1,2,1,1,1,1,1,0,0
2,63,2.31,6,0,4,1,4,0,3,3,4,3,1,0,3,1
7,16,3.9,4,2,0,1,7,1,3,4,10,3,9,4,2,0
13,13,2.45,8,0,4,0,9,0,2,4,0,4,1,1,2,0
8,27,3.93,3,2,1,0,6,0,3,1,1,1,10,1,1,0
9,54,2.79,3,1,0,1,9,0,3,9,1,4,0,2,0,0
8,40,2.23,1,2,3,1,5,0,2,2,2,0,9,3,3,1
10,4,2.45,7,0,0,1,9,0,1,7,0,1,4,0,4,0
9,57,2.88,3,1,2,0,9,1,2,7,3,3,0,1,1,0
7,62,3.14,6,0,1,1,0,0,0,2,9,0,10,1,2,1
2,14,2.14,5,0,1,1,2,0,2,2,0,4,3,3,0,1
0,50,2.93,7,0,3,1,7,0,0,3,2,4,0,4,2,1
4,49,3.46,0,2,2,0,3,1,0,0,4,3,4,3,4,1
0,8,3.46,4,1,4,1,0,0,3,3,4,3,2,3,1,1
8,27,3.4,8,0,0,0,8,1,0,2,3,2,9,0,3,1
6,84,3.84,8,0,0,1,7,1,3,0,0,1,4,3,3,0
3,25,2.52,6,2,2,1,1,0,0,8,4,1,1,4,1,0
2,34,3.36,4,2,2,1,3,1,3,4,3,4,2,2,3,0
0,8,3.43,3,1,3,0,6,0,2,2,4,4,4,4,4,0
1,7,2.84,2,1,5,0,7,0,4,0,3,2,0,2,1,1
9,57,2.1,1,1,1,0,0,1,2,9,4,3,4,1,0,0
4,20,3.17,0,0,3,0,0,1,0,2,2,0,0,0,2,1
10,61,3.84,1,0,0,1,1,1,1,8,4,4,1,4,2,0
11,31,3.853321260874467,0,0,1,0,7,1,1,0,0,1,1,1,1,1
7,36,2.34,8,2,1,1,0,0,1,2,7,2,9,0,4,0
5,0,2.57,0,2,3,0,1,0,7,2,4,0,3,3,2,0
8,51,3.45,8,1,2,1,2,0,3,4,4,0,10,4,2,0
3,25,3.78,5,0,4,1,0,1,3,10,0,0,0,2,1,1
4,72,2.24,8,1,3,1,1,1,1,0,0,3,0,4,0,1
8,39,2.23,1,2,2,0,1,0,4,0,2,2,7,4,3,0
8,3,3.73,2,2,1,1,1,0,1,1,1,4,9,2,1,0
0,87,2.9,4,2,3,0,7,0,0,0,0,0,2,0,3,0
1,10,3.03,2,1,3,1,5,1,1,0,4,3,2,2,0,1
8,39,3.67,0,1,3,0,0,0,4,2,1,0,8,1,1,1
11,33,3.617099529894045,2,0,4,1,7,0,0,0,3,4,1,0,2,1
13,77,3.69,4,0,0,1,2,0,1,2,0,2,1,3,2,0
8,1,2.72,4,2,0,1,6,1,1,1,0,3,10,2,3,1
2,14,2.44,5,0,3,1,5,0,2,3,1,0,3,0,4,1
8,51,3.26,7,0,4,1,1,0,0,3,1,2,7,2,0,1
4,69,3.35,1,0,0,1,5,0,4,1,3,4,4,0,0,0
13,74,3.52,1,1,2,1,3,1,0,3,0,3,3,3,2,1
13,77,3.83,8,1,2,0,7,1,1,3,3,2,1,2,2,0
7,5,2.45,7,0,1,0,3,0,4,2,7,3,7,0,4,1
12,24,2.62,9,2,1,1,3,0,4,3,4,2,4,3,0,1
7,36,3.51,0,0,1,1,1,1,4,2,10,0,7,0,0,0
12,23,2.99,6,2,4,1,2,1,3,4,2,2,1,2,4,0
12,64,3.95,8,1,1,1,0,1,1,4,4,3,1,4,2,0
8,78,3.83,6,1,0,1,5,1,1,0,3,2,9,2,2,0
6,75,2.87,2,2,3,1,7,0,4,0,2,3,0,4,3,1
2,17,3.89,5,2,0,0,5,1,0,4,4,4,1,0,1,0
4,20,2.86,0,1,3,0,0,0,4,3,0,1,3,0,3,0
14,76,3.76,2,1,0,0,8,1,3,1,0,3,4,0,4,1
8,27,3.28,5,0,2,0,0,1,4,2,0,0,10,1,4,0
4,6,3.58,5,1,0,1,2,1,4,1,1,4,0,2,3,0
10,61,2.23,3,1,4,0,7,1,0,10,4,2,0,4,1,0
11,31,3.794405135078112,0,2,3,1,6,0,1,2,4,2,3,0,1,0
10,60,2.03,8,1,0,1,2,0,3,9,4,0,0,2,2,1
10,4,2.53,5,0,1,0,1,1,1,8,4,0,0,1,2,0
8,78,3.33,9,0,1,0,0,1,4,4,1,1,8,4,2,1
7,62,3.42,1,2,3,1,8,0,0,1,9,3,7,1,4,0
0,87,2.72,7,0,0,0,4,0,3,0,2,3,2,0,2,0
13,13,2.06,6,1,0,0,0,1,0,3,4,1,3,0,1,1
1,45,3.48,6,0,5,1,9,1,4,1,3,3,2,1,0,1
8,27,2.76,5,0,2,0,2,1,1,3,0,0,7,3,2,0
2,34,2.57,9,1,2,1,1,1,1,1,0,3,1,4,4,0
14,76,3.34,7,2,3,1,1,0,4,0,2,2,0,0,2,0
12,83,3.4,10,1,0,0,6,1,2,0,0,3,0,0,1,0
6,84,3.21,8,0,3,1,1,1,1,2,2,1,1,4,4,1
3,58,2.43,8,0,0,1,7,0,1,9,3,4,4,0,1,1
8,78,2.77,9,2,1,0,7,0,4,1,3,2,9,4,4,0
10,60,2.07,4,0,4,0,1,1,4,9,4,0,0,3,1,0
7,62,2.66,0,0,4,1,5,1,3,3,9,3,8,2,1,0
10,60,2.05,2,1,1,1,2,1,3,7,2,1,1,4,3,1
10,81,2.88,5,1,2,0,3,0,3,7,4,0,2,4,3,0
6,84,3.35,9,2,0,0,5,1,2,1,3,1,4,0,1,0
13,67,3.28,9,0,2,0,7,1,2,2,3,0,0,0,4,0
5,0,3.99,5,0,4,1,1,0,8,3,4,4,1,4,3,0
14,11,2.14,2,0,4,0,0,1,4,0,3,0,1,1,2,1
12,23,3.9,8,1,2,0,8,1,0,2,0,0,3,3,2,1
14,22,2.57,7,0,0,1,5,1,4,3,0,2,4,2,0,0
14,80,2.99,6,0,3,1,8,0,4,1,0,1,3,1,2,0
1,45,3.88,2,0,5,0,7,0,1,2,4,2,3,3,1,0
6,86,2.57,5,2,3,0,6,1,3,1,3,4,2,0,1,1
2,15,2.52,9,2,4,1,1,0,4,1,3,0,0,0,1,1
8,27,2.58,7,0,0,1,9,0,1,2,2,4,8,3,3,0
9,70,2.93,9,1,0,1,9,0,0,9,0,3,4,0,1,1
5,43,3.5,1,0,0,0,3,1,10,0,4,4,3,0,4,1
7,21,3.43,6,2,1,1,3,0,2,1,9,2,7,4,2,1
8,40,2.34,5,2,1,1,1,1,3,0,3,2,10,0,2,0
10,81,3.89,0,2,0,1,4,1,0,9,2,2,4,0,1,1
14,22,2.1,8,1,0,1,9,0,1,4,1,1,2,2,0,1
2,44,2.09,2,0,3,0,2,1,0,4,0,3,2,2,3,0
14,76,2.62,9,0,3,1,5,0,4,4,0,4,2,2,1,1
12,66,3.66,6,1,0,1,4,0,0,0,4,2,3,4,0,1
10,32,3.84,5,1,0,1,7,1,4,7,3,2,3,2,0,0
0,53,3.36,0,1,0,0,2,0,3,1,4,0,2,2,2,0
6,75,2.45,8,0,1,0,8,1,3,2,2,2,4,0,4,0
8,3,2.82,6,2,1,1,1,1,3,0,0,1,7,3,0,1
13,77,2.75,6,0,1,0,2,1,1,4,0,2,1,4,2,0
10,18,3.46,1,2,2,0,7,1,1,7,4,4,4,4,4,1
10,59,2.98,7,2,1,1,8,0,0,9,4,2,2,4,3,1
6,86,3.63,7,1,0,1,9,0,2,2,3,0,1,4,4,1
6,84,3.86,0,1,1,0,9,1,4,2,2,4,3,3,4,1
1,12,2.81,9,0,4,1,4,1,1,4,4,1,4,1,3,1
14,48,3.76,9,0,0,1,2,0,3,1,4,3,4,3,3,1
1,45,3.88,5,1,3,0,7,1,3,1,1,3,4,0,2,0
12,23,2.26,9,2,2,1,8,0,4,0,0,1,0,2,0,1
10,81,3.39,6,1,3,1,3,0,4,9,4,3,1,4,0,1
3,46,2.1,1,1,2,0,4,1,1,10,1,0,1,3,4,1
0,8,3.3,9,2,3,1,6,1,4,1,2,1,4,2,2,1
9,52,3.65,1,2,3,1,2,1,4,9,3,0,0,3,3,1
0,9,3.93,9,2,0,0,9,0,3,1,3,0,4,4,1,1
13,67,3.55,2,2,3,0,1,1,0,2,4,4,2,0,2,1
3,58,2.39,6,2,0,1,0,0,2,7,0,1,3,2,0,1
1,10,3.99,6,0,3,1,7,0,3,4,0,4,1,2,2,1
2,17,3.85,5,0,4,1,4,0,4,2,0,2,1,4,0,1
4,69,3.07,4,1,4,1,6,1,3,2,0,0,3,0,1,1
2,63,3.13,3,2,2,0,0,0,2,4,2,2,0,0,0,1
13,77,3.4,5,2,2,1,6,0,0,4,3,2,0,3,2,1
4,20,2.59,0,2,4,0,7,1,1,3,3,0,2,1,1,1
9,57,3.86,1,0,0,0,8,0,1,8,4,1,2,4,3,0
3,46,3.59,9,2,2,1,8,0,0,7,4,4,3,4,2,0
1,12,3.35,8,0,5,0,9,0,2,1,4,1,3,1,2,0
7,2,2.84,9,1,0,0,0,0,2,3,9,0,7,3,4,0
5,88,3.91,3,0,1,1,7,0,7,0,3,3,2,3,2,0
10,4,2.34,6,2,2,0,5,1,0,9,1,2,2,4,4,0
14,11,2.88,9,2,4,1,4,0,0,2,1,2,0,0,4,1
2,63,2.46,3,2,3,0,6,0,1,0,4,1,1,4,1,1
7,21,2.97,5,1,3,0,6,0,0,4,9,2,8,3,4,1
13,13,3.09,5,0,4,1,8,1,4,2,0,0,4,3,1,1
13,77,3.7,1,1,1,1,9,1,2,1,4,1,0,1,2,0
1,12,3.68,4,1,3,1,8,1,0,0,3,3,1,1,1,1
5,43,3.53,0,1,0,0,5,0,9,4,2,0,0,1,3,0
5,88,3.45,8,1,3,0,8,0,9,0,0,4,2,1,0,0
5,82,3.32,9,2,1,1,6,1,10,3,2,4,0,3,4,1
0,9,2.64,9,1,3,0,6,1,4,1,3,0,4,3,0,0
4,6,2.61,4,0,2,1,7,0,4,4,3,3,2,2,1,0
0,8,2.57,7,2,3,1,7,0,0,3,3,1,1,4,1,1
14,65,3.52,5,0,0,1,2,0,2,1,1,4,2,2,1,0
13,13,2.02,8,2,1,0,2,1,2,2,3,4,2,2,3,1
1,10,3.57,6,0,3,1,6,1,4,4,2,3,3,2,4,0
12,23,3.52,10,2,2,0,9,0,4,4,3,0,2,4,1,1
6,84,2.78,2,1,3,0,4,1,2,3,3,0,0,0,0,0
5,82,3.37,7,1,3,1,2,1,7,3,4,2,4,3,3,0
0,8,3.34,3,1,0,1,1,1,0,0,1,4,1,3,4,0
4,49,2.4,4,2,1,0,9,0,0,3,0,4,1,4,3,0
0,50,2.09,8,0,4,1,3,0,4,4,1,1,3,3,2,1
3,37,3.18,5,1,4,1,4,1,3,9,3,2,4,4,3,0
0,8,2.95,5,0,4,1,5,1,3,3,1,3,1,0,4,0
3,58,3.27,7,1,3,1,0,0,4,7,4,3,1,1,1,1
11,31,3.5191819306778505,4,2,2,1,5,0,2,0,4,0,4,2,0,0
13,77,3.26,2,2,4,1,2,0,3,0,0,0,4,2,2,1
9,54,2.28,8,2,0,0,5,1,1,10,2,3,3,0,0,0
3,37,3.7,6,1,3,1,8,1,1,7,0,3,0,3,3,1
2,17,3.71,6,2,3,1,7,1,0,4,2,2,3,1,3,0
9,70,3.48,4,2,2,0,8,1,2,8,1,2,2,3,3,0
8,78,2.42,5,2,1,1,8,1,2,0,4,4,8,2,1,0
9,54,2.74,0,2,0,0,2,0,2,9,1,4,1,4,3,1
13,74,2.65,8,2,3,1,2,1,4,3,1,4,4,4,4,1
14,80,2.37,4,2,2,1,6,0,0,4,1,4,3,4,0,0
10,18,3.54,9,0,2,1,2,1,3,8,3,1,2,1,1,1
3,25,2.9,1,0,2,1,2,0,4,8,2,2,1,3,1,1
1,10,2.88,1,1,5,0,8,1,1,4,0,1,3,2,2,0
13,67,3.69,7,0,1,1,4,0,1,2,0,2,2,1,1,0
12,83,3.12,9,1,4,0,1,1,1,3,4,2,3,2,4,0
13,74,3.4,8,0,2,0,2,0,4,0,0,1,3,1,4,0
7,62,2.74,3,1,4,1,5,1,4,1,10,0,7,1,2,1
12,83,2.99,7,1,0,0,5,1,4,2,1,4,4,2,4,1
5,43,3.25,7,0,2,0,7,0,10,0,1,2,1,4,3,1
1,7,2.12,4,0,3,0,9,0,4,0,1,0,2,3,1,0
7,16,3.56,7,2,0,1,1,1,4,3,10,0,8,0,4,0
14,26,3.93,3,0,1,0,4,1,3,2,1,2,2,1,4,0
1,7,2.23,5,1,5,0,0,0,1,3,0,2,3,3,0,0
3,58,2.26,3,1,0,1,0,0,2,7,1,0,3,0,0,1
1,10,3.01,5,2,3,0,8,1,2,1,4,1,3,4,0,1
4,49,2.44,8,1,4,0,3,0,2,4,3,3,1,3,0,0
13,77,3.33,0,2,3,0,7,0,1,3,4,2,3,0,4,0
11,33,3.9857581784020697,5,0,3,1,1,0,3,1,2,0,1,4,2,1
8,1,2.98,4,2,1,1,8,0,0,0,4,3,7,1,4,0
7,5,2.94,3,2,3,1,7,1,4,3,8,3,8,2,4,0
7,62,2.23,6,1,2,1,6,1,0,0,10,2,7,0,1,1
7,16,2.07,2,2,0,0,1,1,3,2,10,3,8,2,2,0
7,62,3.76,1,0,1,0,5,0,0,2,7,3,7,0,2,0
12,66,3.19,9,0,3,1,0,0,2,2,3,4,2,1,4,1
5,43,3.05,3,1,2,0,0,1,9,2,1,0,1,3,3,1
5,29,3.47,0,1,1,1,6,1,9,3,4,4,1,4,0,1
13,13,3.69,4,0,0,0,3,1,2,1,0,1,0,0,4,0
8,38,3.59,4,2,3,0,9,1,1,0,3,3,9,4,2,1
8,3,2.85,0,0,3,1,3,1,4,1,4,4,8,2,4,1
9,70,2.25,9,2,2,1,4,1,3,7,3,4,4,3,4,1
2,63,2.49,0,2,3,1,5,1,2,3,1,3,1,0,2,1
2,15,3.17,0,1,2,1,9,0,0,2,0,4,4,3,1,1
14,80,2.45,8,2,1,0,9,1,2,3,3,0,3,3,1,0
0,53,3.28,1,2,0,1,6,1,4,0,1,4,3,1,4,1
8,51,3.81,6,1,0,1,5,1,3,3,1,1,8,0,1,1
9,54,3.86,6,0,4,0,0,0,1,8,0,3,0,2,0,1
11,68,3.979556145998147,0,1,4,0,6,1,2,2,4,1,4,1,3,1
7,62,3.43,7,2,4,1,7,0,4,3,7,1,8,0,2,0
9,52,2.34,1,1,4,0,7,0,1,8,3,4,4,3,4,1
5,82,3.21,8,0,2,1,6,1,8,0,4,4,3,1,2,0
14,48,2.84,7,1,2,0,6,0,1,0,2,2,0,2,1,1
3,58,3.09,9,0,1,0,3,1,4,7,3,1,0,4,2,1
6,75,2.76,1,1,4,1,2,0,3,2,2,3,2,0,1,1
7,16,3.73,4,2,1,0,2,1,1,1,9,4,10,2,0,0
14,11,3.95,5,1,4,1,2,0,1,4,1,1,1,0,0,0
14,80,2.8,7,1,2,0,4,1,4,0,4,4,4,0,1,0
13,74,3.75,2,0,1,0,0,0,3,0,2,1,4,3,4,1
6,35,2.06,2,2,4,1,6,1,1,2,2,2,4,4,2,0
6,86,3.68,2,2,4,1,2,0,3,3,0,2,4,2,0,0
5,43,2.05,9,2,1,0,6,1,9,3,2,1,4,2,4,0
2,14,3.31,2,2,0,1,3,1,4,1,1,3,0,4,3,1
6,75,3.71,5,2,4,1,6,1,2,3,2,3,3,1,0,1
3,58,2.78,7,2,4,1,3,1,0,7,0,3,2,0,4,0
14,79,2.96,6,0,3,1,0,0,1,1,4,1,0,4,1,0
0,8,2.49,5,2,0,1,6,1,1,1,2,4,1,3,3,1
8,1,2.37,0,0,1,0,6,1,2,3,1,3,8,0,0,1
3,46,2.79,2,1,1,0,1,1,3,8,1,4,0,2,4,0
10,59,2.48,5,1,1,1,2,0,3,8,2,4,3,4,2,0
3,58,2.0,2,1,0,0,4,0,3,8,3,1,0,1,3,1
11,31,3.523342409949637,0,2,3,1,1,0,1,2,4,2,3,2,0,1
7,19,2.19,8,2,4,1,8,0,0,3,8,0,7,1,1,0
7,19,2.17,7,1,2,1,0,1,0,3,10,3,8,2,0,0
9,52,2.41,2,0,3,0,7,0,4,9,0,0,0,0,2,0
10,18,2.46,5,1,0,0,2,1,0,8,1,3,0,1,1,0
5,29,3.22,0,0,4,1,9,1,10,4,3,2,4,1,4,1
14,22,3.07,4,2,4,0,3,0,2,2,4,0,1,2,4,0
7,41,3.99,4,2,1,1,3,0,2,1,7,3,10,3,4,1
5,43,2.47,9,0,3,1,9,0,7,2,2,1,0,4,1,1
13,74,2.12,5,1,0,1,0,1,1,3,1,1,0,1,0,1
11,85,3.77128772626779,9,0,3,0,6,0,2,2,0,0,0,0,0,1
3,25,3.49,0,0,1,1,1,0,4,8,4,3,3,3,3,0
0,87,2.61,8,0,3,0,0,1,0,3,4,2,3,3,0,1
4,6,3.82,6,1,0,1,5,0,1,2,4,2,4,3,2,1
10,4,3.08,8,2,3,1,5,1,3,10,4,4,3,4,3,1
10,32,2.25,6,1,4,0,6,1,4,7,0,4,4,3,0,0
4,72,2.27,4,1,0,1,6,0,3,0,4,0,4,0,2,0
13,77,2.95,3,1,0,1,3,0,0,1,4,4,0,3,4,1
4,6,3.85,2,2,0,1,1,1,0,2,4,4,1,1,2,0
11,85,3.9103207801772393,4,0,3,0,0,0,1,3,2,4,4,0,1,0
1,45,3.46,1,0,5,0,7,0,1,4,4,4,3,4,0,0
13,77,3.41,9,0,1,1,6,1,3,0,4,3,3,4,1,0
11,71,3.811158318624276,0,1,4,0,5,0,2,4,3,2,2,1,0,1
0,8,3.81,4,1,3,1,0,1,1,2,0,4,3,1,3,0
2,63,3.24,5,0,4,1,8,0,2,4,3,2,3,4,2,0
11,73,3.611889193135488,8,0,3,1,4,0,3,3,2,1,3,4,4,0
10,59,3.64,4,2,0,1,6,1,3,7,3,1,0,1,2,1
8,51,2.25,0,1,0,0,2,1,0,1,4,0,10,4,2,0
9,52,2.47,9,2,1,1,2,0,0,10,2,0,4,3,4,0
1,10,3.24,9,2,5,1,5,0,2,0,4,4,3,3,2,1
14,11,3.52,2,2,4,0,3,0,4,4,1,0,0,1,2,0
6,86,3.72,1,2,4,0,9,0,0,0,3,4,3,0,2,1
0,8,3.44,0,0,0,0,2,0,2,4,4,1,3,3,0,0
8,1,3.77,9,1,3,1,3,1,2,1,1,1,9,0,0,0
13,74,2.64,7,1,2,1,5,1,4,2,1,0,4,3,3,0
6,84,2.62,1,2,3,0,1,1,2,0,3,4,4,1,2,0
4,20,3.24,9,1,3,1,6,1,3,2,4,4,0,2,3,1
9,55,2.85,4,2,4,0,0,0,2,10,2,4,1,3,1,1
2,63,3.69,8,0,1,0,1,1,3,2,4,0,1,2,4,1
0,9,3.87,2,0,1,1,7,1,1,4,1,4,4,4,3,0
2,44,3.64,7,0,2,0,7,1,2,3,2,0,2,3,1,1
10,60,2.35,0,1,0,1,4,1,1,7,2,1,0,3,2,0
12,66,3.09,10,1,4,0,5,0,1,3,3,2,1,1,2,0
6,86,3.46,7,0,4,1,6,1,1,0,4,2,2,0,1,1
7,16,3.77,0,2,0,1,2,1,3,2,9,2,7,1,3,1
1,45,2.69,3,2,3,0,1,0,1,0,1,3,0,2,1,1
5,29,2.53,9,0,2,0,4,1,7,0,4,0,3,2,3,0
3,46,2.92,3,0,2,1,9,0,2,8,2,3,1,0,0,0
2,17,3.49,2,1,2,0,3,1,0,2,3,3,3,0,0,0
0,50,2.09,8,0,1,1,3,0,0,0,4,1,0,0,2,1
9,56,3.45,9,0,1,1,8,1,1,7,2,2,4,0,4,1
11,33,3.640536942722557,0,0,0,0,0,0,2,1,4,1,2,0,3,1
13,77,2.64,8,2,1,1,5,0,0,0,1,4,0,0,0,0
0,50,2.03,3,0,2,0,9,0,4,1,3,2,1,0,3,1
7,62,2.77,8,0,1,1,0,0,1,3,7,1,8,1,2,1
14,76,2.91,5,2,3,0,2,0,3,0,0,4,0,4,2,0
1,45,2.06,9,1,3,0,7,0,2,3,1,0,4,3,0,0
8,1,3.02,4,2,1,1,0,0,1,2,3,3,9,3,1,1
13,77,2.18,8,0,0,0,6,0,2,3,4,0,4,3,3,1
5,0,2.94,8,1,0,1,6,1,7,2,3,2,2,1,2,0
3,46,2.51,6,1,2,0,1,1,4,8,4,0,1,2,4,1
8,51,2.85,3,2,4,1,8,0,3,0,3,2,7,3,2,1
2,89,3.4,0,1,4,0,0,0,2,2,3,0,3,0,4,0
11,85,3.920301811386596,9,0,0,0,6,1,0,1,0,1,3,3,1,0
4,6,2.07,6,2,0,1,9,0,2,0,2,0,3,2,1,1
4,49,2.41,1,1,2,0,8,1,1,1,1,2,4,4,2,0
4,72,3.23,4,0,2,1,5,1,3,1,1,3,3,0,1,1
2,14,2.02,2,1,0,1,5,1,0,4,4,4,3,0,4,1
13,74,2.13,0,0,0,1,7,0,2,4,2,0,3,3,2,1
8,40,2.58,3,2,3,1,9,0,3,0,1,3,10,1,4,1
2,44,2.94,0,1,3,1,2,1,0,1,0,4,3,3,0,0
1,10,2.04,1,2,3,0,3,0,2,3,2,2,4,2,4,0
2,17,2.6,7,2,4,0,0,1,0,3,1,4,0,0,3,1
3,25,3.54,2,2,2,1,1,0,2,7,3,2,0,2,1,1
11,68,3.845311371040671,2,1,1,1,0,0,0,4,1,0,3,2,1,0
11,85,3.840525055865223,9,1,3,1,0,0,3,4,3,1,2,0,4,0
3,25,2.8,1,1,0,0,0,1,1,10,0,0,2,1,0,0
0,8,3.49,7,1,2,1,4,1,1,4,0,0,4,0,3,1
1,10,2.09,6,2,4,0,8,1,3,4,0,1,2,3,2,0
13,13,3.44,0,0,3,0,3,1,2,2,1,1,2,2,4,1
1,7,2.71,4,0,5,0,2,1,0,1,0,4,3,1,1,1
7,36,2.12,3,1,0,1,6,1,1,2,7,2,10,3,4,0
12,24,2.94,6,2,1,0,8,0,4,1,3,2,3,2,2,0
11,73,3.991798649869387,1,2,1,1,3,0,1,1,2,0,0,1,2,0
8,38,2.14,3,2,3,1,4,0,1,2,4,0,9,4,3,1
9,57,3.41,5,1,0,0,6,1,1,8,3,4,4,2,3,0
14,42,2.83,2,1,4,0,6,1,1,4,4,0,1,0,1,0
4,6,3.77,7,2,4,0,3,0,1,3,0,4,0,2,0,0
4,69,2.92,3,1,4,1,0,1,4,0,3,2,4,0,4,0
6,86,2.06,9,2,2,0,1,1,4,2,2,4,2,3,3,1
1,7,3.91,3,2,3,0,7,0,2,3,4,4,0,1,2,1
2,63,3.48,6,1,1,0,8,1,0,0,1,3,2,4,2,1
9,55,3.46,6,0,1,0,9,0,1,7,0,0,4,1,3,1
14,65,3.98,9,0,0,0,2,0,4,2,0,3,3,3,1,1
14,76,3.04,5,1,4,0,7,1,2,4,3,4,3,1,2,1
2,89,3.16,5,2,4,0,4,1,1,3,4,4,1,0,3,1
6,84,2.37,1,2,3,0,3,0,4,1,2,2,4,0,1,0
14,76,3.34,8,2,1,1,8,1,3,3,0,3,4,0,2,1
0,8,3.47,3,1,0,0,8,1,3,3,1,4,1,2,0,0
10,59,2.4,5,0,4,0,0,1,3,8,4,2,2,4,4,0
9,56,2.35,8,0,3,0,9,1,3,7,0,2,2,1,1,0
14,65,3.61,6,2,1,0,4,0,1,3,2,2,3,0,4,0
9,52,3.31,1,2,0,1,8,1,4,7,0,0,3,3,4,0
1,12,2.75,1,2,3,0,6,0,2,3,3,4,3,4,3,1
10,60,3.03,3,0,3,1,9,0,1,10,1,4,4,0,0,0
12,66,3.46,9,1,1,1,0,1,1,1,3,4,1,2,1,1
1,7,2.63,9,1,5,0,7,0,4,4,0,4,3,2,0,0
7,2,2.93,8,2,1,1,9,0,3,3,9,2,7,0,3,1
8,38,2.98,5,1,3,1,9,0,1,1,4,1,9,4,3,0
2,89,2.17,1,0,0,1,1,0,3,1,4,1,0,1,3,0
13,77,3.09,9,2,4,0,5,1,0,4,2,4,3,0,4,1
10,32,2.7,9,2,0,1,6,1,4,7,0,4,2,1,3,1
9,55,2.44,9,1,4,0,3,1,1,7,4,0,4,3,0,0
11,73,3.678756664213618,9,1,4,0,0,1,2,0,3,4,4,0,3,1
12,24,2.06,7,0,4,1,9,0,1,3,0,0,1,1,0,1
2,17,3.38,3,0,0,0,6,1,2,2,2,4,2,0,2,0
9,56,3.86,5,1,1,0,6,1,4,8,2,3,4,2,1,1
9,55,2.55,3,0,1,1,2,1,3,9,0,2,0,0,3,1
14,48,3.09,4,1,4,1,7,0,1,2,0,4,4,3,4,1
5,30,2.2,9,0,0,0,4,1,8,4,2,2,2,2,1,1
10,59,2.86,4,2,1,1,2,1,2,8,2,1,2,3,4,1
4,69,2.18,0,0,4,1,3,0,0,2,2,0,1,2,4,1
6,86,3.29,8,2,4,0,6,0,1,2,0,0,4,4,0,0
5,43,3.45,7,2,3,0,4,1,7,2,0,0,4,3,3,0
14,76,2.06,7,1,1,0,6,0,1,2,4,3,0,4,1,1
13,67,2.1,6,2,1,0,9,1,1,4,2,1,0,4,2,0
2,44,3.61,1,2,3,1,6,0,2,2,4,4,0,1,3,0
1,12,2.64,2,0,5,1,9,1,0,2,0,4,4,3,3,1
7,19,3.25,6,0,2,1,8,0,1,0,9,0,9,4,0,1
11,68,3.546828726303737,5,1,4,1,5,1,0,0,0,3,1,3,1,0
5,29,3.94,7,1,0,0,7,0,9,2,4,4,3,0,0,0
10,18,2.73,3,1,3,1,5,1,4,7,0,2,0,4,4,1
11,71,3.6531196226142,8,2,3,1,3,0,1,1,1,2,2,3,2,1
0,8,2.55,0,0,2,0,4,0,3,4,0,4,3,0,2,0
6,28,3.81,1,2,0,1,8,1,1,3,4,2,4,4,0,0
9,56,3.39,1,1,2,1,3,0,0,10,4,1,4,1,3,0
6,86,3.86,8,2,4,1,2,0,0,4,2,0,1,3,3,0
12,23,2.16,7,0,1,0,3,0,0,1,1,2,1,2,0,0
8,3,3.67,8,0,3,0,8,0,1,2,2,4,9,4,2,0
13,67,3.38,3,1,3,1,5,1,2,0,0,0,0,4,2,0
11,85,3.839061250768323,3,0,4,0,4,1,1,3,4,3,2,4,4,1
1,12,2.14,0,0,3,0,8,1,4,0,4,4,3,1,2,1
1,45,2.87,6,2,3,0,5,1,1,4,2,1,0,2,2,1
1,47,3.58,9,1,3,0,6,0,4,2,1,1,0,3,3,0
0,8,3.59,7,1,3,0,7,0,3,0,2,4,3,1,0,0
14,11,3.74,6,2,1,1,0,1,3,3,1,4,1,1,0,1
12,83,3.5,10,1,4,0,6,1,0,3,0,1,1,1,4,0
4,6,2.06,8,0,2,0,3,1,0,4,0,3,4,2,3,0
6,84,2.6,9,2,0,0,0,0,3,0,4,2,4,3,4,0
11,71,3.670108119227667,4,1,1,1,8,1,2,1,2,0,0,0,4,0
4,49,3.69,3,0,3,0,2,1,0,4,2,0,1,3,1,0
9,57,3.39,5,2,3,1,9,1,2,9,0,0,0,1,0,0
12,24,2.61,9,0,4,1,4,1,3,1,1,1,3,3,1,0
6,28,2.39,8,1,0,0,7,0,2,1,3,3,0,2,3,0
0,53,2.2,3,2,3,0,1,1,0,0,3,1,1,0,2,0
1,45,2.51,3,0,5,0,5,1,0,3,0,4,0,1,3,1
10,4,2.94,3,1,2,0,9,0,2,9,4,2,1,1,3,1
9,52,2.88,0,2,1,0,8,0,0,8,4,3,2,0,2,1
12,64,2.3,6,1,0,1,4,0,3,2,1,3,1,4,0,1
12,83,2.45,9,1,3,1,3,0,4,1,0,4,0,4,4,0
6,28,2.16,9,2,1,0,6,1,4,1,1,0,0,4,2,1
7,36,3.26,3,1,1,1,9,0,4,3,10,4,8,1,2,1
13,67,4.0,0,0,2,1,3,0,0,1,0,3,3,2,0,1
11,85,3.5026744943471115,5,0,1,0,6,0,4,2,4,2,3,3,0,0
9,57,2.49,2,1,0,0,8,0,1,10,2,2,3,0,2,0
10,4,3.34,8,0,4,1,7,0,4,8,1,2,1,4,3,1
6,35,2.66,2,0,2,1,9,0,1,0,0,2,1,4,4,0
13,74,2.55,6,0,1,0,2,1,4,3,4,2,4,2,4,1
6,35,3.58,0,2,2,0,6,0,2,0,0,2,2,1,0,0
7,36,2.24,5,1,1,0,0,0,4,4,10,1,10,1,1,0
10,61,3.87,6,1,4,0,5,0,2,10,1,2,0,3,3,1
6,35,2.86,6,0,1,1,5,1,1,3,3,2,1,2,4,1
11,85,3.9050700453727303,9,2,0,1,8,1,1,0,4,1,1,2,0,1
11,73,3.7819335159458833,5,1,0,0,3,1,2,0,3,1,4,3,4,1
0,87,2.36,5,0,3,1,0,1,1,4,0,4,4,0,0,1
14,80,2.71,0,2,1,1,0,1,0,4,3,4,3,2,1,0
10,59,2.49,6,1,2,0,4,0,1,10,4,4,2,1,0,0
11,73,3.5812578223785576,9,1,3,0,1,1,3,4,3,3,0,0,1,0
7,19,2.32,3,1,4,1,5,0,2,2,10,1,7,2,2,1
12,64,2.19,7,2,2,0,2,1,3,0,4,4,1,0,2,1
4,69,2.4,1,0,2,0,4,1,1,0,1,1,0,2,4,0
9,54,2.53,3,2,3,1,2,0,4,8,1,4,3,1,0,1
10,60,3.49,7,2,0,1,0,1,0,10,0,0,2,0,0,0
1,47,3.51,1,2,3,0,6,1,1,1,4,3,4,4,3,1
6,75,2.05,2,2,2,1,4,1,4,0,0,0,2,1,3,0
7,62,3.76,5,1,4,1,5,0,0,1,10,0,7,2,3,1
1,10,3.07,8,0,3,1,8,0,0,0,1,4,2,0,1,1
4,49,3.59,9,1,3,1,2,0,2,4,4,4,2,2,4,0
11,85,3.94465937996416,2,0,4,0,2,0,3,4,0,0,1,4,2,1
6,86,3.6,5,1,0,0,7,0,0,0,3,0,0,0,1,1
2,63,3.23,3,1,2,0,5,0,3,4,4,1,2,0,1,0
2,17,3.39,9,2,0,1,0,0,1,2,4,4,2,4,4,0
1,10,2.3,9,2,3,1,8,0,3,1,3,0,3,3,4,1
13,13,2.38,4,2,2,0,1,1,4,4,0,0,0,0,3,1
3,37,2.47,6,2,4,1,4,0,0,8,4,3,1,3,1,0
6,84,2.71,0,2,4,1,3,1,3,3,0,2,0,1,1,0
7,41,3.61,2,1,1,1,6,1,1,4,10,1,9,4,3,0
6,28,2.72,4,1,4,1,3,0,4,3,4,0,3,3,2,0
3,46,3.22,8,1,4,1,4,1,4,9,0,1,2,3,4,1
7,19,3.69,0,1,2,0,5,0,4,0,7,2,7,3,1,1
5,82,2.48,4,2,2,1,2,0,8,4,0,4,1,4,2,0
10,61,3.58,1,0,4,1,0,1,3,9,3,3,3,3,3,1
6,35,3.07,1,0,3,0,5,1,4,2,3,2,4,3,2,0
4,20,2.85,5,1,2,1,6,1,0,3,4,1,0,4,0,1
10,4,2.66,9,0,4,0,6,0,0,9,4,2,0,2,0,1
7,16,2.47,3,1,2,1,4,0,1,1,8,3,8,2,0,0
6,28,2.36,7,2,2,1,2,0,1,3,0,1,1,3,4,0
10,61,2.28,2,2,3,0,0,1,0,7,4,0,1,4,3,1
0,9,2.51,7,0,1,1,1,1,2,3,1,4,2,4,3,0
10,4,2.83,1,1,3,1,1,1,4,8,2,4,3,1,1,1
6,35,3.06,9,2,0,1,0,0,0,3,2,4,3,0,1,1
5,29,2.77,6,2,3,0,1,1,9,3,1,3,3,4,4,0
5,43,3.35,1,2,0,0,9,0,9,4,4,4,0,1,2,1
5,0,3.78,5,0,2,1,4,0,9,0,0,3,3,1,4,1
2,17,2.32,6,2,0,0,4,1,3,0,0,2,1,2,2,1
13,74,2.28,3,1,3,0,1,1,4,4,0,4,3,4,4,0
0,87,2.77,4,1,0,0,2,1,1,1,4,0,3,1,0,0
9,56,3.58,0,1,0,1,2,1,0,8,3,1,0,3,2,0
1,47,2.79,9,1,3,0,0,1,2,0,2,3,3,2,1,0
8,3,2.83,6,0,0,0,1,0,1,0,1,3,10,0,2,0
14,48,2.21,0,0,3,1,7,1,4,2,4,0,0,4,2,0
1,12,2.65,4,0,4,1,5,0,3,4,0,1,3,1,2,1
12,83,3.24,9,1,1,0,5,0,0,0,4,4,0,2,3,1
2,17,3.91,3,1,2,1,8,0,2,2,3,3,4,0,1,1
13,74,3.09,1,2,3,0,0,1,4,4,2,0,1,3,3,1
14,80,3.82,2,0,3,0,0,1,2,1,2,3,0,1,3,0
2,17,2.89,5,2,3,0,1,1,2,0,0,0,4,1,0,1
10,59,2.67,5,0,0,1,1,0,0,7,3,3,0,3,2,1
10,59,2.73,2,0,4,1,7,0,0,8,0,3,1,4,1,0
10,18,3.85,3,1,1,0,4,0,4,9,3,4,3,3,2,1
0,53,3.54,3,1,0,1,4,0,0,2,0,1,2,1,1,0
1,10,2.16,7,0,5,1,6,1,3,4,3,1,3,3,3,1
6,84,3.46,6,0,2,0,0,1,0,0,1,4,1,2,3,1
14,65,2.14,6,0,4,0,2,1,4,1,0,2,4,1,3,1
10,61,2.9,1,1,3,0,1,0,4,9,4,1,3,4,2,0
0,8,4.0,2,2,2,1,9,0,0,3,3,0,2,3,1,0
0,53,2.05,5,1,1,0,2,0,4,0,4,4,2,2,2,1
13,67,3.33,3,2,0,1,3,1,0,2,3,1,4,0,1,1
5,0,2.46,8,0,3,1,1,1,7,0,0,4,3,3,2,0
10,32,2.4,5,0,1,0,2,1,4,10,0,1,1,1,2,1
10,4,2.2,5,0,1,0,8,0,2,7,0,1,3,3,0,1
6,75,3.09,1,1,1,1,3,0,0,2,4,2,3,3,4,0
8,40,3.48,1,1,3,0,0,0,3,0,4,4,9,2,0,1
2,14,2.29,4,0,1,0,0,1,2,0,2,1,2,1,0,1
8,40,2.06,7,1,2,0,2,0,4,3,4,2,7,0,3,1
7,16,3.17,0,2,2,1,9,0,4,3,10,3,10,4,0,1
3,37,2.34,7,0,4,0,5,1,3,8,0,0,4,0,1,0
0,53,3.84,3,1,0,0,2,1,1,3,2,1,2,0,2,1
9,52,2.21,2,2,0,0,4,0,0,9,1,1,3,3,0,1
1,45,3.12,1,2,3,1,6,1,2,3,2,4,3,1,3,0
11,85,3.8075456436849935,4,2,3,0,6,0,4,3,4,1,0,4,1,0
8,39,3.69,7,0,0,1,0,0,4,2,3,3,7,1,4,0
4,20,3.82,2,2,1,1,2,1,0,2,4,3,2,2,4,1
2,89,3.27,3,1,1,0,5,1,1,0,0,3,1,2,1,0
5,43,2.01,1,2,3,1,9,1,9,0,1,3,1,0,2,1
9,70,2.63,1,0,3,1,2,0,0,8,1,1,3,1,2,0
14,76,3.63,2,0,2,0,8,1,1,1,3,0,3,0,0,1
1,7,3.55,8,1,5,0,0,1,0,2,2,4,3,2,1,1
2,44,3.81,6,2,1,0,9,1,1,4,3,2,2,2,4,0
2,89,3.78,5,2,4,1,5,0,1,3,1,4,2,0,3,1
11,33,3.690573441017368,6,1,3,1,7,0,1,2,0,1,1,0,1,0
14,42,2.35,9,1,4,0,6,0,0,2,2,2,4,4,4,0
8,27,3.73,6,0,3,1,8,1,0,3,1,0,8,0,3,0
9,57,3.93,4,1,4,0,3,0,3,7,1,0,4,4,4,0
2,44,2.65,2,2,4,1,0,1,3,2,2,1,1,3,3,1
14,80,3.24,7,1,3,1,5,0,1,3,1,2,4,0,3,0
6,35,2.92,1,0,0,0,8,1,0,1,0,1,2,4,0,1
0,9,2.38,8,2,2,1,4,1,2,4,3,1,1,1,2,0
3,25,3.39,2,2,4,0,4,0,0,7,3,2,0,4,3,1
11,71,3.5475282684162823,5,1,4,0,4,1,1,3,3,0,4,4,1,1
12,66,3.8,6,2,0,1,8,0,2,1,1,1,3,0,0,1
1,47,2.33,9,2,4,0,0,0,1,4,0,4,2,0,1,0
7,5,2.05,0,2,2,0,3,0,2,0,9,0,7,2,2,1
8,27,3.12,5,1,0,0,8,0,4,1,1,3,7,1,3,0
12,23,2.26,9,2,4,0,1,0,1,3,1,1,3,2,0,0
10,61,3.72,0,1,3,0,6,1,4,8,2,3,3,4,4,0
7,41,2.09,0,1,4,1,4,1,2,1,8,0,7,0,3,1
11,73,3.705574466170069,1,2,1,0,3,0,0,1,4,2,0,1,1,1
8,51,3.73,7,1,4,0,0,0,2,2,0,1,8,1,2,0
6,28,3.7,0,0,1,0,0,1,2,1,4,4,2,1,1,1
2,44,3.41,1,0,1,0,8,1,4,3,1,4,0,1,2,0
6,35,2.19,4,2,1,0,8,0,3,0,1,1,1,4,3,1
3,37,3.24,0,1,1,1,0,0,4,10,1,4,3,4,0,0
11,31,3.8072705091106576,1,0,0,0,0,1,0,2,2,3,1,2,1,0
9,52,2.38,2,1,1,1,7,0,1,8,1,4,3,1,4,1
9,56,3.72,2,2,1,1,5,1,1,9,3,0,3,2,4,0
9,55,2.45,2,2,3,0,8,1,2,10,1,4,3,4,0,1
13,74,2.66,4,0,1,1,4,1,2,4,3,0,2,1,3,0
1,45,3.01,9,0,3,1,1,0,2,2,4,3,0,1,0,0
5,88,3.63,5,2,3,0,3,1,10,3,1,3,1,3,0,0
13,67,3.05,6,0,3,1,4,0,1,4,4,2,2,1,2,1
1,12,3.74,2,2,3,1,4,1,1,0,0,1,4,4,1,0
5,29,3.6,3,1,1,0,3,0,8,2,3,1,3,4,2,0
9,55,3.49,0,0,1,1,3,0,4,10,2,0,0,4,2,0
5,82,3.49,4,2,0,1,5,0,9,2,3,0,2,4,4,0
8,51,2.35,8,2,4,0,2,0,1,1,1,3,9,0,4,0
1,45,2.02,1,1,5,1,1,1,4,4,1,0,1,2,3,1
7,41,3.25,1,0,3,0,3,1,0,2,7,4,8,2,0,0
8,78,2.52,7,2,2,1,1,1,0,2,4,2,10,2,0,0
6,86,2.04,0,1,2,1,1,0,3,1,3,3,1,1,2,1
6,84,2.94,3,1,3,0,0,0,3,2,1,1,4,4,4,1
11,71,3.596858525388149,8,2,4,1,3,0,0,1,1,4,1,4,3,1
6,75,2.58,7,0,1,0,5,1,2,2,2,1,1,3,3,1
6,84,2.57,2,1,0,1,6,1,2,0,3,0,2,3,2,1
6,86,2.83,6,1,1,0,8,0,2,1,1,3,3,1,4,1
7,16,3.22,0,2,0,1,7,1,3,2,10,2,8,2,4,1
13,77,2.74,1,0,4,1,0,0,2,3,1,3,3,4,0,1
0,50,3.9,8,1,4,1,4,1,1,3,4,0,0,3,2,0
11,85,3.664387143746296,9,1,1,1,9,1,4,1,1,2,0,1,2,0
7,21,3.11,4,2,1,1,2,0,2,4,9,2,8,1,2,1
0,9,2.33,7,0,0,1,6,1,4,0,3,2,0,3,2,0
7,62,3.95,7,0,3,1,4,0,0,0,10,4,10,0,1,0
9,57,3.05,0,1,2,0,1,1,4,10,1,4,3,3,2,0
4,20,3.95,5,0,2,0,5,0,4,1,3,0,4,1,1,0
10,59,2.03,6,0,4,1,5,0,4,8,3,1,3,4,2,1
11,73,3.873335482393319,0,1,2,0,9,1,4,4,1,4,3,0,3,1
11,33,3.774811150553017,0,0,2,0,0,1,0,0,2,0,1,1,1,0
1,47,2.15,9,0,5,1,2,0,3,3,3,4,2,4,0,0
8,27,3.09,8,1,2,1,9,1,0,1,2,2,7,1,4,0
6,35,2.82,3,1,2,0,8,0,3,0,4,1,0,3,0,1
0,50,3.96,9,0,0,0,4,0,2,2,2,3,0,2,3,1
1,45,3.53,1,2,5,0,1,1,3,3,2,4,3,3,1,0
9,55,2.3,0,0,2,0,4,0,4,10,0,2,4,1,0,0
4,20,2.24,1,0,1,1,0,1,1,2,0,3,3,0,0,0
6,86,2.8,5,2,1,0,5,0,0,2,1,3,2,2,1,1
13,67,3.7,2,1,1,1,6,0,3,0,4,3,2,4,1,1
6,35,3.54,7,2,3,0,5,1,4,1,0,3,1,1,2,1
6,84,3.01,9,2,0,1,8,0,2,3,2,1,0,0,3,1
1,7,2.9,2,2,4,0,8,1,1,1,0,3,1,1,4,0
9,52,3.69,0,1,3,0,6,0,0,10,2,3,2,1,1,1
7,16,2.52,7,1,4,1,7,1,3,3,8,4,7,3,1,1
7,21,2.45,9,2,4,0,7,1,3,3,9,0,10,2,4,1
2,17,3.1,1,0,1,0,8,1,2,3,0,2,0,1,2,1
0,53,3.03,9,0,1,0,3,0,2,2,1,2,3,0,0,1
0,50,3.92,1,1,3,0,6,1,0,2,4,3,3,4,2,0
11,33,3.662277054865463,4,0,4,1,5,1,0,1,0,3,4,0,4,0
1,12,2.68,8,2,5,0,5,0,0,4,2,0,0,3,1,1
8,27,2.72,2,1,0,1,4,0,0,3,0,4,7,1,4,0
6,84,3.02,7,2,1,1,1,1,0,3,2,3,0,4,4,0
9,54,2.17,5,1,1,0,1,1,1,9,2,3,1,4,4,0
9,55,2.64,7,2,2,1,0,0,4,10,2,0,2,0,0,1
5,82,3.65,0,0,1,1,6,1,9,0,0,2,3,2,0,0
1,47,2.39,1,1,5,1,3,0,0,2,4,0,0,1,1,0
1,12,3.83,1,0,4,1,8,0,1,4,0,4,3,0,1,1
13,67,3.28,1,0,1,0,7,1,0,4,2,0,0,1,3,0
4,6,3.49,0,2,1,0,7,0,1,1,4,0,3,0,4,1
3,46,3.09,4,1,0,0,2,1,3,7,1,1,2,0,1,0
12,24,3.08,5,0,1,1,4,1,0,3,0,4,1,1,3,0
2,15,3.24,3,1,3,1,7,0,2,2,1,3,0,2,2,1
7,2,3.76,4,0,4,1,3,0,3,4,9,2,8,1,4,1
11,31,3.556880979402275,0,0,4,1,2,1,0,2,2,2,2,4,2,1
14,22,3.93,4,1,0,0,7,1,2,2,2,2,4,3,0,0
11,73,3.8239185193041134,4,2,0,0,2,0,0,4,1,3,4,4,4,1
0,53,2.25,8,0,4,1,8,0,4,0,1,2,4,2,0,0
7,16,3.05,0,0,4,0,7,1,0,4,8,0,10,4,0,0
1,47,2.88,3,2,5,0,2,0,0,0,1,1,0,2,2,0
3,46,3.88,5,2,4,0,6,1,2,7,3,0,1,1,0,0
13,77,3.5,6,0,2,1,2,1,3,0,3,1,1,3,1,1
4,6,2.95,7,0,4,1,9,1,3,0,1,1,4,4,4,0
10,60,3.08,1,2,1,0,1,1,4,8,1,4,2,0,4,0
3,46,3.56,7,2,4,1,3,1,0,7,3,0,0,2,2,1
5,82,3.93,1,2,4,1,1,1,10,1,0,0,1,0,0,0
12,66,2.62,9,0,0,0,7,0,0,2,2,1,1,1,4,0
1,7,3.94,3,1,5,0,0,1,2,3,2,2,4,2,2,0
14,65,2.76,7,1,1,0,5,1,3,0,4,0,2,0,1,1
10,60,2.09,3,1,0,1,1,0,3,9,0,3,3,2,2,0
5,30,3.92,0,2,2,0,9,1,9,4,3,3,2,2,1,1
12,83,3.52,9,1,0,0,6,0,2,0,4,2,1,4,3,1
12,83,3.66,10,2,4,1,6,0,3,1,4,0,2,0,1,1
12,64,3.5,10,1,3,1,0,0,2,1,4,2,2,1,4,1
9,54,2.73,3,2,4,0,7,0,2,7,2,2,0,0,2,0
14,76,3.85,0,0,1,0,7,0,0,4,0,2,0,4,2,0
9,54,3.2,7,1,1,0,0,0,3,7,1,2,4,0,2,1
9,70,2.8,0,2,2,1,5,1,1,7,1,1,1,1,0,0
3,37,3.68,6,1,1,1,7,0,2,10,3,2,3,1,2,0
10,61,3.03,3,1,2,1,8,1,1,8,1,2,3,0,0,1
2,89,3.38,9,1,3,0,0,1,3,0,1,3,0,4,4,1
1,12,3.14,1,0,3,1,7,0,0,3,2,2,4,3,2,0
3,37,2.97,9,0,0,0,6,1,0,10,1,4,3,1,3,0
6,35,2.79,1,2,3,1,1,1,4,4,4,0,1,0,4,1
10,32,2.0,1,0,3,0,2,0,2,8,1,4,4,4,0,1
13,67,3.36,1,1,1,0,6,1,4,4,0,4,0,3,3,0
13,67,3.93,5,2,0,1,7,0,3,0,2,0,3,0,3,1
9,57,2.6,6,2,0,1,3,0,3,9,3,3,0,0,2,1
5,0,2.09,8,1,4,0,6,1,9,0,4,4,1,0,1,1
7,41,2.79,3,0,2,0,6,0,4,4,9,4,8,4,3,0
10,59,2.98,0,1,4,1,3,1,4,9,0,2,4,3,0,0
7,5,3.69,3,1,1,1,6,0,1,2,8,2,9,1,1,1
13,13,2.95,8,1,4,0,7,1,2,2,4,1,3,0,2,0
14,42,3.27,9,2,0,1,3,1,0,1,4,3,4,1,1,0
3,25,2.12,0,1,1,0,4,0,4,7,1,3,2,3,4,1
3,25,2.76,0,1,3,1,9,0,2,10,3,2,1,4,1,1
2,89,3.16,1,1,1,0,1,0,0,1,3,3,0,2,3,0
5,88,3.01,7,1,0,1,2,1,10,2,0,0,2,4,4,1
10,4,3.78,1,0,3,0,5,1,4,10,4,2,0,2,2,0
8,40,2.86,2,1,4,1,4,1,3,0,1,1,9,2,4,1
5,43,3.94,2,2,3,1,1,0,8,0,4,1,3,3,0,1
8,38,2.55,8,1,4,1,6,0,2,1,2,4,7,1,4,0
5,29,2.01,0,0,2,0,6,1,9,3,2,0,3,0,2,1
14,11,3.15,1,1,3,1,4,0,3,2,3,2,0,2,3,0
1,12,3.2,2,1,4,1,1,1,0,3,1,4,0,0,3,1
7,36,2.56,2,0,4,1,7,0,0,4,8,2,7,1,1,0
12,23,3.05,7,1,4,1,7,1,1,0,0,4,0,1,2,0
5,29,3.24,5,0,3,0,5,0,9,2,4,2,4,3,0,1
2,89,2.55,4,0,1,0,4,0,1,1,4,0,0,0,4,1
7,2,2.47,0,2,2,0,5,0,1,2,7,2,7,2,3,0
0,8,2.09,1,1,0,0,1,1,3,3,2,1,3,1,0,1
0,9,2.24,2,0,4,0,0,0,2,3,4,2,4,3,1,1
1,10,3.12,3,0,4,0,3,0,3,0,1,4,3,1,3,1
1,7,2.24,7,2,5,1,5,1,2,3,3,2,0,1,2,1
12,83,3.87,9,2,0,1,0,1,2,2,3,2,1,2,2,1
10,18,2.99,0,0,2,1,4,1,3,9,3,2,0,4,2,1
1,12,3.76,9,0,4,0,7,0,3,3,0,3,2,1,3,1
14,80,3.85,4,0,4,0,9,0,1,1,3,1,3,0,1,0
5,43,3.24,5,2,3,0,3,0,8,3,4,1,3,1,4,1
14,48,2.73,9,0,3,1,0,1,0,2,4,1,4,2,4,1
9,55,2.08,8,2,4,0,1,1,4,9,4,1,4,3,4,0
1,10,2.98,6,1,4,0,4,1,0,3,1,2,0,3,2,1
2,34,2.8,1,0,3,0,7,0,3,4,2,1,3,4,1,0
11,31,3.637005890192774,2,0,2,0,0,1,2,4,1,3,0,2,3,1
7,62,2.49,1,1,2,0,4,1,2,4,7,3,8,1,1,0
5,29,3.39,5,1,4,0,7,0,8,0,1,4,3,1,1,0
1,12,2.56,1,2,5,1,9,0,2,3,1,3,2,0,3,1
13,77,2.48,3,0,3,0,1,1,2,1,1,0,2,3,3,1
8,27,2.91,3,2,2,1,1,0,0,3,4,2,7,1,1,0
1,45,2.36,8,0,3,0,7,0,4,3,4,2,0,1,3,1
8,38,2.79,1,0,1,0,9,0,0,4,1,2,8,4,0,1
9,56,3.7,3,0,3,0,3,1,4,9,0,2,2,1,1,0
10,4,2.89,1,0,2,1,8,0,1,7,0,1,4,1,3,1
13,13,3.79,5,0,2,1,4,1,4,3,2,2,3,0,2,1
11,85,3.7023225142200498,3,1,1,0,4,1,0,3,1,4,2,2,1,0
8,3,3.59,5,1,3,1,4,1,1,2,3,1,10,0,1,0
8,3,3.96,9,1,0,1,1,1,2,3,2,3,7,1,4,1
14,26,2.55,8,2,4,1,0,1,2,2,1,3,4,2,4,1
6,35,3.78,1,2,0,1,0,0,2,3,2,0,3,2,4,0
7,62,3.5,7,0,0,1,3,1,4,4,8,3,7,2,0,0
8,3,2.96,1,1,1,1,2,0,3,4,2,1,7,3,3,1
3,58,2.3,1,2,2,1,5,1,2,10,1,3,1,2,3,0
5,30,2.65,1,2,4,1,9,0,10,1,2,3,0,4,2,1
5,0,2.92,9,0,2,1,5,0,10,1,4,1,0,4,0,1
3,46,3.35,0,2,4,0,2,0,4,10,2,2,1,4,0,1
1,45,3.81,8,0,4,0,7,0,3,4,0,1,4,1,0,1
0,87,2.31,9,1,2,1,1,1,1,4,0,4,2,0,2,0
10,59,2.42,6,2,3,1,7,0,2,7,1,4,3,1,4,0
1,45,3.15,0,0,4,1,9,1,3,4,1,3,0,3,0,1
9,52,3.32,9,1,4,0,0,1,3,10,4,2,4,4,0,0
0,53,3.12,4,0,2,1,4,1,2,1,3,0,3,1,4,1
3,37,2.94,3,0,0,0,5,0,3,7,0,2,1,1,3,1
9,54,2.75,5,2,3,0,1,1,4,10,1,4,0,4,3,1
11,68,3.703041066279885,9,2,0,1,8,1,0,4,1,2,3,3,3,0
4,72,3.33,4,2,1,0,6,0,3,0,4,0,1,0,3,1
6,84,2.14,2,1,4,0,3,1,3,3,1,1,1,4,0,1
5,43,2.57,5,1,1,1,6,0,7,4,1,1,1,3,3,0
2,89,2.15,0,0,3,0,9,0,4,1,0,4,0,0,4,1
6,35,3.73,4,0,3,1,3,1,0,2,1,4,2,1,4,0
13,77,3.26,6,0,0,1,7,0,4,0,1,0,4,4,4,1
5,88,3.05,0,1,1,1,7,1,8,1,1,4,2,0,0,0
3,46,3.14,0,0,1,1,1,1,4,8,1,0,4,3,2,0
0,8,2.09,4,0,3,1,2,1,4,3,2,0,3,2,1,1
7,2,2.35,3,1,0,1,6,0,2,0,9,2,7,3,3,0
7,2,2.02,1,1,2,1,2,1,1,3,9,1,8,4,3,0
6,75,2.93,6,1,3,1,4,0,4,1,3,1,1,3,2,0
8,78,2.92,4,0,2,1,2,0,4,1,1,3,9,2,4,0
7,5,2.65,0,1,2,1,2,1,2,3,9,0,8,1,0,1
6,84,3.67,0,2,2,0,1,1,0,4,1,2,1,4,4,1
9,54,2.28,0,0,2,1,5,0,0,7,4,0,3,0,0,1
5,29,3.59,5,2,4,0,5,0,8,0,3,3,0,2,4,1
13,13,3.39,4,2,2,1,4,1,1,3,1,0,4,3,0,1
6,35,3.51,7,1,4,0,9,0,3,4,1,4,2,2,2,0
2,14,3.5,7,1,2,1,4,1,3,4,0,4,2,3,0,0
0,8,3.23,1,2,2,1,8,0,1,1,1,0,4,3,2,0
4,72,2.23,9,0,0,0,5,0,1,2,4,0,3,1,4,0
10,32,3.48,8,1,0,0,7,0,2,9,2,4,4,4,0,0
3,46,3.49,0,2,3,0,4,1,3,7,1,1,4,3,3,1
7,41,3.43,5,1,2,0,8,1,3,0,9,4,10,4,0,1
1,10,2.41,9,2,5,0,8,0,2,4,3,2,0,3,0,1
10,60,2.29,3,1,3,1,8,0,3,7,2,2,2,2,3,1
9,70,2.64,7,1,4,1,4,1,1,9,4,2,1,0,1,0
10,4,2.33,0,1,1,0,3,0,2,10,2,4,1,3,3,1
4,20,2.54,1,2,3,1,4,1,1,0,3,2,3,2,0,0
2,44,3.15,0,1,3,0,2,0,4,1,2,0,1,2,1,1
13,13,2.18,1,2,0,1,7,1,3,2,0,0,2,0,4,0
12,66,2.01,9,1,2,0,1,1,0,4,1,0,4,4,1,0
7,21,3.65,7,0,4,1,7,0,4,4,10,2,8,0,2,0
2,89,3.57,7,0,4,0,4,0,2,2,2,4,2,4,4,0
8,27,3.52,9,2,1,1,2,0,2,4,2,0,10,4,0,0
8,3,2.06,5,1,4,0,9,0,0,3,1,3,10,1,1,1
3,37,2.67,8,0,3,0,5,1,4,9,2,3,3,0,4,0
10,18,3.43,9,2,4,0,3,0,4,7,0,2,0,0,1,1
13,74,3.92,0,0,2,1,0,0,1,3,3,4,2,0,2,1
14,48,3.17,1,2,0,0,1,0,4,4,1,1,4,0,4,0
11,85,3.5049234125060056,6,1,1,0,8,0,0,2,0,0,4,0,1,1
7,16,3.23,7,0,3,1,2,1,0,2,10,0,7,2,1,1
6,86,3.52,6,1,0,0,1,0,4,4,3,4,1,4,2,1
6,84,3.47,0,0,0,0,1,0,0,3,4,1,4,1,0,1
11,33,3.6204390318527415,3,0,0,0,7,0,2,3,3,1,1,1,1,0
10,18,2.15,9,0,1,0,8,0,0,8,1,4,0,2,0,1
3,58,3.21,2,1,4,0,5,1,4,8,2,0,2,0,0,1
1,45,2.39,9,2,3,1,8,1,1,2,4,1,4,2,1,1
0,8,3.25,1,0,4,0,8,1,1,2,1,2,3,0,0,0
2,34,3.44,6,2,2,1,1,1,2,3,3,3,4,1,1,0
4,69,2.16,3,0,3,1,7,0,4,4,2,1,2,0,1,0
2,63,3.55,5,2,0,1,6,1,0,4,3,3,4,3,2,0
6,84,3.03,8,1,4,1,4,1,0,0,4,0,2,4,0,0
2,89,2.13,4,0,1,0,0,0,2,4,0,4,2,2,1,1
2,63,2.2,0,2,4,0,1,0,4,3,4,3,4,3,4,1
6,75,3.0,1,1,3,1,4,1,1,3,3,1,2,0,4,1
7,2,3.0,1,2,3,0,8,1,3,2,9,3,7,4,1,1
5,30,2.82,2,2,1,0,5,1,7,3,0,3,1,1,1,1
1,47,3.39,3,0,3,1,1,0,2,0,1,0,0,3,3,1
3,37,3.94,6,2,3,0,3,1,1,10,3,4,3,0,1,0
8,1,2.52,9,2,3,0,0,1,2,2,0,1,10,2,0,1
11,71,3.830363696554576,6,1,3,1,3,1,4,4,1,4,3,2,3,1
0,8,3.51,3,0,1,0,5,1,2,1,0,0,4,0,2,1
6,75,3.69,0,2,3,1,1,1,1,0,3,4,1,3,4,1
13,77,3.85,2,1,0,0,6,0,1,1,1,3,3,4,2,1
4,49,2.8,0,2,4,1,6,1,0,0,2,3,4,2,4,0
4,72,2.31,2,0,2,0,8,1,2,1,2,1,4,3,3,0
2,14,3.26,2,1,2,1,3,1,0,2,2,3,2,2,1,0
5,0,2.93,2,2,4,1,3,0,7,2,2,0,3,4,0,1
4,69,3.65,8,2,3,0,8,1,1,3,0,1,1,3,3,0
14,48,3.81,4,0,4,0,9,1,2,2,4,3,3,0,4,0
3,58,2.78,8,0,4,1,9,1,2,9,4,4,3,3,2,1
7,19,2.1,1,2,2,0,3,1,3,2,7,1,8,2,1,0
5,88,2.53,5,1,3,0,4,0,8,2,2,4,2,2,3,0
2,89,2.47,5,1,1,0,9,1,1,4,2,0,3,0,4,1
8,1,3.76,9,2,4,0,6,0,1,0,2,2,10,0,2,0
7,36,3.87,1,0,0,0,8,0,4,1,8,3,8,0,3,0
0,53,2.74,7,2,0,1,3,0,0,3,3,3,3,3,4,0
4,20,3.19,0,0,3,0,5,0,3,0,2,3,2,3,1,0
9,52,2.53,1,1,1,1,4,1,4,10,1,4,0,0,3,1
9,70,3.93,1,1,2,1,7,1,4,9,2,4,3,4,1,0
1,45,3.75,6,1,5,0,5,0,2,2,3,0,3,2,1,1
11,85,3.74741422831071,1,1,3,0,4,1,1,4,4,3,1,3,3,1
9,56,3.46,2,2,0,1,6,1,3,8,3,2,2,0,4,1
3,58,2.83,8,2,2,1,7,1,0,8,3,0,0,3,3,1
1,45,2.21,8,0,4,1,7,0,4,1,3,4,1,4,2,1
4,6,2.98,9,2,2,1,7,0,1,4,2,2,1,4,4,1
1,45,2.75,2,2,3,0,7,0,3,3,1,0,4,0,0,1
0,53,2.88,3,0,2,1,8,0,2,3,2,4,3,1,2,0
11,68,3.870151529949542,6,0,1,0,9,1,4,0,2,3,0,2,3,0
2,15,3.33,9,0,2,1,4,1,3,1,2,1,3,4,4,0
1,47,3.76,6,2,5,1,6,0,2,4,1,1,3,0,4,0
10,61,3.9,1,1,3,0,7,1,1,7,0,3,4,2,4,0
5,29,2.63,5,2,4,0,0,0,9,2,3,0,0,1,3,1
5,43,2.82,8,0,3,1,2,1,7,0,2,3,0,4,2,0
4,6,2.73,7,2,2,0,1,1,2,2,1,4,2,0,0,1
10,32,3.62,2,2,2,1,9,0,1,7,3,0,2,1,4,1
0,53,3.98,6,0,0,1,4,1,0,0,3,4,2,0,1,1
0,8,2.97,3,1,1,1,3,0,2,4,1,1,4,3,4,1
1,7,3.55,5,0,5,1,4,1,3,1,1,4,2,0,3,1
1,45,3.12,4,2,3,1,5,1,4,1,2,3,1,1,2,0
5,43,2.37,3,0,3,1,2,1,10,4,4,1,0,2,0,1
11,68,3.760091467866197,5,2,1,1,6,1,4,1,2,0,1,4,3,1
5,88,3.87,7,2,2,0,1,1,8,4,3,3,4,1,0,1
1,7,3.8,6,1,4,1,0,0,4,2,4,1,0,2,4,1
2,17,2.44,9,2,4,0,3,0,0,3,1,2,2,0,2,0
9,70,2.22,9,0,4,1,1,0,1,10,3,1,2,3,2,1
3,37,2.15,7,0,3,1,3,1,0,7,4,4,3,0,3,0
6,35,3.24,7,2,3,0,5,0,2,3,3,0,4,4,2,0
9,70,2.84,4,0,0,1,9,0,3,7,4,4,0,4,4,1
11,85,3.845475683133978,0,2,2,0,1,0,1,1,0,4,1,0,4,0
1,12,2.0,2,1,4,0,8,1,0,0,0,2,2,3,4,1
10,81,2.86,6,0,3,0,1,1,4,7,2,3,1,4,1,0
11,33,3.7013880671741664,1,1,3,1,4,0,4,3,4,1,4,4,3,0
9,56,3.25,2,1,4,0,5,0,4,8,2,4,4,4,0,0
4,20,2.46,2,1,3,0,9,0,3,2,4,2,4,3,2,1
13,74,3.5,7,1,0,1,1,1,1,4,4,1,1,2,3,1
9,56,3.49,4,2,4,0,2,1,2,8,0,1,3,0,4,0
7,16,3.76,5,2,0,1,1,1,1,2,10,1,9,3,0,0
3,46,3.56,6,2,2,0,2,1,2,9,2,2,1,0,0,1
3,46,2.07,8,1,4,1,2,1,4,7,1,0,0,3,3,1
7,36,3.78,2,0,0,0,1,1,2,3,8,4,9,2,1,0
3,58,3.93,2,2,3,0,2,1,3,10,3,3,0,3,2,1
10,18,3.42,4,2,4,1,3,0,1,10,3,4,2,3,1,1
1,12,2.53,9,0,5,0,8,1,4,3,1,4,3,1,2,0
6,75,3.8,6,0,3,1,7,0,3,4,0,4,1,3,1,1
6,75,3.99,7,0,0,1,2,1,1,2,4,4,1,0,1,0
3,25,2.88,4,0,2,0,6,0,1,8,1,4,2,0,3,1
12,23,3.4,10,2,1,0,2,0,0,1,0,3,1,3,0,1
11,68,3.981392403990366,5,1,3,0,6,0,0,0,2,3,1,3,0,1
12,64,3.45,5,0,4,1,1,0,0,0,3,2,4,3,3,0
12,24,3.35,5,0,3,1,9,0,2,3,4,0,2,0,3,0
1,10,3.1,1,1,5,0,7,1,1,2,1,3,0,3,3,1
3,37,3.89,0,2,0,1,0,0,2,9,3,2,3,1,4,0
9,57,2.79,0,2,4,1,4,0,2,9,3,0,1,3,3,0
8,27,3.32,4,2,0,0,5,0,3,3,4,4,9,2,0,0
9,57,2.66,0,1,0,1,7,0,2,9,1,4,3,1,0,0
14,76,2.23,7,2,2,1,1,1,1,2,2,4,1,1,3,1
12,66,2.22,8,2,1,1,0,0,0,1,4,0,3,4,2,0
11,33,3.599445851469009,5,2,2,1,9,1,2,3,3,2,4,0,0,1
4,6,3.86,1,1,2,0,5,0,2,2,2,0,3,1,3,1
7,16,2.01,4,0,1,0,1,0,3,4,10,0,9,0,2,0
4,20,2.35,0,2,0,0,7,0,0,0,2,1,3,4,1,0
10,61,3.64,7,2,2,1,9,0,4,7,4,3,0,2,2,1
8,78,3.01,8,2,4,1,8,0,0,1,4,0,7,3,0,1
9,52,2.94,7,0,3,0,3,1,2,9,2,2,0,4,2,0
5,43,2.59,6,0,2,1,7,0,10,2,2,0,3,3,0,0
0,8,3.23,7,1,1,0,1,0,3,1,1,3,4,3,3,1
4,20,2.92,8,2,3,0,2,0,1,3,2,2,4,3,1,1
8,51,3.78,3,1,3,1,7,1,3,0,3,2,9,3,3,0
6,28,3.07,4,2,4,0,6,1,2,1,3,2,3,3,0,0
3,58,2.96,7,0,3,1,0,0,1,8,0,1,3,2,1,0
13,77,3.94,8,2,4,1,2,0,3,1,0,3,2,2,1,0
11,71,3.574634006334624,6,1,4,0,6,0,0,1,0,1,3,1,1,1
7,16,2.11,8,1,0,0,2,0,4,2,7,0,7,1,0,0
1,7,3.8,1,2,4,0,0,1,4,4,1,3,4,2,0,0
5,88,2.87,1,2,1,1,7,0,8,0,2,3,2,4,0,1
8,27,2.07,9,1,1,1,6,0,1,2,1,1,10,3,0,0
14,65,2.73,0,0,0,1,1,1,2,0,4,1,2,1,4,0
10,60,3.14,2,1,4,1,9,0,2,8,1,2,3,4,2,0
13,74,3.43,3,2,1,1,3,1,4,3,3,3,4,3,4,0
9,56,3.76,3,0,3,0,9,1,3,8,4,2,2,1,3,1
8,39,2.37,7,0,4,1,5,0,3,2,3,4,7,3,1,1
9,57,3.71,9,2,3,1,7,1,3,10,1,4,0,4,4,1
9,55,3.17,0,1,2,0,8,1,0,7,1,2,0,0,3,1
2,44,2.3,7,2,2,1,8,1,0,3,1,2,0,3,1,1
12,23,2.2,7,2,4,1,5,0,1,3,2,4,3,3,0,1
8,1,2.54,4,1,4,0,9,0,1,1,1,2,8,2,2,0
2,17,2.5,6,2,4,0,7,1,4,1,4,2,4,2,4,0
3,58,3.47,7,1,3,1,5,1,1,8,2,0,3,0,3,1
5,43,2.34,3,2,4,0,0,0,8,3,4,3,1,3,1,1
14,76,3.9,6,2,3,1,2,0,3,0,1,1,4,1,2,1
2,15,3.46,5,2,2,0,3,0,4,1,3,3,4,3,1,0
7,16,3.47,9,2,1,0,3,0,1,4,8,0,7,1,4,1
1,45,3.3,7,0,5,0,1,1,4,1,1,4,3,2,2,1
5,43,2.86,8,2,0,0,0,1,7,3,3,2,4,3,1,0
10,59,2.56,6,0,4,0,0,1,3,10,2,1,0,1,1,0
13,74,2.51,6,2,0,1,4,0,3,4,0,1,3,0,4,1
2,14,3.25,0,0,0,0,5,1,4,4,4,2,2,4,4,1
13,13,2.18,1,1,2,1,6,1,3,4,0,3,0,4,1,0
4,6,3.3,3,2,3,1,4,0,3,1,0,3,3,2,4,0
2,63,2.59,6,2,2,0,3,1,2,3,1,2,3,4,0,1
2,89,2.88,3,2,3,1,0,1,3,1,3,1,4,4,1,0
12,66,3.41,9,2,0,1,9,0,3,3,3,3,3,1,4,0
2,63,3.36,1,0,3,1,8,1,0,4,4,1,1,0,4,1
11,31,3.935638494060578,8,0,0,0,0,1,1,2,0,2,2,0,2,0
6,75,3.52,5,2,4,0,0,0,2,2,4,0,3,1,4,1
2,89,3.53,5,1,2,0,5,1,0,0,1,2,2,2,1,1
13,74,3.45,7,0,1,1,6,1,1,4,4,3,2,1,3,1
6,35,3.62,0,1,0,1,0,1,1,0,1,1,3,3,0,1
4,20,3.91,8,0,2,0,2,1,1,1,2,1,1,0,0,0
9,56,3.51,1,2,3,0,7,0,4,9,0,4,3,3,2,0
12,24,2.69,6,1,4,1,7,1,0,3,1,2,3,0,4,0
10,18,2.95,5,0,2,0,6,0,2,9,1,1,4,3,3,1
10,32,2.91,9,0,2,0,3,0,2,8,2,0,3,0,0,1
5,30,2.74,3,0,3,0,9,0,8,1,3,1,1,2,1,1
3,25,2.7,5,1,2,0,0,0,2,9,4,4,1,2,2,1
6,28,3.96,2,1,4,0,5,1,4,0,4,0,4,4,3,0
3,46,2.35,8,2,3,0,2,1,1,7,0,2,3,1,0,0
9,55,2.19,4,2,0,0,5,1,0,7,1,3,4,0,3,1
2,34,3.96,0,1,2,1,6,0,1,3,1,2,0,4,4,0
2,17,2.91,6,1,0,0,8,0,2,2,1,3,1,0,4,1
2,44,2.03,2,1,2,1,1,1,4,1,0,2,2,4,1,0
2,34,2.34,3,1,2,0,1,1,0,3,4,1,1,0,4,1
14,11,2.2,9,2,2,0,3,1,1,2,3,4,0,0,4,0
13,13,3.08,6,1,1,0,7,0,3,2,0,1,2,1,2,1
11,71,3.5245763143623554,6,1,1,1,9,0,4,4,0,3,2,3,2,1
5,30,2.34,0,1,0,1,5,1,7,2,1,2,2,1,4,1
9,56,2.7,9,1,1,0,1,0,0,8,4,1,1,0,3,0
14,48,3.41,4,2,0,0,0,1,1,0,2,1,2,0,0,1
13,77,2.28,8,1,4,1,2,0,2,2,1,1,4,0,4,0
4,69,3.11,6,0,1,1,9,1,3,1,3,3,2,1,1,1
7,2,3.84,3,1,1,0,6,1,0,3,8,3,8,0,1,1
4,72,3.12,4,2,0,1,7,0,4,0,1,4,3,0,2,0
5,30,2.84,9,0,4,0,7,0,7,4,0,1,3,3,4,0
4,72,2.21,7,1,3,1,2,1,4,2,0,1,4,3,1,1
11,31,3.520297992651187,3,0,4,0,8,0,0,0,2,3,0,0,1,0
10,18,2.79,4,2,3,1,7,0,2,10,1,2,4,1,4,0
13,67,2.93,0,1,1,1,2,0,1,0,3,0,3,1,2,0
4,49,3.25,2,1,4,1,8,1,2,1,4,0,1,2,1,1
2,14,3.1,8,0,3,1,9,1,2,4,0,1,4,0,3,0
12,66,3.56,10,2,3,0,4,1,3,0,4,1,1,0,2,0
8,39,2.23,4,0,4,0,1,1,0,2,1,1,8,3,3,1
13,77,3.7,3,2,4,1,9,1,3,0,2,2,1,4,1,1
6,84,3.34,1,1,1,1,6,1,3,1,4,1,0,4,0,1
12,24,3.62,6,0,4,0,9,1,1,3,3,2,1,2,3,0
4,20,3.13,7,2,3,0,8,1,1,4,0,4,2,0,4,1
7,41,2.63,1,2,4,1,4,0,0,0,7,1,9,4,1,0
9,55,3.49,3,1,2,0,9,1,2,10,3,4,0,2,4,1
7,5,2.99,4,2,2,1,2,0,4,4,9,4,9,4,2,1
13,13,2.59,4,1,3,1,2,1,1,4,3,4,1,3,0,0
13,77,2.54,7,1,3,1,8,0,3,1,4,4,4,0,3,0
1,47,2.86,5,0,5,1,1,1,1,4,2,1,0,2,3,1
12,64,2.14,8,1,0,1,1,0,1,4,0,3,0,2,0,1
5,88,2.15,2,2,0,0,3,1,7,0,3,2,3,1,4,0
0,8,3.51,5,0,2,0,0,0,1,3,4,4,2,3,3,0
13,67,2.83,7,1,2,1,4,0,4,4,0,3,4,1,1,1
1,47,2.81,9,2,4,0,7,0,1,0,3,2,3,4,3,1
1,45,3.5,9,0,4,1,4,1,2,3,0,2,0,4,3,1
10,18,2.02,4,0,0,0,8,1,1,9,0,4,2,0,3,0
2,17,2.23,3,0,4,0,2,1,1,2,0,2,4,4,1,0
8,39,3.54,5,1,4,1,2,0,2,1,1,3,7,2,3,0
6,86,3.59,6,0,0,1,4,0,4,4,1,4,4,1,1,0
14,22,3.62,6,2,2,1,6,0,3,4,4,3,0,1,4,1
2,63,2.64,9,2,2,1,0,0,0,0,1,4,4,3,2,0
13,67,2.09,2,1,0,1,0,0,2,2,2,1,1,4,3,0
8,78,3.74,7,2,0,0,9,0,4,0,4,3,9,1,4,0
10,60,2.94,3,0,2,1,2,0,4,7,0,2,2,3,1,1
7,2,2.8,6,0,1,0,2,1,2,3,8,2,7,1,0,1
1,7,2.25,2,0,3,0,9,0,1,3,4,3,1,3,0,0
6,35,2.07,6,2,2,1,0,0,0,0,2,3,2,1,4,1
3,46,2.83,1,2,1,1,1,1,0,8,3,1,0,4,3,0
4,69,2.14,3,0,4,0,9,1,4,1,2,4,3,4,2,1
7,36,3.28,2,0,0,1,0,1,3,1,7,2,9,4,1,0
7,19,3.94,6,1,2,1,0,1,1,0,8,0,7,3,2,0
5,29,2.7,6,1,2,0,8,1,7,4,2,2,0,0,0,0
9,70,3.6,5,1,0,1,3,1,4,9,2,0,3,1,4,0
11,31,3.984719687837939,1,0,4,0,0,0,2,0,1,2,1,1,3,1
11,33,3.892268259342448,1,0,1,1,9,0,2,2,4,1,4,1,3,0
6,28,3.65,5,0,2,1,1,1,0,4,4,1,4,1,2,1
10,4,3.93,6,0,4,1,8,1,2,7,3,0,4,4,1,1
3,25,3.42,8,1,0,0,5,0,1,10,1,3,2,2,3,1
8,39,3.14,9,0,2,0,4,1,4,4,1,0,9,4,1,1
0,9,2.41,9,1,0,0,7,0,3,0,0,1,2,4,1,1
11,73,3.514168725191692,2,1,0,0,9,1,0,0,0,2,4,0,0,0
9,54,3.69,4,1,2,0,1,0,1,7,1,1,4,3,0,0
11,33,3.6295175720516735,6,1,2,0,8,1,0,1,2,0,2,0,1,1
4,72,3.4,5,1,3,0,3,0,3,3,3,2,0,0,3,0
4,49,3.6,7,0,4,0,0,1,2,3,4,2,1,0,1,0
2,15,3.48,4,2,0,0,5,1,3,3,1,2,1,3,2,1
8,3,2.15,9,1,1,0,9,0,3,0,4,2,8,0,3,1
4,6,3.17,9,2,3,1,1,1,3,4,3,3,4,2,4,0
10,18,2.48,8,2,1,1,1,1,3,10,2,1,1,0,3,1
9,52,3.71,1,2,3,0,4,0,4,9,3,3,1,4,1,0
12,64,3.4,7,1,4,1,0,1,2,1,2,0,3,1,1,1
11,33,3.819978192557285,9,0,2,0,2,0,4,4,2,0,3,2,1,1
0,87,2.66,4,0,0,0,4,1,2,4,0,2,1,2,1,0
3,37,2.87,0,2,4,0,7,1,3,9,2,4,4,3,2,0
0,87,3.3,8,1,4,0,3,1,4,1,1,3,2,1,4,1
10,59,2.99,8,2,4,1,0,0,3,9,1,4,1,4,2,1
5,30,3.44,4,1,1,0,9,1,9,2,3,1,3,4,2,1
10,60,3.93,0,0,3,1,6,0,0,9,1,3,2,0,1,1
14,22,2.31,5,1,1,1,1,1,3,3,4,0,4,3,0,0
7,16,3.07,0,1,3,1,4,1,1,1,8,0,7,1,2,0
2,15,3.84,5,0,4,1,2,0,1,0,3,1,3,1,2,0
0,9,2.72,8,0,2,1,0,0,0,1,3,0,1,2,1,1
7,5,2.54,4,1,1,0,9,1,0,1,9,4,7,1,2,0
9,55,2.22,2,1,1,0,0,1,0,10,0,3,4,2,2,1
2,14,2.3,1,0,3,1,3,1,4,1,0,4,4,3,1,0
4,72,3.04,8,2,2,0,2,1,4,4,2,0,0,3,1,0
13,77,2.67,7,1,3,0,2,0,3,0,4,4,2,0,2,1
9,57,3.46,7,1,2,0,6,0,3,8,1,3,2,3,4,0
12,83,2.57,10,2,2,1,0,0,4,0,0,4,4,0,1,0
7,2,2.07,7,0,3,1,4,1,4,1,8,1,7,4,2,1
6,75,2.81,0,0,3,0,9,1,0,0,0,1,1,3,0,1
7,2,2.07,1,2,0,1,1,0,2,4,10,2,9,2,3,1
3,25,3.8,2,2,4,0,2,1,4,10,0,1,3,3,2,1
13,67,2.35,4,0,3,1,7,0,1,3,2,3,1,1,3,0
14,76,2.32,9,2,0,1,5,0,4,2,4,1,1,4,0,1
9,56,2.03,5,1,1,1,7,0,0,7,3,4,1,2,0,0
6,86,3.86,9,2,0,0,6,0,3,0,3,4,4,3,3,0
6,75,3.5,6,2,0,0,3,0,4,0,2,1,2,2,2,0
4,6,2.59,3,1,0,0,0,0,0,1,2,1,2,4,1,1
14,42,2.55,0,0,2,1,2,0,3,2,0,0,4,0,4,1
4,69,2.74,0,2,1,1,2,1,1,3,2,1,3,3,2,0
4,72,2.44,4,2,1,0,0,0,1,0,0,2,2,2,0,1
11,85,3.8764930965195927,1,1,0,0,3,0,3,1,0,1,1,0,2,0
2,89,2.99,0,0,4,1,0,1,1,2,4,3,4,0,3,0
7,5,3.22,5,0,4,1,1,1,3,1,10,2,10,4,2,0
11,33,3.823310566828778,9,1,0,1,7,1,4,1,4,4,4,1,3,1
13,13,3.0,2,1,3,0,2,0,0,1,4,1,3,2,4,0
0,50,3.23,2,1,4,0,1,0,1,4,4,4,2,4,1,0
6,84,2.48,9,0,2,1,0,0,2,2,2,2,4,4,1,0
1,10,2.62,3,1,4,0,9,0,4,2,1,0,4,0,1,0
8,78,2.18,0,1,1,0,3,0,2,0,1,2,7,4,1,1
1,47,3.99,3,1,4,0,6,0,2,1,1,4,1,0,2,1
9,52,2.58,1,2,4,1,4,0,4,9,0,2,4,0,3,0
6,86,3.7,4,2,2,0,7,0,2,4,3,0,2,2,4,0
6,28,2.57,7,2,2,0,0,0,3,3,0,2,0,4,1,1
8,40,3.33,4,0,1,0,8,0,0,3,0,3,8,2,4,0
10,18,2.23,7,0,4,0,3,0,0,7,0,3,2,1,4,1
12,24,2.69,5,0,2,0,7,0,4,2,0,0,3,3,3,0
14,22,3.69,5,1,1,1,6,0,4,3,0,2,2,1,2,0
10,61,2.09,3,2,0,0,3,0,4,7,1,1,1,0,0,1
9,55,2.12,6,2,4,0,4,0,0,10,1,2,4,3,4,0
10,81,3.74,1,1,3,1,1,0,3,10,1,4,2,3,2,1
1,10,2.42,8,2,3,1,2,1,0,0,1,2,0,1,0,1
4,6,2.12,5,0,1,0,2,0,2,3,3,4,0,1,0,0
5,82,2.13,4,0,0,1,3,1,7,3,2,2,3,0,4,0
7,19,3.22,1,0,1,1,6,1,1,3,8,3,9,0,1,1
12,24,2.87,6,0,0,1,0,0,4,2,3,2,0,4,2,0
12,23,3.72,6,2,3,1,1,1,4,1,2,4,0,0,4,0
0,87,3.63,3,0,4,0,1,1,0,0,4,1,1,3,4,1
12,64,3.38,7,2,2,0,7,1,2,2,1,0,0,4,2,1
1,12,2.02,5,1,5,0,1,1,3,0,3,0,2,3,4,1
2,89,2.93,9,0,3,0,5,0,0,2,0,1,4,0,1,0
11,68,3.757463754430336,8,0,0,1,7,0,3,4,2,0,4,2,3,1
10,4,3.13,6,2,2,0,7,1,2,10,0,0,0,4,3,0
0,50,2.63,9,1,0,1,8,0,2,2,3,1,0,0,2,1
2,89,3.28,9,1,1,0,1,0,2,2,2,2,0,1,0,0
3,25,3.08,9,0,2,0,5,0,0,7,1,2,1,1,1,1
1,47,3.68,0,2,4,1,6,0,4,2,2,4,0,1,1,1
1,47,2.75,6,2,3,0,2,0,0,4,2,1,0,2,3,0
3,58,3.31,1,2,0,1,3,1,4,10,0,2,3,0,2,0
9,52,3.07,4,0,4,1,0,1,1,8,0,0,4,3,4,0
4,72,3.93,2,2,2,0,4,1,4,4,1,4,3,0,4,0
1,12,3.51,0,0,5,1,6,0,0,1,4,4,1,2,2,0
8,3,2.13,0,0,1,0,6,1,0,0,1,4,9,1,0,1
5,82,3.48,4,1,3,1,5,1,10,3,4,3,1,0,1,1
1,12,3.5,0,1,4,0,7,0,3,3,2,2,2,0,4,0
14,48,2.84,7,0,4,1,2,0,0,4,2,4,2,2,4,0
2,44,3.79,3,0,2,0,9,0,3,1,2,3,4,2,3,1
0,9,3.1,7,0,3,1,1,1,1,0,2,3,3,0,3,1
10,32,2.57,9,0,3,1,3,1,4,7,0,0,0,1,1,1
6,28,2.96,2,0,0,0,1,1,2,3,4,2,4,2,4,1
7,5,2.21,1,0,2,1,0,0,0,1,9,2,8,2,0,0
13,74,3.19,7,2,4,0,8,1,2,0,1,3,0,4,0,1
3,58,3.12,6,0,1,1,7,1,3,8,3,1,1,2,1,0
6,28,2.55,7,1,0,1,5,1,0,0,2,0,4,2,2,1
10,59,2.81,6,1,1,1,3,0,2,8,0,3,2,2,0,0
6,28,2.65,6,0,4,1,6,1,2,0,4,1,2,1,0,1
9,55,2.34,6,1,3,0,6,1,0,8,2,2,1,4,4,1
12,66,3.02,10,0,4,0,2,0,2,2,2,3,1,2,4,1
6,35,3.26,7,2,4,0,4,1,4,3,0,3,3,0,0,1
8,1,2.35,1,2,3,1,7,0,4,1,4,4,10,0,2,0
13,67,3.52,0,0,1,1,1,1,0,2,2,2,4,4,0,1
14,80,3.37,3,2,1,1,5,0,2,0,0,3,1,3,4,1
8,27,2.08,1,2,2,1,7,0,2,4,4,4,9,1,0,0
12,66,2.4,6,1,4,0,2,1,4,0,1,2,2,3,3,0
8,3,2.53,6,2,0,0,0,1,4,3,1,0,9,4,0,0
0,53,2.19,1,1,1,1,3,1,2,1,3,4,0,1,1,1
12,23,3.69,5,1,4,1,0,1,3,1,3,2,0,1,0,0
1,12,3.82,7,0,3,1,7,1,1,3,0,2,0,4,2,0
8,3,2.71,5,2,1,1,6,1,0,4,3,2,8,2,3,0
3,25,3.54,3,2,3,0,6,1,0,10,1,1,3,3,4,1
0,87,2.42,5,0,4,1,5,1,4,2,1,4,3,3,1,0
1,12,3.61,2,1,4,0,2,1,4,3,2,3,1,4,2,0
11,71,3.6341698956373287,5,1,3,1,1,1,3,1,0,2,0,4,0,0
1,12,2.59,8,0,3,0,0,1,0,1,0,1,3,3,4,0
12,83,3.24,5,0,4,0,6,0,0,0,4,4,1,3,3,1
2,17,2.73,0,2,3,1,7,1,3,0,3,4,2,4,1,0
5,0,3.54,3,0,3,0,9,1,9,0,4,2,2,4,1,1
9,55,3.67,1,0,4,0,6,1,0,10,1,2,3,3,1,1
3,58,3.86,7,2,2,1,8,1,0,10,2,3,4,1,3,1
1,47,2.8,7,0,4,1,0,0,4,4,0,1,1,4,3,0
1,7,3.54,1,2,5,0,4,1,1,3,1,4,2,2,4,0
9,70,2.16,9,0,4,1,8,0,4,10,1,0,4,1,4,0
7,16,2.11,9,1,1,0,5,1,3,3,10,0,9,1,0,1
14,11,3.2,2,1,2,0,0,0,4,2,1,1,3,4,4,1
3,58,2.01,9,2,2,0,6,1,2,7,2,0,3,3,4,1
14,79,2.16,6,2,0,1,8,1,2,4,2,3,1,4,2,1
11,33,3.589829644514956,0,1,2,1,8,1,4,3,3,1,1,1,0,1
1,10,2.35,7,2,4,1,2,1,0,2,3,3,0,2,4,0
6,86,2.65,2,1,1,1,7,1,4,4,2,0,4,1,0,1
9,56,2.93,3,1,2,0,1,1,3,9,1,4,4,2,0,0
2,89,3.44,5,1,3,1,7,0,2,2,0,2,0,2,3,0
2,15,3.45,9,2,0,0,7,1,2,3,2,3,2,2,4,1
0,50,2.75,9,0,0,0,4,1,0,2,3,3,3,4,2,1
12,83,2.89,5,1,0,0,5,0,1,3,4,4,3,4,0,0
9,54,2.39,9,1,2,1,8,1,2,8,0,0,4,4,1,0
9,52,2.17,2,2,0,0,9,0,2,10,4,3,0,4,4,0
11,85,3.601888017095532,2,1,4,0,8,1,2,0,0,4,4,1,2,1
9,55,2.43,4,0,3,1,9,0,0,9,1,2,0,1,4,0
3,58,2.05,4,2,2,0,8,1,3,9,3,1,3,2,1,0
4,20,2.09,4,2,4,0,8,1,2,4,1,3,4,1,2,1
3,37,2.6,6,0,4,1,2,1,3,9,2,0,0,0,4,0
6,35,2.43,8,2,4,1,7,0,1,3,2,2,4,2,1,0
2,17,3.25,5,1,4,1,5,0,2,1,1,1,1,4,1,1
0,9,3.95,1,1,2,0,9,0,0,4,2,0,3,0,4,1
10,32,2.22,0,1,3,1,9,1,0,9,0,0,1,4,0,1
0,50,3.61,0,0,0,1,0,0,0,2,2,3,2,0,1,1
13,67,3.51,9,2,0,1,2,1,0,1,3,3,3,4,1,1
6,35,2.84,5,2,3,1,2,1,4,4,1,3,0,1,1,0
13,13,3.1,8,0,4,0,5,0,0,3,1,1,3,0,2,1
6,86,3.97,8,2,4,1,2,0,3,3,0,4,3,1,3,0
14,26,2.58,8,0,2,1,1,1,2,1,0,2,4,3,2,1
4,49,3.51,5,0,3,1,5,1,1,4,1,0,4,2,2,1
0,53,3.24,2,1,0,1,2,1,2,2,0,4,4,4,3,1
14,48,3.72,1,2,0,1,2,1,4,3,2,3,1,0,0,1
6,35,2.71,9,0,3,0,3,1,0,4,2,2,0,0,2,0
6,28,2.31,8,2,0,0,5,0,4,2,4,2,1,2,4,0
9,57,3.25,9,1,0,0,2,1,2,8,3,4,2,1,2,1
13,13,2.44,9,1,4,1,4,1,4,4,3,4,1,1,1,0
5,82,3.17,6,2,3,0,4,1,8,2,1,2,2,1,4,0
3,58,2.1,2,2,2,1,2,1,4,9,4,2,3,4,3,1
14,65,2.98,6,0,4,1,8,0,4,1,1,1,3,2,3,1
6,28,2.79,6,2,0,1,5,0,0,0,1,0,1,4,4,1
9,55,2.27,3,2,3,1,8,1,0,10,0,4,2,1,0,1
7,21,2.11,4,1,2,0,8,0,1,0,9,0,10,2,0,0
7,19,3.08,6,0,2,0,3,1,2,1,9,3,7,0,3,0
0,53,3.41,8,2,1,0,7,0,0,4,4,0,4,0,2,1
4,72,3.66,0,2,2,0,2,1,4,1,1,1,0,3,3,0
6,28,2.31,5,2,0,0,7,0,2,0,0,4,1,2,1,0
0,8,2.8,1,0,4,1,7,1,2,3,2,4,3,2,4,1
9,57,2.27,0,1,0,1,9,0,0,8,0,3,3,3,0,1
11,71,3.543212316223619,1,1,1,1,6,1,1,1,3,1,3,1,1,0
13,74,3.43,3,1,4,0,9,0,3,2,3,2,3,1,3,0
12,24,3.89,9,2,2,0,9,0,2,1,4,4,0,4,0,1
10,4,3.62,7,0,4,0,2,0,3,8,3,2,3,3,1,1
8,51,2.51,2,2,3,0,0,1,3,3,3,2,7,2,2,0
4,49,3.86,8,0,1,1,3,1,0,4,2,3,1,0,1,1
14,26,3.88,5,1,0,0,2,1,3,1,1,3,4,0,1,0
9,70,2.39,0,1,2,0,5,1,4,10,1,1,3,4,2,0
8,40,3.15,6,2,0,0,2,0,1,4,3,1,7,0,2,0
12,24,2.18,5,2,0,1,4,1,4,0,3,3,0,0,1,0
13,67,2.59,7,0,4,1,6,1,3,3,1,0,2,0,1,0
1,47,2.92,3,2,5,1,0,0,1,1,4,4,0,2,4,1
5,0,2.55,9,0,1,0,0,0,10,4,0,1,3,2,0,0
8,39,3.37,6,0,4,0,7,1,1,0,1,3,8,0,2,0
4,72,2.72,1,1,4,1,6,0,0,1,2,2,1,3,1,1
12,23,2.95,7,0,0,1,2,0,1,2,1,0,3,2,1,1
4,72,2.98,8,0,1,0,7,1,4,3,0,0,1,4,1,0
3,58,2.47,6,2,3,0,7,0,2,7,0,3,0,3,2,1
4,49,2.97,5,0,0,1,9,1,2,0,4,3,2,3,0,0
4,72,3.28,3,2,1,0,8,1,0,4,2,1,2,3,1,1
8,1,2.69,4,2,3,0,3,0,3,1,3,1,7,0,1,0
4,6,2.03,8,1,4,1,2,0,3,4,2,1,1,2,4,1
9,56,2.17,3,0,1,0,7,1,1,9,0,4,1,1,0,1
12,64,3.28,9,1,3,1,6,1,2,1,3,0,4,2,3,1
9,70,2.44,5,0,0,1,6,0,3,10,0,2,0,2,4,1
12,83,2.57,5,2,0,0,3,1,4,1,2,4,2,3,2,1
3,58,2.92,2,0,0,1,1,0,1,8,1,4,1,2,3,1
8,51,2.38,7,1,3,0,6,0,1,3,2,2,10,1,0,1
12,83,2.85,9,2,4,0,2,0,2,4,3,4,1,0,3,1
7,36,2.27,9,1,1,0,8,0,0,2,8,3,10,4,3,0
13,67,2.51,8,2,3,1,7,0,3,3,1,1,4,0,3,0
11,31,3.8306801968306528,1,0,2,0,4,1,0,3,1,1,2,4,2,0
12,64,3.01,6,2,0,1,5,0,4,1,4,3,4,2,4,0
3,25,2.3,5,1,0,1,8,0,3,10,1,0,0,4,1,1
3,58,2.67,0,0,0,0,7,0,2,9,2,1,2,1,2,1
11,71,3.695837798267775,8,2,1,0,2,0,4,4,4,4,0,3,2,0
2,17,2.91,0,2,3,1,5,0,1,2,0,1,1,4,2,1
2,15,2.48,1,2,2,1,9,1,0,0,4,4,1,0,3,0
6,28,3.02,3,2,2,0,3,0,2,1,0,1,3,3,0,1
7,36,2.07,7,1,1,0,7,0,2,0,9,0,7,3,4,0
10,60,3.56,0,1,4,1,6,1,2,7,4,2,3,3,4,1
0,8,2.95,7,0,2,0,4,1,2,4,2,4,0,1,0,1
13,13,3.22,9,0,2,0,0,1,4,0,1,1,3,1,4,0
12,66,2.76,9,1,0,1,2,1,0,2,1,1,1,3,0,1
5,0,3.36,3,2,2,1,6,1,10,1,4,0,2,0,0,0
13,74,2.52,7,0,3,0,6,1,0,3,4,2,3,4,4,0
3,25,3.16,3,2,4,1,6,0,3,8,3,3,4,4,3,1
10,59,2.66,1,0,4,1,5,0,4,7,4,4,0,1,3,0
12,66,3.75,9,0,4,1,5,1,3,1,2,3,3,4,1,0
9,57,2.83,7,1,0,1,3,0,3,8,2,4,3,2,3,1
4,6,2.58,8,0,4,1,3,0,2,1,4,0,3,2,0,1
6,84,2.9,7,2,4,0,0,0,4,4,3,1,3,1,2,0
3,37,2.91,8,0,4,0,6,0,1,10,1,1,0,1,1,0
4,49,3.16,0,1,0,0,0,0,1,3,4,1,3,0,0,0
12,66,3.58,9,2,1,0,2,0,0,3,3,4,4,0,4,1
11,71,3.984680622497888,0,2,1,1,9,0,4,0,3,1,3,1,2,1
12,83,2.79,9,0,1,1,3,0,1,4,4,1,3,0,4,1
11,68,3.824104588724278,7,0,3,1,2,0,0,3,3,1,1,2,3,1
3,58,2.56,0,0,1,1,7,0,4,9,1,4,3,0,1,1
14,22,2.86,3,2,3,0,5,1,1,0,0,0,2,0,2,0
7,36,3.84,7,0,4,1,7,1,0,0,7,4,9,0,0,1
4,20,2.16,9,0,4,0,0,1,4,3,1,0,3,2,3,0
0,9,2.56,5,0,4,0,0,1,2,1,1,3,3,0,3,0
7,19,3.91,4,2,2,0,5,1,2,2,7,4,9,1,4,0
10,4,2.97,9,1,0,0,5,1,4,7,4,0,0,3,1,1
1,47,3.17,7,0,5,1,1,0,0,1,4,1,2,4,0,1
5,30,3.68,7,1,0,1,5,1,9,4,3,1,3,1,3,1
10,4,3.29,6,1,4,0,9,1,0,8,2,0,3,0,0,1
1,47,3.51,7,2,3,0,4,1,4,3,3,4,0,3,2,1
6,28,3.25,4,0,0,1,7,1,1,4,2,0,2,3,2,1
9,52,3.86,9,1,0,0,1,0,2,9,2,3,3,2,1,1
12,24,2.63,8,2,1,1,4,0,4,4,3,0,0,0,2,1
10,60,3.41,7,1,1,1,6,0,1,8,2,4,3,4,3,1
11,73,3.643433437491397,5,0,0,1,5,0,3,1,0,4,0,1,4,0
5,29,3.68,2,2,1,0,3,0,8,3,4,2,3,1,0,1
6,35,2.01,3,1,2,1,3,1,1,3,4,1,1,1,0,0
0,87,3.76,5,0,0,0,9,1,1,0,3,3,1,0,0,1
12,83,3.99,10,0,4,1,0,0,2,4,1,3,2,2,1,1
9,52,3.16,3,0,0,0,7,1,2,7,0,4,2,3,0,0
7,62,3.38,9,1,4,1,4,0,4,1,7,0,10,2,4,1
2,15,3.46,1,0,3,1,0,0,2,2,4,2,4,2,4,0
4,49,3.46,7,2,2,0,8,0,3,2,1,0,2,2,2,1
11,71,3.634986818427731,4,0,4,1,2,1,3,3,2,3,4,1,3,0
11,68,3.656341332513896,8,0,0,1,6,0,4,3,1,2,1,4,3,0
12,66,3.72,5,2,4,1,6,1,3,2,2,1,3,1,1,1
8,1,2.33,3,1,3,0,1,0,4,1,0,0,9,2,3,0
0,87,2.72,3,2,0,0,2,0,0,3,2,2,0,4,2,0
8,1,3.06,7,0,3,1,1,0,0,4,1,3,7,1,0,0
1,7,3.05,9,1,5,1,8,1,4,2,0,4,2,2,1,0
1,12,3.43,5,1,5,0,7,1,2,0,2,2,2,4,0,1
7,19,2.09,6,0,2,0,2,0,3,1,8,2,9,1,0,0
10,59,2.71,8,0,4,0,0,1,2,10,1,1,4,3,0,1
10,32,3.58,7,1,2,1,8,1,4,7,1,3,0,2,2,1
6,35,3.99,5,1,3,0,7,1,4,1,0,2,3,4,1,0
11,31,3.7714206871670375,6,1,1,1,4,1,1,2,3,1,1,1,1,0
2,17,3.25,1,0,4,0,1,1,3,2,3,3,1,2,3,1
5,82,2.25,9,0,2,1,3,1,7,3,1,0,3,3,4,0
13,74,3.7,4,0,4,0,9,0,0,1,2,0,1,4,0,0
13,13,2.94,9,2,4,1,6,0,4,0,1,2,0,2,3,0
0,8,3.38,7,1,2,0,4,0,3,0,2,4,1,4,3,1
13,67,3.39,6,2,1,1,9,0,1,0,2,1,4,0,2,1
7,16,3.34,6,2,0,1,9,0,3,0,7,1,8,4,1,0
7,16,2.92,6,0,2,0,6,1,2,2,9,0,8,2,1,0
10,61,2.58,7,0,1,0,6,0,3,8,0,3,1,3,0,0
12,66,3.08,5,2,3,1,1,0,0,1,4,3,4,2,4,1
1,12,3.63,0,2,3,0,1,0,3,4,4,0,4,4,2,0
5,82,3.85,4,0,3,0,9,0,8,1,2,0,1,3,3,0
4,49,3.28,1,1,1,1,7,1,0,3,2,0,3,3,3,1
7,21,3.95,6,2,0,0,2,0,3,1,9,1,9,0,1,1
10,4,3.38,1,2,2,1,3,1,4,7,3,3,3,1,3,0
6,86,3.93,6,2,3,1,3,0,2,0,1,1,2,3,4,1
0,87,2.44,5,2,2,1,7,1,2,2,4,3,1,1,1,0
12,64,3.35,7,1,3,1,7,0,4,4,0,3,0,3,0,1
12,66,2.46,6,0,0,1,0,0,1,3,3,4,4,4,4,0
0,50,2.96,7,2,2,0,5,1,2,4,3,3,3,0,1,1
11,31,3.507499250188568,3,0,3,1,5,0,4,3,2,4,3,4,0,1
13,74,2.08,7,2,3,0,0,1,2,3,3,3,3,2,3,0
2,17,3.64,4,1,4,1,5,0,2,1,1,3,2,0,3,0
4,20,2.46,8,0,0,1,0,0,3,0,0,2,1,0,4,0
1,47,2.91,9,2,5,1,3,1,1,0,3,1,1,1,2,1
9,70,3.74,1,2,4,0,6,0,3,7,2,2,2,4,2,1
1,12,2.01,6,1,5,0,1,1,0,4,0,3,4,1,0,1
10,81,3.4,5,1,0,1,8,1,4,10,2,0,1,3,1,1
4,49,2.23,5,1,2,0,1,1,0,1,2,3,1,1,0,0
5,29,3.85,3,0,1,0,3,1,10,3,4,1,4,4,3,0
8,40,3.26,7,0,1,1,2,0,4,2,2,4,7,3,1,1
9,70,3.44,0,0,0,1,3,0,4,8,4,0,0,1,4,1
12,23,2.88,10,2,1,0,0,0,3,1,4,3,4,0,0,0
1,45,2.75,9,1,4,1,6,1,4,2,4,2,4,3,0,1
6,28,3.03,4,0,2,0,2,1,3,4,0,3,1,1,2,1
7,21,2.88,7,0,3,1,5,0,3,3,10,1,8,4,1,1
4,72,2.9,3,0,0,0,4,0,3,0,2,3,3,3,3,0
14,80,3.12,1,0,2,1,5,1,1,0,2,2,3,2,0,1
4,6,2.84,2,2,3,0,9,1,3,4,1,0,2,3,0,1
14,80,2.27,8,2,1,1,9,0,3,3,4,2,1,0,0,1
6,35,3.17,5,1,2,0,6,1,4,0,0,1,1,1,2,1
11,33,3.752437407547653,7,2,1,0,4,1,0,1,4,3,0,4,3,0
12,23,2.04,6,2,0,0,2,1,3,0,2,2,0,0,1,1
14,48,3.22,7,0,1,1,7,1,1,3,3,2,3,1,1,0
14,11,2.59,7,1,1,0,8,0,3,0,3,0,4,4,4,1
1,47,3.8,3,1,3,1,2,1,3,0,3,4,0,3,4,0
8,1,3.1,5,1,4,0,4,1,0,1,2,1,7,2,4,0
3,58,3.36,4,0,4,1,3,1,1,8,2,2,3,2,3,0
8,78,2.03,7,1,2,0,4,0,4,1,4,1,7,3,2,0
13,77,3.56,6,0,2,1,7,1,1,0,0,0,4,2,1,0
7,16,3.37,1,0,2,1,0,1,3,0,10,3,7,2,2,1
0,87,3.32,8,0,3,1,9,1,4,4,0,0,4,4,4,1
12,66,2.85,9,1,2,0,6,1,1,1,3,2,1,4,0,0
2,44,3.84,0,2,0,0,0,0,2,1,0,2,3,1,2,1
7,19,3.58,7,0,1,1,6,0,1,2,8,1,9,1,4,0
6,84,2.79,7,0,1,1,7,0,1,1,0,4,1,2,3,1
14,26,3.79,0,0,4,0,1,0,1,4,4,0,4,2,4,0
9,56,2.1,1,2,1,0,8,0,2,7,1,0,0,1,1,1
0,9,3.87,9,1,0,1,8,1,2,2,4,4,1,3,1,1
4,49,3.3,4,2,0,0,3,1,0,0,0,4,1,2,0,0
3,25,2.12,0,0,2,0,1,1,0,10,4,1,3,1,3,0
14,42,2.74,5,0,4,1,2,0,3,0,4,4,4,0,3,1
11,33,3.577875811432765,6,0,4,1,5,0,4,3,2,2,4,1,0,1
10,4,3.58,3,0,0,1,7,0,0,8,4,4,0,0,1,0
2,44,2.96,4,2,1,1,3,0,0,3,1,3,2,1,1,1
4,6,3.16,3,0,3,0,7,1,4,2,1,0,3,1,2,1
4,6,2.18,9,0,1,1,9,0,4,1,2,1,4,4,3,0
7,36,3.11,0,1,1,1,4,0,0,3,10,1,7,0,3,1
5,30,2.23,8,2,3,1,3,0,10,1,1,0,2,3,0,1
13,13,2.97,1,1,4,0,5,0,2,4,4,0,3,1,2,0
6,75,2.83,1,2,0,0,7,1,1,0,2,2,0,4,1,1
8,51,3.81,5,2,1,1,8,0,1,1,2,3,8,3,2,1
6,28,3.78,9,1,4,1,5,0,3,0,3,2,3,2,1,1
4,69,2.98,3,1,1,1,9,1,0,2,2,2,1,4,3,0
8,38,3.5,0,1,3,1,3,1,0,3,3,0,9,1,4,0
3,25,3.87,6,0,3,1,1,1,0,8,3,0,3,0,3,1
2,63,3.42,4,1,1,1,7,1,4,0,4,2,0,3,1,1
4,49,2.63,2,0,0,0,3,1,4,0,2,0,1,3,0,0
3,46,3.12,0,1,0,0,2,0,4,8,2,2,4,0,1,0
2,44,3.57,3,1,1,1,6,1,3,1,2,4,1,3,0,0
8,27,3.05,4,2,0,1,1,1,4,1,4,0,9,4,4,0
6,75,2.96,7,2,2,1,8,0,2,1,3,1,3,0,2,0
12,23,3.54,8,0,2,0,6,0,4,0,2,3,2,1,2,0
14,76,2.51,4,1,0,0,1,1,0,3,3,2,1,0,2,1
8,3,2.17,8,1,4,1,0,0,4,3,3,1,9,1,2,1
8,40,3.59,2,2,1,0,2,0,2,0,1,0,9,4,1,0
4,49,3.26,7,0,4,1,7,1,2,0,1,1,1,1,4,1
12,83,2.69,9,0,3,0,9,1,2,2,3,0,2,4,1,0
2,44,3.63,9,2,1,1,7,1,2,1,1,0,1,0,2,1
3,46,2.99,2,0,4,1,0,0,4,10,2,3,3,4,1,1
13,67,2.34,2,2,3,0,8,0,3,3,3,0,3,1,0,0
9,54,3.54,0,1,1,0,3,1,3,8,2,3,3,1,0,0
5,29,2.29,4,0,0,0,1,0,10,0,3,3,3,4,2,0
10,18,3.03,5,2,3,1,0,1,0,10,1,3,3,3,4,1
9,57,2.14,6,2,2,1,4,0,2,8,4,3,3,3,4,1
13,67,3.22,2,2,3,1,3,0,1,4,1,2,3,2,0,1
5,43,2.04,6,1,4,1,9,1,9,4,4,2,3,0,1,0
9,56,2.54,1,2,0,1,1,1,3,7,2,0,1,1,4,0
7,19,2.54,0,2,3,0,4,1,0,0,10,4,8,3,3,1
4,20,3.06,0,1,2,1,0,0,3,0,2,1,3,0,0,1
12,66,3.11,6,0,3,0,3,1,1,4,4,3,3,3,1,0
11,68,3.646577971126651,4,0,1,0,9,0,1,3,0,2,3,1,0,0
9,57,2.83,3,0,4,0,9,1,4,7,2,0,4,4,3,0
8,39,3.84,9,2,0,0,9,0,3,3,2,2,9,0,4,1
7,16,2.34,6,1,3,1,8,1,1,2,10,4,10,4,2,0
10,59,2.99,8,2,3,0,5,0,0,10,3,1,0,2,1,0
13,67,3.71,0,1,1,0,6,1,3,0,3,0,0,0,1,0
10,60,3.94,5,0,1,1,3,1,4,10,1,2,3,3,0,0
8,1,3.64,6,2,3,1,2,0,2,1,0,4,8,4,1,0
9,57,3.87,9,2,4,1,9,0,1,10,1,0,2,1,1,1
14,65,2.35,1,1,4,1,6,1,3,0,2,2,3,4,4,1
12,24,3.84,5,1,0,1,8,1,0,3,0,4,4,1,0,1
3,37,2.74,4,0,0,1,5,1,3,10,1,0,0,2,1,1
1,7,2.7,6,2,3,1,4,0,2,3,0,3,0,1,4,1
3,46,2.26,5,1,3,1,8,1,3,10,1,2,3,4,0,0
5,0,3.48,3,2,4,0,6,1,8,1,1,1,3,2,0,1
9,52,2.84,8,2,1,1,3,1,1,10,4,4,0,2,3,1
11,31,3.902985064335477,9,2,2,0,1,1,1,4,1,2,2,2,3,1
6,84,3.45,2,1,3,1,0,1,2,1,3,0,4,2,0,1
3,37,2.37,7,2,0,0,2,0,1,8,1,4,2,2,1,0
5,43,3.33,4,1,1,0,1,1,9,1,4,2,3,3,0,1
5,29,3.0,2,2,3,0,3,0,9,1,4,4,4,0,4,1
5,82,2.28,3,2,1,1,9,1,10,2,3,4,2,1,4,1
2,17,2.21,8,0,1,1,2,0,1,0,3,3,1,2,4,1
5,88,2.32,5,1,3,1,3,0,7,1,1,3,1,1,1,0
2,15,2.72,5,0,2,0,3,1,1,3,2,1,4,3,3,1
4,49,3.39,0,2,3,1,3,0,3,3,2,3,0,0,0,1
12,24,3.72,9,0,2,0,3,0,2,3,3,1,2,2,2,1
5,29,2.34,8,2,1,0,1,0,9,4,4,1,2,3,4,0
12,66,3.63,5,2,1,1,7,1,4,4,3,4,3,1,1,1
9,57,3.32,0,0,1,1,6,1,2,10,0,1,3,1,2,0
13,77,3.74,5,1,1,0,9,1,0,2,0,2,1,1,3,1
7,19,3.31,2,2,2,0,4,1,2,1,7,0,9,2,4,1
8,1,2.77,2,2,2,0,7,0,3,3,0,2,10,2,0,0
9,56,2.62,6,0,0,0,4,0,0,10,2,2,1,0,3,1
5,30,2.36,4,2,1,1,3,0,7,2,3,4,3,3,2,0
5,30,2.38,3,2,2,1,2,1,10,4,4,4,4,3,3,0
4,69,2.29,2,0,0,0,3,1,2,2,2,0,1,4,0,1
5,88,3.9,9,1,4,1,1,0,10,1,4,4,1,0,1,0
13,74,2.02,1,2,2,0,5,1,1,2,1,2,0,1,1,0
0,53,3.39,1,2,0,0,0,0,1,1,3,0,2,0,4,1
9,56,2.74,7,2,0,1,9,1,4,7,0,4,2,4,3,0
7,36,3.36,8,0,1,0,8,0,0,3,7,3,10,1,0,1
12,83,2.37,8,2,0,0,2,0,1,3,2,1,1,0,3,0
8,51,3.5,9,1,4,1,2,0,0,3,2,1,9,3,1,0
4,69,3.23,2,1,3,0,8,1,1,3,2,2,3,1,4,1
0,9,3.09,7,1,2,0,4,0,4,0,0,0,4,1,2,0
4,6,3.82,6,2,4,1,8,0,1,2,1,0,0,3,1,0
10,59,2.07,2,2,2,1,9,0,1,10,4,1,1,2,1,0
0,8,3.23,3,1,2,1,8,1,1,1,2,3,4,2,4,0
11,71,3.8803306710118033,3,2,1,0,0,1,0,1,1,2,3,0,0,0
14,11,2.99,7,0,2,0,2,1,0,0,0,3,1,0,4,1
0,50,2.98,9,0,2,1,3,0,4,2,1,0,2,2,3,1
13,74,2.71,6,0,2,0,9,0,0,2,1,1,0,4,4,1
6,35,3.67,4,1,3,1,3,0,1,2,3,1,1,4,0,0
2,63,2.01,5,1,3,1,8,1,4,3,4,0,3,0,3,0
0,53,3.09,5,0,0,0,0,1,2,2,3,3,0,4,0,1
5,43,4.0,9,1,1,0,5,1,10,4,4,3,1,4,2,1
2,34,2.16,2,1,3,1,5,0,2,0,0,1,2,1,4,0
14,76,3.34,1,1,2,0,5,1,1,0,3,3,4,3,1,1
9,57,3.5,6,1,2,0,9,0,3,10,4,3,0,3,3,1
3,46,3.56,0,1,1,1,5,0,0,8,1,2,2,0,0,0
3,37,3.07,8,1,4,1,3,0,2,9,0,0,2,0,4,0
6,84,2.31,5,0,4,1,8,0,3,4,0,0,1,2,4,0
12,24,3.02,10,2,4,0,1,1,3,0,0,4,3,3,0,1
3,25,3.36,7,0,4,0,3,0,0,9,3,3,1,1,0,0
9,57,3.71,5,1,0,0,3,1,3,7,3,0,0,2,2,1
13,13,3.39,0,1,3,1,1,1,3,4,1,0,4,0,2,1
10,59,2.37,5,0,0,0,3,1,0,9,0,1,0,1,0,1
8,1,3.97,7,0,3,0,0,1,2,0,2,1,10,0,3,0
11,33,3.79519048260193,8,0,1,0,1,0,3,0,2,2,1,2,2,0
5,43,2.36,4,2,3,1,5,0,7,2,4,1,2,0,2,1
6,28,3.04,4,2,1,0,3,0,3,4,0,0,1,2,3,1
3,58,2.76,0,0,3,1,5,0,1,7,0,1,4,4,0,1
7,5,3.59,7,2,3,0,2,1,3,4,7,3,7,4,1,0
13,67,3.63,9,1,4,0,3,0,2,4,2,0,0,2,3,1
14,11,2.9,6,1,3,1,0,0,1,1,4,3,1,0,4,1
11,68,3.778118197012887,5,0,0,0,5,0,0,1,2,4,0,4,1,0
1,47,3.93,7,1,5,0,1,1,1,3,2,0,2,0,3,0
5,0,3.8,9,0,1,1,8,1,7,3,2,4,4,1,3,1
14,11,3.93,1,1,3,0,1,0,4,1,1,4,3,4,3,1
11,85,3.6392839766028295,1,2,0,1,6,0,1,3,3,4,2,2,0,0
4,49,2.41,2,1,0,1,3,1,3,3,0,1,0,4,2,1
7,16,2.8,2,1,4,1,3,1,1,0,8,0,8,0,2,0
10,59,2.58,9,1,4,0,0,1,4,10,1,3,4,3,0,0
1,45,3.39,4,0,3,1,6,0,2,4,0,2,4,2,0,0
1,7,2.24,4,2,3,0,5,0,4,2,3,4,2,2,3,1
12,23,3.85,9,0,0,1,5,0,4,1,1,1,0,2,0,1
7,62,3.78,6,1,4,0,0,0,1,2,9,2,9,2,0,1
0,9,3.86,2,1,4,0,4,0,0,3,1,1,1,1,2,1
6,35,2.14,9,2,2,1,6,1,1,4,2,4,3,3,1,0
8,78,2.08,3,2,2,0,2,1,4,1,2,1,8,3,2,0
5,43,2.87,0,2,2,1,8,1,10,2,4,4,4,3,0,0
11,85,3.754611269163539,2,1,3,1,8,1,0,3,1,4,3,2,4,1
6,75,2.55,0,0,1,1,0,0,2,3,4,2,4,1,3,0
10,59,3.8,3,2,0,1,1,1,4,10,3,1,1,1,1,1
0,87,3.45,8,2,4,0,2,1,3,4,2,0,1,1,0,1
13,77,2.25,0,0,1,1,5,0,1,1,3,1,2,0,3,0
1,45,3.83,3,0,3,1,2,1,3,1,2,2,3,0,2,1
1,45,2.46,9,0,3,1,7,0,1,4,0,1,0,3,0,1
10,4,3.47,9,0,4,0,8,0,2,9,2,3,4,3,3,0
14,48,3.72,3,0,3,1,7,1,1,2,4,2,0,4,0,1
7,5,2.25,6,1,2,1,5,1,1,2,9,3,10,2,2,1
5,29,2.11,5,2,0,0,1,0,8,4,3,2,4,3,1,0
14,48,3.53,4,1,4,0,3,0,2,4,0,4,4,4,1,1
12,66,3.03,10,0,4,1,5,0,2,1,4,4,4,3,3,1
8,38,3.21,4,0,2,1,7,1,2,0,3,3,7,3,3,1
6,86,3.17,5,2,2,1,8,1,1,1,3,4,2,3,1,0
14,48,2.71,2,1,1,0,0,0,0,4,2,1,4,4,1,1
14,26,3.02,5,0,1,1,7,0,3,4,2,1,0,2,0,1
0,53,2.02,4,1,2,1,4,0,0,1,2,0,4,3,1,0
9,55,2.91,0,1,2,1,2,1,4,9,4,0,1,3,2,0
9,52,2.52,2,0,3,1,1,0,0,8,0,3,3,2,0,0
3,37,2.42,4,2,1,0,8,1,4,10,3,1,2,3,1,0
9,54,3.19,0,1,4,1,5,0,0,7,0,4,3,4,0,1
11,71,3.5432228765866998,7,2,2,0,8,0,4,1,0,1,0,2,0,0
11,71,3.657022001508822,4,2,3,1,3,1,3,0,1,2,2,2,0,0
1,12,2.56,9,1,5,1,3,0,1,4,2,2,3,0,2,1
14,48,3.02,4,0,2,1,1,1,4,3,0,4,2,3,1,0
2,34,2.67,5,1,3,1,8,1,3,1,4,4,3,4,1,0
7,5,2.86,5,2,4,0,1,0,2,4,10,0,10,4,3,1
6,75,2.78,1,0,3,1,4,1,0,0,4,0,2,4,4,1
3,25,3.63,6,1,2,0,9,0,0,9,0,4,2,4,0,1
6,28,2.58,1,1,1,0,3,0,0,4,2,4,3,1,0,0
1,7,3.44,4,0,4,1,5,0,4,2,1,4,1,4,4,1
9,54,2.34,8,0,2,1,3,1,2,7,3,2,2,1,0,1
11,68,3.705350200293272,1,0,1,0,3,1,4,0,2,1,3,2,2,0
14,65,3.92,1,2,2,0,0,1,0,4,0,2,0,4,4,0
6,75,2.31,5,1,1,1,7,1,1,3,3,3,0,3,1,1
14,42,3.75,6,2,0,0,8,0,3,2,0,4,4,4,0,0
10,32,2.11,9,2,3,1,7,0,0,7,3,1,0,2,3,0
9,55,2.98,5,2,2,1,7,0,2,10,0,2,0,1,2,1
8,38,3.52,7,1,4,1,7,1,3,4,0,2,7,4,2,1
3,58,3.09,9,0,0,1,0,1,1,7,4,3,3,2,0,0
5,88,2.19,5,2,1,1,2,1,7,1,2,2,1,2,2,1
8,39,2.91,0,2,0,1,0,1,3,1,0,1,10,3,3,0
11,73,3.504182829992072,1,0,2,0,6,1,0,1,1,3,2,2,1,1
8,39,2.67,1,2,1,1,7,0,1,2,4,4,10,3,2,1
5,88,2.12,4,1,3,0,7,1,8,0,3,2,3,2,1,0
6,28,2.24,5,2,2,0,7,0,2,4,3,2,2,0,1,1
10,18,3.11,5,1,2,0,8,1,2,8,1,0,1,4,1,1
2,63,2.03,9,1,3,0,9,0,2,0,1,1,3,4,2,0
10,61,2.39,8,0,1,0,6,1,0,7,4,4,0,1,2,1
2,17,3.18,2,2,2,0,4,1,1,3,2,0,0,1,1,0
12,64,2.63,9,2,0,1,2,0,2,3,1,4,2,4,3,0
5,82,3.49,7,1,0,0,6,1,8,0,3,1,3,2,2,0
10,4,3.09,4,0,4,0,3,0,0,9,3,0,3,4,2,1
2,15,3.11,3,1,1,0,0,1,3,4,4,2,2,2,1,0
1,10,2.55,0,2,4,0,7,1,1,2,2,1,0,0,0,0
9,57,2.05,6,1,0,0,4,1,0,10,3,0,0,0,1,0
8,27,2.17,9,2,0,1,3,1,1,4,0,0,7,3,4,1
2,44,2.53,5,1,0,0,4,1,4,2,0,2,0,3,0,0
3,46,3.23,7,2,3,0,4,1,2,10,3,1,0,3,4,0
4,20,3.6,7,1,0,0,8,0,3,3,1,1,3,3,3,0
14,42,2.73,3,1,0,1,0,0,4,3,4,3,4,2,1,1
8,51,3.38,5,2,1,0,0,0,1,4,4,3,8,1,1,0
1,45,3.39,3,1,4,0,8,0,1,3,2,2,2,1,1,0
3,37,2.41,0,1,1,1,6,1,1,10,2,0,4,2,3,0
12,23,2.63,10,2,0,0,4,1,2,0,2,4,3,4,3,0
9,55,3.67,0,1,3,1,2,1,2,9,3,0,1,4,3,0
14,48,3.28,3,2,0,1,9,0,2,3,1,4,3,0,2,1
5,30,3.22,7,1,1,0,4,1,10,1,2,0,3,4,4,0
13,74,3.67,6,0,1,1,8,1,0,0,0,2,0,1,0,1
13,74,3.98,4,1,4,0,1,1,4,1,1,0,4,3,4,0
8,27,2.16,7,1,0,0,0,1,4,2,1,2,8,4,0,0
8,51,3.47,6,1,3,0,6,1,0,4,3,2,9,4,0,1
10,4,3.44,0,1,4,0,6,0,3,10,1,2,2,0,4,1
9,56,3.46,6,0,3,0,6,0,4,7,2,0,4,3,4,1
4,6,3.83,1,1,3,0,0,0,0,2,2,2,4,0,3,0
12,64,3.1,7,2,1,0,7,1,3,0,3,4,2,3,0,0
5,30,2.63,2,1,3,1,5,0,9,2,0,2,3,2,0,0
8,27,2.15,3,1,4,1,7,0,4,3,4,2,8,4,3,1
0,9,3.66,9,2,2,0,1,0,1,0,4,0,4,3,2,1
13,13,2.28,5,0,2,0,3,1,1,2,4,3,0,1,4,0
6,86,3.07,5,0,0,0,0,0,0,2,4,3,0,4,3,0
4,72,2.57,8,1,4,1,8,0,2,1,4,3,4,3,2,1
2,63,3.92,9,0,0,0,6,1,2,2,1,4,3,1,2,0
9,54,2.71,6,1,2,0,3,1,0,7,3,1,0,0,4,1
8,1,2.2,1,0,2,0,0,0,1,0,0,1,8,2,1,1
12,66,3.54,6,1,0,0,4,1,0,3,4,0,2,0,0,0
14,48,3.09,6,2,0,1,3,0,4,1,0,2,1,1,1,1
4,49,2.96,4,0,2,1,3,1,2,1,3,1,3,0,1,1
13,74,2.22,3,1,2,0,2,0,3,2,1,3,3,2,1,1
11,71,3.549831961038388,1,1,2,1,0,1,0,3,4,2,3,2,1,0
11,71,3.697740014015829,1,2,3,1,7,1,1,0,1,2,3,2,4,0
10,18,2.73,9,0,2,1,9,0,3,9,2,0,2,4,1,0
6,84,2.59,1,0,1,1,0,1,4,1,0,1,1,3,0,0
2,89,3.26,2,0,2,1,7,1,1,1,1,2,0,4,2,1
0,53,2.16,8,1,4,1,4,1,1,0,3,2,2,4,3,0
8,1,2.34,6,1,3,1,2,0,4,4,0,2,9,0,1,1
11,85,3.5259410387969963,9,2,2,1,9,0,0,0,2,3,3,2,1,0
2,15,3.76,1,2,2,0,4,1,0,0,0,1,4,0,4,1
12,83,3.39,8,2,3,1,6,1,2,2,3,3,2,0,1,1
11,85,3.579063284816534,7,0,1,0,3,0,2,1,0,0,0,2,4,1
9,57,3.64,6,1,4,0,6,1,3,9,3,4,4,4,3,0
14,22,2.07,2,1,2,0,4,0,2,4,0,0,1,2,3,1
5,88,3.31,8,2,0,1,0,0,8,2,3,3,4,0,1,0
0,50,3.69,4,1,2,1,8,0,2,1,3,3,0,4,1,1
10,18,2.94,6,0,1,1,8,1,1,8,0,1,4,1,2,0
11,73,3.8436872088488983,3,1,3,1,0,1,4,4,3,3,4,0,3,1
5,88,2.98,1,1,2,1,0,0,7,3,2,2,2,1,3,0
5,0,3.5,1,2,0,1,9,0,8,3,3,2,1,1,2,1
5,29,2.74,9,2,1,1,2,0,8,0,4,1,0,3,4,0
4,69,3.5,2,2,3,1,3,0,4,0,4,1,4,1,4,0
11,73,3.7414472182993,8,2,0,0,2,0,1,4,4,1,3,0,1,1
12,24,2.54,9,1,2,1,8,1,3,2,3,4,1,0,2,1
5,88,3.04,5,2,2,1,1,0,7,4,2,2,1,1,0,1
0,9,2.42,7,0,3,1,8,0,4,4,4,2,4,2,1,1
14,80,3.22,1,0,2,1,5,0,3,0,2,0,0,0,4,0
1,47,3.38,6,2,3,0,5,1,0,3,4,1,3,2,4,1
4,6,2.64,2,1,2,0,1,1,0,2,4,0,3,2,4,0
5,43,2.41,4,0,4,0,8,1,7,3,1,4,4,0,4,0
8,78,2.03,2,1,1,0,8,1,0,4,4,0,7,2,2,1
6,35,2.32,4,2,4,1,2,1,0,4,1,3,2,4,2,0
14,76,2.09,2,2,4,1,2,1,3,1,3,0,0,0,4,1
14,42,3.63,3,1,4,0,4,0,1,2,0,2,3,1,0,0
11,73,3.5820924820281794,2,1,4,0,1,1,0,1,0,4,0,3,2,1
14,42,3.51,6,1,2,0,3,0,3,3,0,1,4,3,1,0
5,0,2.87,2,2,1,1,4,0,10,3,2,3,4,0,1,1
3,46,3.18,3,1,2,1,5,1,1,10,1,0,3,3,0,1
5,43,2.3,2,1,2,1,8,1,10,2,3,0,2,0,4,1
14,42,3.86,4,1,0,1,6,1,1,4,1,1,1,0,0,1
0,87,3.67,4,1,1,1,2,0,0,3,1,4,2,1,4,0
10,61,2.97,7,2,3,1,4,1,2,9,1,1,3,4,4,0
11,73,3.804722648663639,1,0,0,1,3,1,3,4,4,2,3,4,0,1
5,0,2.15,6,1,3,0,9,1,10,1,2,3,1,1,4,1
2,17,3.86,5,0,1,0,7,0,4,2,1,3,2,3,2,0
3,25,2.45,0,0,3,0,4,0,3,10,3,3,2,1,2,1
7,21,2.76,7,2,2,1,8,0,1,3,10,1,8,0,0,0
3,46,2.34,9,1,4,1,6,0,2,10,2,3,2,0,0,1
6,84,3.6,7,2,3,1,7,1,1,4,4,3,3,4,4,1
8,1,2.27,1,1,2,0,7,0,2,0,1,4,9,3,0,1
9,57,3.59,1,0,2,1,3,0,0,8,0,3,1,4,0,0
3,46,3.35,3,0,4,0,7,0,1,10,2,2,3,1,2,0
13,74,3.77,7,2,3,1,4,1,1,2,1,0,1,3,4,0
11,68,3.8907615647665335,4,1,4,1,4,0,0,0,0,4,4,1,0,1
8,27,3.01,2,1,1,1,8,1,0,4,4,3,7,1,4,0
4,49,3.69,9,1,2,1,2,1,2,0,2,1,0,0,0,0
0,87,3.13,6,0,0,1,1,0,2,1,0,0,4,4,2,0
11,71,3.6390243741666697,4,1,4,1,8,1,3,0,4,2,3,3,1,1
7,5,2.98,3,2,4,0,5,0,4,3,9,2,7,0,2,0
6,75,3.6,6,2,4,1,1,0,1,2,4,3,4,3,3,1
2,89,3.19,2,2,4,0,7,1,2,1,2,1,2,2,4,0
12,83,2.79,9,2,1,0,8,0,1,0,4,0,3,2,2,1
9,70,2.46,2,0,2,1,8,1,1,8,3,3,2,2,0,1
10,81,3.66,0,1,0,1,4,1,4,8,2,1,0,0,1,1
10,4,3.85,1,1,3,1,7,0,0,10,0,0,4,2,4,0
12,64,2.62,6,1,2,0,8,1,4,3,2,2,0,2,4,0
8,27,3.03,3,0,4,1,7,1,4,2,0,3,8,0,2,0
12,66,2.57,7,1,4,1,7,0,3,4,2,2,2,0,4,1
6,86,3.29,3,2,3,0,6,0,4,0,4,0,1,2,0,1
5,30,2.02,2,0,1,0,9,1,8,3,4,3,0,0,1,1
3,58,3.68,7,2,2,1,1,1,2,7,3,3,4,4,0,1
11,85,3.830762162073088,4,0,2,1,1,1,2,1,0,3,3,4,0,1
3,58,2.27,4,0,3,1,3,1,4,7,4,0,1,0,3,0
0,50,2.34,9,2,4,0,1,0,2,3,2,4,3,1,2,1
9,54,2.71,1,2,1,0,1,0,0,10,4,0,3,1,3,0
14,76,2.53,5,2,2,1,9,0,4,3,0,2,4,0,2,0
7,5,2.88,0,1,4,1,8,1,0,1,7,3,8,1,3,0
10,59,3.57,8,1,0,0,1,1,2,7,3,1,0,1,0,1
12,24,2.35,8,0,3,0,3,1,3,4,2,2,4,1,2,0
9,70,2.16,1,0,1,0,1,1,4,10,3,0,3,4,3,0
14,65,3.95,4,0,4,0,4,1,2,4,3,3,4,4,0,0
5,43,2.22,3,0,4,1,6,0,9,4,0,0,1,1,0,0
10,59,3.77,9,0,3,0,4,1,1,7,3,0,4,2,3,1
3,46,2.5,3,2,0,0,6,1,1,7,4,0,3,4,3,0
13,74,3.88,0,0,4,0,5,1,0,2,0,1,2,4,2,0
6,75,2.42,9,0,3,1,1,1,1,2,4,0,1,0,3,0
1,12,3.61,5,1,5,1,3,0,1,0,0,2,0,2,2,0
10,59,2.51,6,0,3,0,3,1,1,10,3,0,0,3,3,1
12,23,3.7,8,1,1,0,4,1,4,3,4,4,0,2,1,1
4,69,3.41,3,0,2,1,7,1,2,2,0,2,3,2,4,0
8,40,2.88,1,0,2,0,1,0,0,1,0,4,7,0,3,0
2,44,3.82,2,0,3,1,5,0,2,0,4,3,2,2,4,1
5,82,3.14,7,2,2,0,9,1,7,2,1,2,2,3,0,1
1,12,3.52,6,0,3,0,9,0,4,2,0,0,3,1,3,1
5,88,3.23,9,2,1,1,3,0,9,3,3,2,0,1,3,1
13,77,3.53,8,1,4,1,9,0,2,4,2,0,0,2,3,0
10,32,3.46,3,2,1,0,3,1,3,10,1,3,3,1,0,1
0,9,3.48,8,0,1,1,4,1,3,3,4,0,0,3,1,0
3,58,3.71,5,0,1,1,3,0,3,7,0,4,1,4,0,1
1,10,2.31,4,0,3,1,3,1,2,2,1,2,1,3,3,0
10,59,2.24,0,0,4,1,9,0,0,8,3,0,4,1,1,0
4,72,3.44,1,1,4,0,0,1,3,3,2,3,0,3,4,0
11,33,3.762680240909749,2,1,0,1,9,1,2,1,2,2,2,4,4,1
14,76,2.37,9,2,0,1,6,1,1,4,0,4,1,0,0,1
2,15,3.99,4,2,2,0,0,1,3,0,2,3,2,4,0,1
5,29,2.35,3,2,0,0,1,0,8,1,2,4,2,2,0,1
8,1,3.9,7,1,3,0,2,1,3,1,1,2,10,0,0,1
5,82,3.41,7,1,4,1,3,1,7,4,3,4,4,2,0,0
0,53,3.23,6,2,0,1,1,0,1,0,4,0,3,0,0,0
1,10,3.18,3,2,5,1,1,0,4,3,3,0,0,2,4,1
14,11,3.29,7,2,1,0,6,1,2,2,3,4,1,0,2,1
3,46,3.86,0,0,3,1,2,0,0,7,2,0,2,4,3,1
3,37,3.17,9,1,2,0,6,1,2,10,4,4,3,4,2,1
0,8,2.11,7,2,1,0,3,1,1,0,4,3,4,2,4,0
12,24,3.81,7,0,0,1,3,1,2,2,0,0,4,1,2,1
6,86,2.59,3,0,2,1,0,0,4,0,3,3,1,4,0,0
3,58,3.37,3,0,3,0,3,0,1,7,3,1,0,4,2,0
13,13,3.47,2,2,2,0,5,1,0,4,1,3,4,0,4,1
1,12,2.82,7,0,4,0,6,0,2,4,2,3,1,1,4,1
9,52,3.05,8,1,2,0,5,0,1,8,0,2,2,0,1,0
6,86,2.92,7,2,2,1,2,0,3,4,2,3,2,0,2,1
13,13,2.59,9,0,3,0,6,0,3,2,1,3,3,3,0,1
7,5,3.83,1,2,4,0,1,0,2,2,9,2,9,0,2,1
3,37,2.63,7,0,0,1,6,0,3,9,2,1,2,1,1,0
14,80,2.6,7,2,2,1,7,0,2,1,3,0,4,1,2,1
2,44,2.26,6,1,3,0,2,1,3,0,0,3,0,2,0,1
4,49,3.75,7,0,0,1,2,1,0,0,1,2,2,3,0,0
3,46,3.81,5,2,2,1,1,1,2,10,3,0,1,2,0,0
8,3,2.13,4,1,0,0,4,1,4,1,3,3,9,3,4,1
9,56,2.45,1,1,0,1,8,1,3,9,0,0,4,4,1,0
0,8,2.23,4,0,0,1,7,1,0,3,4,4,3,1,2,0
3,37,3.06,7,0,0,1,0,1,3,10,0,3,2,2,0,0
7,41,3.62,0,1,0,1,9,0,2,2,8,2,8,2,3,1
5,43,2.25,7,0,4,0,2,0,9,2,0,4,4,1,3,1
11,33,3.640754810386188,9,2,3,0,2,0,3,0,2,3,4,3,4,0
4,69,3.76,7,1,2,0,2,1,0,4,1,3,3,4,2,0
7,5,2.52,1,1,4,0,8,1,4,1,7,4,9,1,3,0
12,83,3.03,8,2,3,0,8,0,2,4,3,3,4,3,0,1
12,64,2.91,9,1,1,1,2,0,0,4,0,3,1,1,3,1
13,13,3.15,9,2,2,0,4,1,2,1,4,0,4,1,0,1
13,77,2.51,2,2,2,1,5,1,1,2,2,3,3,0,1,1
2,34,3.16,9,0,4,1,7,0,1,3,4,3,0,1,4,1
11,85,3.8512087640751824,8,1,4,1,5,0,4,3,1,1,4,4,1,1
5,88,3.28,2,0,3,0,0,1,8,2,0,0,1,0,1,0
1,10,3.86,4,0,4,1,5,1,3,1,3,2,1,4,0,1
6,28,3.74,8,0,3,0,2,0,2,0,2,2,2,1,4,1
3,37,2.31,7,2,2,0,5,0,2,8,4,3,2,0,4,1
1,45,3.82,7,0,3,1,3,1,3,2,0,2,3,2,1,0
9,52,3.46,4,0,0,1,2,0,1,8,1,3,2,0,1,1
10,81,3.92,9,1,3,1,7,1,4,7,2,4,0,3,0,1
11,73,3.7161779960733834,0,0,2,1,6,1,2,3,2,2,4,0,1,1
7,62,3.07,0,0,2,0,2,0,1,0,10,3,8,2,3,0
7,62,2.25,1,0,2,1,9,0,0,0,9,4,10,4,3,1
3,46,2.77,9,0,0,1,3,0,4,8,0,0,2,0,3,0
5,0,3.81,0,1,1,0,5,1,8,4,0,1,2,0,1,0
14,48,2.85,2,0,3,1,8,0,1,0,1,1,4,4,4,0
14,42,2.15,4,0,2,0,2,0,1,1,0,2,3,0,2,0
8,27,2.51,1,2,0,0,0,1,3,4,2,1,7,1,3,1
1,7,2.04,0,1,4,0,9,1,3,0,0,3,2,3,0,1
1,12,3.44,1,1,5,0,9,0,3,4,0,1,1,4,2,0
6,28,3.12,2,1,2,0,0,0,1,3,4,1,0,3,0,1
4,49,3.75,5,1,1,1,1,0,1,2,4,4,0,4,3,0
7,41,3.66,4,0,4,1,9,1,4,3,10,1,10,2,1,1
2,89,2.08,0,1,1,1,2,1,2,3,4,3,0,1,2,1
10,61,2.42,5,0,2,1,9,0,4,8,0,1,3,1,3,0
13,13,3.24,9,1,4,1,0,1,1,0,3,2,3,0,1,1
2,17,2.84,3,0,2,1,8,0,3,1,4,3,0,3,1,0
2,14,3.11,9,2,2,1,0,1,2,3,0,0,1,2,0,0
10,32,2.9,2,2,4,0,7,1,4,9,4,1,1,4,4,0
10,60,2.38,8,2,4,1,1,0,3,9,2,4,4,0,4,0
9,56,2.63,0,2,1,0,0,0,2,7,1,3,1,4,1,1
9,52,2.05,6,0,0,1,0,0,0,7,3,1,3,1,2,0
13,74,2.83,8,0,1,0,2,0,2,2,2,0,3,3,3,0
7,36,3.02,4,2,1,0,9,1,0,4,9,3,8,0,0,0
9,56,3.23,2,2,0,0,8,0,4,10,3,2,4,4,1,0
9,70,3.45,1,0,2,0,7,0,4,9,4,1,3,4,4,0
1,10,3.22,4,2,3,1,4,1,3,0,2,1,2,3,4,0
3,58,2.82,0,2,4,0,2,1,4,9,0,4,4,4,3,0
13,13,2.95,6,0,4,1,1,0,4,1,1,4,0,1,0,1
6,28,3.8,2,2,4,0,9,1,3,4,3,3,3,1,3,0
3,37,2.27,2,0,4,0,6,1,4,9,3,4,2,1,1,0
5,82,2.45,4,0,2,1,2,1,9,2,0,2,3,2,4,0
6,75,2.97,8,0,0,1,0,1,0,2,1,0,3,2,3,0
10,4,2.17,8,0,2,1,8,0,4,7,1,0,0,3,0,1
11,85,3.699520226024152,3,0,4,0,9,1,4,4,3,3,2,0,2,0
3,58,3.13,7,2,3,1,6,1,3,10,2,4,3,3,2,0
4,6,2.77,1,2,4,0,2,1,0,4,2,2,4,4,2,1
10,4,3.94,3,1,1,1,8,1,0,10,2,1,3,1,1,1
14,26,2.76,4,0,4,1,1,1,4,2,0,3,1,2,2,1
12,83,3.37,10,1,0,1,3,1,1,3,3,4,1,2,4,0
8,39,3.09,9,1,4,1,8,1,0,3,4,0,10,0,2,0
4,72,3.1,0,0,3,1,2,1,0,0,1,0,1,2,3,1
3,58,3.13,3,1,0,0,0,0,1,10,4,0,0,2,1,0
7,19,2.98,9,2,4,0,6,0,1,1,9,0,7,2,2,1
8,78,2.29,5,0,0,1,2,1,2,2,3,0,9,0,0,0
3,37,2.28,5,0,3,0,0,1,2,10,3,3,2,1,3,0
4,69,3.33,0,0,4,1,6,1,4,1,2,1,2,1,2,1
14,48,2.67,1,1,4,1,1,1,3,1,4,3,4,4,0,0
4,49,3.86,8,1,1,0,1,0,2,4,1,1,4,3,1,1
12,23,2.05,6,1,1,0,4,1,3,4,0,4,4,4,2,0
2,89,2.62,7,0,2,1,9,0,3,2,2,2,2,1,4,0
13,13,3.82,7,1,3,1,0,1,2,1,3,3,1,0,3,1
8,78,2.87,1,1,3,0,4,1,0,0,2,4,8,4,1,1
12,24,2.26,9,1,0,0,2,1,0,0,1,3,2,2,4,1
13,74,2.91,5,1,2,1,6,0,0,2,1,0,4,3,0,0
12,83,2.88,5,0,3,1,9,1,0,4,1,0,4,4,1,1
7,2,3.81,5,1,4,1,2,0,0,2,9,3,10,4,2,1
13,13,3.98,1,0,0,0,7,1,1,1,1,1,2,1,3,0
3,58,2.58,1,1,0,0,0,1,2,10,1,0,2,0,0,0
13,67,2.45,4,2,1,0,8,1,0,1,3,4,4,3,2,0
5,30,3.51,8,1,1,1,3,0,10,1,3,4,1,2,1,1
14,76,2.49,9,1,1,1,0,0,2,0,1,3,3,3,1,1
14,48,2.54,9,1,0,1,6,0,1,1,4,1,1,0,3,0
12,66,2.55,7,0,1,0,3,0,4,4,0,1,0,3,2,0
8,51,3.76,0,0,0,0,4,1,4,1,3,2,10,1,4,0
14,42,2.86,9,2,4,1,3,1,3,4,4,0,4,1,0,1
5,88,2.7,8,2,1,0,3,1,9,0,1,0,4,2,3,1
4,69,2.55,2,1,4,1,9,0,3,1,1,1,0,1,3,1
9,55,3.25,3,1,4,0,7,0,3,8,3,0,2,3,4,0
5,0,3.71,7,0,2,0,4,1,7,4,3,1,0,0,3,0
13,67,2.37,0,2,3,1,8,1,0,3,3,4,0,0,1,1
2,17,3.24,5,1,3,1,1,0,2,0,4,3,1,4,2,0
13,77,3.02,6,0,0,0,4,1,0,2,1,3,0,3,4,0
1,10,2.88,2,2,4,0,0,1,1,4,2,1,1,4,4,0
9,55,2.06,7,0,0,0,0,1,4,9,4,2,0,0,0,1
14,48,2.68,6,1,1,1,6,1,0,2,3,4,1,0,3,1
13,67,3.44,1,2,0,1,1,0,4,0,4,4,2,3,3,0
9,70,3.64,6,0,4,1,2,0,2,7,3,0,3,3,2,0
1,10,2.57,8,0,3,0,4,1,0,1,2,1,1,1,3,0
4,49,2.97,2,0,1,0,3,0,2,2,0,1,4,3,0,1
9,57,2.44,1,2,1,1,4,1,4,10,0,2,3,0,3,1
2,63,2.41,3,1,2,1,1,0,4,2,4,4,4,4,1,0
1,47,2.99,4,0,3,1,8,1,0,0,4,3,1,2,1,1
5,30,2.15,1,2,0,0,9,1,8,1,2,4,4,2,0,0
12,64,2.61,9,2,4,1,5,1,4,2,1,1,4,2,2,1
8,51,3.08,2,0,2,0,5,1,2,4,3,3,8,1,4,0
10,59,2.84,2,0,2,0,7,0,1,8,3,3,2,3,4,0
9,56,2.12,7,0,2,1,0,0,0,8,4,4,4,2,1,0
1,7,2.66,1,1,4,0,3,1,3,0,4,1,2,2,0,1
13,13,3.32,5,0,2,1,9,0,4,0,3,4,1,3,4,0
14,11,2.54,6,1,1,0,2,1,4,2,3,2,2,4,2,1
0,50,2.84,8,2,0,1,0,0,1,1,2,4,4,0,2,0
14,48,3.45,2,2,4,0,9,0,1,0,1,2,1,0,0,1
12,24,3.89,9,0,2,0,9,1,1,0,4,0,4,0,1,0
7,2,2.01,6,1,1,1,9,0,4,1,8,3,8,1,3,0
11,85,3.5926769878609246,6,2,0,0,1,0,2,3,3,4,3,0,4,1
1,45,2.86,9,0,4,1,7,1,0,1,0,3,2,2,3,0
5,88,2.1,1,2,4,1,1,0,7,2,2,0,1,3,3,1
2,14,3.71,4,2,2,0,4,0,4,1,3,1,1,2,3,1
7,2,2.81,1,2,2,0,2,1,4,1,9,3,10,4,1,1
6,28,2.86,7,2,4,0,6,0,4,1,4,2,3,4,1,0
0,87,2.15,1,2,1,1,5,0,4,2,2,3,0,4,0,1
11,31,3.659127498639711,6,1,3,0,3,0,0,3,3,4,1,4,3,0
4,49,2.48,8,0,2,1,5,0,3,1,1,4,4,2,4,1
1,7,3.74,7,0,4,0,5,0,1,3,1,1,4,3,3,0
5,82,3.86,9,1,0,0,1,0,8,4,2,2,1,3,3,0
3,37,2.56,8,1,0,0,2,0,2,8,0,4,2,1,1,1
14,80,2.65,3,2,2,0,5,1,4,3,2,3,0,3,2,0
1,10,3.26,3,2,5,0,8,1,2,4,3,3,2,0,3,1
2,17,3.22,3,0,3,0,5,0,4,0,3,2,3,1,1,1
9,56,2.13,6,1,3,0,3,1,0,7,1,3,0,4,4,0
8,51,2.47,8,2,3,0,8,1,0,4,2,4,9,0,0,0
0,8,3.24,7,1,4,0,9,1,0,0,3,2,2,1,1,0
3,58,3.39,4,2,0,1,5,1,3,7,3,1,3,2,4,1
8,3,2.09,3,0,2,0,0,0,1,4,4,4,9,0,4,1
1,7,2.86,1,2,4,0,8,1,1,2,4,0,1,1,2,1
2,44,3.95,3,1,4,0,1,0,1,2,0,4,4,2,2,1
5,82,2.75,1,0,1,0,5,1,7,3,4,2,4,0,0,0
8,3,3.14,5,1,2,1,6,0,4,2,1,4,9,2,3,0
4,72,3.14,4,2,1,1,8,0,4,3,3,3,4,4,4,0
13,13,3.79,8,2,4,0,3,1,1,4,1,4,2,1,4,1
9,52,2.48,4,2,4,0,5,0,4,10,1,1,1,2,1,1
3,25,2.35,9,2,0,1,5,0,0,7,0,1,0,3,1,0
13,77,2.09,4,2,4,0,7,1,1,3,1,0,1,1,2,1
3,46,3.03,7,0,4,0,2,1,2,7,0,1,3,3,3,1
1,10,2.5,6,0,5,1,5,0,1,2,0,2,0,2,4,0
0,8,2.6,3,0,1,1,1,0,0,0,2,0,3,1,2,0
6,75,3.36,9,0,1,1,2,1,4,1,0,2,2,0,3,0
6,86,3.2,1,0,1,0,9,1,1,3,0,4,2,3,4,1
13,77,2.88,3,0,0,1,4,0,2,4,0,2,1,1,2,0
2,63,3.47,8,2,3,0,3,1,1,1,4,4,4,2,3,0
1,10,3.92,9,1,4,1,4,0,4,0,4,1,1,2,3,0
4,6,2.7,3,0,2,0,4,0,3,1,0,2,0,2,4,0
0,9,2.12,2,0,4,0,1,1,3,4,2,0,3,0,2,0
7,2,3.69,8,0,4,1,8,0,0,2,7,1,7,0,3,0
7,21,2.4,4,1,3,0,4,0,3,4,10,3,7,4,2,1
5,88,3.41,9,1,0,0,7,1,10,3,1,4,0,4,0,0
2,89,2.59,9,2,1,0,9,1,3,4,4,3,4,1,4,1
13,77,3.1,0,0,4,1,7,1,2,2,1,2,4,0,0,1
5,29,2.49,6,0,1,1,7,0,10,0,4,4,2,3,1,0
12,24,3.55,10,0,0,1,9,0,0,2,1,4,1,1,0,0
8,38,3.47,1,0,0,1,2,1,4,3,1,4,9,4,2,1
7,41,2.88,4,1,2,0,2,0,2,0,8,4,10,1,1,0
5,88,2.24,2,1,1,0,9,0,10,0,2,0,2,4,2,0
12,23,3.24,10,2,1,1,8,0,0,4,4,4,4,3,4,1
3,58,3.84,5,0,4,1,1,1,0,8,0,0,4,4,4,0
3,46,2.93,0,1,0,1,0,0,2,9,0,1,2,4,4,0
3,46,2.36,0,2,0,0,9,1,4,10,1,1,2,4,4,1
13,13,2.54,0,1,3,1,6,1,0,0,3,3,1,3,4,1
14,48,3.07,9,0,1,0,4,0,2,2,3,4,3,1,0,0
2,34,3.24,9,1,1,0,0,1,0,3,0,0,1,3,3,0
9,52,2.82,3,0,1,1,4,0,4,7,2,2,2,3,0,0
4,72,3.23,7,0,2,1,2,1,1,2,3,3,2,2,4,1
14,26,2.7,2,2,0,0,9,0,1,1,0,2,4,2,3,0
6,35,2.57,1,2,2,1,6,0,1,2,2,2,0,0,3,1
8,38,2.88,4,0,2,0,7,1,2,1,4,3,8,1,4,1
13,67,3.04,3,0,1,1,5,0,2,0,4,0,1,3,3,0
11,68,3.791509323722068,2,0,1,1,0,1,1,4,0,1,4,2,0,0
2,17,2.53,0,0,3,1,9,1,4,0,4,3,4,2,1,1
11,33,3.970995723441936,3,1,4,1,1,0,0,1,2,3,1,3,3,0
10,4,2.7,3,1,0,0,9,1,3,10,3,2,3,3,3,1
7,36,2.91,3,2,2,1,9,1,3,4,10,0,9,1,1,0
14,65,3.86,1,1,3,0,4,1,0,0,4,2,3,0,0,1
9,52,3.22,0,2,2,0,9,0,4,9,3,0,1,3,0,0
6,28,2.99,2,0,1,0,0,0,0,4,1,0,3,2,3,0
1,47,3.0,4,0,4,0,4,1,2,3,4,0,4,2,1,0
10,81,3.93,4,1,4,0,6,0,4,9,2,4,1,0,4,0
13,77,2.52,2,2,2,0,5,0,3,1,1,4,4,3,2,0
7,21,2.42,9,0,4,0,9,0,3,0,10,3,7,3,0,1
8,3,2.95,1,1,1,0,9,0,3,0,0,3,8,1,3,1
9,52,2.07,8,1,1,0,6,1,1,9,3,4,0,1,4,1
1,12,2.21,4,2,5,0,0,1,0,0,1,1,1,3,3,0
7,5,3.76,0,0,4,0,1,1,0,4,10,3,10,4,2,0
10,18,2.68,9,0,4,1,1,0,0,7,4,3,1,4,1,1
13,74,2.76,1,2,1,0,1,0,2,0,4,0,1,1,1,0
10,81,2.13,6,0,4,1,4,1,0,9,2,4,2,1,0,0
6,35,3.03,6,1,1,1,8,1,1,2,1,0,4,1,2,0
14,22,2.29,9,2,4,0,2,0,2,0,1,0,3,3,0,1
6,84,3.75,1,1,1,0,6,1,1,4,0,1,3,3,1,0
4,6,3.76,3,1,0,0,3,0,3,2,1,4,2,4,1,1
12,64,2.86,7,0,1,1,3,1,2,0,1,2,3,3,2,1
12,66,3.5,7,0,0,0,9,0,1,0,1,4,3,3,0,0
5,88,3.28,7,1,3,0,2,0,9,0,4,4,2,1,2,1
7,2,3.8,7,2,0,0,9,0,4,3,10,0,10,3,2,0
2,63,3.92,3,2,4,0,9,1,2,3,2,1,4,4,2,0
0,9,2.86,9,1,4,0,9,1,4,4,1,4,3,1,3,1
12,23,3.02,10,1,0,0,3,0,0,2,3,2,3,4,0,0
12,66,3.71,9,1,4,1,2,1,3,0,2,3,0,2,3,0
11,73,3.957443075060752,0,0,4,0,6,0,1,2,4,4,0,1,3,1
13,77,3.44,6,1,4,0,3,1,0,1,0,1,0,0,2,0
10,4,3.85,6,2,1,1,3,0,1,8,4,3,4,1,4,0
13,74,2.14,7,1,4,1,8,0,3,3,3,1,4,3,4,1
6,28,2.18,0,0,0,0,4,0,0,3,1,1,4,3,2,0
2,34,3.32,0,2,1,0,1,1,2,4,4,0,4,1,0,0
10,60,2.86,1,2,3,0,6,0,3,9,0,2,3,3,4,1
6,84,3.38,8,0,4,1,9,0,4,4,3,4,4,4,0,0
4,49,2.21,5,1,4,1,6,0,1,1,2,4,3,2,3,1
14,42,2.47,0,0,1,0,1,1,2,0,1,0,2,2,3,1
6,84,2.33,9,1,1,0,8,0,3,3,3,2,2,0,4,0
14,80,2.82,7,2,4,0,2,1,0,3,4,0,4,1,0,0
3,37,2.03,5,0,1,1,7,0,4,10,1,2,3,0,4,0
1,12,2.04,9,2,5,0,3,1,4,1,1,1,0,2,2,1
9,54,2.53,5,1,2,0,1,1,3,10,4,4,1,3,2,1
8,38,3.65,0,2,2,1,7,0,4,4,0,1,10,2,1,1
2,89,3.58,3,2,2,1,1,1,0,0,2,3,3,0,0,0
9,55,3.62,2,0,2,1,3,0,2,9,0,2,1,1,1,1
1,12,2.88,1,1,5,0,7,1,0,2,3,2,0,2,4,1
11,33,3.8166417411664977,8,1,0,0,1,0,1,0,4,3,0,3,4,0
0,8,2.71,9,2,0,0,3,1,4,1,0,2,0,4,3,1
6,35,3.26,7,0,3,1,2,1,3,4,2,1,3,4,4,1
3,46,3.45,0,1,2,1,4,0,4,10,1,4,3,4,2,1
5,43,3.69,8,1,4,0,8,0,7,2,1,0,3,1,4,1
0,87,3.68,4,0,3,0,6,1,2,1,2,4,2,3,1,0
9,57,2.8,4,0,4,1,1,1,0,8,0,4,0,3,2,1
14,48,2.03,3,2,4,0,7,0,2,1,1,2,2,2,4,1
5,43,2.94,5,2,1,1,4,1,9,0,4,2,1,2,3,0
8,27,2.16,5,0,3,0,2,0,0,2,0,0,10,2,3,1
1,7,3.42,0,2,3,1,5,0,0,2,1,1,4,3,1,0
10,59,3.9,5,0,2,1,5,1,1,10,3,1,1,3,2,0
13,77,3.34,4,1,0,1,2,0,4,2,1,2,3,0,4,1
1,10,3.3,2,2,5,1,9,0,0,1,0,0,4,1,2,1
11,71,3.5398945618170004,5,2,0,0,7,1,1,0,0,2,1,3,0,0
4,72,2.7,9,0,0,1,2,1,3,3,0,0,4,2,1,1
1,47,2.95,9,2,4,0,1,1,2,4,1,0,3,1,1,1
13,74,2.49,6,2,2,0,5,0,2,4,2,0,2,1,1,1
14,79,2.97,9,2,3,1,7,1,1,3,1,0,0,4,2,0
6,75,2.38,2,0,4,1,3,1,3,4,0,2,3,1,0,1
2,15,3.07,9,2,2,0,0,0,2,0,1,2,4,0,3,1
4,49,3.38,3,1,4,1,7,0,0,2,3,2,0,4,4,0
5,43,3.27,6,2,3,0,1,0,8,4,1,3,4,0,3,0
3,25,2.13,8,0,3,0,0,0,2,10,1,3,0,1,1,1
1,45,3.63,7,0,5,0,3,0,1,4,2,0,1,0,4,1
8,3,3.11,3,0,1,0,1,0,0,0,1,4,8,4,1,0
3,58,3.68,7,2,4,1,2,1,1,7,3,4,3,3,2,0
5,0,3.34,0,1,4,1,8,1,9,2,1,3,4,0,4,1
13,13,3.85,9,2,4,1,1,1,4,3,1,1,0,2,1,1
0,8,2.47,3,2,1,1,1,1,0,0,3,0,3,0,2,1
13,74,2.1,0,2,0,0,2,1,1,3,1,2,0,3,0,1
3,25,3.3,0,0,1,1,9,1,2,9,2,1,0,4,2,1
1,10,2.25,6,2,3,1,5,0,4,4,0,4,3,0,0,0
4,72,2.18,5,2,2,1,7,0,3,1,2,1,2,1,3,1
5,0,2.33,9,1,2,0,3,0,8,0,3,2,3,0,2,0
8,51,2.21,1,2,4,0,7,1,1,4,0,3,10,4,2,1
9,70,2.8,7,1,4,0,9,1,2,10,4,3,3,0,3,1
0,8,3.81,1,1,0,1,5,0,4,0,2,0,3,0,0,0
10,59,3.14,6,2,0,1,1,0,0,7,1,0,0,0,2,1
4,72,2.1,8,1,1,0,1,1,2,2,2,2,2,3,3,1
5,30,3.29,3,2,4,0,1,0,9,1,2,3,0,2,3,1
2,17,3.64,4,1,4,0,2,0,3,0,0,4,2,0,0,1
7,5,2.59,0,2,1,0,1,1,2,4,10,4,10,3,3,0
7,62,2.69,5,1,1,1,4,0,3,2,10,0,8,1,4,0
12,24,2.36,7,0,0,1,9,0,1,2,1,3,2,0,0,0
3,25,3.32,7,2,4,0,3,1,4,10,3,2,2,0,2,0
13,74,2.11,5,2,3,0,4,1,0,3,1,4,0,2,3,0
4,6,2.09,8,1,1,0,0,1,0,3,2,2,0,1,0,0
2,15,3.66,7,2,1,1,9,1,1,2,4,1,2,4,1,1
8,1,2.21,0,1,3,0,2,0,0,0,4,0,8,3,3,0
11,71,3.8010843846944415,5,1,3,1,0,0,4,2,0,0,4,1,3,0
6,35,2.55,4,1,2,1,1,1,3,4,2,4,0,1,2,1
7,41,2.18,9,0,2,0,7,1,3,1,7,3,9,2,4,0
11,68,3.677922955622485,5,2,1,0,3,0,0,0,2,1,0,1,2,1
3,25,3.23,2,0,4,1,8,1,1,8,4,1,2,1,4,0
0,50,2.76,1,0,0,0,2,1,0,4,0,3,2,3,4,1
12,64,3.42,9,0,0,0,0,1,1,2,0,1,0,0,2,0
6,75,3.22,3,2,2,1,2,1,2,1,0,1,1,3,4,1
13,67,2.38,3,1,3,1,4,1,0,2,2,2,4,1,4,1
5,30,3.75,4,0,4,1,9,1,8,1,4,4,3,3,0,1
6,86,3.97,6,2,1,0,4,0,0,1,0,3,0,2,2,1
11,73,3.92179347279677,6,0,1,1,3,1,2,3,4,2,0,3,4,0
3,37,2.1,0,2,0,1,5,0,3,8,4,1,4,4,4,0
11,73,3.904837129044037,7,1,3,0,3,0,3,4,3,1,3,0,4,0
1,10,2.93,8,1,5,0,1,1,1,2,2,1,4,4,4,1
12,23,3.21,9,1,0,0,3,0,1,1,2,2,2,0,2,0
7,41,2.6,7,0,3,1,9,1,3,1,7,2,7,0,1,1
2,17,2.7,0,0,1,0,8,1,3,1,3,2,2,1,0,0
12,83,3.03,8,1,2,0,2,0,4,2,0,3,2,0,1,1
7,2,3.14,0,2,1,0,2,1,2,4,8,1,8,2,1,1
3,37,2.71,7,0,1,0,5,1,2,8,2,3,0,1,2,0
0,50,2.78,3,1,1,1,0,0,0,2,1,1,2,3,0,1
3,25,2.47,5,2,3,1,8,1,2,10,1,3,4,1,4,0
2,17,2.74,2,1,1,0,5,0,1,0,0,0,3,2,1,0
6,35,2.72,1,1,4,1,6,1,3,3,1,3,1,3,0,1
5,82,3.7,9,2,4,1,2,0,7,3,4,3,1,0,3,0
9,52,3.53,1,0,3,1,9,0,1,8,4,4,1,4,2,0
5,30,3.11,7,2,4,0,4,1,9,3,0,1,3,3,2,1
8,3,3.98,0,0,4,1,9,1,3,1,0,2,10,0,2,1
11,85,3.662330633592597,3,1,3,0,8,1,4,3,2,4,4,4,1,0
11,73,3.928142564023381,0,1,0,0,8,1,0,3,2,0,4,4,2,0
3,25,3.8,8,1,1,1,3,1,3,9,1,4,0,3,2,0
4,69,2.54,3,2,4,0,3,1,3,1,1,0,4,4,1,0
1,10,2.29,3,0,4,1,6,1,4,4,0,0,3,0,3,0
10,59,3.62,1,2,3,0,4,1,4,7,1,0,0,1,3,0
6,75,3.73,9,1,4,1,4,0,4,3,4,3,3,2,3,1
11,85,3.917743077821648,0,1,2,0,6,1,1,3,3,4,2,0,1,1
1,47,3.75,5,2,4,1,5,0,4,1,4,3,1,1,4,1
4,69,2.89,6,1,2,0,9,1,4,1,3,0,0,1,4,1
5,82,2.15,2,2,1,0,6,1,8,1,4,1,2,0,1,0
10,18,3.8,6,2,3,1,6,0,1,9,3,4,3,1,1,1
4,6,3.99,8,1,0,1,8,0,0,3,1,3,4,4,3,1
11,85,3.709624624659483,5,0,3,1,2,0,2,1,2,1,0,0,4,1
10,59,3.45,8,1,3,0,6,1,0,10,0,0,1,1,2,1
7,36,2.93,7,2,4,1,3,1,4,3,9,4,8,1,3,1
0,87,2.07,0,0,3,0,4,0,4,1,1,2,2,4,1,0
8,38,3.25,9,1,4,1,2,1,4,3,2,4,7,0,4,1
6,75,2.09,5,2,1,0,0,1,1,1,0,0,1,3,3,1
11,71,3.890392741682738,6,0,1,0,0,1,1,1,1,0,3,4,3,0
0,87,2.16,1,1,4,0,9,1,1,4,3,3,3,0,0,1
0,9,3.06,3,1,2,1,4,0,1,4,3,1,0,4,1,1
8,3,2.81,1,2,4,1,1,1,4,3,1,0,10,0,1,0
8,27,2.53,0,2,0,0,8,1,1,2,0,1,8,2,2,1
14,80,3.31,4,0,3,1,7,0,0,1,2,4,4,2,4,0
14,26,2.35,0,2,1,0,6,1,1,4,2,3,0,3,4,1
6,28,3.44,6,0,1,1,1,1,4,1,3,2,0,0,3,0
7,19,2.89,2,0,3,0,5,0,2,2,7,1,9,1,3,0
1,12,2.69,0,0,5,0,4,0,1,2,3,3,2,2,1,1
1,10,2.48,5,0,5,1,6,0,4,0,2,1,4,2,0,1
12,24,3.78,6,2,2,0,4,0,0,4,1,0,3,2,3,1
9,70,3.3,0,0,3,0,6,0,3,9,4,4,2,0,4,0
0,50,3.56,4,1,1,0,1,1,1,0,0,2,0,3,0,1
5,43,3.64,6,1,1,0,0,1,8,3,4,1,0,0,0,0
1,45,3.7,7,2,5,1,2,1,0,2,1,4,4,1,3,1
8,40,3.45,8,1,2,1,9,1,1,0,2,3,7,4,0,1
6,28,3.51,2,1,4,1,5,0,4,1,1,0,2,1,0,0
2,89,2.42,2,1,2,0,3,1,2,3,2,4,1,4,4,1
13,67,3.29,3,2,0,0,6,0,0,3,0,3,4,0,3,0
4,20,3.11,0,0,0,1,4,0,0,0,2,4,3,3,0,0
14,48,2.41,9,0,0,1,2,1,1,3,0,0,2,2,3,1
3,37,3.97,3,1,4,0,3,0,4,9,2,3,1,4,0,1
3,58,3.29,5,1,4,1,2,0,1,8,2,2,2,0,2,1
0,50,3.53,5,0,0,0,5,0,4,2,4,3,0,0,2,0
12,24,3.47,8,1,0,1,4,1,4,4,4,4,1,3,3,0
13,77,2.17,1,2,3,1,6,1,3,2,4,1,1,3,1,0
14,42,2.13,7,1,3,0,1,0,4,3,0,2,1,4,2,0
0,50,2.85,8,2,0,0,6,1,4,3,3,4,4,2,0,1
11,33,3.590177984140826,2,2,2,1,0,0,2,0,1,3,4,1,0,1
11,68,3.779946550767975,6,0,0,1,5,0,2,2,2,3,4,4,2,1
6,86,3.15,3,1,0,1,6,0,1,2,0,1,2,3,1,0
5,29,3.34,5,1,1,1,9,1,7,2,0,0,2,2,1,0
14,65,3.37,2,2,3,1,4,1,3,4,4,3,2,1,2,0
8,38,3.94,4,2,3,1,6,1,1,4,2,1,8,1,2,0
12,24,3.42,9,1,3,0,8,1,4,4,2,2,0,2,1,1
2,14,2.48,4,1,1,1,2,1,2,2,3,4,4,2,4,0
1,7,2.77,8,2,5,0,5,1,2,2,4,0,1,3,4,1
0,53,3.3,6,2,0,1,1,1,0,0,1,3,3,1,3,1
12,24,2.76,10,2,3,0,7,1,0,3,2,0,0,4,1,0
13,74,2.05,5,2,2,1,0,0,1,0,3,4,3,2,2,0
4,49,2.74,3,0,3,0,7,0,1,2,1,2,1,0,2,0
4,20,2.66,5,2,1,0,2,0,0,3,3,0,4,0,1,0
3,58,2.03,3,0,0,1,0,0,4,8,2,4,3,0,1,1
11,31,3.948285762484639,0,1,1,1,0,0,2,1,2,1,2,1,0,0
4,72,3.05,0,0,4,1,0,1,2,1,0,4,2,2,4,1
5,30,2.28,0,2,1,1,8,1,8,0,2,1,2,4,1,1
2,34,3.42,5,1,4,0,9,1,0,1,1,3,3,3,0,0
8,38,2.89,3,0,1,0,2,1,2,1,1,4,8,2,1,0
0,9,3.59,7,2,3,1,6,1,2,2,4,2,4,4,2,0
9,55,3.44,3,0,1,1,9,0,4,10,4,4,3,0,2,1
9,56,3.69,8,1,1,0,2,1,0,9,3,0,2,1,4,0
7,41,3.12,5,0,4,1,4,1,3,4,7,4,7,4,4,0
11,73,3.515169623409159,6,2,0,1,8,1,3,2,4,2,4,3,4,1
7,19,3.06,5,1,1,1,7,1,4,0,7,0,9,2,4,1
14,22,3.02,8,0,4,1,8,1,4,1,4,4,0,4,2,0
4,69,3.69,3,1,2,1,9,1,4,0,1,4,4,2,1,0
4,72,3.22,0,1,2,1,5,1,0,1,4,4,3,2,0,1
11,33,3.962331344145798,8,2,0,0,9,1,3,1,1,3,0,1,0,0
12,23,2.86,5,1,4,0,9,1,4,4,1,0,1,2,1,1
13,74,3.73,5,0,1,1,7,0,0,4,4,2,4,1,4,0
8,51,3.27,6,1,0,1,4,0,0,3,4,1,8,2,2,1
10,60,2.69,3,1,0,0,5,0,0,10,4,4,4,3,1,0
10,4,2.12,6,2,4,1,7,0,0,8,1,4,4,4,3,1
7,2,3.84,8,2,2,1,9,1,4,3,10,1,10,1,3,1
7,19,2.36,6,2,0,0,5,1,2,0,8,1,8,0,4,0
6,75,3.46,7,2,0,1,3,0,2,1,4,1,0,1,0,0
1,47,3.63,2,2,3,1,3,0,0,3,1,3,1,3,1,1
0,53,2.0,9,0,3,0,7,0,2,4,2,1,3,0,1,0
10,60,2.65,3,1,4,0,5,0,3,10,0,0,4,0,4,1
13,13,3.57,3,2,3,1,2,1,0,4,0,2,1,3,0,0
11,33,3.661597032662168,1,1,2,0,3,0,4,2,2,0,3,4,2,0
9,70,3.1,5,1,3,0,7,0,2,7,4,0,1,1,1,0
5,88,2.87,4,1,2,1,8,0,10,4,4,4,4,2,3,0
5,0,2.32,2,2,1,1,2,0,8,3,3,4,4,4,2,0
11,68,3.677497520519177,8,0,2,1,6,1,2,3,3,1,2,1,1,1
2,17,2.69,5,1,4,0,8,0,3,0,2,4,2,0,1,1
11,71,3.836602123007905,8,1,2,1,3,1,0,1,1,1,1,1,2,1
6,28,2.52,2,1,1,0,6,1,1,3,4,4,3,1,4,1
0,50,2.7,7,0,4,0,8,0,4,2,0,0,4,0,0,1
11,85,3.995087896815359,4,0,1,1,2,0,2,3,4,3,3,2,0,1
1,45,2.62,2,1,4,1,7,0,0,0,3,2,4,2,0,0
0,87,3.78,2,0,0,1,8,1,0,0,0,1,1,3,2,1
10,4,3.63,2,2,0,0,3,1,0,10,3,3,0,1,3,1
13,74,3.28,3,2,4,1,0,0,2,3,3,2,4,0,3,0
8,3,2.94,7,0,3,0,6,0,3,0,3,4,10,2,3,1
3,37,2.89,7,0,1,0,5,0,3,10,1,3,0,0,1,1
10,60,2.89,9,1,3,0,6,1,2,7,1,0,4,3,3,0
8,38,3.31,9,1,1,0,1,1,2,1,1,3,9,4,3,1
1,7,2.84,6,1,3,1,6,1,3,0,0,4,2,1,0,1
8,40,2.91,9,1,3,1,6,0,3,0,4,0,7,0,4,1
0,9,3.37,0,1,4,1,0,0,0,0,2,2,3,1,3,1
8,78,2.74,4,1,3,1,0,1,3,4,4,1,10,0,4,1
12,24,2.58,8,2,3,0,3,0,0,3,2,4,1,0,0,0
4,6,3.89,8,1,1,0,3,1,4,3,2,4,4,2,0,0
1,7,2.29,0,1,5,0,6,0,2,0,0,0,3,4,0,1
4,6,2.1,2,2,4,1,1,1,3,1,2,1,4,4,1,0
12,24,3.4,5,0,3,1,5,1,4,1,4,0,3,1,3,1
5,29,2.17,4,0,3,1,0,0,7,2,2,2,4,1,4,0
2,63,2.06,8,1,3,0,2,0,3,1,4,3,0,2,4,0
12,23,3.28,8,0,3,1,0,0,0,2,2,1,4,0,3,0
7,62,2.1,7,1,3,1,5,1,2,1,7,1,7,2,3,1
1,12,3.3,5,1,4,1,5,1,3,3,2,4,4,3,3,0
4,20,2.84,2,2,0,0,9,1,2,4,0,3,3,0,4,1
6,84,2.54,9,0,0,0,3,1,4,0,3,4,0,0,3,0
6,28,3.0,9,0,4,1,9,1,2,3,3,3,0,2,0,1
11,71,3.750675496816873,3,0,4,0,5,0,0,1,2,1,1,2,4,0
13,77,3.38,6,2,2,0,7,0,4,4,1,0,4,4,3,0
13,67,2.98,3,0,1,1,0,0,2,4,0,1,3,2,4,1
14,11,2.27,8,0,0,1,5,0,3,2,2,4,1,1,4,1
5,43,2.89,6,2,0,1,6,0,8,0,2,4,1,1,3,1
6,84,2.49,9,1,4,1,2,0,0,4,4,0,3,1,1,1
14,11,2.52,6,0,3,0,3,0,4,3,2,2,4,2,1,0
2,15,3.17,3,0,0,0,7,0,0,4,0,4,2,1,1,1
0,87,3.25,6,0,2,1,2,1,3,3,3,2,2,3,1,0
6,35,2.73,4,0,0,0,4,0,0,2,3,2,1,3,2,0
14,42,2.91,9,0,0,0,2,1,1,4,2,4,2,0,1,1
2,34,3.86,3,2,3,1,5,1,0,3,4,1,2,3,1,0
9,55,2.57,9,0,1,0,8,0,0,10,3,0,1,2,1,1
10,4,2.03,5,2,3,0,0,1,2,9,3,2,0,1,1,1
7,62,2.49,6,0,2,1,6,0,3,4,10,4,8,2,1,1
3,37,2.81,4,2,2,1,4,0,4,10,3,2,0,1,3,0
0,8,3.28,2,0,1,0,3,0,3,2,3,1,2,4,4,0
0,9,3.47,4,2,2,1,4,0,3,3,3,3,1,1,2,1
3,37,3.89,3,0,4,1,2,0,2,8,0,0,1,3,2,0
6,75,2.97,1,1,2,1,8,0,4,4,3,0,3,2,2,0
4,20,3.72,1,0,1,1,5,1,0,2,0,0,3,3,2,0
4,6,3.1,5,2,0,1,7,0,0,3,2,1,3,3,4,0
11,31,3.530820941718412,0,2,2,0,6,1,2,2,1,1,1,3,3,0
11,68,3.7661551316899553,5,0,2,1,6,1,2,0,3,0,2,2,1,1
11,33,3.849107726747236,6,1,1,0,0,1,4,4,3,2,0,1,0,0
5,82,3.25,6,0,1,0,0,0,7,3,1,1,4,4,2,1
11,68,3.621484229227285,7,0,0,1,9,1,0,3,4,0,4,0,2,1
4,72,2.5,4,0,4,0,6,0,3,4,1,4,1,3,2,1
11,33,3.7647178702706383,5,1,2,1,0,0,0,2,1,1,2,3,4,1
3,37,3.33,3,1,1,0,6,1,2,10,0,0,3,2,2,1
9,56,3.82,7,1,0,0,7,0,3,7,1,3,0,4,4,1
3,25,3.93,8,2,2,0,4,1,3,9,3,3,0,0,0,0
12,23,3.77,10,2,4,1,2,1,1,1,2,4,1,4,3,0
8,40,2.09,4,1,4,0,2,0,0,4,2,1,8,4,0,1
0,53,2.29,8,1,4,1,9,1,1,2,3,2,1,1,0,1
14,26,3.72,6,0,2,1,8,0,4,2,4,1,1,3,1,0
13,74,3.19,9,2,4,0,3,1,4,3,2,4,1,0,0,1
9,54,3.94,5,1,0,1,9,0,4,7,0,1,0,4,4,1
12,64,2.34,6,0,1,1,0,1,1,4,4,2,2,1,2,0
9,57,2.82,2,0,4,1,3,0,4,10,2,4,1,3,4,1
0,9,2.09,5,2,2,0,6,0,1,1,2,0,3,2,3,1
12,83,2.37,7,0,1,1,4,1,2,2,3,1,1,1,1,0
0,50,3.62,2,1,2,0,5,0,4,1,2,0,0,4,4,0
4,20,2.02,9,2,4,1,8,1,4,3,3,3,0,2,2,0
10,18,3.38,4,1,4,0,6,0,0,9,0,1,4,2,3,1
8,1,2.2,3,0,0,1,4,1,4,3,0,1,8,1,4,0
13,67,2.37,2,2,0,0,9,0,2,1,3,4,1,3,1,1
8,1,2.67,3,1,0,0,8,0,1,4,3,4,9,3,3,0
14,80,3.57,1,1,1,0,6,0,4,0,4,3,1,4,3,1
5,43,2.39,6,1,3,1,1,1,9,1,2,2,1,0,4,0
12,66,3.37,8,2,4,0,0,0,4,0,1,0,2,0,3,1
7,19,2.98,4,0,0,1,9,0,4,4,8,2,8,4,0,0
12,66,3.45,9,1,3,0,0,0,4,2,3,3,1,0,0,0
14,42,2.43,5,0,3,0,7,0,1,4,2,2,2,0,3,1
4,69,2.03,8,2,0,1,3,1,4,1,3,1,0,1,2,1
10,81,4.0,9,2,1,1,8,1,4,10,3,0,0,2,0,1
0,50,3.32,2,0,3,1,0,1,1,2,0,4,0,3,2,0
13,67,2.29,0,1,3,0,4,1,2,1,2,1,2,2,0,0
7,21,2.16,9,1,1,1,8,1,0,0,9,0,9,1,3,1
0,87,3.79,1,1,3,1,5,0,2,3,3,1,3,3,4,1
13,13,3.61,5,1,0,0,1,0,0,1,3,3,3,3,2,0
6,75,3.56,9,2,0,1,3,1,2,2,0,4,0,1,3,0
6,28,2.92,8,1,4,0,1,0,2,0,0,4,4,3,3,1
3,58,2.32,5,1,2,1,9,1,3,7,2,4,1,4,1,1
14,22,2.95,9,2,3,1,4,1,1,3,3,1,2,0,4,0
0,87,2.72,9,0,1,1,4,1,3,1,3,3,3,0,1,1
14,11,2.8,5,1,3,0,4,1,2,1,2,3,3,3,4,1
5,29,2.02,0,0,1,0,1,0,7,4,3,1,1,4,0,0
10,81,3.02,0,0,2,0,6,1,1,9,4,3,3,4,3,1
13,77,2.89,6,0,4,1,4,1,0,4,2,4,0,2,4,0
1,10,2.91,9,1,5,0,5,0,4,1,2,1,3,0,2,1
7,87,2.82,5,0,2,0,3,1,4,4,2,2,1,0,1,1
4,10,3.21,1,2,0,0,8,1,3,4,0,3,0,3,0,1
7,20,3.71,1,0,0,0,5,0,1,1,1,2,2,3,4,1
13,58,3.24,3,1,3,0,1,0,4,1,3,1,2,1,2,0
9,35,3.87,0,2,4,0,0,0,4,4,3,4,4,3,2,0
10,1,3.22,2,0,0,1,2,0,0,2,4,3,1,2,4,1
11,29,2.58,4,0,1,1,0,1,1,2,4,2,2,3,0,0
5,84,3.5,2,1,0,0,0,0,2,3,3,4,4,2,4,0
6,21,2.94,3,2,0,1,3,0,0,0,1,0,2,3,3,1
11,12,3.12,5,2,2,1,7,0,2,4,4,4,0,3,2,1
3,8,3.19,0,2,1,1,5,1,2,4,1,3,0,0,4,1
6,45,3.86,5,1,1,1,5,1,1,1,4,2,4,0,2,0
7,2,2.02,4,2,3,1,4,1,1,3,2,3,4,1,2,0
4,69,2.8,4,2,4,0,7,0,2,1,2,1,4,2,2,0
7,50,2.44,0,0,0,1,0,0,3,0,1,0,3,0,3,0
0,43,3.91,3,2,1,1,1,1,2,2,1,0,1,3,2,1
4,64,2.28,0,2,3,1,0,0,2,3,2,3,4,2,3,0
9,59,2.66,0,2,3,0,7,0,2,0,4,3,1,3,0,1
12,24,2.29,5,1,1,1,0,1,2,2,1,3,4,3,1,1
11,19,3.35,6,2,2,0,4,1,1,2,3,3,3,3,1,1
10,80,3.74,4,0,4,0,3,1,1,0,3,1,0,1,2,1
13,76,3.24,1,0,2,1,6,1,2,0,0,3,0,0,4,0
2,84,2.47,7,0,0,1,6,0,4,3,0,2,1,1,3,1
5,85,2.63,2,1,2,0,8,1,0,0,3,1,1,4,2,0
8,32,3.53,8,0,4,0,8,1,3,0,0,1,0,1,4,1
4,42,3.93,1,2,3,0,9,1,0,0,4,1,0,3,0,0
0,52,3.68,1,1,4,1,8,0,1,0,2,3,4,3,2,1
2,6,2.3,6,2,1,0,3,1,0,4,1,0,1,0,3,1
11,47,3.54,8,2,0,0,7,1,1,4,2,0,1,2,1,1
12,88,2.93,5,0,0,1,8,0,1,1,2,3,0,3,1,0
5,11,2.07,0,2,4,1,6,1,3,2,1,0,2,2,4,1
4,26,2.73,7,1,1,1,5,1,0,0,1,2,0,2,2,0
4,68,4.0,2,0,4,0,5,1,0,0,2,3,1,4,0,0
10,19,2.58,1,1,4,1,1,0,4,2,0,1,1,4,2,1
0,60,2.43,5,1,1,1,5,1,1,2,2,3,1,2,0,0
14,86,3.65,1,0,4,0,0,0,4,0,4,1,4,0,2,0
1,33,2.55,5,0,2,0,6,1,2,3,4,0,2,3,3,1
7,70,2.34,1,2,4,0,4,1,1,3,4,1,2,3,0,1
12,10,3.03,6,1,3,0,8,1,2,1,2,4,4,1,2,0
9,76,3.66,9,0,0,0,9,0,0,1,2,4,3,3,0,0
9,30,2.76,5,2,3,0,3,0,3,2,0,3,0,1,0,1
13,82,2.43,7,1,3,0,5,1,1,3,4,1,0,4,4,1
10,45,2.71,3,0,2,0,1,0,3,3,2,0,2,4,1,0
10,87,3.23,2,0,4,1,5,0,1,2,1,2,3,3,3,1
0,51,2.23,3,0,3,1,3,1,3,2,3,2,2,2,2,1
6,28,2.44,3,2,1,0,7,0,2,4,0,4,2,0,3,0
11,63,3.75,6,2,1,0,5,0,4,2,1,4,2,0,0,1
4,85,2.51,8,2,3,0,0,0,3,1,3,3,0,3,4,0
12,50,3.34,7,1,3,1,8,0,1,3,2,2,4,3,1,0
4,35,3.37,0,1,4,1,9,1,4,1,3,3,0,0,3,1
5,30,2.9,0,0,0,1,5,0,2,1,4,3,0,2,4,0
3,62,2.21,1,1,2,0,4,0,0,0,0,3,2,4,4,1
13,87,3.0,7,2,2,1,2,0,3,1,1,1,3,1,4,1
6,14,2.8,4,2,4,1,8,1,2,0,1,4,2,0,2,0
7,67,2.34,0,0,2,1,3,1,2,1,4,1,0,3,1,0
11,59,2.29,6,2,2,1,6,0,1,4,2,1,4,2,3,0
2,5,3.12,9,0,3,1,8,1,2,3,1,1,2,0,4,1
4,63,3.1,6,1,4,1,8,0,3,4,4,2,3,1,3,0
8,43,3.0,1,2,1,1,0,1,3,0,3,0,4,2,0,1
9,24,2.81,6,1,2,1,6,1,1,1,3,0,1,4,4,1
1,43,3.64,3,0,0,1,5,0,1,0,0,2,0,2,1,0
11,7,3.89,4,0,0,1,1,1,0,0,0,3,2,1,1,1
9,83,2.87,4,2,4,1,0,1,3,3,2,1,4,2,0,1
14,38,2.85,5,1,1,1,1,1,0,0,2,3,1,0,3,0
6,28,2.79,7,1,4,1,7,1,0,0,2,1,2,4,3,1
9,53,2.45,0,0,3,0,6,1,0,2,0,0,1,1,3,1
10,58,3.51,8,0,3,1,2,0,2,4,2,1,2,4,3,0
10,1,2.06,0,0,4,1,4,0,2,3,0,0,2,0,0,0
13,34,2.45,7,0,3,0,7,0,1,3,4,1,3,1,2,0
4,55,3.14,0,2,1,1,5,1,2,3,4,3,0,0,1,0
12,69,2.44,9,0,1,0,1,0,0,4,4,0,0,4,0,0
8,88,2.71,0,1,3,1,4,1,2,0,3,3,2,1,1,0
10,48,3.72,3,2,3,0,3,0,2,2,3,4,1,4,0,0
4,50,2.02,1,1,0,0,7,0,3,1,1,1,3,4,4,0
13,5,3.74,2,2,4,1,3,0,4,0,0,3,1,4,0,1
1,24,2.78,1,0,0,1,2,0,2,4,1,2,3,0,0,0
4,88,3.37,1,0,2,0,7,0,2,3,4,3,4,2,3,1
11,0,3.0,9,2,0,0,5,1,1,0,0,2,0,4,4,0
1,5,3.72,6,0,0,0,8,0,1,0,2,2,4,0,1,1
6,76,3.11,6,1,0,0,7,0,3,4,0,4,2,0,3,1
4,61,2.25,9,0,2,0,4,0,1,2,3,4,1,0,1,0
14,78,3.18,0,0,3,1,2,0,0,0,3,2,0,1,3,0
9,65,2.31,3,0,2,1,6,0,3,0,1,1,0,4,3,1
9,50,2.51,0,1,1,0,4,0,1,1,2,2,0,0,3,0
8,52,2.03,9,1,1,0,3,0,3,3,2,1,3,1,2,1
11,11,2.44,6,1,4,0,3,1,0,3,2,4,3,3,0,0
7,86,2.58,5,0,1,1,1,1,0,1,1,0,2,2,1,0
11,37,3.53,2,1,4,0,9,0,3,0,2,3,1,3,4,1
5,11,2.82,2,0,0,0,0,0,4,2,2,4,4,3,3,0
10,74,3.53,9,1,2,1,5,1,1,3,3,4,2,2,0,1
9,20,3.9,5,1,0,0,2,0,3,2,0,1,4,1,3,1
0,10,3.84,3,0,4,0,0,0,1,2,1,1,2,3,3,0
0,54,3.18,4,2,2,0,1,0,3,0,2,0,0,0,3,0
7,49,3.24,0,0,3,0,3,0,0,3,4,3,0,3,3,1
8,18,2.47,8,0,1,0,4,0,1,3,4,0,3,2,1,1
3,67,2.21,3,1,3,1,7,0,0,4,2,2,0,2,1,0
10,12,2.21,2,2,0,1,6,1,2,0,3,0,1,0,1,0
10,2,3.14,1,0,3,1,2,0,0,1,1,3,1,1,3,1
5,50,2.62,6,2,1,0,0,0,3,0,0,2,0,3,4,1
4,3,3.15,9,1,2,0,2,1,3,1,2,0,0,2,3,1
4,31,3.65,9,2,1,1,5,1,0,3,1,2,1,0,1,1
12,65,2.76,6,2,4,1,3,0,2,1,3,4,4,3,4,0
3,53,3.13,2,0,0,0,7,1,0,2,1,3,0,2,2,0
14,16,2.78,9,0,3,1,0,1,4,0,0,3,3,2,0,1
10,57,3.49,7,1,3,1,4,0,1,3,4,1,4,1,1,1
0,19,2.32,8,2,2,1,0,1,4,1,3,4,3,1,4,1
13,13,3.45,2,0,1,0,1,0,3,2,4,2,3,1,3,1
4,69,3.27,7,0,1,1,5,1,4,1,3,4,1,4,0,1
5,7,3.61,8,2,1,0,5,1,3,1,0,0,4,0,4,0
7,89,2.37,3,1,3,0,8,1,1,2,3,0,3,1,1,1
7,16,2.73,6,2,3,0,7,0,1,2,2,2,0,0,1,0
10,64,3.26,5,1,3,0,5,0,0,0,0,0,4,0,2,0
11,68,3.9,3,0,1,1,4,0,1,4,3,1,3,2,4,1
7,56,3.26,8,1,3,0,2,0,4,0,4,4,4,4,3,1
10,28,2.31,4,1,2,0,8,0,2,1,2,0,1,2,3,1
12,21,2.52,8,1,3,1,1,1,3,1,0,0,0,1,1,0
0,82,3.56,8,0,2,1,6,1,1,2,1,2,3,0,0,1
8,14,3.84,1,2,4,0,6,0,4,1,2,2,3,2,0,1
3,82,3.2,8,2,1,0,6,1,0,4,4,0,2,3,2,1
3,88,3.66,5,1,1,1,1,0,2,2,0,1,0,3,4,1
2,8,2.51,2,0,2,0,1,1,1,4,1,3,3,0,0,1
8,25,3.53,9,1,2,1,2,1,0,1,0,1,0,4,3,0
10,45,2.18,3,1,2,1,6,0,4,2,0,0,4,2,4,1
3,78,3.99,3,1,2,1,5,1,3,2,0,0,4,4,3,0
0,65,2.32,7,2,0,1,1,1,3,1,2,1,0,2,0,1
1,16,2.66,1,0,4,0,5,1,4,2,3,2,0,1,4,1
0,89,2.98,4,1,3,1,2,0,0,1,1,3,2,2,2,1
3,51,2.92,3,0,4,0,1,1,0,0,4,2,1,3,3,0
2,43,3.74,1,0,4,0,4,0,4,1,3,4,1,2,3,0
8,25,2.83,2,2,4,1,5,0,1,3,3,2,2,1,3,0
10,6,3.08,4,1,3,0,9,1,1,0,3,1,2,2,4,0
6,80,2.95,7,2,2,1,9,1,0,3,2,3,1,4,2,1
7,20,2.32,4,1,3,0,9,0,0,4,3,0,0,2,4,0
12,49,2.86,5,1,0,0,6,1,4,4,4,0,2,1,4,0
1,10,2.24,2,2,3,0,2,0,1,1,2,1,2,0,4,0
11,65,2.68,0,1,3,0,7,1,0,0,3,3,4,1,4,1
3,30,2.49,6,0,1,1,7,1,4,4,1,4,1,4,0,0
0,1,3.29,7,1,3,1,9,0,2,0,0,1,0,2,2,0
14,84,3.97,0,1,2,0,9,0,4,4,1,4,1,1,1,0
4,71,3.84,2,0,2,1,6,0,1,0,1,4,1,2,1,0
8,39,2.16,5,0,3,1,8,1,2,3,1,3,2,3,2,1
10,75,2.51,9,1,2,1,5,0,3,4,3,2,0,4,4,0
14,32,3.98,1,0,3,0,5,1,3,1,1,0,0,2,0,1
11,41,3.23,9,0,3,1,7,1,0,0,1,1,1,1,2,0
11,4,2.36,9,0,0,1,6,1,1,3,0,3,1,0,0,1
11,5,3.43,7,1,0,1,3,0,0,1,3,4,1,0,3,1
8,62,2.66,5,0,0,1,3,0,2,0,4,1,4,2,3,1
6,49,3.55,5,1,2,0,9,1,3,1,0,3,3,3,0,1
8,82,3.59,5,0,2,0,5,1,4,1,0,0,1,4,3,1
4,48,2.48,9,0,1,1,4,1,2,0,1,1,3,0,4,0
7,3,2.52,0,1,1,1,3,0,4,4,3,1,3,1,4,0
14,58,3.96,3,1,3,1,1,1,1,0,0,1,2,4,3,0
9,78,2.35,8,2,4,1,4,0,0,4,3,3,2,0,3,0
5,25,2.85,5,1,1,1,4,0,1,4,3,3,4,4,3,1
14,15,3.87,6,2,1,1,0,0,4,4,3,1,0,0,2,1
4,56,3.83,0,2,4,0,1,1,4,2,4,0,1,0,4,1
12,29,3.88,4,2,1,0,5,1,4,2,2,3,0,0,0,1
3,76,2.19,2,2,0,0,3,0,1,0,3,4,1,3,1,1
9,24,2.29,9,1,1,1,8,1,3,3,0,4,1,2,2,1
8,66,2.27,2,0,0,0,0,1,1,2,4,0,0,1,0,0
11,77,2.34,9,1,1,0,5,1,1,1,3,3,0,1,0,0
1,23,3.46,7,1,0,0,5,1,4,4,4,4,4,4,3,1
5,87,3.42,4,2,2,1,8,0,1,1,4,3,4,0,3,1
10,88,3.14,0,2,3,1,7,1,4,3,2,2,3,1,3,0
10,21,3.82,4,0,2,0,5,0,2,2,1,1,4,0,3,1
12,14,2.18,9,1,0,0,3,1,4,2,3,1,4,4,3,0
4,31,3.38,9,2,3,0,6,0,2,1,3,0,3,4,2,0
7,84,3.46,5,0,2,0,1,1,1,0,0,2,0,3,2,1
2,69,2.28,5,2,2,0,0,0,2,3,0,0,1,4,0,0
6,32,3.89,3,0,1,0,5,0,2,4,4,2,0,3,0,0
8,56,3.39,8,1,2,0,0,0,2,2,2,3,2,3,2,1
5,71,2.06,1,0,3,1,1,0,0,0,3,0,2,2,2,0
11,84,2.51,3,1,4,1,5,1,4,2,0,2,3,2,4,1
14,17,2.14,3,2,0,1,4,0,0,0,0,1,0,3,2,0
0,10,3.93,6,0,3,1,2,1,2,1,3,3,0,1,2,0
2,72,2.32,0,0,2,0,9,1,0,0,4,3,3,4,0,0
2,18,2.69,7,2,3,0,6,0,1,0,3,4,3,4,0,0
0,49,3.37,8,0,0,0,6,0,0,2,1,4,4,3,0,1
4,56,2.17,7,1,0,0,9,1,1,4,2,2,4,1,1,0
14,42,3.85,6,0,2,1,0,1,0,4,2,3,2,3,3,0
11,72,2.58,2,1,2,1,8,0,3,2,0,0,0,0,3,0
9,55,2.77,5,1,3,0,2,1,2,1,2,4,2,4,0,0
2,47,2.07,6,0,0,1,9,1,0,1,3,3,2,3,0,0
2,55,2.81,3,1,2,1,8,0,4,3,3,3,1,3,4,1
1,53,3.58,5,1,2,1,3,1,2,3,2,0,0,3,2,0
5,36,2.6,8,0,1,0,7,0,1,4,0,4,3,0,0,0
13,34,3.89,1,1,3,0,4,0,1,3,1,3,3,3,3,0
11,51,2.93,8,2,2,0,0,0,0,1,2,1,4,1,4,0
12,57,3.39,1,0,3,0,4,1,4,3,0,0,0,3,3,0
2,32,2.06,4,2,3,0,5,0,2,3,3,3,4,2,3,0
10,59,3.73,4,2,2,0,8,0,3,1,3,3,1,3,1,1
4,30,3.37,8,2,4,1,0,0,3,1,3,3,2,4,0,1
4,29,3.93,5,1,3,0,7,0,0,4,3,3,4,4,4,1
13,60,3.98,4,2,4,1,4,0,0,3,3,0,4,3,3,0
7,61,4.0,7,1,4,1,7,1,1,2,4,1,4,4,4,1
2,9,3.46,1,2,1,0,9,0,0,0,0,3,0,0,4,1
14,29,3.16,9,0,4,1,9,1,0,0,0,3,4,3,2,0
4,68,3.05,4,1,3,1,1,1,3,0,1,3,1,3,4,0
8,57,2.61,8,0,2,0,1,1,2,2,4,0,0,2,2,0
11,36,3.63,5,0,3,1,6,1,4,3,4,0,1,1,3,0
11,27,3.25,0,0,4,1,7,0,3,0,2,1,2,0,2,0
1,68,2.53,8,1,2,1,7,1,2,1,3,3,2,0,0,0
13,73,3.91,1,2,4,0,9,0,0,2,1,0,3,3,2,1
1,6,2.93,4,1,0,1,9,0,1,1,1,4,3,0,4,0
9,49,2.81,4,2,4,0,4,1,3,2,1,3,3,1,4,0
14,87,3.25,5,1,4,0,8,1,3,1,2,4,4,0,1,1
10,48,2.21,0,2,4,0,5,0,0,3,0,0,3,1,1,1
1,33,2.78,4,0,2,0,6,1,3,4,4,4,4,2,0,0
14,74,2.31,7,2,3,0,9,1,1,2,4,3,4,2,4,1
13,78,3.79,5,2,4,0,4,1,0,2,3,3,1,3,1,0
9,14,3.73,2,0,2,0,8,1,4,3,4,0,3,4,0,0
8,35,2.31,1,2,0,1,5,0,4,4,3,2,2,4,4,0
0,55,3.34,4,1,2,1,1,1,1,3,2,3,2,4,3,1
11,21,2.22,3,0,1,1,8,1,0,1,1,2,3,0,2,1
6,44,3.0,8,0,1,0,6,1,2,0,3,2,4,0,4,0
6,58,3.76,8,0,3,1,3,1,0,4,1,4,0,0,4,1
7,4,2.87,3,1,1,0,3,0,4,1,1,2,4,4,3,1
9,19,2.5,3,2,1,1,0,1,4,4,4,2,4,3,0,0
5,83,3.36,7,1,3,0,7,1,2,3,1,1,2,3,0,0
2,27,3.24,6,2,2,1,6,1,3,4,0,1,0,4,0,1
14,18,3.53,9,2,4,0,7,0,4,2,4,3,3,3,3,1
11,86,2.61,5,2,2,0,8,1,3,4,0,0,4,3,1,0
1,2,2.28,8,0,2,0,8,1,2,3,0,1,4,3,2,1
12,2,3.46,1,2,1,1,5,0,0,2,4,2,4,1,2,1
2,77,3.4,3,0,0,1,9,0,0,3,0,3,3,2,0,1
3,64,3.09,4,2,3,0,8,0,2,3,4,2,2,1,1,1
11,54,2.61,8,0,3,0,0,1,4,2,4,4,1,1,2,0
2,4,3.99,5,1,2,1,7,1,1,2,4,4,0,4,0,0
9,5,3.57,8,2,2,0,2,1,3,1,2,0,1,3,1,0
2,62,3.55,5,2,0,1,5,1,3,2,0,2,3,0,4,0
12,68,3.7,0,1,1,0,8,0,4,1,3,4,0,1,4,1
8,4,3.21,3,0,0,1,7,1,2,1,3,0,0,0,2,0
5,39,3.7,8,2,2,1,1,0,1,2,2,2,1,1,2,0
2,49,3.29,5,2,2,0,4,1,4,1,3,4,2,4,3,0
11,84,2.1,0,0,1,1,1,1,2,1,2,0,0,4,4,0
4,50,2.92,3,2,0,1,2,0,1,3,0,3,0,4,3,0
12,86,2.24,7,2,1,0,2,1,0,3,1,2,1,2,3,0
3,41,3.07,6,1,4,0,0,0,1,4,4,3,4,1,2,0
10,12,3.77,6,2,0,1,0,0,2,2,1,3,4,4,2,0
0,86,3.92,4,1,2,0,1,1,3,4,2,2,2,3,1,1
8,75,3.33,3,0,3,1,8,1,4,0,2,3,3,4,1,0
11,86,3.18,1,0,4,1,0,0,2,1,2,4,4,3,2,1
6,38,3.73,6,2,1,1,1,1,3,1,0,0,3,1,3,0
9,68,2.45,3,1,3,1,9,1,2,1,3,3,2,4,4,1
6,47,2.25,3,0,4,1,6,1,0,4,3,4,1,3,2,0
8,61,3.34,4,1,0,0,2,1,1,4,4,2,2,4,4,0
2,1,2.46,9,0,2,1,8,0,2,0,0,3,0,4,0,0
10,61,3.59,1,0,4,1,0,1,4,2,4,1,1,2,2,0
6,72,2.89,6,1,4,1,4,1,4,4,4,4,0,4,0,0
14,46,3.14,2,1,4,0,2,1,0,2,2,4,3,1,4,1
3,69,2.32,5,0,3,1,7,1,2,2,3,2,3,2,0,1
1,28,3.33,1,0,3,0,3,0,0,2,1,0,2,1,0,1
12,39,3.96,8,2,0,0,9,1,1,4,3,0,2,2,1,0
1,5,3.61,3,1,2,1,8,0,0,1,1,4,2,1,3,0
14,35,2.33,7,1,4,0,4,0,4,2,3,0,3,4,2,1
11,81,2.08,8,1,2,1,6,0,2,3,4,1,3,2,1,0
13,4,3.72,1,1,1,0,9,1,3,0,0,1,0,4,0,0
1,36,3.66,4,2,0,0,9,1,1,1,4,3,1,1,1,0
7,79,3.48,6,2,2,1,4,0,1,4,2,3,3,1,1,0
14,38,3.41,0,0,0,0,7,1,1,0,3,2,3,0,4,1
8,80,3.48,7,2,0,0,9,1,4,2,0,4,0,3,3,1
9,53,2.04,0,2,3,0,4,0,3,4,1,2,2,1,2,0
9,29,3.73,8,1,0,0,8,0,4,2,4,1,4,1,3,1
4,11,2.47,2,1,3,0,2,0,4,2,4,2,0,3,4,1
11,16,2.67,8,2,4,0,1,0,0,4,4,3,4,2,2,0
5,52,2.49,4,1,2,0,3,1,3,0,0,3,3,2,4,0
4,13,2.51,1,2,2,1,7,1,1,1,3,3,0,2,4,0
4,75,2.38,8,2,1,1,0,0,4,2,4,1,4,0,0,1
4,30,3.76,0,2,1,0,2,1,3,0,1,2,3,4,4,1
1,17,2.36,9,2,3,1,0,0,1,0,3,3,3,0,2,0
13,21,3.96,6,1,1,1,3,0,2,4,2,0,2,3,3,0
2,45,2.54,6,2,4,1,1,1,0,4,3,4,1,4,2,0
1,55,2.74,7,0,3,0,1,1,3,1,2,3,2,3,3,0
3,32,2.25,2,0,0,1,6,0,2,3,3,1,4,4,4,0
14,57,3.36,8,0,4,0,3,0,0,2,1,2,3,0,1,0
6,77,2.43,5,1,1,1,6,1,0,1,1,4,4,2,4,1
10,85,2.52,1,1,3,0,9,1,3,1,1,0,0,4,0,0
4,19,3.68,6,1,4,1,2,1,4,3,4,4,3,4,2,1
1,43,2.48,6,2,1,0,1,0,2,0,1,3,0,4,2,1
3,22,2.79,6,1,2,1,1,0,2,4,4,0,2,2,3,1
10,0,2.68,4,0,0,1,7,1,3,4,0,4,3,0,0,1
6,57,3.71,9,2,1,1,7,1,4,4,3,0,2,3,0,1
11,38,2.64,6,1,0,0,4,1,2,3,1,0,2,2,4,1
7,0,3.31,6,0,2,0,0,1,2,0,1,4,4,1,2,1
2,41,2.47,4,0,3,0,6,0,1,1,2,3,4,1,3,1
13,4,3.69,0,0,3,0,0,1,4,3,4,0,2,3,2,1
11,85,2.89,1,0,3,0,7,0,4,3,0,1,4,0,4,0
9,47,2.96,5,0,1,0,5,1,2,4,2,3,4,3,0,0
2,3,3.31,8,2,2,1,3,1,0,0,3,2,1,4,1,1
7,42,2.54,4,0,0,0,1,1,3,0,1,3,1,3,1,1
2,45,3.62,6,1,2,0,3,0,3,4,0,2,1,3,2,0
5,39,2.27,2,1,1,1,6,1,4,2,1,2,0,4,0,1
7,89,2.77,4,1,2,1,2,1,4,2,1,1,1,1,0,1
4,42,3.66,4,2,4,1,6,1,1,0,3,3,4,3,3,1
12,4,2.1,6,1,0,1,8,1,0,2,2,3,0,0,0,1
2,75,3.12,8,0,0,0,2,1,2,3,2,1,3,4,1,1
4,36,3.56,8,0,2,0,2,0,0,3,2,1,2,4,0,1
8,46,3.33,7,0,3,1,1,0,1,3,0,3,0,4,4,0
5,73,2.97,4,0,1,0,8,1,1,2,1,3,4,1,4,0
11,61,3.39,1,0,1,0,3,1,2,2,1,2,0,0,4,0
8,9,2.3,1,1,3,1,9,0,4,4,1,1,4,0,0,1
5,20,2.3,5,0,3,1,3,1,4,2,4,0,0,1,2,1
4,15,2.9,4,2,4,0,7,1,1,2,3,3,3,1,4,0
9,85,3.07,5,1,1,1,5,1,3,3,3,3,2,2,2,0
14,18,3.83,7,2,0,1,6,0,0,0,0,0,0,2,1,1
0,56,2.78,5,2,3,1,2,0,4,4,3,4,1,2,3,0
13,7,2.84,4,0,0,0,4,1,1,0,0,3,4,1,3,0
10,12,2.56,4,2,1,1,0,1,0,2,0,0,0,0,4,0
2,86,2.72,2,0,1,1,6,1,1,0,3,4,0,4,4,1
12,54,3.35,9,1,3,0,8,0,3,4,4,4,1,2,4,0
14,21,2.74,7,1,0,0,0,0,2,2,1,4,2,2,1,1
2,25,3.22,0,1,0,1,4,1,2,1,4,0,1,1,4,1
5,8,3.3,1,0,4,0,8,0,2,1,0,1,1,1,2,1
3,83,2.23,8,2,2,1,0,1,4,2,3,4,4,3,2,0
2,48,3.39,2,1,1,0,6,1,3,2,3,3,4,3,1,1
9,12,2.53,8,2,3,0,4,0,3,1,2,4,4,0,1,0
0,14,2.39,6,2,1,0,8,1,1,3,4,0,4,2,0,0
1,77,3.97,7,1,2,0,0,1,3,0,3,1,0,2,3,0
2,39,2.59,4,2,1,1,1,0,3,4,3,0,4,2,0,0
8,5,2.44,7,2,1,0,8,1,2,3,0,3,0,4,0,0
8,6,2.12,0,1,4,1,8,0,4,2,4,1,2,2,3,1
9,84,2.85,9,2,2,1,8,1,4,0,0,0,4,2,2,1
0,39,2.53,3,0,2,1,1,1,4,2,3,2,2,3,0,1
11,19,2.83,1,2,2,1,6,0,2,1,3,3,4,3,3,1
10,9,3.59,2,0,1,0,3,1,0,2,0,2,3,2,4,0
4,85,2.67,0,1,1,1,4,0,1,3,4,3,3,4,0,0
10,11,3.27,7,2,3,1,6,0,0,1,1,2,4,4,2,0
6,64,2.93,4,2,2,0,8,0,4,1,3,1,2,4,4,1
11,26,2.38,2,0,1,1,2,0,2,2,1,0,0,2,0,1
1,65,3.03,2,1,4,0,7,0,4,4,1,4,0,0,2,0
1,13,3.07,2,0,3,0,9,0,2,2,4,0,3,4,1,1
8,80,3.02,9,2,3,1,7,1,0,4,4,1,0,3,3,0
10,31,3.56,2,0,0,0,7,0,4,4,3,3,2,0,1,0
6,29,3.92,9,1,1,1,1,1,0,0,2,2,1,1,2,1
2,21,2.23,2,1,1,1,8,1,3,0,2,2,2,1,0,0
5,52,3.94,7,1,0,1,1,1,4,3,2,3,4,0,4,0
7,2,3.88,5,0,1,0,1,0,3,4,3,2,4,1,1,1
8,64,3.36,6,1,4,1,3,0,1,0,1,1,4,3,3,1
14,59,2.73,2,2,1,0,6,0,2,4,3,4,3,4,3,0
11,27,3.65,4,1,2,0,4,1,1,3,3,4,1,4,1,1
8,81,3.69,3,2,3,0,0,0,4,2,1,2,3,1,0,0
1,5,3.47,9,2,0,1,8,0,3,3,2,4,0,2,2,1
5,22,2.38,3,2,1,0,6,1,4,0,0,0,1,3,1,0
12,10,3.7,5,1,4,0,5,0,4,2,2,4,0,4,0,0
6,45,2.66,2,2,2,0,1,1,1,3,1,1,1,3,4,1
5,25,3.28,2,2,3,1,6,0,2,4,4,3,4,2,1,1
0,43,2.33,1,1,1,1,7,1,0,4,4,0,2,1,2,0
3,64,2.25,7,0,3,1,7,0,1,3,1,1,2,0,1,0
7,22,3.15,6,0,4,0,6,1,3,3,1,0,1,3,2,1
9,67,2.73,0,1,2,1,0,1,0,2,2,3,0,4,4,1
0,52,2.61,8,0,3,0,1,0,1,2,4,2,4,3,4,1
2,52,3.79,3,1,2,1,9,0,1,1,4,3,3,3,1,1
3,35,2.78,1,0,1,0,8,0,4,2,0,0,2,4,3,0
5,57,3.51,9,1,1,0,3,0,1,3,2,1,1,0,4,1
14,41,2.7,5,1,0,0,4,1,3,1,4,1,0,0,1,1
13,60,3.77,1,0,0,1,5,1,3,4,3,0,4,0,1,0
2,53,2.43,7,2,1,0,7,1,0,0,1,3,1,3,4,1
11,43,2.43,4,0,1,1,9,0,4,0,4,0,4,4,2,1
10,80,3.11,9,0,2,1,3,1,1,3,3,1,2,4,0,1
0,26,2.83,1,0,0,0,3,0,1,3,4,2,2,1,4,0
14,65,3.52,5,0,2,0,3,0,4,1,3,2,3,3,1,0
6,46,3.11,9,1,3,1,4,1,3,0,1,2,4,1,3,0
0,40,2.95,1,0,3,1,5,0,0,0,2,3,4,1,1,1
5,20,2.81,9,1,1,1,0,0,2,3,2,2,1,3,3,1
13,29,3.46,1,1,4,0,8,1,4,0,3,1,4,0,4,0
12,7,3.7,7,0,4,0,2,0,3,0,1,2,0,0,0,1
11,13,3.48,1,2,2,1,5,1,0,1,4,3,3,3,2,1
11,69,2.06,5,1,1,1,2,0,2,4,1,4,0,3,2,0
11,26,2.11,4,1,0,0,3,1,1,2,1,2,3,4,3,1
13,51,2.2,3,1,0,0,7,0,3,4,3,0,1,2,2,0
3,76,2.6,9,1,1,0,7,0,1,0,3,0,1,3,3,1
1,42,3.06,0,1,4,1,5,0,4,3,3,3,4,3,2,1
6,9,3.13,7,2,1,0,8,1,3,4,4,3,4,2,2,1
0,54,2.74,3,1,1,1,4,1,3,4,2,1,3,1,1,1
9,19,2.6,1,1,1,1,3,0,1,0,1,0,1,3,1,1
1,21,2.63,2,1,0,0,8,1,3,4,1,1,1,0,3,0
4,61,2.8,6,1,4,0,3,1,2,2,4,3,2,1,3,0
14,16,2.95,5,0,2,0,0,0,0,3,2,1,3,2,4,1
12,84,3.04,1,1,2,0,8,0,3,3,3,2,1,2,4,1
14,12,2.22,0,2,4,1,8,0,4,4,2,1,4,3,4,0
5,19,3.78,2,1,2,0,6,0,2,0,1,2,2,0,0,1
7,4,2.63,0,0,3,1,9,1,3,2,4,3,0,2,3,0
10,44,3.43,3,1,2,0,7,1,4,3,3,4,2,4,4,1
1,52,2.99,0,0,0,1,8,0,0,0,1,2,4,3,4,0
12,88,3.44,6,0,4,1,4,0,0,4,4,2,1,0,4,0
8,67,3.13,7,2,2,0,5,1,4,0,4,0,4,2,2,1
10,30,3.83,2,1,4,0,2,1,3,1,2,3,1,4,0,1
1,16,3.14,9,0,1,1,5,0,2,0,3,4,1,1,2,0
5,25,2.37,1,0,4,0,6,1,2,4,1,1,0,3,3,0
14,23,3.39,1,2,1,0,4,1,4,0,4,4,1,1,4,1
7,77,3.56,4,1,1,1,7,1,2,1,1,2,4,1,1,0
11,37,3.94,8,0,4,0,3,1,4,2,0,0,1,3,3,1
2,34,3.72,8,1,2,1,4,1,1,2,4,3,3,0,2,1
1,46,3.8,4,0,0,1,9,1,4,2,1,0,4,2,2,1
10,52,3.76,4,2,2,0,4,0,4,2,1,0,4,2,1,1
14,62,3.16,7,1,2,1,7,0,1,1,0,0,4,1,2,1
12,82,3.66,2,2,3,1,5,1,0,2,4,0,0,0,4,0
1,50,2.63,4,1,0,1,0,0,2,0,4,2,0,4,3,0
3,33,2.77,0,2,4,0,7,0,2,4,4,4,3,0,1,1
11,39,3.32,9,2,3,0,1,1,1,1,2,4,2,0,0,1
0,5,3.99,9,1,3,1,4,0,1,1,3,4,3,1,4,1
8,19,3.43,9,1,1,1,6,1,0,0,3,3,4,3,2,0
8,21,3.01,0,0,1,0,4,1,3,0,3,2,2,4,3,1
4,16,2.88,3,2,3,1,6,0,0,4,2,3,2,2,4,0
2,7,3.11,4,1,0,0,1,0,0,0,2,2,1,0,2,1
6,27,3.98,5,0,3,1,3,1,3,3,1,3,2,2,1,0
5,73,2.41,5,0,1,1,9,0,1,2,2,1,0,2,3,0
12,23,2.44,5,0,1,1,3,1,2,1,1,1,4,3,3,1
7,37,2.93,9,2,1,1,6,1,2,3,1,1,3,4,0,1
0,31,2.16,6,2,3,0,8,1,4,0,1,1,0,1,0,0
4,79,3.6,6,1,0,0,9,0,3,2,0,3,3,1,4,1
8,74,2.37,7,2,2,1,9,0,2,3,2,3,3,3,3,1
14,30,2.73,1,0,2,0,0,0,3,4,3,3,0,1,0,1
13,76,2.52,5,2,3,1,9,0,3,1,3,0,1,3,2,0
2,66,2.07,9,2,3,1,1,1,0,3,2,0,4,3,2,1
14,6,3.29,4,2,3,0,5,0,0,0,2,1,2,4,2,0
2,32,2.78,2,1,1,1,7,0,4,4,4,1,2,1,2,0
12,74,3.93,8,1,2,1,5,1,0,0,2,0,4,1,2,0
0,0,2.65,9,1,3,1,9,1,3,4,4,3,1,1,4,1
11,86,3.74,4,2,2,1,7,0,1,1,4,1,0,4,4,0
2,65,2.65,0,2,4,0,7,0,4,2,2,2,3,3,2,1
11,47,3.97,5,1,2,1,0,1,2,0,4,4,0,3,1,0
12,31,2.99,0,2,0,0,8,1,3,0,4,0,0,4,2,1
8,8,3.67,0,1,3,1,0,0,2,1,4,0,1,4,1,0
13,32,3.21,1,2,3,0,5,1,2,0,2,3,3,0,1,1
7,76,3.99,0,0,4,1,7,1,1,1,4,1,3,2,3,1
2,56,2.42,5,2,0,0,5,0,3,4,1,3,1,3,3,1
7,78,2.48,0,1,4,0,0,1,3,1,2,3,0,0,3,1
2,57,2.99,7,2,0,0,6,1,4,3,4,2,0,1,3,1
14,18,3.01,3,2,3,0,8,1,0,0,4,2,0,0,2,1
6,51,3.0,9,0,0,0,7,0,4,4,4,4,1,0,3,0
10,32,2.25,5,0,0,1,7,0,0,0,0,3,0,2,1,0
3,70,2.02,6,2,3,0,0,1,0,3,1,2,2,1,3,0
11,34,2.98,7,0,4,0,3,0,0,3,3,4,1,2,4,0
13,45,2.11,0,0,1,0,3,1,0,3,2,1,3,4,4,1
14,42,3.12,8,0,3,1,7,1,1,2,0,2,3,3,0,0
12,4,2.44,7,2,0,0,6,1,4,4,0,2,0,0,4,1
8,66,3.17,0,0,3,1,1,0,3,3,1,1,1,4,1,1
9,88,2.99,6,1,4,1,3,1,4,0,4,3,0,3,2,0
0,35,3.76,8,1,1,0,6,0,4,2,2,2,0,2,2,0
7,70,3.99,2,0,1,1,0,1,4,1,2,1,2,0,2,0
11,2,3.5,9,0,4,0,8,1,3,0,2,4,2,1,2,1
0,19,2.36,0,2,2,1,9,0,0,4,0,1,0,3,3,0
0,27,2.39,1,2,0,1,0,0,2,2,3,0,1,2,2,0
5,51,2.88,0,2,3,1,8,1,4,3,0,1,0,0,0,0
11,29,2.61,8,0,0,1,6,0,4,3,1,3,4,2,0,0
6,84,2.28,1,0,3,1,0,0,3,1,4,0,2,4,3,1
6,32,3.25,9,1,0,1,0,0,1,0,4,2,0,4,4,0
8,46,3.98,7,0,3,0,4,0,0,2,4,1,0,4,4,0
11,57,3.1,1,0,1,1,2,1,4,3,4,2,2,0,4,1
12,52,2.04,8,1,4,1,0,0,3,3,2,3,4,2,0,0
2,59,3.36,0,2,1,1,9,1,1,4,1,2,4,3,3,1
0,84,3.28,3,2,1,0,8,0,3,4,4,4,1,2,3,0
11,34,2.74,0,2,2,0,7,1,0,2,0,0,0,0,2,1
12,68,2.19,7,1,1,1,5,0,2,3,4,2,3,1,4,1
6,24,3.05,8,1,3,1,3,1,4,3,0,3,1,2,1,1
14,60,2.38,5,1,4,1,3,1,2,4,4,3,0,4,0,1
4,15,3.68,6,2,0,0,1,0,3,2,4,1,1,3,2,0
12,83,2.94,0,2,1,0,9,0,1,3,1,4,3,2,4,1
12,15,3.19,8,1,3,1,5,0,1,3,0,0,0,1,3,1
9,23,2.37,6,0,0,0,0,0,1,1,4,3,3,1,0,0
7,37,3.48,4,1,2,0,1,0,1,0,2,4,4,2,0,1
12,65,3.23,3,2,3,0,3,0,1,3,2,4,0,4,3,1
6,58,2.22,4,0,3,0,6,1,3,1,3,3,1,2,1,0
3,18,3.16,3,1,0,1,4,0,2,3,1,2,4,3,1,1
2,58,3.36,4,1,4,0,9,0,4,3,1,0,3,1,2,1
4,22,2.91,9,0,4,0,0,0,1,3,4,4,4,4,3,1
6,71,2.1,3,2,0,0,5,1,3,2,4,0,2,0,2,0
12,72,3.02,4,1,0,0,1,0,3,2,1,4,0,1,1,0
1,88,3.1,1,2,2,0,6,1,4,2,3,3,3,4,1,0
4,67,3.62,0,0,0,0,3,1,0,3,0,3,1,4,0,0
0,71,2.19,4,2,3,1,5,1,2,3,2,3,2,2,4,0
14,52,3.28,7,0,1,0,4,1,2,4,4,1,2,4,3,0
1,36,3.9,5,0,2,1,8,0,4,2,2,1,4,1,2,0
0,39,3.74,8,2,1,1,6,1,4,3,1,3,4,3,3,0
11,25,3.02,9,0,1,1,9,1,2,3,3,4,4,4,2,1
8,16,2.1,3,2,0,1,1,1,0,3,1,4,1,0,2,1
0,19,2.49,6,0,3,0,4,0,4,3,1,1,0,2,4,1
14,37,2.96,3,2,3,1,3,0,0,0,3,2,3,1,0,1
5,59,3.57,9,1,3,0,1,0,1,3,3,3,4,2,1,1
7,8,2.71,1,1,4,1,3,1,1,0,1,4,1,2,0,0
13,84,2.54,2,0,2,0,7,1,2,0,4,2,3,3,0,1
6,48,3.78,6,0,3,0,8,1,4,3,4,4,3,2,2,0
3,29,3.34,7,2,3,0,3,1,4,2,0,4,1,0,3,0
3,86,2.39,3,1,3,0,1,1,1,4,2,4,0,0,4,1
14,5,2.93,7,1,4,1,8,0,0,3,3,4,0,2,2,0
9,80,3.8,0,2,4,1,5,1,4,3,3,2,4,2,3,1
7,39,3.99,1,2,4,0,5,0,0,1,2,4,3,4,0,0
7,46,2.32,1,2,0,0,6,1,0,3,3,1,0,3,3,0
9,80,3.78,7,1,3,1,9,0,0,0,2,3,0,3,3,1
3,76,2.88,8,1,2,0,8,0,0,0,2,2,0,3,2,0
12,25,3.07,0,2,0,1,2,1,1,3,1,0,2,3,3,0
12,36,2.66,3,2,3,0,4,0,1,1,0,1,2,4,0,0
6,35,2.85,4,2,0,1,2,0,3,0,4,1,0,0,2,0
4,6,3.54,9,0,3,0,8,0,2,0,4,2,0,1,0,1
5,0,2.76,8,2,4,0,2,1,1,1,2,1,4,1,3,1
12,74,3.45,6,0,0,0,4,1,4,3,3,0,3,0,1,0
7,87,3.16,4,0,1,1,3,1,2,1,0,0,1,4,0,1
2,33,2.99,6,1,0,1,6,0,3,2,2,0,1,2,1,0
0,40,2.37,1,1,3,0,0,1,2,2,2,4,1,1,3,1
4,89,2.55,0,2,2,0,2,1,1,4,3,3,2,3,0,0
3,2,3.06,3,1,4,1,8,0,0,3,3,0,0,4,1,1
8,31,2.49,3,2,1,1,3,1,2,2,4,2,0,4,3,0
9,22,3.03,0,1,1,1,9,1,4,2,3,0,0,0,3,1
0,11,2.94,9,2,4,0,2,0,0,4,2,2,0,3,1,1
11,69,2.27,4,2,3,1,8,0,0,0,3,0,1,2,4,1
9,45,2.3,3,1,3,0,0,1,0,2,0,3,0,0,4,1
5,68,2.87,1,1,4,1,4,1,0,2,4,3,4,3,4,1
3,0,3.37,7,0,2,0,4,0,4,0,2,1,0,1,3,0
12,15,3.9,3,2,0,1,5,0,4,0,0,0,0,4,3,1
0,78,3.86,4,0,0,1,8,1,2,4,2,0,0,2,4,1
8,52,3.64,3,1,1,1,7,1,1,3,1,2,4,2,0,1
8,60,2.94,7,2,3,1,8,0,4,2,3,4,3,1,1,0
9,72,3.54,0,0,1,1,3,0,3,2,1,0,1,2,0,1
12,26,2.29,8,0,0,1,2,1,2,2,2,3,0,1,1,0
5,73,3.19,1,2,1,1,4,1,1,0,4,2,2,2,2,1
6,15,2.81,3,1,3,0,4,1,3,0,1,3,4,1,3,0
10,48,3.36,7,2,1,0,8,1,3,0,1,1,3,1,0,0
1,82,2.24,7,0,3,0,7,0,4,1,3,1,2,0,0,1
4,36,2.85,2,1,2,0,0,0,4,4,0,0,1,1,0,0
4,62,3.44,9,1,3,0,0,1,2,0,4,4,1,3,0,1
9,0,2.03,3,0,3,1,9,0,3,3,3,1,4,1,0,1
8,81,2.28,8,1,0,0,7,1,0,0,4,0,3,4,4,1
7,53,2.1,9,0,3,1,2,0,4,1,4,3,4,4,0,1
1,84,2.05,1,1,2,1,1,0,2,0,0,2,2,2,3,1
5,26,3.24,3,1,1,0,3,1,0,4,1,2,4,1,4,0
0,23,2.21,4,2,0,0,6,0,0,2,0,2,4,4,0,0
3,80,2.98,4,1,0,1,5,1,4,1,4,4,0,4,3,1
4,89,3.54,4,2,0,1,1,0,0,0,0,0,4,0,1,0
10,27,3.6,6,1,4,0,1,0,1,1,0,2,1,1,3,0
12,44,3.87,1,2,3,1,4,0,1,1,2,2,0,0,1,0
2,87,2.01,8,1,3,0,9,0,3,1,3,2,0,0,3,0
11,48,2.04,1,1,3,1,3,0,2,4,4,3,3,2,1,1
5,73,3.4,1,2,4,1,5,0,0,2,4,1,1,3,3,0
8,52,3.89,8,2,3,1,9,1,2,2,1,3,1,4,4,1
11,48,2.8,7,1,3,1,6,0,4,1,1,2,3,1,1,1
4,37,2.64,8,2,3,0,6,0,2,0,2,2,2,0,2,0
11,53,3.24,8,2,2,1,9,0,4,3,4,0,3,1,3,0
13,49,3.84,7,0,4,0,8,0,3,0,4,4,0,4,3,0
6,45,3.15,3,1,1,0,8,1,3,1,2,2,4,4,1,1
6,79,2.3,4,1,3,0,8,0,2,4,2,1,2,0,2,0
0,29,3.12,0,0,4,1,2,1,0,0,4,1,2,2,4,0
1,79,3.83,3,1,1,1,3,0,1,4,4,4,2,0,4,0
6,81,3.24,2,2,0,0,7,0,4,3,0,2,4,4,3,1
2,18,2.23,2,0,0,1,3,1,2,3,2,1,1,0,4,1
8,31,3.93,8,2,4,0,0,1,0,4,0,2,3,2,1,0
2,39,3.34,4,0,2,0,8,0,0,0,3,4,1,4,3,0
11,78,3.36,5,2,1,0,8,1,2,0,3,2,4,4,2,1
2,1,3.7,2,0,0,1,3,0,2,2,2,4,2,1,0,1
0,84,2.47,5,2,4,0,3,0,3,0,3,1,1,3,4,1
11,49,2.1,3,0,3,0,4,0,1,3,1,4,1,1,1,1
1,17,2.59,0,2,0,0,9,0,1,4,1,2,4,3,0,0
12,59,2.91,3,0,2,0,4,0,4,3,0,2,0,1,4,0
12,81,3.15,8,0,2,1,7,1,1,0,4,3,1,2,3,0
2,10,2.11,3,2,2,0,3,1,2,2,2,2,4,4,0,0
9,46,3.97,6,0,2,0,7,0,4,2,2,2,3,0,1,1
4,38,3.8,9,2,2,1,7,1,3,0,4,0,1,3,3,0
6,36,2.26,9,2,0,1,1,1,1,2,0,0,3,4,2,0
6,51,2.71,4,2,1,0,2,0,2,2,3,1,1,3,2,0
13,64,2.07,0,2,4,1,4,1,1,0,4,1,4,0,3,0
2,72,2.5,8,2,1,0,3,1,4,0,4,0,4,3,3,1
2,78,3.65,0,1,4,0,4,1,1,1,0,4,0,0,4,0
6,51,3.38,9,0,1,1,3,0,4,2,4,1,4,1,3,0
5,87,2.67,3,1,3,1,9,1,0,4,0,1,0,3,0,1
5,5,2.56,3,1,4,1,6,1,3,2,4,2,3,1,2,0
11,61,2.82,2,0,1,1,8,0,3,2,3,1,0,0,0,1
2,59,3.35,0,2,1,0,6,1,2,3,1,1,4,2,3,1
2,68,3.27,9,1,1,0,0,1,0,2,2,3,4,1,2,0
7,73,2.51,0,0,2,1,2,0,4,2,1,3,4,4,0,1
12,8,3.1,2,0,2,1,0,1,1,2,3,0,1,0,4,1
13,6,3.68,6,1,3,1,9,1,4,3,2,1,4,1,3,1
6,81,2.98,0,1,4,0,6,0,2,4,1,4,2,0,1,0
0,9,2.05,7,0,4,0,6,0,0,0,2,3,0,3,4,0
5,72,3.37,5,1,3,1,8,1,3,3,0,2,2,4,2,1
11,9,2.37,7,0,4,0,5,1,0,0,0,3,1,3,2,0
7,12,2.38,7,0,3,1,2,1,4,4,2,2,4,2,3,0
10,11,3.74,6,2,1,1,9,0,4,0,1,4,2,1,0,0
5,79,3.49,8,0,4,1,1,1,0,4,3,1,2,1,2,0
9,34,2.61,9,2,1,1,5,1,3,4,3,3,4,1,0,0
8,20,3.64,2,1,0,0,4,0,1,4,3,1,3,3,3,1
11,45,3.85,6,0,1,1,8,0,4,3,4,3,0,0,3,0
11,84,3.26,4,1,0,0,9,1,0,2,4,0,2,2,1,1
13,60,2.5,7,0,0,0,1,0,4,0,0,2,3,2,3,0
7,49,3.77,9,1,2,1,9,1,3,3,1,2,1,0,4,1
11,47,3.37,1,2,2,0,1,1,4,0,3,0,1,4,4,0
13,67,2.38,7,0,0,1,1,0,2,4,0,4,4,4,4,1
6,55,2.63,6,2,4,0,0,1,0,0,1,2,4,2,3,1
4,34,3.64,2,2,1,1,3,0,2,3,2,3,2,2,3,0
12,69,2.32,2,0,1,1,4,0,2,1,1,3,1,1,0,0
1,36,2.88,9,1,3,1,9,0,3,2,1,2,2,3,0,1
4,87,3.11,8,0,3,1,9,0,4,0,4,4,1,3,4,1
0,15,3.9,2,0,2,1,6,1,4,2,2,2,3,4,2,0
12,65,3.66,7,0,4,1,7,1,2,1,1,2,4,3,3,0
14,34,2.51,5,1,3,1,1,0,1,3,4,2,2,2,0,0
14,7,2.44,5,0,3,1,7,1,3,4,1,1,4,3,4,0
10,19,3.27,8,2,2,0,2,1,0,4,3,3,4,0,0,0
0,32,2.17,9,2,3,1,6,1,4,1,1,2,3,4,3,1
9,54,3.98,4,0,1,0,2,0,1,4,4,2,3,1,3,0
10,65,3.96,2,0,2,0,5,1,2,1,2,1,4,1,3,1
11,42,2.0,7,0,0,0,3,1,1,1,4,4,0,0,0,1
2,85,3.02,0,2,4,0,7,0,0,1,1,3,0,1,2,0
0,24,2.58,7,0,3,1,5,0,3,4,3,4,1,2,1,0
4,14,3.56,3,2,3,0,6,1,2,2,0,1,4,3,3,0
9,65,3.83,0,1,3,1,9,0,2,4,3,2,1,0,0,0
7,87,3.39,1,2,1,1,2,1,2,2,4,0,1,2,1,1
4,2,2.33,6,0,4,0,9,1,0,0,4,3,2,1,1,1
0,11,2.19,6,0,1,1,1,0,4,0,3,1,4,3,0,0
9,87,3.59,0,1,0,1,6,0,0,4,4,3,2,1,3,0
6,10,2.75,1,0,3,0,7,0,3,4,3,2,3,0,3,0
0,10,2.82,1,1,4,0,0,1,0,2,1,0,1,0,2,0
10,35,2.4,3,1,3,0,5,1,2,2,2,2,3,3,1,0
6,61,2.9,5,1,0,0,2,1,3,3,2,0,1,1,2,1
6,51,3.91,4,0,2,0,2,0,2,1,0,1,2,2,3,0
6,56,2.25,5,2,2,0,6,1,3,2,2,0,2,3,3,1
6,34,2.3,8,2,0,1,0,0,3,0,4,0,4,4,2,1
10,87,2.79,4,2,3,0,5,1,1,2,3,0,3,4,1,1
14,13,2.12,3,2,1,1,4,0,2,1,2,0,4,3,3,0
11,7,3.43,6,1,4,1,3,1,4,2,1,0,2,0,2,1
5,8,3.23,2,2,1,0,5,1,0,4,4,0,2,2,3,0
11,37,2.81,7,0,2,0,3,1,1,0,1,3,1,0,3,0
14,62,3.75,2,1,4,1,3,1,1,4,1,3,1,1,0,1
11,53,3.6,0,1,4,0,1,1,1,1,2,3,2,4,3,0
9,25,3.2,3,1,4,1,7,1,0,2,1,0,4,4,1,1
12,66,3.57,9,1,2,0,8,1,3,3,2,1,2,4,0,0
7,40,2.39,7,0,0,1,4,1,2,3,0,1,0,2,3,1
14,42,2.18,9,2,3,0,6,1,2,3,1,0,1,1,1,1
3,5,3.9,6,2,1,1,9,0,4,4,0,0,3,4,0,0
13,32,3.45,4,1,0,1,1,1,3,0,3,2,2,2,3,0
5,1,3.29,6,1,2,1,1,1,1,1,3,4,3,1,4,1
0,3,2.98,1,1,3,0,3,1,3,4,2,4,2,4,3,1
9,55,3.12,3,0,2,0,2,1,3,0,1,2,4,0,3,1
0,73,3.64,1,1,3,1,9,0,3,1,4,4,3,3,3,1
11,59,2.34,4,0,2,1,8,1,3,4,0,0,4,4,4,0
4,89,2.73,3,0,0,0,7,0,2,4,4,0,0,1,1,1
2,21,2.2,9,2,4,1,5,0,4,2,2,3,0,4,3,0
0,35,3.44,8,0,1,1,1,1,1,2,0,0,1,1,3,0
3,74,2.32,3,1,3,0,2,1,3,4,4,1,0,0,4,1
1,83,2.16,5,0,3,1,9,1,2,4,0,3,3,0,4,1
11,31,3.19,3,1,1,0,2,1,0,0,4,0,4,0,4,0
6,66,2.58,9,2,3,1,9,1,0,2,3,4,4,4,3,1
5,30,3.3,7,1,0,0,8,0,2,2,1,0,1,4,2,0
5,81,2.06,0,2,2,1,4,0,0,2,4,4,2,2,4,1
13,50,2.24,8,1,1,0,8,1,4,1,3,3,4,3,4,0
11,5,3.37,1,0,4,0,7,1,3,0,0,3,2,1,4,0
10,41,2.21,0,1,2,0,1,1,3,0,4,3,4,1,4,0
10,1,2.18,3,0,0,0,9,1,1,4,3,0,4,4,1,1
6,67,3.14,5,1,0,0,9,1,0,2,0,2,4,0,4,1
5,13,3.85,8,0,4,0,3,1,3,0,0,2,0,1,2,1
4,64,3.64,4,1,3,1,3,1,3,2,2,0,0,4,1,1
14,59,3.47,6,0,2,0,2,0,0,1,3,4,2,2,0,1
6,78,3.78,0,0,3,1,6,0,0,4,0,2,2,4,0,1
10,70,2.01,9,1,0,0,0,1,0,0,4,4,0,2,4,0
4,68,2.96,7,2,2,1,3,0,1,2,3,3,1,4,0,1
2,73,2.98,8,0,3,0,5,1,2,3,2,1,0,2,3,0
14,49,3.4,7,0,4,1,8,1,3,2,1,1,3,3,0,0
6,15,3.24,7,2,1,1,7,1,0,1,3,2,1,3,0,1
4,23,3.11,6,1,0,0,2,0,4,2,4,2,0,1,1,0
4,26,2.71,8,1,3,0,6,1,2,2,4,4,4,2,0,0
14,23,3.56,1,1,4,0,6,0,3,0,4,2,4,0,0,0
10,74,3.01,0,2,4,0,3,0,0,1,0,3,1,3,4,1
0,86,3.65,3,1,1,0,4,1,3,0,2,1,3,3,3,1
1,83,2.42,2,2,2,0,6,0,2,4,3,0,2,0,4,1
10,21,3.42,5,2,0,1,5,1,3,0,0,3,3,2,2,1
7,58,2.84,3,0,2,1,8,0,2,2,1,4,3,0,0,1
8,54,3.29,5,2,1,1,1,1,2,1,3,1,3,0,0,0
1,47,3.87,5,0,2,1,7,0,3,4,3,4,0,1,0,0
1,54,3.14,8,1,4,1,0,0,0,1,4,2,3,2,0,0
1,88,2.26,3,0,4,1,8,1,3,0,4,3,1,3,2,0
1,54,3.92,9,0,4,0,3,1,3,0,0,0,4,0,4,0
0,27,2.79,5,1,3,1,3,1,3,4,1,4,0,1,4,0
4,78,2.13,6,1,2,1,4,1,2,3,4,4,3,4,0,1
9,4,3.41,9,0,4,0,6,1,1,4,2,1,4,3,0,0
6,69,3.02,6,0,4,1,0,1,4,3,0,2,2,1,1,0
8,45,2.43,9,0,4,0,3,0,1,3,1,4,0,3,4,1
11,69,3.73,3,2,1,1,5,0,2,0,0,4,3,0,1,1
6,75,2.29,9,1,4,1,0,1,1,3,3,4,1,4,1,1
14,16,3.76,8,0,4,0,3,1,0,4,0,2,3,1,3,1
13,10,3.73,1,0,0,0,1,1,0,1,4,2,2,2,0,1
5,78,2.51,9,1,3,0,2,1,2,3,1,1,4,1,1,0
10,40,3.51,1,2,3,0,0,0,4,0,1,1,3,2,2,0
3,58,2.91,7,1,1,0,2,1,1,3,2,0,3,3,1,1
4,21,2.41,7,0,1,1,5,0,2,4,1,4,4,1,3,1
3,11,2.09,3,1,3,0,9,0,1,4,4,4,4,3,3,1
8,5,3.44,3,2,4,1,5,0,2,2,0,2,0,0,0,0
5,43,2.35,6,2,2,0,8,0,3,3,1,4,0,2,2,0
12,46,2.43,8,0,4,1,9,0,1,0,3,0,2,4,1,0
9,74,2.11,3,2,2,0,4,0,1,3,4,0,3,2,2,1
11,32,3.0,2,1,2,1,0,1,4,2,3,4,1,0,3,1
2,41,2.85,6,1,4,0,8,1,2,0,3,0,1,4,3,1
2,69,3.96,0,2,0,0,7,1,3,3,4,4,4,3,4,0
8,76,2.88,6,0,1,1,9,1,2,2,4,2,2,1,4,1
7,17,2.2,4,2,3,0,2,1,1,3,1,4,2,3,1,0
12,76,3.58,7,0,4,1,0,1,4,3,4,2,4,2,0,1
6,52,3.89,4,1,0,1,6,0,0,0,3,3,4,4,0,1
5,49,3.9,3,0,0,0,5,0,2,1,1,0,0,2,3,1
1,56,2.77,7,0,2,0,3,1,3,4,1,3,4,1,1,0
10,6,2.48,8,0,2,0,4,1,4,3,0,4,1,4,1,1
1,53,2.39,3,0,1,0,9,0,2,2,4,4,0,0,4,1
0,42,2.83,8,0,1,0,1,0,4,4,1,3,0,0,3,1
9,52,3.51,8,2,1,0,1,0,4,1,2,4,4,1,2,1
8,45,2.91,2,2,3,1,1,1,0,2,3,1,1,3,3,1
0,33,3.31,3,2,0,1,9,0,1,0,2,0,0,1,3,1
11,6,3.09,0,2,0,1,0,1,2,4,2,2,2,4,4,1
8,12,2.06,7,0,2,0,9,1,1,1,4,2,1,2,2,1
14,56,3.21,9,0,1,1,2,1,3,1,2,2,1,0,2,0
11,8,3.88,3,2,0,1,8,0,3,4,4,2,0,2,4,0
1,4,2.64,8,1,1,0,9,1,4,1,4,0,0,3,4,1
7,53,3.1,9,1,4,1,7,0,2,2,4,4,4,4,4,1
2,81,2.29,9,1,3,0,1,0,1,4,4,4,3,1,3,1
0,8,3.53,1,0,3,0,3,1,0,2,1,4,1,4,0,1
2,41,3.99,8,0,0,0,6,1,1,4,2,0,4,3,4,1
5,26,2.31,6,0,1,0,6,0,1,4,2,3,0,4,0,1
5,71,3.03,8,0,2,1,6,0,4,4,2,1,0,4,1,1
0,16,3.55,2,2,1,1,7,1,0,3,2,1,4,2,1,0
10,28,2.03,1,0,1,0,8,0,2,1,0,3,0,4,3,0
2,73,3.01,0,0,3,0,9,1,2,4,3,4,1,4,2,0
11,68,3.07,4,1,0,1,2,0,4,4,4,0,0,4,4,1
4,26,2.15,4,0,1,1,9,0,4,4,0,1,0,0,0,1
8,37,3.52,7,0,2,1,7,1,0,2,3,3,0,4,3,0
7,59,3.38,2,0,2,1,5,0,3,4,2,2,3,3,0,0
7,25,2.39,3,1,4,0,6,0,1,1,4,4,4,3,0,0
4,61,3.79,8,1,1,0,9,1,4,2,1,3,3,1,1,1
2,86,3.52,7,2,3,0,2,1,2,1,2,1,1,2,1,1
3,43,2.63,7,2,3,1,7,1,1,2,3,2,0,2,2,1
9,46,2.16,5,1,0,0,1,1,1,1,1,3,2,1,3,0
7,12,3.33,3,2,2,1,9,1,2,2,2,4,2,0,1,1
9,78,2.24,4,2,3,1,7,1,2,4,4,2,3,3,1,0
14,35,3.07,7,0,4,0,5,0,2,2,1,2,0,3,0,1
4,49,2.28,4,2,2,0,2,1,0,2,4,0,1,1,3,0
5,4,2.93,7,1,3,0,7,1,3,0,2,4,2,4,0,1
3,43,2.92,0,1,4,0,4,0,4,3,1,1,4,4,0,1
7,60,2.68,6,0,0,1,2,0,4,1,2,3,1,3,3,1
6,56,3.88,3,0,0,0,6,0,3,0,3,1,4,0,3,1
8,5,3.06,0,2,1,0,3,1,3,4,0,1,0,1,3,1
0,23,2.46,9,1,3,1,7,1,3,3,3,3,2,3,4,1
7,60,2.03,3,1,0,0,8,0,2,2,3,1,0,0,0,0
0,53,3.75,8,1,3,0,2,1,2,3,0,3,3,1,2,1
7,0,3.46,6,0,3,0,0,1,2,4,0,0,0,0,1,1
0,79,3.05,6,0,1,0,9,1,2,4,1,2,4,2,1,1
12,71,2.3,7,1,0,1,3,1,1,2,0,1,0,2,3,1
3,19,3.92,1,2,3,0,5,0,4,1,3,1,2,3,2,0
8,12,3.28,4,0,4,1,6,0,4,3,1,1,3,2,2,1
13,46,2.21,7,0,3,0,1,1,4,0,0,1,0,0,4,0
3,63,2.66,9,2,4,0,6,1,3,3,1,2,3,3,4,0
9,2,2.09,2,1,3,0,1,0,2,2,3,3,1,2,1,1
8,33,2.54,5,0,0,1,4,1,3,0,4,2,0,4,4,1
10,31,2.18,7,1,2,1,7,1,2,2,0,0,3,0,2,0
14,85,3.48,2,2,4,1,8,1,0,2,4,4,1,1,1,1
14,78,3.56,6,0,0,1,0,0,4,0,2,3,4,0,2,1
7,14,2.45,9,0,4,0,6,0,4,0,3,2,4,0,4,0
14,12,2.04,1,1,3,1,4,1,1,2,1,0,4,3,1,0
7,76,3.83,5,2,3,0,2,0,3,2,2,1,3,4,3,0
0,5,2.19,1,0,0,0,0,0,1,3,1,1,1,3,1,0
3,71,3.52,2,0,4,0,0,1,0,0,3,2,3,2,2,0
6,83,2.72,0,2,1,1,6,0,2,2,2,1,1,1,3,0
9,60,2.81,5,1,0,1,0,1,1,2,3,1,2,2,3,0
0,71,2.04,7,2,0,0,3,0,4,2,3,3,1,0,2,1
3,10,2.97,8,2,1,1,4,1,2,2,2,0,1,4,0,1
5,16,2.22,8,0,0,1,1,0,3,2,1,1,2,4,0,0
0,81,2.01,0,0,1,0,7,0,4,3,2,2,3,1,0,1
14,47,2.44,8,1,1,0,6,1,0,4,1,4,4,0,3,1
2,45,2.23,4,1,0,0,4,0,2,3,4,3,2,0,2,1
9,23,3.42,2,2,4,0,0,1,1,2,1,4,3,3,2,0
5,26,2.7,2,2,1,0,2,1,3,0,2,3,3,3,1,1
1,10,3.83,2,2,4,0,6,1,0,4,2,4,0,3,3,0
11,50,2.47,5,0,4,0,4,0,3,4,1,0,3,1,0,0
9,68,3.05,0,2,0,1,2,1,3,1,1,1,2,0,2,1
11,51,2.04,0,0,3,0,1,0,2,1,4,4,1,3,0,0
7,44,3.05,5,1,4,1,0,0,4,4,2,0,2,3,4,1
8,9,2.73,8,2,4,0,4,0,4,0,1,1,3,4,1,1
12,28,3.09,2,2,0,1,4,0,3,0,0,0,4,0,0,0
0,33,2.25,6,2,1,0,0,1,3,0,1,2,1,2,4,0
7,12,3.42,2,0,4,0,7,0,1,4,0,3,1,0,4,1
13,5,2.64,1,2,3,0,9,1,4,0,3,1,0,1,1,1
6,57,2.44,7,2,0,1,2,0,3,2,4,0,0,1,0,0
10,15,3.19,2,0,4,1,4,0,0,1,1,4,3,4,3,1
14,40,3.7,7,2,0,0,3,1,3,1,4,0,0,2,0,1
3,25,3.08,7,2,2,1,2,1,2,2,1,3,2,0,4,0
8,65,3.44,9,0,4,1,1,1,1,4,3,2,2,1,0,1
1,68,3.34,4,1,1,1,9,0,4,2,4,4,3,2,4,0
6,63,3.74,0,2,0,1,9,0,1,3,2,0,1,4,3,0
13,55,2.49,1,2,0,1,1,1,4,2,2,1,3,1,3,0
12,58,3.29,6,0,4,0,7,1,1,2,3,0,0,4,4,0
3,73,2.77,1,1,0,1,2,1,3,1,4,3,3,0,1,1
8,35,3.98,2,2,4,0,9,1,3,1,0,4,2,1,4,1
0,59,2.69,7,0,0,0,1,0,0,3,3,1,2,0,3,0
6,54,3.17,8,2,2,1,9,0,0,2,4,0,0,2,1,0
5,87,3.57,3,0,4,1,6,1,3,0,0,0,0,1,0,1
12,9,3.63,8,1,0,0,0,1,0,2,1,4,0,0,1,0
6,19,3.23,3,1,1,1,9,1,4,3,1,4,3,1,4,0
8,21,3.38,4,1,0,0,8,1,4,4,2,0,2,1,2,1
1,59,3.59,7,1,4,0,9,0,1,1,2,2,0,0,4,0
1,41,3.6,9,1,0,1,3,1,1,1,1,0,4,3,0,0
8,53,2.19,3,1,4,0,6,0,1,1,1,0,3,2,2,1
8,12,2.99,6,0,4,1,2,1,1,1,4,2,2,3,4,0
2,52,2.33,5,2,2,0,4,0,0,0,2,4,2,0,4,1
1,71,3.5,4,2,3,1,7,1,4,0,2,1,3,0,4,0
6,81,3.35,5,1,3,0,6,1,0,0,2,2,0,2,1,1
5,26,2.52,1,2,1,1,0,1,0,0,3,3,1,1,0,0
7,49,3.29,7,2,4,0,8,0,4,1,3,0,3,1,2,1
14,7,2.79,3,2,2,1,5,1,3,0,4,0,3,0,2,1
6,47,2.05,9,2,2,0,7,1,1,2,1,3,0,3,4,0
4,6,3.27,9,0,1,0,1,0,3,1,3,4,2,0,3,0
8,9,3.79,9,0,2,1,8,1,2,3,0,3,3,3,1,0
7,45,2.56,0,0,2,0,3,0,2,3,2,1,2,2,0,0
12,8,3.03,4,0,2,1,2,1,3,4,1,1,1,4,4,0
0,49,2.96,8,2,3,0,4,1,0,4,4,4,4,4,2,1
6,31,3.06,2,1,2,0,9,0,2,2,1,2,1,0,1,1
11,56,3.48,9,0,2,1,1,0,0,4,0,3,0,2,0,0
0,77,2.8,7,2,3,1,4,1,3,0,2,3,4,0,3,1
13,6,2.27,7,2,0,0,2,0,3,1,0,3,4,4,4,1
11,19,3.5,9,0,1,0,7,1,0,1,4,1,1,0,2,0
3,71,2.98,1,2,4,0,0,0,2,0,1,0,1,4,3,0
2,36,2.66,5,2,4,0,7,0,2,1,4,1,1,0,0,0
12,67,3.5,9,1,4,0,1,1,0,3,2,2,1,1,3,1
6,62,2.03,9,1,4,0,0,1,4,1,4,1,3,4,2,0
13,70,3.07,2,1,4,0,2,1,2,0,4,3,4,1,3,1
2,82,2.58,9,0,2,1,1,1,4,0,3,3,1,2,4,0
2,34,2.86,7,0,2,0,2,1,4,1,0,2,3,4,1,0
9,74,3.69,1,2,2,1,4,1,4,4,4,2,1,3,4,1
11,8,3.31,7,0,4,0,5,1,0,4,4,4,1,0,4,1
8,50,2.07,7,1,4,1,7,1,2,1,3,0,1,3,3,0
1,88,3.11,2,1,0,0,5,1,4,4,4,4,1,2,1,1
13,52,2.62,2,2,0,1,3,1,1,1,4,4,0,0,3,1
8,22,3.32,3,1,2,1,0,1,3,0,2,4,3,3,4,1
2,15,2.53,1,0,2,1,0,0,3,1,2,0,1,0,1,1
0,44,3.74,6,0,3,1,5,0,3,2,2,2,1,4,1,1
3,71,2.79,1,0,3,1,4,0,0,1,0,1,4,2,1,1
10,1,3.42,5,0,0,0,1,0,3,2,2,2,2,1,3,1
14,85,2.26,7,0,3,0,4,0,0,0,1,4,1,3,3,0
11,0,2.19,6,0,0,1,2,1,2,1,4,0,4,3,3,0
13,76,2.52,0,1,2,0,8,1,1,1,1,4,0,4,1,0
6,39,3.6,2,2,0,1,1,0,0,3,4,4,0,4,1,0
11,71,3.61,7,0,0,0,2,0,3,3,2,0,0,3,2,0
8,14,3.4,5,2,1,0,1,0,2,3,4,3,0,4,0,0
4,3,2.58,9,0,0,1,0,1,1,2,0,4,2,2,2,1
9,0,3.04,2,0,1,1,0,1,2,1,4,2,0,4,1,1
4,55,3.44,0,1,1,0,3,1,4,0,3,0,3,3,4,1
4,2,3.39,0,0,2,0,9,0,0,2,2,1,2,0,2,0
11,88,3.41,5,2,4,0,2,1,4,0,1,4,3,4,0,0
6,59,3.12,6,0,2,0,5,0,2,2,3,4,4,2,1,0
12,47,3.09,6,0,2,0,2,1,1,2,4,1,0,2,4,1
2,86,3.6,5,2,3,0,7,1,2,4,1,0,4,0,1,1
0,59,2.42,4,1,4,1,0,1,4,2,2,2,2,1,2,1
13,55,3.96,2,2,3,1,0,0,4,2,1,0,4,1,3,1
5,87,3.43,3,1,3,1,0,0,1,3,3,2,1,0,4,0
11,15,2.45,8,1,0,1,3,0,3,3,4,2,2,4,2,0
0,49,2.33,9,2,2,0,4,1,2,1,2,0,0,3,4,0
8,48,3.61,2,2,3,1,9,1,0,1,3,0,1,0,1,0
4,27,3.21,8,0,0,1,0,1,3,4,0,2,0,2,1,0
13,70,3.16,5,0,1,1,4,0,4,0,0,0,2,2,0,1
5,77,2.01,6,2,2,1,4,1,0,1,3,1,1,0,1,1
8,15,2.31,8,1,3,1,4,1,4,4,1,1,0,0,1,0
0,47,3.05,2,0,3,1,2,1,2,3,0,0,1,0,2,1
4,8,3.32,8,1,4,0,6,1,2,2,2,1,4,4,0,1
4,68,3.35,9,0,1,0,0,1,3,2,4,0,4,4,3,0
11,32,3.14,9,1,0,0,0,1,3,4,1,0,1,4,2,0
6,85,3.49,4,2,2,1,1,0,4,4,1,1,0,0,4,1
13,61,3.95,1,0,3,1,2,0,1,1,1,4,3,4,0,1
8,6,3.62,4,1,0,1,6,1,2,3,4,4,0,2,0,1
1,16,3.73,8,1,4,1,1,0,3,4,3,1,2,0,1,0
0,38,2.97,4,2,2,0,9,1,4,1,3,3,3,2,4,0
7,66,3.83,5,1,0,0,7,0,2,2,2,4,4,3,4,1
4,28,2.32,2,2,1,1,5,0,2,2,2,3,1,1,2,0
7,58,3.99,9,1,1,1,7,0,2,2,4,2,0,4,0,1
8,48,2.16,2,2,0,0,2,0,3,1,1,0,1,3,3,1
14,18,3.78,0,1,3,0,0,0,1,1,0,4,0,0,2,0
10,50,3.14,7,2,1,0,9,0,1,3,0,2,2,0,2,0
7,69,3.23,0,0,4,1,4,1,3,0,2,2,0,3,1,0
11,74,3.29,1,2,2,0,7,1,3,4,2,3,1,1,4,1
9,74,3.11,9,2,4,1,1,0,1,3,3,3,4,1,4,0
9,20,3.36,2,1,2,0,7,1,1,3,2,0,3,0,1,1
0,27,2.07,2,2,3,0,0,1,4,2,0,0,0,3,2,0
8,21,3.66,3,2,2,0,9,0,3,0,1,2,4,3,1,0
7,82,3.08,7,2,1,1,3,0,3,4,3,1,1,3,4,0
4,63,2.65,4,0,1,0,1,0,1,2,0,1,4,4,0,1
3,33,3.8,0,1,4,0,8,0,2,4,1,4,0,3,4,1
6,9,3.58,8,1,1,0,7,0,4,1,3,1,3,0,4,1
3,34,3.24,6,0,1,0,8,1,3,4,3,2,2,2,2,1
12,22,3.68,4,0,4,0,0,1,3,4,2,0,4,0,0,1
9,36,3.8,2,1,3,1,3,1,4,0,1,0,3,3,0,0
7,12,3.47,5,2,4,1,8,1,4,1,1,3,1,3,0,1
12,61,2.81,5,1,1,1,2,0,4,3,3,1,3,2,3,1
12,15,3.35,7,2,4,0,7,0,3,0,0,2,1,1,2,0
7,51,2.63,2,0,1,0,0,1,4,1,3,0,0,4,3,0
3,36,2.54,8,0,1,0,2,1,2,1,0,0,3,0,1,0
2,78,3.34,1,2,2,1,5,0,2,1,4,4,2,0,3,1
2,41,2.3,8,1,1,0,9,0,2,1,0,3,1,1,0,0
3,67,2.22,3,1,4,1,0,1,4,2,3,2,3,1,2,1
10,72,2.22,9,1,2,1,5,0,3,4,2,4,3,3,4,1
10,55,2.08,3,0,3,1,0,0,3,3,3,2,1,4,4,1
14,44,3.23,6,1,2,0,3,1,3,0,1,4,4,3,1,0
10,2,2.49,1,0,4,1,8,1,1,1,0,4,4,0,3,1
6,59,2.04,8,1,0,1,5,1,4,4,0,2,4,0,0,1
8,59,2.72,8,0,3,0,5,1,1,2,0,1,1,3,4,0
4,19,3.2,4,2,2,1,0,0,3,2,2,0,3,1,4,0
10,80,3.01,3,1,4,1,3,1,2,1,4,1,0,2,1,1
5,10,2.97,8,2,2,0,3,1,3,0,0,2,2,1,1,1
1,49,3.82,2,0,1,0,5,1,0,1,2,3,2,4,2,1
6,77,2.04,6,1,0,1,1,1,1,3,1,3,1,3,3,1
9,68,3.75,5,1,4,1,5,1,0,4,4,3,2,0,3,0
6,75,3.45,3,0,2,0,8,0,2,2,1,0,0,0,1,0
3,48,2.3,9,2,2,0,7,0,2,4,2,3,3,1,0,0
13,6,3.97,1,2,4,1,5,0,0,1,1,2,1,2,2,0
10,48,2.16,3,1,0,1,0,1,1,3,4,1,1,0,2,1
4,27,3.11,2,0,1,0,4,0,2,0,1,2,4,4,2,1
10,3,3.6,3,0,0,0,3,1,3,4,2,0,3,4,4,1
10,27,2.96,7,2,0,1,4,0,0,4,0,3,0,2,0,0
11,10,3.6,9,0,3,0,3,0,3,2,4,3,1,2,0,0
7,83,2.62,9,1,0,1,2,1,2,4,1,3,1,2,1,1
8,75,2.63,8,0,2,0,6,0,1,1,1,2,0,4,1,0
11,13,2.05,8,0,2,0,2,0,1,4,2,4,4,2,4,0
2,14,3.27,5,1,4,1,1,0,2,2,4,3,0,4,2,0
6,8,3.16,8,1,2,1,6,1,3,0,4,1,4,1,1,1
14,87,3.08,3,2,4,1,2,1,2,4,0,3,4,1,1,0
14,78,2.94,4,2,0,1,2,0,0,2,4,1,2,0,3,1
14,21,2.1,1,0,3,1,6,0,0,3,0,4,2,3,1,0
12,38,3.31,2,0,4,1,9,0,3,1,1,3,3,1,2,0
8,12,2.58,6,2,3,0,5,1,1,2,2,4,0,0,2,1
13,72,2.23,6,1,1,1,4,0,0,3,1,0,0,2,1,0
4,20,3.01,1,2,0,1,8,0,3,0,0,3,1,0,2,0
14,67,3.46,3,1,0,1,9,0,4,0,2,0,2,3,0,0
11,68,2.89,3,1,1,0,9,1,3,4,0,2,3,1,0,0
0,5,2.89,5,1,0,0,8,1,2,4,0,4,4,2,2,0
2,81,2.84,0,1,4,0,8,0,4,4,0,3,0,4,1,1
3,4,2.31,7,2,2,1,4,1,3,1,1,2,0,3,2,0
12,34,2.29,6,2,1,1,5,1,2,4,1,4,0,3,4,0
13,17,2.35,5,0,4,1,6,0,2,0,4,1,3,2,4,1
10,23,3.37,7,1,4,1,1,0,3,2,1,3,1,3,2,1
2,24,3.96,9,2,1,1,7,0,1,1,0,0,2,2,0,0
8,12,3.36,5,1,2,0,0,1,2,3,1,4,1,0,4,1
11,83,2.65,1,0,2,1,8,0,2,3,3,0,0,1,1,0
3,72,3.59,5,1,4,0,7,0,3,4,1,4,1,2,3,1
5,71,2.51,6,2,0,1,1,0,4,0,3,2,1,2,3,1
8,16,3.11,8,1,4,1,9,0,0,0,0,1,1,3,3,1
3,21,2.46,3,1,0,0,1,1,4,4,1,0,3,2,4,0
3,74,2.4,1,0,1,0,0,1,4,1,1,2,0,1,3,0
2,42,2.89,1,2,1,0,2,1,1,0,0,1,3,0,0,1
4,45,3.89,3,1,2,1,9,0,1,2,4,2,2,4,4,0
4,59,2.2,0,0,3,0,8,1,2,3,2,2,2,3,0,1
10,81,2.17,1,0,0,1,8,0,2,2,0,3,1,4,3,0
4,86,3.64,7,0,3,0,2,0,4,3,4,3,1,0,2,0
1,17,3.58,2,1,0,0,1,1,4,2,0,4,1,1,4,0
10,12,2.64,7,1,4,0,6,1,1,4,3,4,1,2,4,0
8,28,3.27,4,1,0,0,7,0,1,3,2,0,4,2,1,0
11,25,3.32,7,0,4,0,4,0,1,0,0,3,3,3,0,1
11,20,3.89,4,2,2,0,8,1,3,3,0,2,2,2,4,0
9,33,2.25,8,1,1,1,4,1,1,3,2,1,2,1,0,0
11,63,2.19,8,1,4,1,7,1,3,0,0,0,0,3,1,1
5,59,3.8,0,1,0,1,2,1,2,4,2,1,2,1,1,0
6,1,2.45,5,2,0,1,5,0,2,2,4,3,0,4,1,0
6,11,2.24,5,2,3,1,2,1,1,0,4,0,4,4,4,1
10,22,3.61,5,0,4,0,0,0,1,0,0,1,2,2,4,1
1,30,3.78,3,2,0,0,4,1,1,0,3,2,1,3,0,0
9,6,3.34,4,1,4,1,0,1,4,0,1,4,2,2,0,1
9,15,3.81,9,1,2,1,8,0,2,3,2,4,3,0,2,0
13,43,2.61,8,1,1,1,5,1,4,2,3,0,2,1,1,0
10,10,3.47,3,0,2,1,0,0,1,3,0,4,2,2,1,0
5,81,3.73,5,0,4,1,9,1,3,1,0,2,0,1,1,1
13,78,3.81,0,2,4,0,7,0,2,0,4,4,2,4,2,0
2,2,2.77,3,2,0,1,7,1,1,1,4,1,1,3,3,1
6,71,2.56,6,0,0,1,1,0,1,2,1,0,2,2,1,1
11,8,2.81,2,0,4,0,0,1,2,0,2,2,0,0,1,0
13,16,2.03,9,0,4,0,2,0,4,0,4,2,1,1,0,1
4,67,2.77,2,0,1,1,9,0,4,1,0,1,4,4,1,1
8,32,2.78,2,2,3,0,5,1,2,1,3,4,3,1,4,0
8,55,2.08,0,0,0,1,8,1,3,0,4,0,1,4,4,1
4,72,2.61,2,1,0,1,3,1,1,2,2,4,2,1,3,1
0,86,2.83,4,0,3,1,6,1,2,0,3,3,2,2,4,1
5,78,3.51,5,0,4,1,2,1,0,2,2,4,3,1,1,1
7,25,2.61,7,2,4,0,4,0,2,1,3,4,4,2,3,0
0,62,2.94,1,1,0,1,5,0,3,0,1,0,1,4,2,1
6,84,3.7,0,1,1,0,7,1,1,1,4,1,2,2,2,0
6,20,3.24,5,2,1,1,6,1,1,2,3,0,4,1,3,1
3,82,3.6,3,1,1,1,3,1,4,2,0,2,4,1,2,0
11,86,3.32,0,1,3,1,7,0,3,2,3,0,1,3,3,0
5,52,3.59,5,0,0,1,7,1,1,1,1,1,0,4,2,0
4,39,3.95,1,1,0,0,6,0,3,1,0,4,1,4,2,1
5,35,3.37,0,0,3,0,2,1,4,2,3,1,3,3,0,0
9,84,2.55,5,0,0,0,0,1,0,4,1,3,2,1,0,0
3,74,2.62,6,2,2,0,3,0,3,0,4,3,0,2,1,0
4,77,2.13,2,0,3,0,7,1,3,1,4,2,2,3,4,0
2,47,2.71,2,2,0,1,0,1,2,3,2,4,1,2,3,0
7,2,2.31,0,1,0,1,7,0,0,4,3,0,0,3,4,0
4,56,2.45,5,2,4,0,1,0,3,4,2,1,0,2,2,0
3,14,3.83,6,0,1,1,9,0,1,0,3,3,4,2,0,1
0,78,3.96,7,2,1,0,3,0,2,4,1,1,0,4,2,0
13,72,2.66,6,2,0,0,9,0,2,3,2,1,1,3,0,0
0,28,2.26,7,1,4,1,4,0,3,3,4,3,3,4,1,1
6,44,3.3,4,1,3,0,5,0,0,1,0,0,1,0,0,1
11,47,2.18,4,2,1,0,2,1,1,4,4,1,0,4,3,1
13,87,2.17,4,1,3,1,9,1,0,0,2,2,1,2,2,1
9,72,2.02,0,0,0,1,4,0,4,4,0,3,4,3,4,1
4,57,3.9,8,0,3,1,1,0,1,2,2,4,4,3,3,0
5,6,3.18,8,0,4,0,2,1,3,0,3,2,1,1,3,1
14,79,2.59,0,2,2,1,9,1,3,4,4,3,2,2,2,1
1,36,2.88,2,0,4,1,8,1,1,0,3,1,2,2,3,1
8,85,3.02,6,2,4,1,7,1,0,4,3,3,4,3,4,0
0,48,3.84,3,2,1,0,8,0,2,2,4,0,2,4,2,1
5,63,3.84,5,2,4,0,0,1,2,1,0,0,0,1,2,0
8,15,2.79,0,1,0,1,4,1,3,4,4,2,0,4,3,1
1,3,3.81,3,0,4,0,4,0,1,4,4,3,1,4,4,1
7,86,2.04,8,1,2,0,0,0,3,0,4,4,3,4,0,1
6,6,3.45,3,2,2,0,0,1,0,3,1,4,4,2,0,0
13,11,2.78,6,1,0,1,7,0,0,4,1,4,3,1,4,1
13,66,2.34,3,2,4,0,1,1,2,0,0,4,3,0,4,1
11,37,2.14,1,0,3,1,4,1,1,2,0,0,0,2,0,0
3,14,3.67,7,2,0,0,4,1,4,1,0,3,4,4,0,1
1,37,2.47,8,1,2,1,7,0,2,1,0,2,0,1,2,0
10,36,3.72,3,1,0,1,1,1,2,3,4,4,3,1,0,0
0,85,3.95,1,2,4,0,9,1,1,0,0,0,3,0,0,0
6,10,3.5,1,0,3,1,5,0,0,2,1,3,3,0,1,0
8,56,2.49,6,1,1,1,4,0,4,0,2,3,3,4,4,1
12,57,2.33,0,0,4,0,6,0,4,3,1,1,3,4,4,1
7,24,2.07,0,2,1,1,0,1,2,3,1,1,0,4,4,0
3,27,3.99,3,0,2,1,6,1,4,3,1,1,4,4,0,1
3,23,3.78,7,0,2,1,3,0,4,1,3,1,3,0,3,1
12,74,2.87,7,2,1,1,8,0,3,2,2,3,0,1,2,1
13,89,2.9,2,0,2,0,8,1,2,1,0,3,3,4,1,1
5,29,2.25,0,2,3,0,7,1,1,1,3,2,4,4,4,0
3,25,3.67,7,0,0,0,5,0,1,2,4,0,4,2,3,0
5,52,2.92,3,1,2,1,9,0,1,4,3,3,2,0,0,0
5,68,3.28,4,1,4,1,7,0,0,3,1,3,3,4,4,0
12,7,3.51,0,1,2,0,1,0,3,4,3,2,0,3,2,1
9,28,3.4,5,1,4,0,3,1,2,0,0,2,4,1,0,1
6,39,3.96,0,0,2,0,6,1,0,4,1,0,1,3,0,0
2,8,3.15,5,2,4,0,5,1,3,4,2,1,4,3,1,1
1,78,3.21,2,0,3,1,7,1,4,2,1,0,4,1,4,0
12,4,3.03,7,2,4,1,4,0,2,0,0,3,1,1,3,0
6,83,2.28,3,2,0,1,9,1,3,1,4,3,4,0,1,1
1,33,2.67,8,0,4,1,2,0,2,0,4,0,0,3,4,0
8,36,3.24,7,0,0,1,8,0,2,3,1,0,3,3,0,0
3,89,3.95,8,2,3,1,1,1,2,3,1,3,1,2,2,1
13,14,3.02,2,0,2,0,0,0,3,4,3,0,2,4,0,1
1,54,3.12,7,2,2,0,4,0,4,1,0,1,3,1,1,0
2,31,3.63,3,1,3,1,2,0,2,0,0,0,2,2,0,0
11,37,3.16,8,2,0,1,6,0,0,3,0,1,4,3,0,0
1,84,3.23,8,0,3,1,6,0,4,3,4,0,2,2,3,0
2,51,2.44,1,0,1,1,6,1,0,2,3,3,4,4,3,0
0,42,2.76,5,0,3,1,9,1,4,2,4,1,3,1,2,0
14,49,2.49,9,1,2,0,3,0,2,4,0,4,2,0,3,1
10,18,3.39,7,2,0,0,5,1,3,4,4,4,0,2,0,1
14,58,3.94,9,1,1,0,1,0,0,1,0,3,3,0,3,1
7,38,2.91,9,1,3,1,7,0,0,0,0,2,0,1,3,0
8,26,2.98,0,2,4,1,9,1,1,3,4,3,0,0,2,1
2,59,3.48,2,1,1,0,5,1,2,4,3,0,3,1,3,1
6,15,2.26,7,0,2,1,1,1,2,2,0,4,4,3,2,1
13,2,2.5,6,0,4,1,2,1,0,2,2,3,0,0,0,0
8,53,2.35,0,2,2,1,0,1,0,0,4,4,0,2,2,1
6,38,2.06,7,2,0,1,2,1,3,3,4,4,2,0,4,0
14,73,3.06,0,0,3,0,2,1,0,1,2,0,1,3,0,0
9,42,2.39,7,0,2,1,3,1,3,4,3,3,0,3,3,1
6,28,2.01,7,0,1,1,5,1,3,3,2,4,1,1,2,0
4,49,3.48,0,1,3,1,9,0,1,4,4,0,2,3,1,1
13,0,3.12,0,0,2,0,7,0,2,1,4,3,1,0,3,0
1,38,2.42,0,1,3,1,9,0,1,1,4,4,0,3,3,0
10,76,2.99,3,2,0,1,7,0,2,0,4,0,1,0,4,0
11,29,2.61,5,0,4,0,1,1,1,3,1,2,2,0,4,0
14,76,3.56,5,1,3,0,7,1,1,1,1,1,2,2,2,1
9,48,3.74,2,2,4,0,1,0,3,4,2,3,0,0,1,1
2,1,3.18,7,2,1,1,4,1,4,4,2,0,2,1,1,0
14,8,3.36,2,1,0,0,5,0,4,1,2,3,2,4,1,1
11,32,2.17,5,1,0,0,5,1,4,0,0,1,0,0,0,0
6,45,2.33,2,0,0,1,4,0,2,1,2,4,2,2,4,0
8,9,2.1,6,2,4,0,1,0,1,2,0,1,3,2,3,1
7,5,3.76,3,1,3,1,8,0,1,0,0,3,4,0,3,1
3,30,3.63,3,2,3,0,6,1,3,3,4,1,0,3,2,0
1,2,3.51,0,0,2,1,7,1,1,0,2,1,1,2,0,1
7,25,2.68,0,0,2,0,7,0,3,1,4,0,1,2,3,0
12,33,3.94,8,2,3,1,5,0,1,2,1,0,1,1,3,1
6,49,2.08,6,0,3,1,1,1,3,0,1,1,2,1,1,0
1,16,3.18,4,0,4,0,3,1,0,0,1,0,0,3,3,1
12,77,2.35,1,0,2,0,4,1,3,0,2,4,1,2,2,1
5,70,2.18,6,1,1,1,0,0,3,4,4,0,3,4,2,0
11,60,3.9,4,0,2,0,7,0,2,1,2,3,0,4,0,0
4,49,3.12,0,1,4,1,9,0,3,4,3,2,2,1,2,0
14,83,2.67,8,0,2,0,1,1,1,2,3,1,4,3,3,1
9,73,3.18,7,0,2,1,3,0,0,3,4,2,1,4,3,1
12,0,3.81,8,2,2,0,1,1,2,1,1,3,0,3,0,0
10,35,3.01,2,2,2,1,7,1,1,3,4,4,3,3,0,1
10,10,3.13,8,0,1,0,4,1,0,1,1,0,2,1,2,0
14,12,3.16,3,2,3,1,1,1,1,0,1,4,3,3,1,0
8,27,2.65,6,2,3,0,3,0,4,4,4,1,2,0,0,0
5,14,3.3,9,0,3,1,2,0,4,4,1,2,2,0,1,1
0,30,2.91,0,1,1,0,3,1,2,0,4,2,1,2,2,0
7,58,3.95,8,0,0,0,9,0,2,1,0,1,4,3,1,0
6,2,2.11,8,2,4,1,1,1,0,0,1,2,0,4,2,0
9,39,2.95,9,0,0,1,0,0,3,1,0,4,3,0,3,1
1,56,3.5,4,1,3,1,5,0,3,0,2,2,4,3,2,1
9,53,2.48,2,0,1,0,6,1,4,3,1,2,4,2,4,1
7,24,2.28,1,2,2,1,3,0,4,3,1,0,1,1,0,1
4,88,3.79,1,1,0,0,9,0,4,3,1,2,1,3,1,0
1,79,2.51,8,0,0,1,7,0,4,3,0,3,3,1,2,1
14,57,3.35,7,1,4,1,4,1,0,0,2,4,1,3,2,0
11,0,3.27,0,1,2,0,9,1,1,1,4,2,4,2,2,1
12,50,2.51,6,0,0,0,4,1,2,4,3,4,2,1,1,1
3,75,2.7,7,0,3,1,3,0,4,4,4,0,0,1,4,1
1,46,3.47,1,2,1,0,8,0,0,4,4,2,0,0,0,1
6,19,3.74,5,1,1,0,3,1,0,0,3,2,0,3,2,1
5,9,3.32,2,2,4,0,8,1,3,0,4,2,1,3,4,0
4,19,3.5,9,2,0,0,7,1,0,1,0,0,2,1,3,0
9,46,3.94,7,0,1,0,7,0,3,0,3,2,0,1,2,1
3,63,3.48,2,0,0,0,2,0,4,0,0,1,4,3,1,0
13,88,2.87,6,2,4,1,7,0,1,2,0,2,2,1,3,1
6,1,2.16,5,2,4,0,4,0,3,3,2,1,0,0,1,1
2,8,3.75,4,1,2,0,4,0,4,1,3,4,3,1,3,1
2,64,3.39,5,1,2,0,0,1,3,2,1,3,2,0,2,1
14,75,2.58,4,2,4,1,4,0,4,3,4,4,1,1,1,1
8,48,2.48,2,0,2,1,8,1,1,4,2,4,0,3,4,0
2,87,2.44,5,1,0,0,7,0,3,1,4,3,4,0,3,1
3,56,3.41,3,0,2,0,0,1,2,2,4,3,4,1,4,0
10,7,2.74,4,0,3,1,4,1,1,4,2,1,0,0,2,1
2,75,3.87,8,1,1,1,2,1,0,0,4,3,0,2,0,0
7,32,3.1,4,0,1,0,8,1,2,4,0,2,3,2,0,1
6,20,2.27,5,1,2,1,7,0,0,4,4,4,2,4,4,0
13,43,3.33,0,2,4,1,0,1,0,1,4,2,4,0,2,1
9,47,3.27,6,1,0,0,7,0,3,1,2,3,0,1,3,0
3,76,2.33,3,1,4,0,7,0,2,0,0,0,0,0,0,1
10,18,2.74,3,1,2,1,0,0,2,4,2,1,3,4,3,0
10,42,2.5,0,2,1,1,3,1,4,4,4,4,4,0,1,0
2,82,2.53,7,2,2,0,0,0,0,2,4,2,4,4,1,0
7,10,2.77,8,2,2,1,8,0,3,0,3,3,0,2,0,0
2,27,3.34,7,2,1,0,5,0,2,2,1,1,4,3,0,1
0,8,3.68,6,1,2,0,4,0,2,3,3,1,4,1,4,0
9,75,3.53,0,0,2,1,1,1,1,0,4,0,4,3,1,0
3,87,2.23,4,1,2,0,1,1,4,4,3,2,1,2,0,0
8,85,2.64,1,2,1,0,5,1,2,3,1,1,4,1,0,1
0,26,3.73,9,1,1,1,2,1,1,1,0,4,4,3,4,1
2,72,2.86,0,0,3,0,6,0,3,2,2,4,0,0,4,1
6,8,2.83,4,2,2,1,1,0,0,0,3,1,0,1,0,1
13,75,3.07,7,1,4,1,5,0,4,4,0,4,2,4,2,1
9,6,3.21,4,0,2,1,8,1,2,2,4,3,1,4,0,1
8,29,3.55,4,0,4,0,4,1,1,4,4,3,1,4,4,0
11,8,3.69,0,2,2,1,7,1,2,0,3,1,0,4,2,1
6,22,3.84,7,1,4,0,2,1,0,1,0,4,3,2,0,1
2,30,2.77,8,1,0,1,8,0,2,1,1,0,2,3,3,1
9,23,3.21,2,1,0,1,5,1,0,1,2,1,0,3,1,0
1,85,2.22,2,1,1,1,5,0,4,1,3,1,4,1,2,0
4,27,2.98,0,1,0,0,0,0,1,1,3,2,1,2,1,0
11,9,2.21,4,2,0,0,8,1,0,0,3,0,0,1,0,1
13,66,3.8,3,0,2,0,4,0,3,0,2,3,1,1,4,0
2,32,2.17,1,0,2,0,1,1,4,0,2,0,4,2,3,1
5,71,3.48,6,1,4,1,2,0,4,2,4,4,4,0,3,0
8,18,2.63,4,2,4,1,3,0,3,0,3,2,0,4,0,1
5,42,3.52,3,1,2,0,1,1,2,2,1,4,2,0,0,0
13,70,2.02,0,2,1,0,4,1,2,3,3,1,3,2,0,1
6,0,2.83,4,0,4,1,4,1,3,0,2,1,0,1,1,1
8,67,2.29,7,1,0,1,5,0,2,3,4,0,4,0,3,0
14,35,3.52,5,0,2,1,0,0,4,1,0,0,0,1,1,0
2,13,2.12,1,2,2,0,3,0,3,3,3,2,3,2,2,1
6,52,3.35,8,1,1,1,8,0,1,1,0,4,3,0,2,1
14,11,3.2,1,2,2,0,9,1,4,4,0,0,0,3,1,0
3,19,2.43,6,0,4,1,3,0,2,3,4,0,1,1,4,1
14,14,2.23,8,1,0,0,2,0,2,0,3,1,4,0,2,0
11,1,3.13,8,0,1,1,5,1,4,2,0,1,0,3,1,0
5,43,2.39,0,1,0,0,0,0,4,1,3,1,0,2,2,1
8,17,3.88,8,0,1,1,1,0,0,2,3,2,1,3,4,1
4,13,2.67,5,2,4,1,6,0,4,3,4,0,2,1,0,1
8,85,2.23,2,0,3,1,3,1,2,3,0,0,2,2,4,1
2,13,2.1,9,1,4,1,1,1,0,1,4,4,3,4,0,1
6,25,2.23,2,2,3,1,3,1,3,0,0,1,3,1,0,0
9,29,2.21,9,0,4,0,7,0,0,1,2,1,4,1,3,1
4,33,3.09,3,0,1,1,0,0,1,3,3,2,1,0,3,1
11,34,3.87,9,1,3,0,4,0,1,2,0,4,4,1,2,0
3,56,3.59,6,2,0,0,6,1,2,4,4,4,2,4,0,1
1,29,3.23,6,2,0,1,8,1,1,4,3,0,4,4,3,1
12,89,2.14,1,0,0,0,4,1,1,1,3,3,3,1,2,1
11,22,2.33,8,0,3,0,7,0,1,3,2,4,1,3,0,0
9,67,2.95,1,2,2,0,0,1,2,0,1,3,3,0,1,1
11,56,3.94,2,2,1,1,7,0,2,2,1,0,1,3,1,0
0,38,2.94,5,2,2,0,0,0,1,1,1,0,1,3,0,1
7,20,2.06,7,1,1,0,8,0,2,4,4,0,2,4,1,1
7,41,2.06,5,0,0,1,4,1,2,3,1,2,0,3,0,0
4,88,3.55,8,0,0,1,0,0,1,4,2,3,1,4,4,1
0,14,2.22,7,0,2,1,7,1,3,1,3,0,0,2,2,1
4,77,2.33,0,0,0,1,3,0,3,2,3,4,2,3,1,0
3,80,2.15,4,2,1,0,4,0,4,2,2,4,1,4,3,1
2,36,3.68,8,2,4,1,4,1,2,1,4,0,0,0,0,0
9,65,2.06,1,2,3,0,9,1,3,2,2,3,1,3,0,1
2,80,2.95,4,2,1,0,7,0,4,2,2,1,0,1,1,0
2,54,2.47,9,1,2,1,5,1,4,4,0,0,2,1,1,0
1,39,2.5,0,0,2,0,9,1,2,3,1,1,0,0,0,1
7,87,2.03,2,1,1,0,0,0,0,4,1,3,2,1,2,1
11,60,3.87,4,1,2,1,5,1,0,1,2,2,2,2,1,0
4,0,3.45,2,1,2,1,0,1,4,3,4,3,1,2,2,1
10,37,3.75,4,0,2,0,5,1,2,0,3,2,0,3,3,0
0,59,3.53,7,1,0,0,3,1,3,3,2,3,3,2,0,1
13,63,2.34,8,2,3,0,6,0,3,0,3,4,1,4,0,0
1,35,3.55,0,0,1,1,8,0,0,0,3,2,0,1,2,0
11,66,3.33,5,2,3,0,2,1,1,4,0,1,2,1,3,1
4,11,2.1,2,1,4,1,0,1,4,1,2,0,2,4,4,1
6,65,3.23,0,0,4,1,1,1,2,1,0,0,4,3,0,0
4,51,2.44,4,0,3,0,6,0,0,0,3,4,1,0,2,0
5,58,2.1,1,0,3,0,9,1,0,4,3,1,3,3,2,0
12,12,2.16,8,2,0,1,5,1,2,4,3,2,2,1,2,1
12,26,2.67,3,1,0,0,0,0,0,3,0,2,4,4,0,1
11,83,2.14,1,0,1,0,0,1,0,1,1,4,3,2,0,1
12,86,2.33,4,1,2,1,6,1,2,4,0,2,0,1,4,0
11,47,2.26,2,2,4,0,6,0,2,3,0,3,3,4,0,0
5,65,2.1,3,2,1,0,0,1,0,1,1,3,3,4,4,1
7,51,3.7,8,2,0,0,9,0,0,0,0,0,2,2,3,1
7,4,2.76,9,0,3,1,6,1,3,1,1,4,3,1,1,0
1,51,2.95,6,0,3,0,1,1,4,3,4,1,4,3,3,0
14,2,2.72,3,2,2,1,6,1,3,4,2,4,4,2,3,0
0,43,2.39,3,0,0,1,0,1,2,0,3,3,4,1,0,0
9,11,2.24,8,0,1,0,7,0,0,3,0,2,1,2,3,1
1,37,3.62,9,1,2,0,1,0,0,2,0,3,0,1,2,1
2,45,3.33,2,1,1,1,7,0,3,0,1,4,1,2,1,0
13,18,2.54,4,1,4,0,4,0,3,2,0,3,3,2,3,0
2,27,2.22,9,1,4,0,9,0,4,4,4,1,2,3,1,1
4,79,2.44,2,1,1,1,3,1,3,4,0,3,4,1,2,0
0,80,3.78,4,1,3,0,0,0,3,2,2,1,0,4,4,1
13,32,3.11,0,0,4,1,6,1,0,4,3,0,0,4,1,1
5,15,2.47,1,0,0,0,9,0,3,1,2,0,0,0,2,1
8,17,3.98,0,0,0,0,0,0,0,1,4,0,0,2,0,0
5,5,3.74,4,0,3,0,6,0,4,1,1,3,1,0,0,1
0,0,3.2,0,0,1,0,8,0,2,0,3,1,3,3,0,1
4,79,2.82,9,2,1,1,8,0,3,0,3,1,3,3,4,1
4,56,2.61,4,1,1,1,6,1,2,2,1,1,0,2,3,1
9,77,2.97,5,0,3,1,1,1,4,3,2,3,1,1,0,0
9,17,3.04,7,2,0,1,6,0,4,2,2,1,0,3,1,1
7,18,2.18,7,0,3,0,0,1,3,0,1,3,1,4,3,1
3,29,3.59,2,1,4,1,8,1,0,3,1,3,4,2,4,0
3,34,2.5,9,2,0,1,1,0,1,0,3,1,1,3,2,1
6,9,2.74,1,0,3,1,9,1,4,3,3,3,2,0,0,1
3,39,2.5,5,2,1,0,0,1,2,2,0,2,3,2,4,1
12,43,2.17,4,1,0,1,6,0,2,4,2,3,2,1,1,0
9,79,3.87,2,1,0,1,5,1,0,2,2,2,2,2,4,0
9,62,2.0,9,1,0,1,3,1,1,1,4,2,1,2,3,0
6,11,2.19,2,0,4,0,8,1,3,0,1,3,1,1,2,0
2,42,2.75,8,0,4,0,6,0,4,4,3,4,4,3,4,1
7,60,3.05,0,2,4,1,7,1,0,3,1,4,3,4,4,0
5,72,2.75,2,1,2,0,3,1,3,0,3,4,2,1,0,0
7,19,3.98,6,2,4,1,6,0,2,2,4,0,2,2,4,0
13,70,2.69,3,2,3,1,4,1,4,2,1,3,2,0,2,0
4,60,3.9,0,1,2,0,3,1,3,1,2,0,2,0,2,0
10,65,2.64,7,0,4,1,9,0,0,0,1,2,0,2,0,1
2,28,3.21,5,2,0,1,8,1,0,3,4,4,4,3,3,1
2,80,3.68,0,1,2,0,8,1,1,4,3,1,3,3,0,1
11,58,2.86,7,1,1,1,1,1,3,1,3,3,2,4,0,0
5,86,3.41,1,0,4,1,9,1,1,1,2,3,1,2,4,1
8,29,3.84,3,1,1,1,7,1,4,3,0,3,2,2,1,0
11,23,2.15,2,2,4,0,8,0,0,2,0,4,1,4,1,0
2,45,2.66,6,1,0,1,1,0,4,0,3,0,0,4,3,1
5,4,2.91,2,2,0,0,0,1,3,1,0,0,1,4,2,0
9,17,2.03,8,0,0,0,4,1,3,0,3,3,1,4,1,1
12,14,3.77,1,1,1,0,9,1,1,1,1,4,1,2,4,0
11,82,3.89,9,0,4,1,8,1,0,1,4,0,4,1,4,1
6,72,3.58,6,2,0,0,0,1,3,3,0,4,3,4,2,1
7,62,3.62,4,2,3,1,6,0,4,1,2,0,3,0,3,0
9,87,2.25,3,0,3,1,9,0,4,2,2,3,1,1,3,1
1,59,3.48,1,2,4,0,4,1,3,1,4,3,2,4,4,0
6,0,2.13,6,2,2,0,5,1,0,4,2,3,1,1,1,0
7,33,3.05,7,2,2,0,4,1,1,2,4,1,3,0,3,1
0,37,3.63,6,1,2,1,4,0,4,1,3,2,4,0,4,0
2,72,2.64,2,0,4,0,8,0,2,0,1,1,3,2,0,1
13,16,3.46,8,1,3,1,2,1,1,3,3,2,0,4,2,0
6,57,2.87,3,1,0,0,9,1,2,1,3,1,3,1,3,1
13,52,3.05,5,2,1,1,9,0,2,2,1,1,0,2,4,0
3,75,3.4,6,0,2,0,8,0,1,1,1,2,4,1,2,1
14,26,3.44,9,1,0,1,1,0,2,1,0,3,1,1,1,0
5,45,2.03,9,1,3,1,9,1,3,4,1,3,1,3,2,1
9,44,2.1,1,1,2,0,7,1,0,2,2,2,1,3,2,0
11,76,3.64,8,1,3,1,9,1,0,2,0,4,4,0,0,1
11,28,3.35,3,2,1,1,8,0,0,2,0,4,1,0,3,0
5,66,2.22,9,0,0,0,8,0,2,1,0,3,3,1,0,0
9,79,3.26,7,2,4,0,5,0,1,4,1,0,3,2,3,1
7,8,3.2,2,2,0,1,7,1,4,1,3,3,2,0,2,0
0,62,2.13,6,1,3,1,2,1,3,2,3,3,4,0,0,1
8,4,2.49,0,1,1,0,5,1,0,3,2,4,0,3,3,0
10,12,3.22,2,2,4,1,1,0,0,1,2,2,2,3,3,1
6,77,3.52,5,2,4,0,9,1,4,0,1,1,0,4,0,1
7,81,2.07,3,2,1,1,1,0,0,3,0,0,1,2,3,0
9,73,2.01,0,1,0,1,8,0,0,3,4,3,2,3,4,1
6,44,3.1,3,2,4,1,2,0,1,0,1,2,2,4,3,1
5,44,2.0,1,2,4,0,8,0,3,1,2,1,0,3,1,0
0,72,3.89,8,0,0,1,6,1,3,1,3,4,3,3,1,0
12,74,2.47,5,1,3,0,1,1,0,2,0,2,2,4,2,1
5,76,3.47,9,1,4,1,6,1,4,3,3,2,3,2,3,0
12,6,3.32,8,2,1,1,8,1,3,3,0,2,1,0,4,0
10,0,2.66,9,0,2,1,8,0,4,1,4,1,1,1,0,0
3,80,2.27,1,2,1,1,4,0,1,4,2,3,0,4,2,0
5,81,3.15,6,2,2,1,4,1,3,0,1,1,1,0,4,1
1,69,3.22,9,1,3,1,5,0,3,4,0,4,0,0,4,1
13,33,3.4,1,1,2,0,5,0,1,0,1,1,0,2,2,1
8,68,3.27,7,0,3,0,8,0,0,2,2,3,1,3,0,1
5,71,3.11,9,2,0,1,4,1,0,4,4,4,4,2,0,0
10,84,3.02,8,1,0,1,3,1,0,1,3,0,4,4,0,1
0,73,2.18,1,2,2,0,2,1,1,3,2,2,4,1,1,0
7,54,2.53,4,2,3,0,9,1,1,1,2,0,3,4,1,1
5,80,2.4,1,1,3,0,7,1,3,1,4,1,1,4,3,1
10,69,2.85,5,2,3,1,0,0,2,0,2,1,1,2,0,0
2,26,3.73,1,0,0,0,1,0,2,3,1,4,4,3,4,0
4,89,3.86,6,2,3,1,3,1,0,2,1,0,4,3,1,1
7,40,2.22,2,1,4,0,7,0,3,3,4,3,2,2,1,1
2,36,2.86,9,0,3,0,7,1,0,4,2,2,2,2,3,0
6,77,2.73,7,0,4,0,4,0,1,3,3,1,3,1,4,0
13,86,2.84,3,2,3,0,5,1,2,0,3,3,2,4,3,0
2,82,3.83,2,0,1,0,6,1,0,2,0,4,3,2,1,1
1,27,3.23,3,2,0,0,6,0,0,4,0,3,3,4,1,0
2,35,3.37,4,0,3,0,4,1,0,0,1,0,0,2,4,1
12,79,2.41,6,1,2,0,3,1,1,2,0,2,4,3,1,1
9,39,2.22,7,2,0,0,9,1,3,1,1,4,0,4,1,0
10,33,3.9,4,2,2,0,2,0,0,1,3,2,3,3,1,1
1,87,2.85,3,0,0,1,9,0,4,3,4,4,3,0,3,0
9,68,2.28,1,0,3,1,6,1,0,3,2,1,4,3,4,1
7,60,3.31,5,2,2,1,3,1,1,1,1,4,0,2,3,0
13,60,2.99,3,0,1,1,9,0,0,2,3,3,0,4,0,1
3,78,3.98,6,1,0,0,8,0,1,0,1,2,3,1,1,1
13,33,3.24,2,1,0,0,1,0,1,2,3,2,0,4,4,0
14,31,3.67,0,0,3,1,8,0,2,0,0,1,3,3,1,0
12,19,3.25,3,2,1,0,1,1,2,3,1,3,4,3,4,1
2,26,2.04,4,1,2,1,7,1,2,3,0,4,1,2,2,1
14,46,2.24,4,2,3,1,1,1,1,4,2,1,4,2,0,1
7,66,3.41,9,2,1,0,9,1,3,4,4,3,1,3,1,0
2,2,3.19,3,1,0,0,3,0,3,0,2,0,4,2,4,0
12,23,2.26,8,1,4,0,8,1,0,1,3,4,1,2,4,0
8,73,3.56,1,0,1,1,3,1,2,3,1,4,0,4,4,0
6,77,2.88,2,2,3,0,7,1,0,1,0,1,4,0,1,0
2,27,3.55,3,2,1,1,5,1,1,1,3,1,1,0,3,1
14,33,2.02,7,2,2,0,1,0,3,0,1,4,0,4,0,1
1,72,3.29,0,0,4,1,3,1,3,1,3,4,4,4,0,1
13,79,3.0,3,1,4,1,8,1,1,3,3,0,2,1,1,1
3,35,2.78,7,1,3,1,2,0,4,0,4,3,2,3,1,0
13,39,3.02,8,0,2,0,0,1,2,4,4,3,0,4,1,1
3,84,2.47,6,2,4,1,1,0,1,0,4,2,4,1,3,1
10,77,2.89,8,0,1,0,1,0,0,1,2,0,3,2,1,0
10,23,3.9,7,0,3,1,7,1,1,4,0,3,2,1,1,0
7,51,2.14,2,0,4,1,6,1,2,4,0,3,3,3,2,0
3,40,2.67,1,0,2,0,9,1,4,4,0,2,3,0,3,0
4,26,3.53,7,2,2,0,3,0,4,1,1,0,2,4,0,1
13,57,2.87,5,2,0,1,3,1,3,3,0,4,0,1,3,0
7,46,2.2,8,2,0,0,6,1,4,1,4,4,1,0,2,0
3,89,3.64,4,2,2,1,7,1,3,2,4,3,0,4,0,1
14,63,2.62,4,0,4,0,4,1,1,4,3,1,2,4,3,0
8,16,2.96,0,2,1,1,2,1,1,1,2,4,4,2,3,0
9,56,2.2,6,2,0,1,9,0,3,0,3,2,0,1,3,0
11,54,2.18,3,1,1,0,2,1,4,0,2,0,3,2,2,1
1,2,3.8,7,1,3,0,7,0,1,0,1,3,1,0,0,1
14,54,3.19,7,2,3,0,4,1,1,1,3,4,4,4,2,0
8,45,3.74,6,0,2,1,1,1,2,0,0,2,2,3,1,0
2,43,3.72,2,0,4,1,9,1,2,4,2,1,0,1,2,1
9,83,2.22,4,0,3,1,9,1,3,4,2,0,4,1,0,1
14,57,2.44,4,2,0,1,9,1,3,0,4,0,4,2,1,1
7,9,2.07,4,1,4,1,1,1,4,4,2,1,4,1,2,1
14,62,2.55,1,1,2,1,3,1,3,3,0,4,2,2,3,1
14,77,2.65,8,0,1,1,5,1,2,4,3,3,0,3,1,1
10,60,3.16,4,2,2,0,6,0,2,4,1,0,4,2,0,1
6,62,2.88,0,0,1,0,3,1,3,1,3,4,0,3,1,1
10,19,3.31,0,0,2,1,2,0,2,2,0,1,3,0,4,1
5,46,3.31,5,1,4,1,0,0,3,2,1,1,1,0,2,0
0,42,2.53,3,1,0,1,5,0,1,0,2,2,0,1,4,0
6,4,3.07,3,1,2,1,7,0,2,2,4,1,3,2,1,0
12,66,2.88,8,2,0,1,7,0,2,2,2,4,4,2,4,1
3,89,3.68,9,0,3,0,2,0,2,4,2,3,2,3,1,1
1,52,3.52,2,1,2,1,4,0,2,4,4,3,4,4,0,1
3,79,3.68,6,1,1,0,5,0,3,2,3,0,4,4,1,1
4,24,2.5,6,1,2,1,2,0,4,2,2,0,3,2,2,1
8,78,3.95,7,0,2,1,6,0,1,1,2,1,4,1,3,1
1,48,3.04,3,0,2,1,6,1,3,4,2,0,2,0,1,1
14,8,3.66,8,0,2,1,4,0,3,1,4,2,0,0,4,1
13,34,3.18,4,2,1,0,7,1,0,4,4,1,0,0,1,1
7,72,3.76,2,0,2,0,4,0,4,0,0,0,3,3,1,1
2,44,3.51,8,2,2,1,7,1,3,0,2,1,1,4,2,0
6,89,3.4,6,2,1,0,6,1,2,0,0,0,4,0,2,1
4,56,2.73,6,0,4,1,2,0,0,0,3,3,2,2,4,1
12,80,3.74,8,0,2,1,8,0,0,2,2,4,3,2,2,1
6,22,2.96,2,1,1,1,4,1,3,3,0,3,4,3,3,0
6,37,2.15,9,1,2,0,7,1,4,2,0,2,2,1,1,0
1,52,3.6,8,0,1,1,3,0,1,3,0,2,0,4,0,1
5,3,3.06,2,1,4,0,4,0,0,0,0,4,3,4,0,1
1,48,2.04,3,1,2,0,7,1,1,3,1,2,3,3,2,1
11,24,3.12,3,0,4,1,9,1,2,3,0,4,3,2,0,1
0,30,2.12,7,0,2,1,9,0,3,1,0,2,1,0,2,0
5,66,2.27,8,1,0,1,1,0,2,0,0,0,3,1,0,0
12,67,2.18,7,1,0,1,2,1,3,3,0,1,4,0,2,0
3,8,3.57,0,2,2,1,4,1,2,3,3,4,3,3,3,0
13,73,3.59,6,2,0,1,3,1,1,1,4,1,4,2,3,1
3,42,2.79,4,0,3,0,7,1,4,3,4,1,3,4,2,0
11,70,3.63,3,1,3,1,0,0,1,1,4,4,0,2,2,1
2,46,3.17,4,2,3,1,2,1,4,1,0,0,0,0,1,0
1,15,2.14,5,1,2,1,5,1,0,0,2,3,0,0,4,1
8,43,2.15,3,0,2,1,7,0,1,4,0,4,2,1,0,1
11,79,2.72,7,1,3,0,4,0,3,3,2,4,1,0,2,0
4,23,2.78,6,2,3,0,9,0,0,0,1,1,1,4,3,1
6,35,2.2,0,1,1,1,0,0,1,2,2,0,4,3,2,0
8,48,2.2,1,1,1,0,7,1,3,3,2,3,4,1,3,0
2,70,2.84,7,2,3,0,9,1,2,4,4,2,2,0,1,0
1,36,3.9,0,1,3,0,0,0,4,0,4,2,2,4,2,0
2,11,2.14,9,2,0,0,1,1,3,1,0,3,2,3,2,0
7,81,3.01,4,2,4,1,7,0,4,4,2,1,4,1,0,1
10,70,2.48,7,2,4,1,2,1,3,2,4,2,3,4,4,0
8,85,3.51,3,2,2,1,2,1,0,1,1,0,0,4,3,1
0,38,3.22,7,2,0,0,9,1,3,3,4,4,3,4,4,1
5,77,2.66,9,1,1,0,8,0,4,3,3,3,2,0,1,1
10,50,2.09,4,0,0,1,1,1,2,4,4,4,1,2,2,1
11,3,3.03,3,2,1,0,3,1,0,2,1,2,1,0,3,0
5,20,2.83,8,1,2,1,9,0,0,4,1,2,4,4,3,0
8,80,3.6,8,1,2,1,2,0,3,0,1,3,4,3,1,1
4,8,3.79,4,1,1,0,1,0,2,1,0,0,0,1,3,0
6,21,2.01,7,0,2,1,7,0,2,0,4,2,3,2,0,1
5,51,3.04,3,2,4,0,3,0,1,0,1,3,0,3,4,1
2,74,3.82,7,2,2,0,4,1,0,1,2,3,2,2,3,1
6,22,2.3,5,1,1,0,2,1,2,4,3,4,1,0,4,0
11,74,2.88,8,2,0,1,7,0,3,3,3,3,2,3,0,1
3,52,2.12,8,0,0,0,9,0,0,3,1,3,0,0,4,1
5,40,3.41,3,2,3,0,1,1,4,4,1,4,4,2,3,0
1,80,2.23,4,0,4,0,7,0,4,1,2,1,2,2,3,1
9,53,2.14,3,1,0,1,2,1,0,0,0,3,3,0,4,1
10,15,3.49,7,2,1,1,5,0,4,4,4,4,2,0,2,0
10,4,2.2,8,1,4,0,5,0,1,2,1,0,1,1,3,0
1,82,2.31,9,0,0,0,4,1,3,3,0,4,2,3,3,1
12,35,3.58,4,2,1,1,9,0,4,0,3,0,3,3,3,0
11,86,2.27,1,0,3,1,8,0,0,1,4,2,4,2,2,0
10,48,3.86,0,1,4,0,0,0,0,0,3,0,0,3,4,0
6,9,2.74,5,1,0,1,7,0,4,3,1,1,1,0,3,0
14,60,3.59,1,2,1,1,1,0,0,3,0,1,2,2,1,1
5,58,3.36,1,1,4,0,7,1,4,1,4,0,3,0,4,0
1,26,2.11,5,2,1,1,6,1,1,3,1,4,4,4,1,1
8,68,2.0,4,1,4,1,5,0,1,0,2,3,1,4,3,0
13,80,3.03,7,0,2,0,4,0,2,3,4,1,3,4,3,1
14,59,2.03,2,1,2,1,3,1,3,4,4,2,0,2,3,0
6,13,2.67,1,2,0,1,9,0,4,1,1,0,2,0,4,1
10,51,3.37,8,2,3,0,9,0,2,2,4,3,0,4,2,1
12,48,3.4,2,1,2,0,1,0,3,0,1,1,3,3,3,0
7,61,3.52,3,1,1,1,8,0,1,3,4,2,0,2,2,0
13,89,3.49,4,2,3,1,1,0,1,3,1,0,0,0,3,1
4,22,2.9,4,2,2,0,1,1,0,0,4,3,0,3,3,0
6,60,2.75,5,0,0,0,5,1,4,0,2,3,1,2,3,1
5,50,2.09,9,2,1,0,4,1,2,4,1,3,1,3,0,1
1,28,3.79,6,2,0,1,8,1,3,0,1,4,4,1,4,0
0,88,2.43,6,2,0,1,7,1,0,4,0,1,0,2,2,1
7,71,2.98,5,1,4,0,6,0,0,2,4,2,0,3,3,0
12,22,2.51,9,1,3,1,2,0,4,2,0,4,4,1,2,1
10,32,2.17,3,2,4,0,3,1,3,4,1,4,2,4,2,0
6,24,2.65,0,0,4,0,6,0,4,1,3,3,4,4,0,0
14,13,2.02,5,1,0,1,0,1,4,2,0,1,1,4,1,0
7,32,3.2,7,2,0,1,1,0,3,4,1,4,2,0,1,1
3,87,3.89,9,0,4,1,5,0,2,2,1,2,3,2,0,1
12,68,3.54,1,1,1,1,8,0,3,0,2,2,0,0,1,1
4,75,3.04,4,2,1,0,7,0,2,2,0,1,2,3,1,1
4,28,3.31,9,1,0,0,1,1,0,1,3,1,0,1,1,1
6,72,2.22,6,1,0,0,9,0,1,4,4,1,1,2,4,1
0,32,2.28,7,2,2,0,6,1,1,2,2,3,0,1,1,0
3,75,2.16,2,0,0,1,4,1,0,4,4,4,0,1,1,0
11,7,2.06,2,2,1,1,4,1,1,4,0,1,0,4,2,0
4,16,3.65,0,0,2,1,4,0,4,2,3,0,4,0,3,1
12,9,3.28,9,1,0,0,9,1,0,4,2,4,4,4,2,1
3,2,2.61,7,2,1,0,4,1,0,1,2,0,3,3,4,1
3,45,2.92,8,0,4,1,0,1,3,4,3,3,0,4,0,0
11,18,3.2,5,0,1,0,1,1,0,1,4,1,3,3,1,0
10,89,3.93,6,0,1,0,4,1,2,0,2,0,3,4,4,1
12,65,3.6,7,1,0,1,2,0,0,1,3,3,2,0,2,0
2,38,3.4,2,0,1,0,4,1,1,1,3,2,4,1,2,1
8,28,2.21,2,2,4,1,2,0,2,2,3,0,1,1,1,1
9,13,3.41,8,2,3,0,8,0,3,2,1,0,3,4,4,1
2,56,2.13,3,2,4,1,7,1,3,1,4,2,0,3,0,1
12,57,2.07,2,0,4,0,0,0,2,3,0,1,0,4,2,0
14,9,2.25,9,0,1,1,2,0,2,2,3,3,0,0,0,1
14,7,3.03,8,2,4,1,7,1,0,2,4,3,3,4,3,1
11,33,3.25,7,2,4,1,2,1,0,4,0,4,3,0,1,0
7,29,3.63,9,0,2,1,5,0,2,1,3,4,3,1,3,0
8,11,2.59,0,0,0,1,5,1,1,0,4,3,3,2,3,0
1,84,3.38,9,0,0,0,3,0,2,1,3,0,0,4,3,1
3,16,3.54,4,0,0,0,2,1,3,0,0,0,0,4,4,1
4,41,2.18,7,2,0,0,3,1,4,4,3,3,1,3,0,0
2,2,3.19,5,0,1,0,2,0,3,2,3,3,2,4,4,1
1,56,2.28,0,0,3,1,1,0,0,0,0,3,1,4,2,1
11,31,2.68,7,1,3,1,8,1,0,0,1,2,3,4,1,0
3,76,3.47,6,1,1,0,7,1,3,4,1,1,0,2,1,1
14,17,2.42,7,2,1,1,5,1,2,0,0,3,0,1,2,0
12,36,2.99,2,1,1,1,9,0,0,0,1,2,1,1,2,1
4,31,2.57,2,0,4,1,3,1,2,2,0,4,1,4,2,0
11,39,3.43,9,2,3,1,7,1,0,0,0,3,0,0,3,1
8,31,3.02,8,0,4,1,8,0,0,4,3,3,1,2,2,1
3,87,2.72,5,1,4,0,5,1,0,2,1,1,4,1,2,1
6,30,3.87,0,0,0,0,0,1,4,0,1,1,1,4,4,1
3,34,3.35,6,0,2,1,6,1,4,1,1,3,3,2,3,1
9,13,3.17,3,0,1,1,6,1,2,2,3,0,0,0,0,1
13,22,3.67,2,1,0,0,9,1,3,0,1,4,1,1,4,0
7,55,2.62,9,1,4,0,4,1,0,3,2,1,3,4,3,0
1,48,2.87,1,2,0,1,2,1,2,3,2,4,2,4,4,1
9,46,3.19,0,2,0,0,0,1,0,1,0,0,1,4,3,0
14,8,3.27,8,2,3,0,4,1,2,3,1,0,2,2,2,0
10,53,2.14,6,0,1,1,7,0,4,3,2,2,0,2,3,0
7,15,2.27,3,2,4,1,9,0,0,2,4,2,2,2,2,1
12,69,2.75,8,2,2,0,8,1,2,3,3,1,3,3,0,1
11,39,3.42,7,2,3,1,0,1,3,0,3,1,2,2,3,0
0,79,2.92,3,0,1,1,1,0,1,3,1,2,3,1,0,1
5,45,3.0,1,0,3,0,2,1,4,0,2,2,2,0,1,0
3,79,2.78,2,0,4,1,3,0,3,0,2,1,3,0,4,0
14,63,2.75,0,1,1,1,6,0,0,3,2,1,2,0,1,1
0,32,3.32,6,0,1,1,6,0,4,1,3,4,2,3,0,1
1,16,2.6,7,0,2,1,0,1,1,1,0,3,3,4,0,0
10,80,2.41,3,2,3,1,2,0,4,2,2,0,0,2,2,0
2,75,3.4,2,1,0,0,1,1,2,0,1,2,1,4,0,1
4,54,3.76,5,1,4,0,6,0,4,4,3,3,3,1,2,0
2,89,2.0,6,0,3,1,6,0,1,3,2,2,1,3,1,0
11,27,2.43,0,1,2,0,5,1,0,3,0,4,1,0,4,0
11,21,2.07,1,2,0,1,5,0,3,2,3,2,3,3,1,1
13,49,3.28,8,0,4,1,4,1,0,1,3,2,3,1,3,0
1,4,2.64,0,1,2,1,9,0,3,3,4,0,3,2,2,1
2,12,2.26,3,1,3,0,3,1,4,2,4,3,0,1,2,1
0,23,2.17,2,2,1,0,7,0,4,0,1,0,0,3,4,1
5,34,3.67,0,2,0,1,4,0,2,2,1,3,0,2,0,0
7,60,2.17,4,1,3,1,1,1,1,2,3,1,0,4,4,1
7,43,3.97,7,2,3,0,9,0,3,0,0,1,4,2,3,1
2,22,2.68,1,0,3,1,5,1,3,4,4,2,0,1,4,0
8,48,2.78,5,0,1,0,0,0,2,1,2,3,3,3,4,1
0,72,3.21,2,0,2,0,1,0,3,3,2,2,3,4,3,1
1,7,3.82,9,0,1,1,3,0,1,0,1,4,0,2,4,0
10,49,3.53,8,2,0,1,6,1,0,4,0,3,3,0,0,0
0,41,2.55,2,0,4,1,1,0,4,0,0,4,2,1,1,1
5,15,2.93,0,2,0,1,9,1,0,3,1,1,1,2,4,0
0,36,2.38,2,1,4,0,6,0,0,4,0,0,1,1,0,0
14,23,3.47,0,2,1,0,2,1,4,3,3,3,2,4,3,1
5,5,3.4,6,2,4,0,0,0,4,1,1,2,4,0,2,0
6,22,3.74,9,2,1,1,8,0,2,0,4,4,0,0,2,1
3,38,3.33,3,2,4,0,6,0,1,4,0,1,0,3,4,1
8,78,3.8,4,2,2,0,6,0,3,1,4,4,3,2,2,0
10,39,2.21,7,0,2,0,8,1,0,1,0,0,0,3,1,0
7,16,2.96,4,1,2,0,4,1,4,2,0,4,0,2,2,0
12,51,2.1,6,1,0,1,5,0,3,4,1,1,2,3,3,0
12,8,3.47,2,2,1,0,1,0,4,3,4,1,2,0,1,1
11,36,2.13,9,2,4,0,3,1,0,2,3,4,2,1,0,1
8,35,3.77,0,2,4,1,3,1,3,4,1,0,0,2,0,1
4,47,3.98,6,2,1,0,3,0,1,1,3,3,2,2,1,0
9,73,3.38,6,0,1,1,7,1,2,3,2,1,0,3,2,1
4,61,2.71,5,2,0,0,1,1,1,3,3,3,1,3,1,1
13,10,2.9,2,1,1,0,8,0,3,4,1,1,1,1,1,0
11,71,2.66,2,1,3,1,8,0,2,1,2,0,2,4,4,1
7,75,3.97,4,1,4,0,2,0,2,3,4,2,2,1,1,1
8,79,3.91,7,2,1,1,8,0,3,0,0,3,3,4,1,0
3,1,2.31,6,2,3,0,6,1,3,4,4,4,3,1,0,0
12,74,2.54,5,2,0,1,1,1,4,0,0,2,2,1,0,0
6,11,2.34,3,1,3,0,6,0,2,2,1,1,0,2,2,1
2,6,3.91,3,1,0,1,3,0,1,2,4,3,2,0,2,0
6,62,2.42,7,0,0,1,4,0,2,4,4,0,3,3,1,0
11,16,3.0,7,0,3,1,1,1,3,1,2,3,2,2,1,1
0,72,2.75,9,1,2,0,2,0,0,3,0,1,2,3,1,1
7,86,3.55,9,2,0,1,2,0,2,4,1,2,4,4,0,0
7,21,3.38,1,2,4,1,4,1,2,2,4,0,2,4,3,1
7,62,2.41,1,2,0,0,9,0,3,4,3,0,2,0,0,1
7,78,3.42,7,1,1,1,7,1,0,2,1,3,4,4,3,0
2,76,2.61,8,1,4,0,0,1,2,1,2,1,1,2,1,0
5,67,3.69,0,2,0,0,4,0,3,0,2,1,2,3,2,1
11,0,3.38,2,2,3,0,1,1,0,3,3,3,3,2,0,0
2,38,2.3,3,1,3,0,1,0,0,1,0,3,3,2,1,1
3,7,2.76,6,0,2,1,7,0,3,0,1,0,4,0,2,0
11,19,3.41,1,0,0,0,9,1,4,0,0,4,3,0,2,1
4,78,2.0,8,1,2,1,5,1,3,3,3,4,4,2,2,1
7,58,3.46,7,1,1,1,2,0,0,0,2,1,4,1,0,0
12,18,2.3,4,2,3,0,7,1,1,4,2,0,4,1,1,0
13,66,3.08,6,1,2,0,6,0,1,1,4,4,4,1,2,0
7,73,2.78,1,0,1,0,2,1,2,3,2,4,4,2,2,1
3,45,3.65,2,0,0,0,9,0,4,3,0,0,4,2,3,1
1,85,2.62,3,2,2,1,9,1,3,0,4,3,2,2,2,0
1,12,2.24,4,1,1,0,1,0,2,3,0,4,1,0,1,1
9,82,2.4,8,1,3,1,6,1,1,2,3,4,1,2,4,0
11,66,3.11,7,0,3,1,9,0,1,1,3,4,3,4,1,1
13,40,2.72,8,1,2,1,4,0,4,0,1,3,0,1,4,0
7,89,2.62,2,1,3,0,0,1,0,1,2,1,4,2,3,0
2,4,2.18,5,2,1,0,2,1,1,1,3,3,4,2,4,0
2,62,3.66,3,2,0,1,8,0,2,3,2,0,1,1,0,1
9,88,2.42,4,2,4,0,4,0,3,4,0,4,2,1,3,1
1,51,2.08,4,2,3,1,3,1,2,4,1,1,4,2,2,1
13,52,2.77,0,0,1,1,9,0,2,3,2,2,4,3,0,0
3,15,2.92,1,2,3,1,4,0,3,2,4,2,3,3,1,1
7,45,2.83,2,0,2,1,5,1,4,1,3,4,0,1,0,0
9,32,3.14,5,1,0,0,2,1,4,3,0,4,1,0,2,1
3,26,3.47,2,2,0,1,3,0,4,1,4,2,0,2,0,1
1,81,2.61,1,1,0,1,6,0,4,4,0,2,2,3,1,1
6,4,3.38,8,0,4,1,9,1,4,3,0,2,4,0,0,0
0,16,2.36,4,2,2,1,3,0,0,2,2,1,1,1,1,1
5,27,3.14,4,0,2,1,1,0,0,2,0,2,3,4,0,1
7,17,3.19,6,0,4,0,7,0,0,0,4,2,1,3,0,1
3,81,3.06,2,2,1,0,4,0,2,0,1,0,0,2,0,0
11,80,3.96,4,0,0,1,3,0,0,4,0,0,4,0,4,0
6,66,2.58,2,2,4,1,4,1,4,0,2,4,4,0,3,0
13,68,3.39,4,1,3,0,7,0,4,2,4,2,3,3,2,0
9,28,2.28,2,0,0,1,9,1,3,1,4,3,2,3,4,1
3,3,2.63,5,0,1,0,0,0,1,3,4,4,0,2,3,0
8,26,2.21,8,1,2,1,5,0,2,1,3,3,2,4,3,0
12,10,2.5,8,0,1,1,0,1,3,3,0,3,3,4,3,0
11,41,3.37,9,1,4,0,1,0,1,1,0,3,4,1,2,0
14,66,2.15,2,1,2,0,0,0,0,4,3,3,2,2,2,1
2,30,2.08,4,0,0,0,6,0,2,3,2,0,1,0,4,0
8,45,2.1,1,2,2,1,4,0,4,2,0,3,2,1,2,0
12,27,2.2,7,1,2,1,1,1,3,2,1,3,3,3,1,0
3,59,3.42,7,1,1,0,8,1,2,3,0,0,0,0,2,1
5,29,2.39,6,1,1,1,3,1,3,0,4,2,1,2,3,0
12,88,2.29,3,0,4,1,3,0,0,0,4,0,4,1,2,0
10,5,3.68,4,0,0,1,3,0,3,3,2,3,1,4,1,0
6,47,2.47,9,1,0,1,8,1,3,0,0,4,2,2,0,1
4,44,3.51,7,2,2,1,8,0,2,4,2,0,3,1,2,0
4,88,3.84,9,2,0,1,8,1,4,1,4,2,0,1,3,1
8,32,2.8,8,1,0,1,3,0,1,0,1,1,3,2,3,0
8,53,3.37,0,1,1,0,6,0,1,0,0,4,2,3,3,0
3,15,2.01,6,2,4,1,0,1,0,3,4,1,4,0,4,1
11,49,2.17,5,1,1,1,4,1,1,2,1,1,1,0,1,0
11,23,2.19,9,2,0,1,3,1,4,4,4,2,0,4,1,0
0,49,3.68,9,0,3,0,8,0,1,2,4,2,2,0,3,1
11,42,3.34,3,0,4,0,8,1,1,0,0,4,3,2,3,0
7,80,2.75,8,1,2,1,0,1,3,3,1,1,3,4,1,0
13,82,3.47,1,0,4,1,6,1,2,1,3,0,2,2,3,0
7,42,3.44,5,0,3,1,1,1,1,2,1,3,1,3,4,0
12,52,3.49,9,2,3,1,0,1,0,3,1,1,4,2,0,0
14,78,3.27,2,0,2,0,0,1,0,1,0,0,4,0,1,0
7,14,3.21,4,0,2,1,1,0,4,4,0,1,0,3,3,0
14,24,3.6,9,1,4,1,7,0,3,2,3,0,3,4,1,1
13,48,2.77,4,0,2,1,6,0,1,3,1,1,3,3,4,1
6,1,2.63,4,1,0,0,0,0,2,3,1,1,2,4,0,0
13,72,3.65,2,2,1,1,3,0,4,0,2,2,3,1,1,1
9,88,2.53,7,1,2,0,4,1,3,0,2,0,3,3,1,1
6,12,2.43,4,0,1,1,9,1,1,3,0,3,0,4,0,1
10,76,3.14,5,1,2,1,0,1,1,4,0,0,0,1,0,1
7,12,2.28,0,1,3,1,9,0,2,0,0,0,3,4,3,0
14,6,2.33,3,0,2,0,9,0,0,2,0,0,1,1,3,0
12,14,3.57,9,1,1,1,4,1,0,1,2,1,0,4,4,1
9,2,3.12,0,2,0,0,4,1,1,2,2,3,0,0,3,0
7,24,2.22,3,1,0,1,7,0,1,1,3,4,1,1,3,1
5,55,3.16,8,2,0,0,6,1,1,2,4,1,0,4,3,1
1,46,2.6,2,2,2,1,3,1,4,2,0,2,0,0,0,0
8,31,2.49,4,0,3,1,1,0,1,3,4,4,2,1,4,1
2,82,2.84,2,0,1,1,2,0,0,4,0,0,1,3,4,1
12,33,3.19,4,2,2,0,0,0,4,3,2,2,3,1,2,0
14,84,3.26,7,2,3,0,3,1,2,0,2,1,4,3,2,0
4,74,2.98,5,2,3,0,1,0,4,3,3,1,4,2,2,0
6,65,2.07,0,0,3,0,2,0,0,3,1,0,0,0,1,0
4,41,3.73,0,0,2,0,4,1,4,0,3,2,0,0,4,0
13,19,3.04,7,2,1,0,3,0,4,3,2,4,4,3,1,1
7,12,2.37,0,0,2,1,0,0,0,2,1,1,0,4,4,0
13,23,3.98,4,1,2,1,5,1,3,1,4,4,1,0,3,1
6,1,2.35,8,0,0,0,8,1,3,2,1,1,4,4,0,0
3,61,2.45,0,1,3,0,9,0,2,3,3,4,2,0,0,1
12,35,3.22,2,2,3,1,8,1,0,2,3,3,0,0,2,1
6,86,3.54,0,1,4,0,7,1,2,0,1,0,3,3,1,1
8,50,3.07,3,1,4,1,0,1,4,0,3,0,4,4,0,0
4,18,3.57,9,0,3,1,1,1,2,2,4,0,3,4,0,1
10,79,2.41,6,2,2,0,9,1,2,3,4,1,2,0,3,1
3,26,3.2,1,2,4,0,2,0,1,2,3,0,1,3,1,1
0,9,3.43,5,2,4,0,8,1,4,0,1,0,1,2,2,0
11,33,2.32,2,2,0,0,7,0,0,3,4,1,3,1,0,1
5,19,2.74,0,2,4,0,4,0,3,4,4,1,4,4,2,1
4,34,2.03,2,0,1,0,5,1,3,4,2,0,4,1,2,0
1,3,3.77,5,0,0,0,1,0,2,0,0,1,4,0,1,1
14,13,2.94,1,0,2,1,3,0,2,0,4,2,3,3,1,0
14,28,2.63,5,1,0,0,9,0,3,0,0,3,4,2,4,0
10,2,2.63,0,0,3,1,6,0,2,1,1,3,2,1,4,0
13,89,3.88,0,1,1,1,2,0,3,4,3,3,1,4,0,1
14,84,2.35,0,2,1,0,5,1,4,1,0,2,3,4,3,1
10,71,3.72,9,0,1,0,4,0,1,4,3,4,3,4,2,0
3,62,2.29,3,0,4,0,0,1,2,1,3,3,4,4,0,1
6,57,3.42,7,0,1,1,5,1,1,1,3,0,3,1,3,1
13,15,2.62,1,2,1,1,3,0,3,0,3,1,2,0,3,0
2,18,2.37,7,2,2,0,0,0,2,0,1,2,0,2,1,0
3,39,3.54,9,2,3,0,4,0,1,0,3,0,2,1,3,1
7,47,2.95,3,0,0,1,1,1,1,0,2,0,0,2,1,1
5,79,2.4,6,2,1,0,3,0,4,4,3,4,3,2,3,1
11,8,2.08,1,1,1,1,2,0,4,1,1,3,4,1,3,0
11,25,2.66,6,1,2,1,1,0,4,1,4,4,0,2,3,1
14,56,3.65,1,2,0,0,1,1,1,2,4,3,1,4,2,1
9,46,2.53,0,2,2,0,7,1,1,2,3,1,0,1,3,1
6,75,2.16,4,1,2,1,2,1,0,0,1,0,2,2,4,1
6,2,3.94,2,1,2,1,9,0,0,4,4,0,2,2,3,0
6,67,3.43,6,2,4,1,2,1,4,1,0,3,2,4,1,1
13,68,3.24,7,1,1,1,1,1,1,3,4,1,3,1,4,1
14,55,3.26,0,2,4,1,3,1,4,0,3,2,3,1,0,1
14,39,3.44,5,2,2,1,2,0,3,2,4,4,4,3,3,1
3,77,2.29,6,0,2,0,6,1,0,3,4,1,2,4,4,1
6,15,2.73,7,0,1,1,9,0,2,1,2,0,2,2,0,0
8,32,2.28,8,0,4,0,6,1,0,4,3,4,4,1,2,1
3,35,2.9,8,2,0,0,5,1,0,0,3,3,2,0,3,0
5,20,3.82,7,0,4,0,1,1,0,1,4,3,0,2,3,1
8,88,3.13,0,1,1,1,8,1,0,4,0,0,0,1,4,0
8,38,3.48,2,2,4,0,4,0,3,4,4,4,4,3,0,1
0,88,3.71,9,2,2,0,3,0,3,2,3,0,4,2,2,1
6,23,3.04,5,0,4,1,4,1,4,4,2,0,2,3,4,0
1,41,3.5,8,0,1,0,0,0,2,3,4,3,0,1,3,1
1,52,3.35,5,1,4,1,7,0,4,3,3,2,4,1,0,0
9,83,2.89,7,0,1,1,0,0,4,1,4,0,3,0,0,1
5,0,3.24,1,0,4,0,1,1,2,2,2,4,3,2,1,1
11,55,2.73,9,1,0,1,2,0,3,4,2,2,2,1,1,0
5,5,2.87,2,1,1,1,2,0,0,2,0,0,1,2,1,1
10,24,3.71,1,2,0,1,8,0,0,2,1,4,2,2,4,1
2,39,3.31,5,2,1,1,0,1,1,3,1,3,2,2,3,1
14,30,3.17,0,1,3,1,5,0,0,2,0,2,1,0,3,0
10,40,3.44,6,1,2,0,2,1,4,3,0,0,4,4,4,1
7,0,3.35,0,1,1,0,5,1,3,3,3,1,4,1,0,0
4,55,3.8,5,2,2,1,9,1,2,4,4,4,0,0,0,1
3,65,2.46,5,1,0,1,5,0,1,2,2,3,3,1,1,0
6,76,3.9,8,0,4,0,6,1,1,4,0,3,2,1,2,1
5,10,2.4,3,2,1,0,1,1,4,0,1,2,4,2,0,1
7,5,3.27,9,0,4,0,8,0,0,1,3,0,2,3,3,1
1,25,2.82,5,2,1,0,3,0,1,3,3,1,2,2,0,0
4,27,3.96,0,2,3,1,7,1,4,1,4,3,3,1,1,0
12,56,3.35,6,2,2,0,2,1,3,4,4,3,3,2,3,0
13,77,2.87,5,2,2,1,7,0,4,3,1,0,1,3,2,1
10,16,3.33,7,0,3,0,8,1,0,4,4,4,0,1,4,1
9,22,3.02,7,0,1,1,1,1,2,2,2,4,0,2,0,0
5,63,2.52,0,0,4,1,9,0,1,3,2,1,1,3,2,0
13,27,2.81,3,0,0,1,9,0,4,3,2,1,1,3,4,0
11,34,2.17,7,1,2,0,2,0,3,0,1,0,3,2,4,1
6,15,3.09,9,1,4,1,1,0,1,3,4,3,0,0,0,0
11,88,2.68,1,1,3,0,3,0,3,3,1,4,3,2,0,1
12,6,2.95,3,2,4,0,1,0,1,2,1,1,1,3,1,0
7,84,2.86,2,1,2,1,7,1,0,0,4,2,3,4,0,1
7,36,2.54,2,1,2,1,5,0,1,3,2,1,0,2,0,0
4,53,3.83,2,0,0,1,4,0,0,1,2,3,4,0,3,1
14,10,3.57,4,2,1,1,5,0,4,1,4,2,1,3,4,0
7,35,3.35,8,1,3,1,2,0,1,0,3,3,0,2,3,0
7,88,2.19,5,2,0,0,1,0,3,2,3,4,0,3,4,1
14,16,3.52,2,0,2,1,6,1,4,2,0,0,2,4,4,0
0,84,2.54,4,0,1,1,9,1,4,1,4,2,3,2,3,1
7,61,2.09,2,0,2,0,9,0,1,1,1,3,2,4,2,0
6,89,3.9,8,0,0,1,3,1,2,0,2,4,3,0,3,1
11,80,2.27,2,2,4,1,9,1,1,3,3,4,3,1,0,1
12,81,2.35,9,0,4,0,3,1,0,4,3,4,0,3,1,1
11,74,3.35,0,2,2,0,6,0,2,0,4,2,4,0,3,0
0,14,3.68,6,2,3,0,8,1,3,3,4,1,1,4,1,0
4,16,3.73,1,0,3,0,3,1,0,0,4,2,2,2,4,0
9,55,2.95,1,2,4,0,2,1,3,4,4,4,3,2,4,0
5,48,3.91,0,2,4,1,5,1,1,1,0,1,3,2,2,0
8,1,2.89,9,2,1,1,0,1,3,3,1,2,2,4,3,1
7,51,3.44,1,2,2,0,8,0,4,3,2,2,3,0,4,1
12,57,3.34,1,0,4,1,4,0,4,0,0,0,2,1,4,0
7,0,3.66,1,0,2,0,9,0,2,4,2,1,1,0,1,0
2,25,2.42,6,2,1,1,2,1,3,4,3,0,2,0,3,1
5,4,2.5,9,0,0,1,8,0,3,0,4,3,3,2,0,1
6,57,2.7,2,2,1,0,1,1,0,2,3,2,0,3,0,1
3,71,2.55,7,2,0,1,4,1,3,1,3,0,4,3,3,1
3,39,3.03,3,0,1,0,1,1,1,2,3,4,4,0,1,1
6,46,3.88,9,2,1,1,5,1,3,2,4,4,1,0,0,0
0,77,3.49,8,0,2,1,4,0,1,3,2,2,3,4,1,1
14,2,2.26,4,0,2,0,6,0,3,0,0,1,3,0,4,0
9,62,2.87,2,1,0,1,5,0,2,4,4,2,2,4,1,1
0,68,2.16,6,0,3,1,8,0,1,3,4,4,4,2,3,1
8,40,2.66,1,1,4,0,5,0,3,2,1,4,2,3,1,0
4,81,2.88,8,1,4,1,6,0,1,1,2,2,0,1,3,0
7,35,2.85,7,0,2,0,3,0,1,1,1,4,0,4,4,0
7,75,3.75,2,0,4,0,1,1,3,2,1,3,4,1,2,1
11,75,3.87,1,0,2,0,3,1,4,4,3,0,2,2,2,0
2,85,2.95,1,2,1,0,7,0,1,0,1,0,1,1,0,1
7,19,2.51,5,2,1,1,2,1,3,1,1,3,2,3,2,1
5,84,2.12,5,2,4,1,0,1,1,0,0,4,3,0,4,1
8,60,2.43,5,1,3,1,7,1,0,1,1,3,0,2,0,1
10,16,2.96,0,2,4,1,6,0,2,2,4,3,4,1,0,1
14,22,3.61,6,1,3,0,7,1,3,0,1,4,4,3,4,1
6,0,3.6,4,0,1,0,5,1,1,3,4,2,1,4,3,0
1,29,2.09,8,2,2,0,5,1,3,1,4,1,2,1,1,1
5,4,2.29,0,1,2,1,8,0,1,0,2,3,2,2,0,1
7,38,3.77,2,1,0,0,6,0,0,2,2,0,1,0,0,0
12,21,2.67,9,1,1,0,9,0,0,1,0,3,3,4,3,1
0,25,3.26,3,0,4,1,8,0,4,0,0,4,2,1,3,1
8,37,2.86,2,0,3,1,8,0,0,4,3,3,1,1,0,1
0,76,2.4,0,2,1,1,5,0,3,4,0,1,3,1,1,1
8,26,2.8,5,1,2,1,9,1,4,1,2,0,2,4,4,0
6,12,3.06,4,0,1,1,7,0,2,4,3,0,4,0,2,1
14,36,3.98,8,0,3,1,6,0,0,3,4,2,1,2,1,0
10,5,3.91,7,0,2,0,6,1,1,4,2,1,2,1,3,0
4,83,2.43,6,2,3,1,4,0,1,0,3,4,1,4,4,1
3,20,3.58,7,1,0,0,4,1,2,0,3,4,3,0,0,0
2,76,3.9,9,0,1,1,1,1,3,4,3,2,4,1,0,1
4,32,2.35,7,1,2,1,7,0,3,4,4,4,4,1,4,1
14,88,2.75,1,2,3,1,1,1,1,1,0,4,2,4,4,0
9,61,3.3,2,1,0,1,3,1,3,0,0,1,3,4,1,1
4,15,3.15,1,2,4,0,3,0,4,4,3,2,1,3,3,0
11,23,2.27,2,0,1,0,3,0,0,4,3,3,1,0,1,1
4,58,3.04,8,0,4,1,8,0,2,0,4,3,1,1,0,0
4,18,3.29,4,0,4,0,4,0,2,2,3,0,4,1,3,1
1,69,2.47,2,2,2,0,8,1,2,2,1,2,0,3,0,0
4,16,3.3,5,0,2,1,8,0,3,1,3,4,4,0,1,0
10,61,3.52,4,1,0,1,2,0,0,0,3,0,1,4,0,1
7,40,3.85,4,2,0,0,2,1,3,3,4,4,3,2,4,0
7,39,2.08,5,1,2,0,3,0,1,1,3,4,1,0,0,0
3,68,2.53,7,1,2,1,1,0,4,3,0,4,3,3,3,1
10,5,2.98,7,0,1,1,1,1,4,1,2,4,1,0,0,1
13,79,3.52,5,0,3,1,6,0,2,1,1,2,0,3,2,1
14,21,3.81,4,0,3,0,5,0,1,4,0,2,3,0,1,1
11,59,3.11,4,0,1,0,9,1,1,0,0,4,0,2,4,1
3,52,2.12,4,2,3,0,5,1,1,2,1,4,0,0,2,1
4,8,3.02,7,1,3,1,0,0,4,1,4,3,1,0,3,0
13,63,2.33,0,1,2,0,3,1,2,4,0,0,4,1,2,1
1,78,3.57,3,0,0,1,5,1,2,2,4,4,3,3,2,1
5,55,2.66,1,2,3,0,5,1,4,3,3,1,3,0,1,0
4,26,2.91,3,0,1,0,0,1,3,3,4,2,1,0,2,0
13,32,3.54,7,0,4,0,5,1,2,0,0,4,0,2,4,0
9,6,2.7,7,1,2,1,2,0,3,2,3,2,2,4,3,0
14,30,3.01,2,0,3,1,9,1,2,1,1,0,3,2,1,0
14,76,2.24,5,2,4,1,2,1,0,4,4,1,2,4,1,1
12,61,3.46,5,0,4,1,4,0,3,2,3,4,4,2,3,0
7,85,3.92,4,1,4,0,4,0,4,0,0,1,3,3,0,0
11,71,3.48,5,1,2,0,7,1,1,1,3,2,2,2,2,0
1,21,2.52,9,0,4,1,5,1,4,2,3,4,0,4,3,1
1,61,2.89,5,0,3,1,6,1,4,0,1,1,1,0,0,1
2,59,2.14,1,2,3,0,1,0,0,0,4,3,3,3,4,0
14,23,2.38,6,1,1,1,0,1,2,0,0,4,4,0,1,0
3,71,2.16,5,2,2,1,4,0,3,2,3,4,3,4,2,1
8,57,3.84,9,1,2,0,0,1,3,0,3,1,4,4,3,1
1,37,4.0,6,2,3,1,1,0,1,1,2,4,2,4,1,1
3,46,2.73,6,1,1,1,9,1,4,0,3,4,1,2,2,0
14,44,2.36,2,2,0,1,1,1,0,0,1,1,1,4,4,0
8,79,2.04,4,2,4,0,1,1,3,2,2,4,2,4,1,0
9,57,3.77,0,2,1,1,7,0,0,2,2,4,1,1,2,0
2,44,2.88,1,2,1,0,3,1,4,3,0,2,4,4,1,0
13,40,2.28,6,2,2,1,7,0,2,0,4,1,4,1,4,1
4,78,3.06,2,0,2,1,7,1,0,4,3,1,3,1,0,0
5,30,2.27,3,0,2,0,5,0,0,4,3,4,4,2,4,1
8,5,3.3,5,2,0,1,2,0,2,0,2,1,3,4,1,1
7,23,3.55,2,0,2,0,6,0,0,2,2,2,3,0,2,1
11,17,2.18,5,2,4,0,1,1,4,4,3,0,2,0,4,1
11,51,3.16,9,2,0,0,7,1,1,0,4,3,0,4,2,0
9,82,3.61,1,2,1,0,2,0,2,1,3,0,2,3,1,0
4,5,2.08,0,2,2,1,1,1,4,2,2,1,4,3,4,0
5,76,2.12,1,1,3,0,1,0,3,4,1,0,3,2,1,0
3,50,3.39,8,2,4,0,5,0,1,2,3,3,0,3,3,1
10,4,2.32,5,0,0,1,4,1,4,4,0,3,0,2,2,0
3,34,2.15,2,0,0,0,9,1,4,1,4,2,4,2,4,0
10,33,3.18,1,2,4,0,1,0,2,0,3,0,3,3,4,1
4,14,2.79,3,0,2,1,6,0,1,0,2,3,1,1,4,0
12,3,3.13,2,0,2,1,2,0,1,4,3,1,4,3,2,1
2,18,3.99,5,1,1,1,6,1,0,4,1,1,1,3,4,1
5,12,3.93,3,2,0,1,9,0,1,4,1,0,0,0,2,1
14,70,2.28,5,1,3,1,0,0,0,2,4,0,4,4,1,0
11,87,2.58,0,1,1,1,0,0,4,1,2,2,0,1,3,0
13,17,2.54,8,1,2,1,1,0,1,1,2,3,3,0,2,0
5,20,2.25,2,2,3,1,6,0,2,2,3,4,0,2,1,0
10,77,2.29,7,2,2,1,3,0,0,1,3,0,4,1,1,0
3,32,2.64,8,2,3,1,8,0,0,3,2,0,0,0,1,1
8,45,2.8,1,0,0,0,4,1,1,1,0,3,1,4,3,1
6,30,3.31,0,0,2,1,9,0,1,3,3,3,4,2,1,1
12,42,3.53,8,2,4,1,8,0,0,3,1,1,3,3,1,0
13,64,2.35,4,2,4,1,8,0,1,2,0,2,0,3,3,0
5,13,2.39,8,0,2,0,6,0,4,2,3,1,0,0,3,1
3,12,2.11,8,1,0,0,8,0,3,2,4,0,0,4,2,0
7,13,2.69,0,1,4,0,7,0,1,3,4,1,2,3,3,0
1,32,3.98,7,2,4,0,0,0,1,0,2,2,2,0,0,0
2,59,3.51,9,1,3,0,6,0,0,3,3,0,0,2,3,0
9,86,3.62,1,0,1,0,5,0,1,2,3,4,4,4,0,0
0,89,3.29,5,2,4,1,0,0,3,3,1,0,3,0,4,0
11,44,3.02,9,0,2,1,9,1,2,2,0,1,4,3,1,1
3,12,2.6,6,0,0,1,9,0,0,4,3,3,0,0,4,1
1,81,2.87,7,2,0,0,3,0,3,0,2,2,4,1,3,0
1,4,2.51,8,1,1,0,9,1,0,0,1,4,3,2,1,0
3,59,2.0,0,1,0,0,6,1,2,4,2,1,0,0,4,1
8,4,2.33,6,1,2,0,7,1,1,3,3,2,0,3,0,0
0,75,2.56,1,0,0,1,8,1,4,4,1,4,4,4,0,1
6,83,3.7,7,2,4,0,9,0,1,2,1,2,1,3,2,1
11,21,2.94,0,0,1,1,7,1,3,4,2,0,1,0,0,1
5,5,3.87,9,2,3,0,3,0,3,1,1,0,2,3,3,0
12,22,2.83,2,2,1,0,8,0,2,3,1,4,1,1,4,0
6,12,2.24,6,1,4,0,1,0,3,3,0,4,3,0,3,1
4,28,3.23,3,1,3,0,2,1,1,4,1,4,1,0,4,1
5,85,2.94,5,0,1,0,9,1,1,0,2,0,3,0,3,0
9,65,2.22,7,0,3,1,5,1,2,0,1,2,1,1,2,1
3,18,4.0,9,0,4,0,5,1,2,0,4,1,4,4,0,0
7,69,2.01,8,0,3,1,4,1,3,1,3,1,3,4,1,0
6,22,2.17,0,2,2,1,0,0,3,1,4,3,1,3,4,1
6,41,3.51,7,0,0,0,7,1,2,2,0,1,4,2,0,1
3,78,3.8,6,2,4,1,8,1,0,1,0,4,2,1,3,1
4,23,3.49,4,1,3,0,0,1,2,2,0,3,1,4,4,1
13,63,3.39,9,0,4,1,6,1,2,3,2,2,4,2,4,1
1,72,2.28,8,2,2,0,7,1,1,0,2,3,3,4,4,1
7,61,3.33,0,2,1,1,6,0,3,0,2,2,2,3,1,1
1,52,3.4,2,1,2,0,8,1,2,2,1,1,2,1,2,0
1,44,2.43,4,2,1,0,8,1,0,4,3,1,4,2,4,1
12,32,2.68,3,1,4,0,2,1,3,3,0,0,2,2,4,1
8,67,3.61,4,1,3,1,5,1,2,4,0,0,4,2,3,0
1,8,3.38,9,1,4,1,0,0,2,4,1,0,1,0,1,0
3,1,2.53,4,2,1,0,2,1,3,3,4,0,0,1,4,1
6,89,2.52,6,2,3,0,1,0,2,2,3,1,2,1,3,0
8,43,3.91,6,0,2,1,6,1,4,1,1,0,0,3,4,0
9,52,3.79,6,1,1,0,0,0,0,4,3,2,4,3,2,0
10,67,2.62,9,1,0,1,8,1,4,0,0,2,0,0,4,1
7,6,2.39,1,0,1,1,0,1,1,3,0,2,2,4,4,1
12,69,3.8,1,0,3,0,6,0,3,2,1,1,4,0,3,0
10,87,3.48,7,1,2,1,1,0,0,3,4,4,4,0,3,1
14,60,2.85,3,0,2,1,6,1,1,1,0,4,1,2,1,1
12,71,3.26,2,0,0,0,2,0,1,3,1,3,0,3,0,1
8,69,2.51,5,2,4,1,9,1,4,3,4,1,1,3,2,1
3,71,3.47,4,1,3,0,3,0,3,2,0,4,1,3,4,1
12,51,3.84,4,0,0,1,5,1,3,4,4,3,4,1,1,1
11,10,2.85,1,0,3,1,8,1,1,1,4,2,2,2,1,0
2,76,3.06,4,0,0,0,8,0,1,2,1,2,0,0,0,0
1,47,2.19,6,1,4,0,4,0,3,3,0,0,0,2,1,0
11,6,2.71,3,1,4,1,4,1,4,2,4,0,1,4,1,0
0,68,2.3,6,2,0,1,0,1,2,4,1,2,2,4,2,1
2,55,2.55,7,0,4,0,0,0,4,0,4,1,3,1,0,0
7,66,2.43,5,0,2,0,9,1,4,1,1,1,0,0,3,1
14,40,2.59,4,0,3,1,8,1,1,3,2,3,0,3,0,0
9,18,2.66,5,0,1,1,7,0,0,0,0,2,3,1,1,0
0,78,2.09,5,1,1,1,0,1,2,1,3,0,3,4,0,0
9,50,2.28,3,0,4,1,4,0,3,1,0,2,0,4,2,0
4,89,2.34,7,0,2,1,3,0,3,2,2,0,1,2,2,0
7,86,2.88,6,1,1,0,6,0,2,0,1,4,4,3,3,1
2,5,2.12,2,1,0,0,8,1,4,0,0,0,2,2,0,0
0,39,3.85,4,2,2,1,8,1,0,2,2,4,2,3,0,1
2,85,2.06,4,1,4,0,3,1,2,2,3,1,2,3,1,1
4,68,3.42,0,1,1,1,7,1,1,2,0,1,3,0,3,0
8,31,2.11,6,1,2,1,2,1,0,2,2,1,4,0,1,0
0,28,3.48,5,1,0,0,5,0,3,4,4,2,3,2,3,0
8,44,3.59,0,0,0,1,8,0,3,1,4,2,0,0,3,1
9,79,2.73,3,2,4,0,8,0,3,2,4,0,1,2,2,0
3,81,2.79,2,2,2,1,6,1,4,0,4,1,4,2,1,1
6,54,3.91,3,1,2,1,0,1,1,1,0,3,2,4,1,1
0,3,3.19,9,0,2,0,6,1,0,3,1,1,1,1,1,0
4,81,2.25,4,2,1,0,3,1,1,2,0,0,1,1,4,1
8,71,2.42,7,2,1,0,7,1,0,0,0,0,3,2,3,1
8,23,2.28,5,0,1,0,1,0,1,4,1,1,3,2,0,1
4,6,3.76,3,1,0,1,2,1,3,4,0,2,3,2,4,0
9,82,2.48,6,2,2,1,3,0,3,1,0,4,1,4,4,0
11,78,2.02,0,2,4,0,3,0,1,0,2,3,3,1,0,1
8,21,2.32,4,1,0,0,9,1,2,4,2,0,4,3,1,1
12,9,3.35,5,2,4,0,8,0,4,2,2,1,2,4,0,0
12,41,2.17,8,2,1,0,5,0,0,4,2,3,0,4,2,1
3,87,2.81,0,2,2,1,5,1,3,1,0,0,2,4,0,1
3,52,2.11,4,2,3,1,3,0,1,3,0,1,4,3,2,1
1,48,2.09,7,1,3,0,1,0,2,3,2,0,0,2,2,1
10,53,2.47,7,1,3,0,2,0,2,1,3,2,2,4,1,1
9,86,3.29,9,0,1,0,9,0,0,1,2,0,3,0,4,0
8,36,3.43,7,1,2,0,2,1,0,0,2,4,4,4,4,1
10,76,3.41,4,2,2,1,2,1,0,3,4,3,1,2,0,0
7,78,2.38,6,1,1,1,2,1,2,4,2,1,2,0,3,0
3,5,3.41,8,1,2,0,3,1,3,4,3,1,2,2,1,1
5,32,3.12,7,2,2,0,2,0,0,1,3,3,0,1,1,1
4,4,2.52,5,1,1,1,9,0,0,0,1,3,2,1,2,1
2,24,3.55,4,1,0,1,4,1,0,0,4,3,0,1,1,1
0,65,3.05,8,0,3,1,0,0,2,4,3,1,2,4,2,1
7,2,2.12,4,1,4,0,6,0,2,0,1,0,4,2,2,0
1,21,3.01,5,2,1,0,8,0,1,4,2,0,3,1,3,0
3,59,2.49,7,0,2,1,2,1,2,4,2,1,1,3,1,0
3,88,3.99,5,2,2,1,7,1,4,4,3,2,2,0,3,0
14,76,2.82,6,1,2,0,2,0,3,0,1,4,3,1,3,1
4,24,2.45,4,0,3,0,5,1,3,1,0,1,4,0,4,0
14,38,2.28,3,2,1,0,4,0,4,1,2,2,1,4,4,1
7,46,3.27,6,0,3,0,5,0,3,3,0,4,0,1,1,1
3,76,2.2,4,1,1,1,4,0,0,4,2,1,2,1,3,1
12,52,3.02,5,0,4,1,9,1,1,2,4,2,0,2,1,0
2,78,3.15,1,2,2,0,2,1,0,1,3,1,4,2,0,0
3,48,2.19,0,1,0,1,4,0,0,3,1,0,2,3,3,1
7,1,3.91,6,2,3,1,3,0,0,3,0,4,4,3,4,1
5,19,3.57,6,2,3,1,3,0,0,0,3,1,4,1,2,0
8,41,2.64,2,1,0,0,4,0,4,0,3,3,2,4,2,0
1,14,2.56,1,0,4,1,4,0,4,4,3,1,0,3,3,0
5,59,2.25,6,0,2,1,5,1,4,0,0,0,4,2,2,1
5,76,2.66,6,2,0,1,8,0,2,2,3,2,3,3,0,0
1,15,3.32,5,2,2,1,0,0,4,3,1,0,2,4,0,0
9,67,2.92,8,1,0,1,8,1,3,0,1,2,4,0,1,0
0,64,3.93,2,1,0,1,8,1,3,1,4,0,2,4,0,0
13,3,3.21,9,1,3,1,4,0,0,4,4,3,0,1,3,1
4,62,2.85,7,2,2,1,3,1,0,3,3,2,4,0,4,1
11,5,3.56,1,1,2,1,1,1,3,1,1,1,0,0,4,1
1,8,3.33,1,1,0,0,3,1,1,0,0,2,4,3,3,1
0,68,3.04,6,2,0,1,8,0,3,3,2,1,4,0,4,0
4,55,3.45,6,1,0,1,8,1,3,3,1,1,4,3,4,1
13,18,2.54,1,1,4,0,5,0,3,3,3,4,4,3,2,0
6,67,3.78,3,1,0,1,9,0,4,1,0,1,0,2,0,0
10,4,2.34,6,1,1,1,5,0,4,3,0,3,1,4,4,0
2,18,3.37,7,2,0,1,5,1,3,4,4,1,4,2,0,1
6,81,2.38,4,1,2,1,4,1,3,4,0,3,3,1,4,0
8,58,2.05,8,1,3,0,7,0,4,3,2,4,3,1,1,1
1,69,3.13,3,2,3,0,4,1,4,1,0,0,1,4,1,1
11,28,2.2,3,0,4,1,1,0,2,2,4,4,4,0,2,0
11,24,3.39,5,0,4,1,1,0,4,0,3,2,0,0,0,0
11,53,2.26,9,0,1,0,2,1,3,3,2,3,3,3,2,1
12,0,3.08,6,1,0,0,1,1,1,4,1,1,1,3,2,0
12,66,2.4,5,0,3,1,6,1,3,2,2,2,4,0,1,1
1,47,3.77,7,2,3,1,5,0,0,1,3,3,1,2,3,0
5,46,3.71,8,1,0,0,6,1,3,1,1,3,1,1,4,0
9,88,3.18,1,1,1,0,6,0,3,4,0,2,3,0,2,0
4,50,3.63,3,0,0,1,8,0,1,0,1,4,2,1,0,1
14,1,2.57,9,1,4,0,0,1,4,3,0,4,2,1,3,0
2,87,3.74,0,1,1,0,2,0,2,1,4,2,3,3,0,1
10,35,3.18,2,0,2,0,4,0,0,3,0,3,2,2,0,0
6,26,2.75,9,2,2,0,2,1,1,3,3,4,0,3,4,1
12,47,3.61,6,0,1,1,4,0,1,3,3,1,3,3,3,0
4,43,2.62,1,2,1,1,6,1,3,3,3,1,0,2,3,1
1,14,3.86,3,2,3,1,0,0,1,2,1,2,3,2,4,0
9,1,2.24,4,2,3,1,2,0,0,1,3,4,0,0,2,0
11,16,2.35,4,1,1,1,7,1,1,1,2,2,4,3,4,1
7,53,2.33,3,1,3,0,3,1,0,2,1,4,1,4,4,1
2,75,3.78,3,1,4,0,8,0,0,1,4,4,2,1,3,0
1,0,3.06,6,1,2,0,1,1,1,1,3,1,2,3,3,1
2,0,2.12,5,2,0,0,7,0,1,4,2,2,2,0,4,1
5,36,3.86,6,0,0,0,9,0,1,3,3,2,4,4,4,1
11,70,2.79,3,0,2,1,7,1,0,2,4,0,3,1,4,1
4,1,2.01,7,2,2,0,8,1,2,0,3,3,4,1,4,1
4,61,2.44,2,1,3,1,7,0,3,1,3,0,4,2,0,0
11,26,3.48,2,1,2,1,2,1,1,1,2,4,2,0,1,0
1,20,2.76,9,2,1,0,9,1,2,1,3,3,0,1,1,0
3,79,3.67,1,0,2,0,4,1,2,1,4,4,4,1,1,0
9,52,2.43,1,0,4,0,9,0,0,0,2,0,3,0,0,0
0,88,3.26,9,1,4,0,5,1,1,1,2,2,4,2,0,0
6,47,2.39,0,0,0,0,1,1,2,1,0,4,4,1,4,1
1,42,2.02,0,2,2,0,3,0,4,3,3,4,2,2,1,0
14,27,2.82,4,0,3,1,3,0,2,1,3,0,4,1,2,1
2,60,3.78,6,0,1,1,8,1,0,3,1,2,3,2,4,0
5,34,3.1,7,1,1,1,8,0,1,3,1,2,2,3,1,1
0,81,3.81,6,2,4,1,4,1,2,4,1,4,4,1,4,1
4,64,2.74,6,1,2,0,5,1,0,3,0,0,4,0,4,1
3,22,3.29,5,1,4,1,5,0,1,2,3,2,3,3,0,0
8,86,3.73,2,2,4,0,9,0,4,3,0,0,4,3,1,0
6,55,2.85,7,2,1,0,8,1,2,1,0,2,2,3,3,0
5,52,2.41,5,0,2,1,1,0,4,4,2,2,2,3,3,0
11,2,2.29,9,0,0,1,5,1,1,4,4,3,1,3,3,0
10,87,2.4,0,1,1,0,6,1,0,0,0,2,0,2,3,0
14,6,2.77,4,1,0,1,8,0,0,0,4,1,2,1,1,1
13,27,2.61,9,0,1,0,0,0,4,0,3,4,3,1,4,1
11,77,2.42,9,0,0,0,7,0,0,0,4,3,1,3,3,1
7,84,2.45,7,0,3,0,3,0,1,3,1,3,3,0,4,0
4,36,3.87,8,1,2,1,7,1,3,4,1,1,0,0,0,0
4,0,3.49,9,0,2,0,5,0,3,3,0,2,2,1,2,1
5,86,3.05,3,2,4,1,7,0,2,0,0,4,4,2,4,0
3,74,2.41,2,2,3,1,2,1,2,3,2,0,1,2,4,1
3,69,3.54,7,0,1,1,8,1,1,2,4,3,3,2,1,0
14,45,3.17,5,0,3,1,7,0,1,0,3,3,2,4,1,0
0,41,2.56,8,0,3,1,6,1,2,0,0,4,3,3,1,1
5,68,3.44,7,0,4,0,4,0,3,4,2,3,2,2,2,0
14,58,2.27,1,2,1,0,1,1,1,2,3,2,0,0,2,0
11,17,2.23,5,2,4,0,1,0,3,4,2,3,2,4,1,1
2,63,3.48,9,1,0,1,0,1,3,3,3,0,0,2,3,1
14,85,2.68,3,2,0,1,0,0,2,2,0,4,2,3,3,1
8,75,3.01,5,1,4,0,5,1,4,4,1,0,1,4,1,1
4,60,2.49,3,1,4,1,8,1,2,1,4,2,0,3,1,1
3,51,3.62,2,1,3,1,6,1,0,4,3,4,1,1,3,1
14,89,3.7,4,2,3,1,7,0,1,0,0,3,1,4,4,1
5,19,3.07,1,1,2,0,5,1,1,3,4,3,4,3,2,0
14,2,2.3,3,0,2,1,9,0,2,2,1,1,3,2,1,0
13,89,2.04,5,2,4,1,4,1,2,1,0,3,4,4,3,1
0,72,3.11,0,1,3,0,6,1,4,1,4,1,4,0,2,1
7,17,2.86,0,2,3,1,4,0,1,0,4,2,1,1,0,0
13,35,2.22,0,2,1,1,6,1,4,4,0,4,4,0,4,1
14,47,2.04,8,0,3,1,2,0,4,4,4,2,0,0,0,0
8,74,3.01,2,0,4,0,6,1,2,4,2,2,0,1,0,0
6,21,2.4,6,2,0,1,6,0,0,2,0,3,3,1,3,0
7,2,2.21,1,0,1,0,8,0,0,4,0,3,0,2,0,0
6,16,2.42,0,2,0,0,6,0,4,1,4,1,2,3,0,1
2,29,3.33,4,2,3,1,0,0,3,3,3,2,2,1,3,0
2,84,2.04,9,0,2,1,0,1,4,0,2,4,3,3,3,0
11,5,2.66,5,0,2,1,3,0,3,2,1,1,1,4,2,1
3,9,2.4,3,1,4,0,2,0,1,3,0,2,2,4,0,0
12,79,3.22,9,0,2,1,1,1,1,3,2,3,4,2,0,0
8,11,3.08,8,2,0,1,0,0,0,0,0,3,4,1,0,0
6,20,2.31,4,0,0,0,0,0,1,1,4,2,4,0,0,1
4,2,3.84,2,2,2,1,2,1,0,3,4,3,2,2,3,0
3,7,2.82,7,1,3,0,4,0,3,0,3,4,1,0,3,1
2,13,2.47,6,2,3,1,0,0,4,0,0,4,2,1,3,0
12,24,3.53,7,2,2,0,5,1,1,3,0,2,3,0,4,0
6,3,3.71,4,0,4,1,7,1,2,2,4,2,2,0,0,1
14,78,3.94,5,2,1,1,0,1,0,0,4,0,4,0,2,0
11,41,3.16,9,0,1,1,3,0,0,4,2,3,4,1,2,1
9,30,2.64,4,0,4,1,2,0,3,1,1,1,1,2,2,0
6,34,2.48,9,0,4,0,9,0,0,2,1,2,0,3,2,1
11,18,3.58,8,1,4,0,2,1,1,0,1,3,0,1,2,1
5,78,3.77,1,2,1,0,6,0,2,4,3,3,2,3,0,0
6,28,2.7,3,1,4,1,9,1,2,0,1,2,3,2,2,1
12,58,3.97,6,2,4,0,8,1,3,3,2,1,4,4,3,1
2,48,2.83,1,1,4,0,6,0,4,0,1,0,1,4,4,1
1,61,3.13,3,0,0,1,3,1,4,4,0,3,0,1,2,1
11,71,2.68,5,1,4,0,7,1,2,0,0,2,3,2,1,1
8,33,2.76,4,2,0,1,3,0,1,1,0,1,1,3,0,1
3,40,2.45,4,2,2,0,7,0,4,1,3,0,0,2,0,0
5,65,3.7,7,2,0,0,7,1,3,4,3,3,1,3,2,1
8,81,2.69,1,1,2,0,1,0,4,3,3,3,3,3,0,1
0,12,2.52,1,0,2,0,4,0,4,0,1,4,3,0,0,0
4,55,3.39,9,1,2,1,7,1,4,2,4,1,1,1,0,1
12,29,3.88,9,2,2,0,5,0,1,0,2,0,3,1,3,0
10,10,2.0,6,0,2,1,4,0,3,0,3,3,2,3,1,1
13,15,2.39,8,0,2,0,9,1,0,3,3,2,4,0,2,1
3,14,3.32,4,0,2,1,5,1,0,0,4,4,2,1,3,1
8,54,3.51,5,0,0,0,2,0,0,1,4,0,3,0,1,1
4,61,3.75,0,0,3,0,2,1,4,0,0,3,1,2,4,0
11,20,2.2,5,2,1,0,3,1,4,2,0,1,3,1,2,0
6,84,3.47,9,0,3,1,2,1,2,3,2,1,2,0,1,1
3,63,2.1,9,0,1,0,1,0,0,2,4,4,4,4,4,0
6,27,2.75,0,1,3,1,6,0,0,4,4,1,2,3,0,1
0,76,3.77,2,0,4,1,7,1,1,3,0,1,2,2,3,0
2,52,2.88,0,0,4,1,2,1,3,2,3,0,4,2,0,0
0,46,2.7,8,2,3,1,4,1,2,2,0,1,4,0,0,0
2,89,2.2,7,1,0,0,8,1,1,4,3,0,4,2,3,0
9,47,3.97,1,0,3,0,9,1,1,1,4,4,4,4,4,1
6,51,3.72,4,0,3,0,5,1,0,2,2,1,3,3,2,1
13,67,2.37,3,0,0,1,8,1,4,2,3,1,0,3,1,0
13,15,3.36,7,1,4,1,3,1,1,1,4,0,0,2,4,0
9,26,3.16,4,1,0,0,8,0,3,0,2,0,0,2,1,1
10,55,2.73,4,0,1,0,5,0,2,1,4,4,1,2,1,0
10,2,2.89,9,2,1,1,7,1,0,4,1,1,0,0,3,0
12,22,3.57,7,0,0,0,0,1,3,0,2,0,1,3,1,1
13,69,2.77,4,2,4,1,3,0,2,1,0,0,2,1,4,0
14,80,3.4,1,0,4,0,9,0,3,2,3,3,4,1,0,1
10,77,3.57,3,1,1,1,6,0,2,4,1,4,1,3,4,0
13,55,3.58,5,1,4,1,7,0,3,3,0,3,1,2,4,0
1,44,2.84,5,1,1,0,0,1,3,2,3,3,1,4,3,0
4,69,2.58,7,1,4,0,9,0,3,0,3,1,3,0,2,1
4,59,2.35,1,2,1,1,6,0,2,1,0,0,1,4,2,1
13,81,3.77,6,2,1,1,8,0,4,2,2,2,0,0,1,0
11,48,3.15,6,2,2,0,5,0,1,4,3,2,0,1,2,1
7,20,3.78,4,0,0,1,2,1,2,1,1,3,3,0,2,1
5,69,2.94,5,0,4,1,8,0,1,0,0,4,0,1,2,0
10,87,3.98,0,1,0,1,1,1,2,0,0,2,0,0,0,1
2,12,2.78,2,0,1,1,2,1,2,1,2,4,0,1,0,1
10,71,2.06,4,2,4,0,2,0,2,1,3,0,4,1,3,0
4,16,3.91,6,2,1,1,6,0,1,4,3,2,2,4,0,1
10,85,3.42,0,2,1,1,0,0,2,3,2,1,1,3,0,0
5,53,3.98,9,0,4,1,0,1,3,4,2,2,0,0,1,1
6,48,3.23,0,1,0,1,4,1,0,2,0,3,0,4,3,0
11,26,3.74,6,0,0,0,4,1,0,4,3,2,0,1,1,0
5,24,2.01,4,2,0,0,2,1,4,0,3,1,0,0,1,1
14,13,2.89,6,1,4,0,3,1,1,2,1,3,2,2,2,0
2,4,2.9,5,1,0,0,5,1,2,2,4,3,1,1,1,1
8,35,2.31,7,2,4,1,4,1,3,3,0,4,3,4,0,0
3,35,2.74,0,2,3,0,4,0,3,1,0,0,1,0,2,0
8,6,2.59,9,2,1,0,0,0,4,3,2,2,3,2,0,0
13,52,3.81,4,0,2,1,2,1,4,1,2,4,2,4,4,1
2,56,2.07,1,0,1,0,1,1,4,0,2,1,3,0,1,1
6,74,3.37,8,0,2,0,8,1,0,3,1,3,0,1,3,0
1,2,3.44,3,1,4,0,8,0,4,3,1,4,0,3,1,1
8,31,3.51,7,2,3,1,9,0,0,3,2,4,3,2,2,0
0,46,3.56,1,2,1,0,4,1,4,2,0,2,4,2,3,0
3,9,2.53,6,1,1,1,1,1,2,2,3,1,4,4,2,0
5,12,3.08,8,0,0,0,2,1,3,2,2,1,1,0,1,0
0,30,3.92,9,2,4,0,9,0,3,2,4,4,4,2,4,0
5,76,3.51,8,2,0,1,2,1,4,1,1,1,2,1,0,0
5,42,2.54,9,0,1,0,8,1,0,3,2,0,4,1,3,1
13,15,3.21,9,0,4,0,3,0,3,1,2,0,2,0,2,0
10,60,3.4,9,0,2,1,4,0,2,0,3,0,3,1,3,1
5,61,2.15,4,1,1,1,0,1,4,4,2,3,3,1,3,1
13,32,2.24,5,0,3,1,9,0,0,2,0,4,4,1,4,1
3,53,3.61,4,1,1,0,0,1,4,1,1,3,3,0,4,0
11,58,3.95,4,1,3,0,1,0,2,3,2,3,2,4,1,0
8,54,3.75,8,1,1,1,9,0,4,2,0,3,3,0,3,0
12,11,2.88,6,0,0,0,8,0,4,0,3,3,3,2,4,0
2,53,3.93,4,0,1,0,4,1,1,2,4,1,2,1,4,0
7,88,3.65,3,2,3,0,6,0,4,1,2,0,3,4,3,0
2,4,3.67,3,2,3,1,3,1,3,0,0,3,0,3,2,0
14,63,3.98,3,0,3,0,4,0,3,0,2,3,3,1,0,0
11,77,2.61,3,2,3,1,4,0,1,3,2,3,3,3,4,1
10,8,3.75,4,0,0,0,0,1,4,2,1,2,1,3,4,0
8,13,2.8,7,1,3,1,8,0,2,3,4,0,4,2,1,1
10,7,2.85,9,0,2,1,9,1,0,2,2,4,0,0,4,0
14,67,3.03,6,0,2,0,1,1,2,2,2,0,0,1,4,0
9,59,2.13,6,1,4,0,1,0,2,4,0,2,1,0,0,0
9,11,2.77,8,2,0,0,2,0,0,0,1,4,3,0,0,0
14,6,2.71,6,0,0,1,7,0,3,0,0,1,0,0,0,0
10,3,3.58,9,2,2,0,6,1,1,2,1,1,2,2,2,0
2,83,3.66,5,0,4,0,7,0,4,1,2,3,1,4,1,0
9,20,2.63,1,2,3,0,0,0,0,4,3,2,4,3,0,1
13,88,3.24,6,0,4,1,8,0,1,4,0,0,1,3,4,1
5,61,3.19,2,2,3,0,5,0,0,4,0,0,4,3,4,1
5,5,3.36,3,2,3,0,9,0,3,4,0,2,1,1,0,0
2,1,3.05,2,2,3,1,1,1,3,0,2,3,0,4,1,0
14,43,3.01,1,1,4,1,3,0,3,1,4,2,2,4,2,1
11,38,3.34,7,2,3,0,4,0,3,4,3,1,4,2,2,0
12,53,3.41,5,2,3,1,6,0,2,1,3,1,0,1,2,0
3,59,3.15,0,0,4,0,2,1,2,3,1,1,2,0,3,0
7,59,2.54,0,1,3,1,9,0,0,4,2,2,2,3,0,0
5,32,2.67,9,0,0,0,0,1,3,0,2,4,3,3,0,0
0,45,3.38,4,2,0,1,2,1,2,4,1,1,4,2,1,1
3,22,3.57,6,2,1,0,5,1,2,0,2,4,2,2,1,1
8,65,2.47,9,2,0,1,3,0,3,2,4,1,1,2,4,1
7,9,3.57,9,1,4,1,3,1,1,0,4,3,2,2,0,0
9,25,2.25,5,1,1,1,7,0,4,3,3,0,4,2,4,1
6,2,3.96,0,0,1,0,7,0,3,2,1,3,3,4,2,0
4,79,3.84,2,0,3,1,5,1,2,2,0,4,3,3,0,0
12,1,3.37,6,0,3,0,4,1,0,4,4,4,0,3,2,0
7,36,3.94,8,1,0,0,8,1,3,3,3,4,2,4,2,0
0,30,3.2,4,0,1,1,4,1,3,3,1,0,2,3,4,1
9,85,3.79,1,0,3,0,9,1,2,4,3,4,3,0,4,0
12,57,2.91,2,1,3,1,4,0,4,4,1,1,1,4,1,1
13,71,3.41,5,1,4,1,7,1,4,3,1,1,2,4,0,1
14,23,2.38,6,1,2,1,2,1,2,2,0,2,0,2,4,0
1,70,2.64,0,0,3,0,0,1,3,4,2,2,2,3,1,1
7,49,2.04,4,2,2,0,4,0,0,4,0,4,1,4,2,0
13,28,3.89,7,1,3,0,1,0,2,0,0,4,1,3,0,1
13,88,3.26,4,0,3,0,2,0,3,3,1,4,1,1,1,0
12,9,3.23,6,2,2,1,1,1,2,2,4,1,4,3,2,0
7,15,2.16,8,1,1,0,3,1,4,3,4,2,3,2,0,0
6,56,2.65,9,0,4,1,1,1,1,2,2,3,2,2,2,1
12,37,2.93,7,2,4,0,6,1,4,4,0,3,0,2,1,0
10,25,3.83,3,1,4,0,8,0,0,0,2,2,0,3,0,0
9,72,3.31,5,0,2,1,9,0,2,3,3,0,3,1,4,0
0,23,3.15,9,0,3,1,9,0,1,1,4,0,2,1,0,0
13,50,3.63,9,1,4,1,2,0,2,2,1,2,4,4,4,1
3,42,3.44,0,0,2,0,4,0,3,0,2,2,4,1,3,1
0,74,2.72,3,1,0,1,1,1,2,0,4,2,3,4,1,1
10,34,3.26,0,0,0,0,5,1,4,4,3,1,4,4,0,1
8,27,3.18,6,2,2,0,4,1,0,2,0,2,4,3,4,0
9,5,3.57,4,2,1,1,0,1,3,2,3,2,3,0,1,0
6,15,3.01,7,2,2,1,9,0,4,3,1,1,2,2,4,1
2,3,3.98,2,2,0,1,1,0,3,4,0,2,1,4,4,0
7,20,2.38,6,0,4,1,3,1,4,0,4,0,4,4,1,0
1,69,2.94,5,1,1,0,9,0,3,1,0,0,1,3,1,1
1,57,2.57,9,0,2,0,6,0,3,2,3,1,4,4,4,0
7,7,3.49,3,0,0,1,5,1,1,0,2,2,4,0,3,1
7,49,3.39,9,1,3,1,1,1,0,3,4,2,4,1,0,1
6,46,2.36,7,1,1,0,0,0,3,4,4,1,3,2,0,0
5,57,2.17,1,1,1,1,9,0,4,0,2,0,0,3,2,0
0,66,2.96,0,0,0,1,0,1,4,0,3,2,0,1,3,1
0,68,3.09,6,1,4,1,6,0,2,0,4,1,1,1,4,0
14,65,3.93,3,0,2,0,9,0,1,4,3,4,2,0,2,1
11,56,2.61,7,2,2,0,3,0,0,2,3,2,1,2,0,1
14,78,3.56,2,1,1,1,5,0,3,4,4,2,3,3,0,1
4,85,3.15,9,2,1,0,5,1,0,3,3,3,1,0,3,1
10,47,2.19,3,2,1,1,0,1,3,4,3,0,4,4,0,1
13,89,3.17,6,1,2,1,6,1,2,0,4,0,0,3,3,1
7,40,2.42,7,1,4,1,1,0,1,0,0,4,1,3,2,0
6,69,2.11,0,2,4,1,6,0,1,3,1,3,3,0,3,1
14,13,2.31,4,0,4,0,1,0,4,1,3,4,4,4,0,0
7,73,2.83,4,1,4,0,0,0,0,3,2,4,2,0,1,0
10,21,2.96,8,1,1,1,9,1,2,2,3,4,1,1,3,1
13,60,3.13,4,0,3,1,5,0,4,2,2,1,3,0,1,1
6,40,3.86,1,0,3,0,9,1,2,2,4,4,0,4,3,1
2,69,2.85,1,1,4,1,8,0,1,3,1,4,3,0,1,1
9,54,2.23,7,0,4,1,0,1,2,3,2,2,2,2,1,1
11,6,2.93,5,2,0,0,3,1,0,0,0,3,0,3,3,0
9,37,3.02,2,2,2,1,1,1,0,4,0,3,1,1,1,1
3,3,3.26,7,1,0,1,7,1,1,3,0,4,0,3,0,0
10,40,2.19,1,1,4,0,0,1,3,4,0,0,0,3,1,0
7,74,3.79,0,0,0,0,5,0,2,0,4,4,3,1,4,1
13,22,3.89,1,1,4,0,6,1,3,0,4,1,1,4,3,0
14,76,3.97,6,0,4,1,3,1,3,0,4,4,0,3,3,0
2,3,3.37,5,1,0,0,8,1,3,4,4,0,0,4,2,0
9,43,3.36,6,2,4,0,9,0,1,3,1,0,1,1,3,0
3,14,2.86,6,2,0,0,2,1,4,3,3,1,4,4,4,0
4,86,3.72,2,1,1,1,2,0,0,1,4,3,0,2,4,1
11,18,3.19,8,2,4,0,4,1,4,3,2,2,1,1,0,1
11,4,2.36,3,1,1,0,1,0,4,0,0,4,3,4,2,0
0,71,3.11,4,1,1,0,8,1,0,2,3,4,1,0,0,1
10,7,2.81,6,0,3,0,6,1,2,1,1,2,3,3,4,1
7,11,3.06,5,1,0,1,8,0,4,4,2,4,0,1,4,1
14,57,2.38,8,2,1,0,4,0,3,3,2,3,3,4,3,1
4,8,2.77,1,0,0,1,4,1,0,2,1,4,4,3,0,0
9,30,3.93,2,0,4,0,2,0,1,0,3,0,1,3,1,0
11,55,3.84,7,1,4,0,2,1,4,4,0,2,1,4,0,0
14,88,2.74,9,0,2,1,6,1,0,3,1,2,3,3,0,1
12,72,3.36,7,0,1,0,1,1,2,2,3,4,1,4,2,0
3,39,3.43,8,2,2,1,2,0,0,0,3,3,2,1,3,0
5,71,3.61,0,0,3,1,5,1,0,1,1,2,3,2,2,1
0,42,2.15,8,0,1,1,3,1,4,0,4,0,0,0,1,0
7,4,3.67,3,0,4,0,4,0,2,4,4,3,2,3,4,1
8,43,2.15,9,2,0,0,9,0,3,4,2,0,4,0,3,0
1,83,2.57,0,1,4,1,6,0,3,4,1,2,2,4,2,0
2,69,2.63,9,1,4,0,3,1,0,1,3,4,1,2,3,1
7,34,3.4,2,0,3,0,1,0,0,0,3,4,4,2,2,1
9,16,3.51,9,2,2,1,4,0,2,3,4,4,2,0,0,0
3,84,3.82,8,0,0,1,1,1,2,2,3,2,1,1,4,1
1,7,2.4,7,2,3,0,4,1,1,0,2,1,3,3,0,0
13,7,2.79,4,1,2,0,5,1,4,2,2,3,0,0,1,0
1,19,2.72,2,2,0,1,4,1,0,0,1,4,0,3,3,1
2,32,2.93,5,0,1,1,8,1,2,3,2,1,4,0,0,0
4,32,3.75,8,1,3,1,6,1,1,3,1,3,4,3,0,0
9,60,3.68,0,1,0,0,6,1,3,2,0,2,2,4,0,1
6,18,3.9,4,0,3,1,7,0,2,1,3,0,1,4,0,0
11,67,2.35,8,2,1,1,3,0,4,1,0,0,1,3,2,0
4,42,3.72,6,2,2,1,7,1,0,0,2,4,0,0,1,1
2,74,3.33,7,1,4,0,7,0,1,4,4,0,2,1,4,0
7,26,2.41,3,0,0,1,5,0,1,1,2,4,1,4,4,1
6,68,3.45,6,0,2,1,0,1,3,3,1,3,3,1,1,0
2,55,3.37,3,2,0,1,2,0,1,2,2,1,4,3,2,0
8,0,2.41,6,1,3,1,4,0,1,4,0,3,0,1,4,0
0,80,2.7,7,2,4,1,3,1,1,2,4,3,0,0,2,0
12,10,3.35,7,0,4,1,5,0,3,4,3,3,3,4,1,0
8,34,2.2,3,0,0,1,9,1,2,0,0,1,0,3,4,1
7,3,2.41,8,1,0,1,0,0,2,1,4,1,1,3,2,0
7,28,3.23,4,2,3,1,3,1,1,3,4,2,3,3,4,1
9,20,2.86,5,2,2,1,9,0,4,2,0,2,0,4,2,1
2,61,2.81,8,2,1,1,5,1,3,1,2,2,4,1,3,0
3,28,3.85,8,2,3,0,9,0,2,1,2,4,4,4,0,0
2,53,2.09,5,1,3,1,6,0,3,0,4,3,0,0,2,0
13,80,3.91,5,2,1,1,6,0,1,4,1,3,3,0,2,0
3,60,3.05,4,0,4,0,7,0,0,4,4,3,4,0,0,1
7,19,2.8,6,1,2,0,8,1,2,0,4,3,0,1,1,0
8,63,3.59,1,1,1,0,5,1,1,4,1,2,2,1,0,0
13,35,3.86,2,2,0,0,0,1,1,4,1,0,3,3,1,1
10,47,3.87,8,0,4,1,1,0,3,2,3,1,4,4,3,1
0,11,3.7,1,2,3,0,5,1,4,0,1,1,3,0,1,1
2,24,2.04,2,1,4,1,7,1,4,4,3,2,1,3,1,0
1,3,2.34,0,2,2,0,9,1,2,0,4,4,1,1,4,0
10,53,2.2,2,0,0,0,7,0,3,2,2,1,1,3,3,1
5,64,3.13,2,0,2,1,3,1,4,2,1,2,4,0,3,1
4,52,3.28,0,2,2,0,0,0,3,2,2,0,1,3,2,1
6,78,3.49,7,1,0,1,5,0,0,0,4,1,3,1,0,0
2,48,3.24,1,1,4,0,2,0,2,3,1,2,0,1,4,0
12,6,3.09,1,1,1,1,3,1,3,1,4,0,4,3,0,1
10,29,3.74,7,2,1,0,2,1,3,3,3,4,1,2,3,0
5,82,3.03,0,2,3,1,9,0,4,2,1,1,1,3,2,0
9,89,2.88,9,1,1,0,3,1,4,4,4,3,1,0,1,1
2,15,4.0,3,0,3,1,6,0,0,1,4,3,4,3,3,0
14,65,3.51,4,1,2,0,8,1,4,3,1,3,0,0,4,1
10,10,2.88,4,1,2,1,2,1,2,3,0,3,4,4,3,1
6,62,3.11,4,0,4,0,7,0,0,2,3,2,2,0,1,0
2,71,3.91,4,0,4,0,0,1,0,1,2,3,4,0,0,0
9,9,2.1,9,0,4,0,1,1,3,1,1,3,0,2,1,0
3,73,3.91,6,2,3,1,3,0,3,2,2,0,2,3,0,0
13,79,2.69,8,0,4,0,8,1,0,2,0,0,2,4,1,1
11,15,2.31,0,2,4,1,4,1,3,1,4,2,1,1,2,1
11,71,2.87,3,0,0,0,4,0,4,0,4,4,0,2,1,0
11,51,2.25,2,0,1,0,7,1,3,2,4,1,2,2,1,1
14,68,2.39,3,1,4,0,6,0,0,1,4,0,1,3,2,1
14,36,2.48,6,1,3,0,5,0,2,3,2,3,3,1,1,0
2,66,2.92,0,0,1,1,0,0,2,2,1,4,1,3,4,1
8,27,3.59,4,0,0,1,5,0,4,0,2,0,4,3,0,0
4,20,2.23,3,0,1,1,9,1,1,0,4,1,2,3,4,1
3,75,2.17,8,2,0,1,5,0,0,4,1,2,2,4,1,0
3,40,2.26,9,1,1,1,6,0,3,0,4,1,2,1,0,0
8,63,2.96,6,2,4,1,7,0,2,2,3,2,1,0,3,0
6,64,2.55,1,2,3,0,7,1,1,1,1,2,4,1,2,1
1,67,3.98,9,2,0,0,4,1,2,4,1,3,2,4,3,1
7,72,3.06,0,1,1,0,4,0,4,3,1,1,2,1,4,1
1,68,3.45,3,1,2,1,8,1,4,3,3,3,3,0,3,0
3,16,2.6,5,2,0,1,2,0,1,0,0,0,4,2,4,0
9,67,3.34,5,2,2,0,5,0,0,2,4,4,3,2,4,0
4,18,3.95,5,2,2,0,3,0,1,0,4,4,0,1,4,1
0,68,3.94,1,2,0,0,6,1,0,4,2,2,4,3,1,1
1,75,2.79,9,2,1,1,8,1,0,3,4,3,4,3,2,0
11,69,3.06,9,1,0,0,7,0,3,3,1,4,3,3,3,1
1,11,3.86,9,1,4,0,6,1,4,0,4,3,1,1,3,0
2,88,2.58,6,0,2,1,4,1,2,2,3,0,4,2,3,0
8,38,3.23,7,2,4,1,4,1,2,0,4,2,2,2,4,0
1,59,3.32,3,1,3,1,1,0,1,3,4,0,2,1,1,1
5,61,2.31,7,1,3,1,6,0,0,3,2,1,2,0,0,0
10,3,2.97,6,2,1,1,7,0,0,2,4,2,0,1,3,0
14,67,3.38,5,0,1,0,9,0,2,3,2,4,0,2,4,0
1,29,3.76,2,1,2,0,8,0,1,4,2,3,4,1,4,0
3,77,2.99,9,1,3,0,5,1,1,3,3,4,3,3,4,0
10,83,3.19,9,0,4,1,9,0,4,3,0,0,4,2,1,1
11,48,2.32,4,2,0,0,3,0,4,3,2,4,4,1,3,1
14,42,2.11,5,2,2,0,9,0,3,4,3,0,0,0,1,1
9,82,3.05,0,1,2,1,6,0,3,1,1,2,0,2,2,0
3,7,2.8,1,2,1,0,2,0,4,0,0,4,0,3,0,1
4,1,2.3,4,1,1,1,4,0,1,1,3,3,4,2,0,1
3,82,2.11,6,2,4,0,5,1,1,1,3,2,3,1,0,1
2,65,2.42,8,1,0,1,4,1,4,4,3,3,4,4,0,1
10,2,3.9,3,1,0,0,0,1,1,4,0,1,3,1,2,0
7,31,2.02,4,2,2,0,5,0,3,4,4,0,4,0,2,0
12,57,3.63,8,1,0,0,6,0,2,4,3,4,3,3,4,0
11,22,3.03,2,1,0,0,4,0,1,3,2,1,4,2,0,0
5,8,2.32,4,1,3,1,7,0,4,2,3,2,2,2,2,1
1,0,3.3,1,1,4,1,3,1,4,0,3,0,0,1,3,1
3,48,2.44,4,0,0,0,3,0,0,4,0,0,4,4,3,1
10,39,3.11,3,2,0,0,1,1,3,1,1,0,0,4,3,1
1,71,3.68,2,2,1,1,6,1,3,3,3,2,3,3,0,0
13,50,3.65,3,0,1,0,3,0,3,3,4,4,1,4,3,1
4,87,3.66,8,2,2,0,6,1,1,3,1,0,0,4,0,0
1,75,2.14,7,0,4,0,9,0,3,2,4,1,4,0,2,0
6,0,3.94,6,1,0,1,1,0,1,1,2,2,4,3,3,1
6,54,3.51,0,1,0,1,2,0,3,0,4,4,3,2,4,1
5,67,3.09,9,2,3,1,2,0,1,0,1,2,2,0,1,1
2,87,3.35,1,2,4,0,7,0,1,3,0,0,3,1,3,1
7,3,2.14,9,0,4,0,8,0,0,0,3,0,0,3,3,0
1,22,2.56,9,1,4,0,7,1,3,0,1,2,2,0,4,0
10,75,2.2,9,0,4,1,4,1,0,1,3,1,0,0,2,1
14,10,2.29,5,1,2,1,2,1,2,1,2,0,3,1,0,0
9,28,3.82,7,2,3,0,3,0,2,3,4,2,4,1,2,1
6,62,3.89,1,2,4,1,3,0,1,2,4,3,0,2,3,1
12,86,3.6,8,1,4,0,8,0,3,3,1,1,1,4,4,1
11,89,3.6,8,0,1,1,9,0,2,0,4,3,2,4,4,1
1,72,2.43,9,2,4,0,2,0,0,1,1,3,1,3,1,1
1,19,3.66,5,0,0,1,3,0,4,2,4,1,4,3,3,1
6,81,3.83,2,0,2,1,8,0,2,3,0,3,0,3,2,0
5,23,2.28,3,0,0,0,4,1,2,2,3,0,0,0,1,1
0,13,3.14,8,2,2,0,0,1,0,3,3,2,1,3,1,0
7,74,2.09,1,2,1,0,5,1,1,4,2,0,4,1,0,0
8,57,2.76,0,2,4,0,2,0,3,4,4,2,2,4,4,1
7,31,2.04,7,0,4,1,1,0,1,4,1,4,2,1,0,1
8,24,3.33,4,0,1,1,9,1,1,1,0,2,0,0,1,1
7,47,2.95,2,1,2,0,6,1,0,1,0,0,3,0,3,1
2,42,2.36,6,2,2,1,5,0,2,1,1,1,1,4,4,1
7,59,3.48,8,2,0,1,2,0,3,3,2,0,2,4,4,0
5,88,2.31,7,2,0,1,7,0,1,0,0,2,1,2,0,0
3,13,3.44,5,0,4,0,8,1,4,4,2,2,1,2,2,0
3,78,3.17,3,1,1,0,7,0,0,3,1,0,0,3,3,0
3,25,3.48,6,2,0,1,2,0,2,0,3,3,4,0,0,1
9,39,3.22,0,2,3,1,9,0,3,2,0,3,2,1,0,1
0,10,2.56,1,0,4,1,0,0,0,3,0,1,4,0,0,1
12,25,2.63,6,1,0,1,1,1,1,3,0,4,1,1,3,0
11,37,3.77,6,1,3,0,0,1,4,1,1,0,1,0,1,0
0,18,2.87,2,0,0,0,4,1,4,2,3,4,3,2,1,1
7,68,2.29,3,0,3,1,2,1,4,0,0,2,2,0,4,0
8,67,3.89,6,0,3,0,3,1,0,0,1,4,2,4,0,0
13,72,3.37,7,2,1,0,0,0,3,2,2,4,1,3,1,0
0,23,3.06,1,0,0,0,0,1,2,0,2,3,3,0,3,1
3,39,2.94,1,2,4,0,2,0,4,2,3,3,0,0,0,0
14,73,3.0,2,0,2,1,0,1,3,1,3,3,4,2,3,1
8,65,3.37,5,1,2,0,1,0,2,3,1,1,4,2,0,0
13,7,3.69,7,0,3,0,2,0,2,3,3,4,2,4,2,0
6,50,2.15,7,0,3,1,5,1,4,2,1,2,0,4,0,1
8,16,3.31,8,1,1,0,6,0,4,2,0,3,1,3,4,0
5,46,3.83,2,1,2,0,3,0,0,0,2,0,1,0,1,1
14,65,3.9,0,0,4,0,4,1,4,1,2,4,3,2,1,1
0,72,3.76,6,1,0,0,2,1,3,4,4,4,4,3,4,0
8,59,2.18,3,2,3,0,1,1,4,2,3,4,0,0,2,1
9,70,3.14,4,2,1,0,2,1,4,4,1,1,2,2,0,0
9,69,2.37,1,0,0,1,4,1,1,4,3,0,1,3,2,1
10,76,2.46,8,1,3,0,1,1,1,0,3,1,1,4,0,1
8,47,2.65,0,1,2,0,0,1,0,4,0,4,4,1,2,0
11,88,2.51,6,0,3,1,8,0,0,4,0,0,1,2,4,1
6,32,3.91,8,1,2,0,4,0,3,0,2,1,0,0,4,1
13,52,2.5,6,1,2,1,7,0,3,0,1,1,4,3,1,1
6,75,2.89,9,2,2,1,8,1,4,4,0,2,2,4,1,1
3,52,2.95,3,0,4,0,7,0,0,3,4,2,4,1,3,0
1,56,2.42,1,1,3,0,7,1,1,2,1,2,4,3,0,0
0,79,2.75,6,2,2,1,6,1,2,0,0,1,1,4,2,1
10,76,2.96,9,0,0,1,8,1,4,2,3,2,3,4,4,1
13,1,2.74,2,0,2,1,0,1,2,4,3,0,0,0,4,1
3,61,3.64,2,0,3,1,8,1,3,2,4,0,1,1,0,0
7,88,3.31,9,1,4,1,3,1,4,2,2,2,1,4,0,1
11,78,2.27,1,2,0,0,2,1,3,4,1,1,0,1,2,1
4,84,2.62,4,2,0,0,2,1,3,1,1,2,2,2,4,0
7,48,3.81,4,0,3,1,2,1,2,1,0,0,2,3,2,1
4,21,2.25,5,2,1,1,4,1,2,3,0,0,0,1,2,1
10,51,2.7,7,1,2,1,3,1,3,4,3,0,3,2,0,1
1,7,3.5,5,2,3,1,7,1,0,2,4,1,3,3,4,1
3,9,2.65,0,1,4,0,9,1,2,1,2,2,0,1,3,0
10,35,3.24,5,2,3,0,2,1,0,0,0,3,4,3,2,1
1,21,2.04,4,0,2,0,3,1,3,3,1,4,3,1,2,0
13,2,3.86,9,2,0,0,3,1,3,4,2,0,2,3,2,0
3,23,2.45,4,0,0,0,3,0,0,4,1,1,0,0,4,0
10,0,2.61,0,1,4,1,9,0,2,0,1,1,4,1,0,1
8,80,3.45,7,1,0,0,0,1,0,4,0,0,3,2,0,0
5,48,3.13,4,1,4,1,9,0,3,4,3,3,2,3,1,0
14,26,3.71,7,0,4,1,9,1,3,3,4,2,2,4,4,1
10,22,2.42,1,0,1,0,8,0,3,3,0,3,3,2,2,1
12,82,2.77,5,2,1,1,1,0,0,1,3,0,4,4,1,1
14,34,3.27,8,0,3,1,7,0,2,4,2,2,0,0,2,1
8,18,3.37,3,2,4,0,3,1,3,2,1,3,1,4,0,1
8,29,2.93,4,2,3,1,0,1,1,1,3,4,4,1,0,1
12,79,3.79,8,1,2,0,1,0,2,3,1,0,2,1,0,1
8,19,3.58,6,1,2,1,5,0,2,0,4,0,0,2,3,0
6,78,2.11,9,0,0,1,9,1,1,0,3,2,0,2,1,1
4,11,2.47,7,1,2,0,7,0,3,4,3,2,2,2,0,1
13,12,2.69,3,1,4,1,5,1,3,2,0,4,0,4,3,1
7,47,3.35,6,1,1,1,3,0,0,4,3,4,0,0,2,0
8,67,2.26,5,1,3,1,9,1,4,4,2,0,1,1,1,1
0,75,3.06,4,1,4,1,3,0,4,2,1,0,3,0,4,0
4,39,2.05,8,0,4,1,6,0,3,0,4,1,2,4,4,1
11,33,2.38,2,2,4,1,2,0,4,4,1,4,4,2,0,0
0,6,3.54,3,1,2,0,7,0,0,0,2,3,1,1,4,0
8,64,2.66,0,2,2,0,7,1,1,3,1,0,2,2,2,1
14,13,3.61,5,0,4,0,4,0,4,1,4,3,1,0,2,0
5,80,3.07,4,1,0,1,1,1,0,3,2,4,0,1,1,0
2,30,3.84,6,1,0,1,1,0,3,4,4,2,0,1,2,1
5,45,3.47,3,2,2,1,0,1,0,3,3,0,1,2,4,0
1,57,3.49,1,1,4,1,4,1,3,0,0,1,2,3,2,1
2,19,3.25,0,2,3,0,4,0,1,1,3,0,1,0,4,1
12,27,2.71,8,0,1,1,6,1,1,4,1,2,2,2,2,1
14,11,2.65,6,1,1,0,0,0,1,3,0,1,2,1,3,0
9,24,2.51,2,0,3,1,4,0,3,2,4,2,0,0,3,1
6,80,2.52,1,2,4,1,2,1,0,3,1,1,1,1,3,0
4,4,3.37,4,1,1,0,6,0,4,2,1,0,1,3,2,1
11,75,2.49,9,0,4,0,0,0,3,0,4,1,4,1,2,0
8,88,2.76,8,1,4,0,6,1,4,3,1,4,4,4,3,0
12,89,3.72,8,2,1,0,7,1,2,0,4,2,2,2,3,1
4,84,3.64,3,1,0,0,6,1,3,0,1,2,1,0,2,1
0,66,3.82,0,2,0,1,2,0,4,3,1,0,0,1,1,0
14,44,2.26,4,1,4,1,8,0,2,3,2,4,1,1,2,1
14,83,3.85,7,1,3,1,0,1,4,3,1,3,1,4,4,1
7,55,3.77,6,0,4,1,5,0,1,1,4,3,3,2,2,0
1,59,2.7,8,2,2,1,8,0,0,3,3,1,4,1,4,1
8,34,3.85,0,1,2,0,3,0,4,1,2,4,2,0,2,1
11,41,3.0,3,0,0,1,7,0,2,2,1,1,0,1,4,0
7,40,2.44,3,0,2,1,1,1,0,4,0,2,1,1,3,1
14,62,3.86,1,1,2,0,0,0,1,2,3,0,0,2,3,0
6,68,3.98,4,1,1,0,0,1,0,2,4,0,2,0,4,0
10,31,3.78,3,2,4,1,6,0,1,3,1,2,3,3,2,0
4,7,3.44,2,0,0,0,5,0,3,3,0,4,4,1,3,1
4,2,2.37,5,2,0,0,2,1,1,4,1,0,0,3,3,1
14,73,3.57,5,1,4,0,8,1,2,2,3,4,2,2,1,0
10,88,3.87,2,0,3,0,6,1,0,0,0,4,1,4,4,1
6,14,3.58,7,2,0,1,2,1,4,4,1,3,3,3,3,0
13,48,2.59,1,0,0,1,3,0,3,4,2,3,3,4,3,0
11,49,2.85,8,2,3,1,0,1,2,3,4,1,0,4,1,0
6,65,3.34,9,0,1,0,8,1,1,0,3,0,0,2,0,1
11,14,2.1,8,0,4,1,5,1,2,3,2,3,3,2,0,1
5,79,3.48,5,0,2,1,2,0,4,0,3,4,1,3,1,1
1,7,3.03,1,1,0,0,1,0,1,3,3,0,0,0,4,1
2,41,3.14,4,0,2,0,7,0,2,0,3,3,3,2,0,1
11,9,3.22,7,1,0,1,3,0,0,4,0,4,2,3,3,1
12,29,3.44,5,2,0,1,5,1,1,2,2,1,2,4,4,0
8,21,2.39,9,0,4,1,5,1,3,2,2,0,2,2,2,0
5,59,2.89,0,0,2,1,8,0,3,1,3,4,0,4,4,0
10,20,3.81,4,2,0,1,9,0,2,0,1,0,1,1,2,0
14,66,2.2,9,0,2,1,7,1,4,1,3,4,4,3,1,1
12,20,2.98,1,1,2,0,7,0,0,3,4,0,1,3,3,0
8,65,2.35,1,2,2,1,8,1,0,2,3,1,3,1,1,1
1,20,3.47,2,2,0,0,5,1,2,1,0,0,1,0,3,1
10,69,3.65,1,0,2,1,5,0,3,3,1,0,2,2,1,0
8,81,2.38,9,1,3,1,7,0,0,2,1,0,0,2,4,0
2,79,3.48,1,2,0,1,5,1,2,2,0,3,2,4,4,1
5,55,3.74,9,0,3,0,4,1,2,2,1,2,2,2,0,0
1,25,2.18,7,2,3,0,0,0,1,1,2,1,3,0,4,0
8,34,2.83,9,0,1,1,4,1,4,2,4,3,0,3,4,1
2,56,2.33,5,1,4,1,4,0,4,4,1,1,1,2,2,1
12,60,2.21,9,1,3,1,2,0,1,1,1,0,4,1,4,1
1,75,2.28,6,2,1,1,8,0,2,2,1,2,0,1,2,1
0,12,3.48,3,1,4,1,8,0,3,2,1,2,4,0,2,1
0,14,3.36,4,0,4,0,5,1,3,4,4,4,1,1,2,1
0,13,3.74,8,0,4,0,4,1,4,3,4,0,1,4,3,1
4,10,2.76,6,0,3,1,1,1,1,2,0,0,3,4,0,0
0,63,2.02,9,2,4,0,0,0,3,4,0,1,1,3,0,1
3,60,2.01,3,0,0,1,0,1,2,2,1,3,1,0,3,1
11,59,2.93,3,0,2,1,3,1,2,4,0,0,4,2,1,0
3,83,2.18,3,0,3,1,2,0,3,2,2,4,4,1,4,1
14,41,3.26,9,1,3,1,2,1,3,1,3,2,1,0,4,0
2,62,2.62,1,1,2,1,6,0,1,1,1,3,4,4,0,1
2,21,2.27,6,0,2,0,8,1,0,0,4,3,3,4,2,0
1,33,3.35,8,2,0,1,1,0,2,2,4,0,3,3,2,0
1,55,3.52,2,0,0,1,0,1,3,4,2,2,0,1,3,1
8,67,3.61,3,2,2,1,4,0,2,0,2,1,4,2,4,0
1,77,3.78,4,2,3,0,7,1,0,0,2,1,3,3,3,1
6,60,3.32,9,2,3,0,4,1,2,4,3,4,2,0,0,0
3,66,2.48,4,2,3,1,8,1,1,0,0,4,2,4,3,0
12,15,3.17,8,0,4,1,8,0,0,1,4,1,0,0,3,0
6,25,3.06,2,1,0,1,9,0,0,4,0,3,3,1,2,1
1,22,2.84,0,0,4,0,1,1,2,2,2,2,4,1,0,0
13,56,3.86,3,0,3,1,0,0,2,3,0,2,2,3,2,1
4,11,3.07,1,0,3,1,7,0,2,4,3,2,3,2,2,1
11,39,2.84,9,0,3,0,2,1,2,3,3,3,4,1,2,0
14,24,3.76,4,1,2,1,5,0,2,2,4,4,3,3,3,1
5,15,3.53,1,1,4,1,8,1,2,0,3,3,2,0,2,0
5,70,2.03,1,0,2,1,5,0,4,3,3,2,0,2,2,1
13,35,2.35,6,1,0,1,5,1,4,0,1,2,2,1,2,0
10,1,2.57,4,2,2,0,8,1,0,0,1,0,0,0,0,1
7,43,3.77,4,1,3,1,3,0,2,1,4,4,1,0,0,1
0,25,2.75,8,1,1,0,7,0,1,1,0,2,4,1,1,1
7,12,2.69,2,1,2,1,6,0,1,2,2,2,4,3,0,0
3,63,2.99,2,0,1,0,6,1,2,2,0,2,4,2,0,0
4,9,2.19,8,1,1,0,5,0,4,4,3,0,1,2,2,1
5,86,3.13,5,1,3,1,7,0,4,3,1,3,2,3,4,0
10,26,2.54,8,0,1,0,4,0,4,4,2,2,4,2,0,1
6,78,3.87,7,2,3,0,1,0,1,1,4,4,0,4,0,0
1,22,2.45,3,0,3,0,1,0,1,3,0,4,3,0,1,0
12,8,3.1,6,2,4,1,2,1,4,0,0,2,2,4,0,1
5,55,2.42,5,2,3,1,5,1,4,0,0,4,0,4,4,1
12,87,3.09,8,1,2,0,8,1,1,2,3,4,2,1,2,0
1,49,2.45,8,1,4,1,8,0,0,0,3,1,1,0,3,0
12,80,2.31,5,1,0,0,4,0,2,1,0,1,1,4,2,1
1,71,2.33,4,2,0,1,4,0,3,2,2,3,0,1,4,1
14,37,2.49,0,1,3,0,4,1,1,2,0,0,1,0,1,0
10,84,3.42,1,2,2,0,0,0,4,3,0,2,3,2,0,1
4,37,2.7,5,0,2,0,2,1,0,0,3,0,3,1,3,0
4,86,2.28,7,0,4,0,3,0,2,0,2,3,0,1,3,0
2,37,2.85,2,0,4,1,1,0,1,0,1,3,0,1,4,1
10,61,2.24,3,1,4,1,3,0,3,4,3,1,2,4,4,1
1,36,2.29,8,2,1,1,0,0,2,4,0,1,0,2,0,0
4,58,3.45,1,0,0,0,2,1,3,1,4,1,0,3,3,0
1,15,3.81,3,2,1,0,8,0,3,4,1,0,3,3,4,0
13,15,2.27,1,1,0,0,9,0,1,4,2,0,0,3,1,1
2,38,3.77,3,1,2,0,7,0,2,0,2,1,2,0,3,0
7,35,3.41,8,1,2,0,6,1,0,0,2,2,3,0,3,1
9,56,3.08,7,1,1,0,6,0,4,4,0,0,3,1,4,0
11,9,2.3,4,2,0,1,8,0,3,4,1,3,1,4,2,1
1,79,3.53,7,1,0,1,7,0,3,1,3,3,2,3,0,0
7,64,3.91,3,1,2,1,8,0,3,0,1,3,0,4,4,0
6,4,3.98,6,1,2,1,0,0,3,1,3,2,0,2,1,0
11,84,2.03,1,2,2,0,4,1,3,3,0,0,3,0,4,0
0,65,3.02,0,0,4,0,3,0,4,3,1,3,2,3,3,1
7,13,3.13,0,1,0,1,6,1,4,1,4,2,4,0,0,0
11,9,3.31,0,0,3,0,4,1,0,4,4,3,1,2,1,0
8,48,3.2,2,0,1,0,9,1,0,2,2,3,2,3,0,0
10,88,3.8,4,0,3,1,4,0,0,2,4,4,0,2,4,0
9,77,2.42,1,0,3,1,0,1,1,4,0,3,1,3,0,1
0,64,3.75,8,0,4,1,1,0,0,4,0,1,4,0,2,0
14,60,2.95,5,1,4,0,7,0,3,0,1,3,2,0,2,1
6,61,3.69,4,0,0,1,8,1,4,0,2,2,1,1,2,0
12,36,2.2,4,1,1,1,4,0,0,2,1,0,4,3,2,0
11,35,3.33,4,0,2,1,2,1,3,1,4,4,0,2,2,1
12,1,2.54,5,2,2,1,2,0,1,0,0,0,0,1,4,0
14,26,2.7,3,1,0,1,1,0,4,4,1,2,3,4,3,0
7,0,3.4,5,0,1,0,6,0,0,2,1,0,0,3,0,0
5,62,3.04,8,1,3,0,3,0,1,2,3,0,0,4,1,0
10,59,3.16,3,2,4,0,7,0,4,1,0,1,1,1,4,0
7,44,3.88,2,2,1,1,7,0,2,3,3,3,0,2,1,0
14,42,3.63,4,1,3,0,7,0,4,1,2,3,1,0,2,0
1,71,2.41,4,1,3,0,6,0,2,3,0,0,1,0,0,1
2,76,2.3,1,1,1,0,7,0,0,1,3,4,2,1,2,1
11,14,3.53,6,2,3,1,0,1,0,0,1,4,4,4,1,0
4,25,2.24,8,2,4,1,9,1,2,3,0,4,0,2,3,0
13,76,2.99,8,0,3,1,1,0,0,4,1,2,0,2,1,0
0,32,3.47,2,2,3,1,7,0,4,1,3,0,2,0,1,1
7,5,2.91,5,1,0,0,0,1,0,2,2,2,4,4,2,0
14,25,2.62,1,1,2,1,7,1,2,1,3,1,1,3,2,1
9,68,3.76,0,1,4,1,6,1,0,1,2,2,4,3,4,1
10,31,3.92,5,1,2,0,5,1,4,3,0,4,1,0,1,0
5,39,2.15,4,0,2,0,6,0,0,1,2,4,1,3,3,1
1,62,3.02,9,1,4,1,1,0,1,3,2,4,0,2,0,1
13,86,2.69,1,0,0,1,6,0,4,2,4,0,0,3,1,0
8,22,2.82,8,2,2,1,2,0,2,0,1,4,2,2,4,1
2,30,2.07,9,0,4,1,8,1,4,0,4,3,3,4,2,1
11,18,2.82,3,0,2,0,0,0,0,4,4,1,3,2,1,1
2,1,3.73,9,2,0,1,7,1,3,1,4,0,0,0,0,0
10,24,2.46,3,1,4,1,8,0,4,0,2,4,4,3,2,0
12,42,3.64,3,2,1,0,1,0,1,1,0,1,1,0,0,1
13,61,2.61,2,1,4,1,9,1,0,4,2,0,4,0,1,1
9,6,3.14,5,2,4,0,2,0,2,3,2,2,1,2,0,1
3,57,2.5,5,0,3,0,4,0,3,1,3,1,3,0,2,1
10,84,2.91,7,0,4,1,5,0,1,2,4,0,3,2,2,0
7,76,2.92,0,2,4,0,2,0,1,4,2,0,3,0,4,0
5,26,2.45,5,2,1,1,0,0,4,4,0,0,3,0,0,0
7,17,2.86,9,1,0,0,5,0,2,3,4,3,4,1,4,1
14,15,3.58,6,1,4,1,3,0,2,0,0,4,2,3,4,0
13,48,3.57,8,1,1,0,4,1,1,3,0,2,2,1,1,1
13,61,3.0,9,2,0,1,3,0,2,0,4,3,0,4,2,1
4,61,2.11,6,1,4,0,3,1,4,1,1,1,0,0,2,1
14,68,2.9,2,0,1,1,9,0,0,1,3,4,3,2,0,0
10,27,3.02,2,0,1,0,0,0,1,0,3,3,4,0,1,1
10,23,3.39,0,0,2,0,6,1,0,1,0,3,1,4,3,0
12,29,2.37,2,1,1,0,4,1,2,4,0,3,3,0,1,0
9,39,3.03,9,0,1,0,8,1,1,3,4,4,1,2,0,1
5,76,2.42,7,2,0,0,7,0,4,2,2,0,0,3,3,0
2,40,2.26,2,1,1,0,5,0,3,3,3,3,0,4,0,0
5,51,3.15,8,0,1,1,3,0,4,1,2,3,1,3,2,1
11,76,2.73,0,0,3,1,1,0,2,1,3,0,2,3,0,1
6,87,2.62,6,0,1,0,5,0,1,2,3,0,4,2,0,0
11,64,2.26,9,2,0,1,2,0,1,3,1,4,0,1,2,0
3,13,3.67,0,0,1,1,7,1,2,4,2,1,4,2,3,0
0,9,2.88,4,0,0,0,1,1,1,1,1,1,4,2,3,1
9,22,2.35,0,2,3,0,3,0,2,3,2,0,4,4,4,1
12,54,2.23,1,2,0,1,5,0,1,4,4,3,4,3,2,1
1,84,3.44,5,2,2,1,8,0,4,3,4,2,3,2,0,0
8,86,2.45,0,1,3,1,6,0,4,1,4,2,2,1,4,0
8,48,3.98,1,2,0,0,7,1,1,3,1,3,0,4,3,0
4,68,3.39,0,0,4,0,9,1,3,3,4,2,1,2,1,0
1,61,2.54,3,1,0,1,7,0,4,0,3,2,4,0,2,0
9,30,2.98,0,0,0,1,6,1,1,2,1,3,1,0,4,1
10,32,3.19,0,0,3,1,2,0,0,1,1,3,1,1,0,0
12,57,2.39,6,1,3,0,7,0,4,0,3,3,2,1,3,0
8,37,2.35,5,0,4,0,5,1,0,1,2,0,4,4,2,0
7,30,2.82,7,2,1,1,6,0,1,1,2,4,4,0,0,0
12,10,3.97,1,0,1,1,1,0,4,2,1,1,3,1,4,0
7,71,3.78,9,0,0,1,1,0,2,3,1,2,0,0,0,0
9,30,2.06,0,0,1,1,6,0,1,4,3,3,1,1,2,0
12,76,3.78,2,2,0,1,7,1,2,2,1,3,4,0,1,1
8,56,3.41,3,0,3,0,5,1,1,1,3,3,1,4,4,0
10,87,3.85,8,0,2,0,2,0,0,2,3,2,3,4,0,0
1,84,3.7,1,2,3,1,2,0,2,3,3,2,2,2,3,0
5,4,2.17,5,1,2,0,7,1,2,4,2,3,1,0,3,0
3,55,2.3,6,2,0,0,4,1,3,4,1,0,4,0,3,0
4,26,2.11,8,2,4,0,5,0,2,4,3,3,3,1,1,0
7,39,3.69,1,0,0,1,8,1,2,0,1,3,2,2,3,0
4,84,2.25,4,1,3,1,0,0,0,0,3,0,0,3,0,0
12,34,2.17,6,2,4,1,4,1,1,0,2,2,3,0,3,1
0,77,2.39,8,0,1,0,7,0,0,3,4,3,2,2,1,0
1,30,3.48,3,2,3,1,7,1,4,4,2,4,4,2,2,1
9,17,2.46,5,1,1,0,2,1,2,0,4,4,1,1,3,0
7,0,3.64,8,2,2,1,0,0,3,0,3,3,3,3,2,0
9,36,2.9,7,2,2,1,1,0,1,1,0,2,0,1,3,0
1,16,2.7,6,1,0,0,7,0,3,4,3,0,4,0,2,1
6,1,2.77,1,0,3,0,5,1,2,3,3,2,4,4,1,0
3,69,2.62,3,2,4,0,2,0,0,3,1,1,0,0,3,0
10,34,2.25,1,2,4,1,5,0,0,4,1,2,1,4,2,1
11,26,3.37,5,1,3,0,5,0,0,0,4,2,1,4,0,1
8,51,3.0,8,0,1,0,3,1,4,3,2,0,4,2,3,1
12,35,2.19,0,0,1,1,6,0,4,2,2,2,4,3,0,0
7,13,3.53,2,0,4,0,4,0,4,1,1,3,1,0,1,0
11,34,2.85,7,1,1,0,7,0,4,0,3,4,2,3,1,1
2,61,3.84,5,1,3,1,3,0,1,4,3,1,1,2,0,0
2,53,3.67,2,1,2,0,9,0,4,4,0,3,0,4,3,0
3,2,2.83,9,1,4,0,8,0,4,1,1,2,3,3,1,1
1,83,2.56,2,0,4,0,2,0,4,4,0,0,4,3,2,1
4,67,3.04,4,1,1,1,3,0,3,2,0,0,4,4,3,1
14,55,3.61,9,1,4,1,9,0,3,4,4,2,1,2,0,1
12,74,2.87,3,1,3,1,3,1,2,4,4,2,2,3,1,1
4,32,3.46,4,1,4,1,4,0,3,4,4,1,1,3,4,1
12,29,3.84,4,1,1,1,5,1,2,2,1,2,0,2,3,1
11,71,2.86,1,0,3,1,6,0,2,1,0,2,4,0,3,0
3,43,3.0,8,1,1,0,3,1,1,4,2,4,3,1,2,0
12,18,2.4,6,0,1,0,9,0,0,4,2,2,2,4,0,1
0,21,3.37,8,1,1,0,8,0,0,2,3,0,0,4,2,1
13,28,2.05,6,0,1,0,0,0,2,4,1,3,2,2,1,1
4,39,2.86,0,1,2,0,0,1,3,1,4,4,0,2,3,1
0,5,3.09,8,2,2,0,0,1,1,3,1,1,4,2,4,1
14,35,3.08,4,1,0,1,1,0,0,4,4,4,1,4,0,1
11,41,3.2,1,2,4,1,3,0,1,3,4,3,1,4,4,1
14,39,2.6,9,1,1,1,0,1,4,0,4,4,4,4,0,1
4,37,3.53,2,2,4,1,6,0,0,4,0,1,4,0,1,0
8,87,3.38,5,2,4,0,1,0,0,0,1,3,3,4,2,0
4,89,3.77,1,1,3,0,3,0,2,4,1,2,0,4,4,1
9,25,2.96,6,0,3,0,6,1,4,2,1,3,0,4,0,1
3,36,3.85,2,1,0,0,6,1,1,2,3,3,4,1,1,0
1,6,2.95,1,2,0,1,1,1,2,0,4,3,0,0,2,0
0,83,2.28,2,1,0,1,7,0,4,1,2,0,2,1,0,1
5,52,3.83,7,2,3,0,6,0,1,2,0,2,2,4,2,1
7,24,2.8,6,1,3,0,0,0,3,2,1,0,1,4,1,1
8,14,2.55,5,1,2,1,9,1,2,2,0,1,0,0,4,1
8,79,2.86,2,2,4,0,1,0,0,4,3,4,2,0,1,1
6,63,3.51,8,1,2,1,3,0,0,3,3,1,4,0,2,0
14,21,3.94,0,2,0,0,2,0,2,1,3,0,3,2,2,0
11,74,2.65,7,0,0,1,2,1,1,0,4,1,4,4,4,0
13,79,2.22,5,2,1,0,5,1,1,2,0,4,0,1,4,1
3,55,3.97,0,0,2,1,0,0,4,2,2,2,4,1,2,1
8,70,3.6,6,2,0,1,9,0,0,2,3,0,1,4,2,0
12,64,2.84,9,0,1,0,5,1,2,2,3,2,1,1,3,1
8,86,3.25,2,2,4,0,5,1,1,4,3,4,3,0,3,0
12,0,3.14,4,0,2,1,8,0,4,2,0,2,0,1,0,0
12,14,3.83,5,2,4,1,6,1,2,0,3,2,0,0,4,1
9,42,3.56,0,1,3,1,3,0,1,3,0,1,2,3,2,1
8,38,2.56,1,0,2,1,5,0,0,3,4,3,3,0,4,0
9,27,3.03,6,1,2,0,3,1,4,2,3,3,0,3,4,1
2,9,3.71,7,2,3,0,6,1,2,4,0,0,1,3,2,1
7,43,3.34,0,2,3,1,5,0,0,2,0,3,3,3,0,0
1,87,3.25,7,2,3,1,9,0,4,2,2,4,2,2,1,0
4,77,2.53,0,0,3,1,9,0,4,1,0,4,2,4,1,1
6,14,3.76,4,1,3,0,5,0,2,0,0,4,0,0,3,0
10,1,2.92,9,0,1,1,6,1,0,4,2,4,2,1,4,0
8,34,2.2,7,2,2,1,6,1,2,0,3,0,1,0,1,1
0,39,3.03,6,0,1,0,4,1,2,4,4,4,2,2,3,0
3,5,2.03,0,2,4,0,9,0,1,0,1,1,2,0,0,0
0,51,3.98,0,2,1,1,6,0,0,1,2,1,1,1,1,0
1,49,3.81,7,1,2,0,5,0,2,2,2,0,1,2,3,0
2,78,2.93,5,0,2,0,0,0,2,3,0,1,1,1,3,1
9,8,3.83,0,2,2,1,0,0,3,3,0,4,1,0,3,1
6,10,3.37,0,1,1,1,7,1,1,2,0,0,1,0,1,1
10,17,3.17,2,1,1,1,7,1,2,0,0,4,1,3,2,0
7,7,2.26,3,1,1,1,4,1,2,0,0,2,4,2,2,0
9,84,2.35,5,1,1,0,2,1,4,1,3,0,3,2,3,0
14,46,2.68,7,1,4,1,5,1,1,2,0,4,2,3,4,0
0,24,2.53,3,2,3,1,8,1,1,3,4,3,2,1,1,0
10,62,3.43,3,1,4,0,7,0,1,1,0,2,1,2,0,0
8,58,2.98,0,0,0,0,1,0,4,3,3,4,4,2,4,1
6,16,2.41,5,2,2,0,5,1,0,3,0,2,1,3,4,0
2,16,3.25,4,1,4,1,1,1,3,2,2,2,0,0,4,0
8,79,2.77,7,0,3,0,7,0,2,2,1,3,4,2,0,0
2,41,2.85,6,0,3,0,1,1,2,4,3,3,3,3,1,1
7,67,3.92,3,2,0,0,7,1,0,1,1,0,1,1,3,1
4,20,3.96,8,0,2,0,7,0,2,1,3,2,0,3,1,1
2,29,3.24,5,0,0,1,9,0,4,1,3,0,1,0,1,1
0,32,2.7,2,1,2,1,0,0,0,4,3,2,3,1,4,0
12,1,2.49,4,0,3,1,7,0,0,1,0,1,2,4,0,0
14,32,3.87,7,1,2,0,0,1,1,1,1,1,2,4,2,1
2,88,3.8,0,2,0,1,7,1,4,0,2,1,1,3,0,0
4,24,3.35,3,1,1,1,2,0,2,1,1,4,4,3,4,1
3,3,2.08,1,0,0,1,1,0,2,3,3,1,0,3,4,1
11,88,3.24,2,0,4,1,7,0,2,2,0,2,0,2,2,1
12,0,2.99,3,0,0,0,8,1,0,4,1,1,3,4,1,0
7,45,2.0,9,0,2,0,9,1,4,4,3,2,3,0,3,1
7,54,2.0,5,1,1,1,4,0,1,2,0,3,1,2,1,1
14,84,2.89,1,0,2,1,8,0,4,1,4,1,2,2,1,0
3,2,2.63,8,1,2,0,4,1,1,2,2,3,4,3,2,0
9,76,3.35,4,0,4,0,2,1,3,4,2,0,1,1,3,1
12,48,2.82,3,1,1,0,9,1,1,2,1,3,1,2,2,1
4,19,3.1,0,0,1,1,6,0,4,3,3,4,1,4,0,0
0,22,2.02,7,0,4,0,6,1,0,3,3,0,0,3,0,0
0,81,3.56,8,2,0,1,0,1,2,2,1,1,1,1,1,0
12,5,3.78,0,2,2,1,5,0,2,3,3,0,4,1,1,0
9,35,2.0,7,1,4,1,5,1,3,2,2,2,3,0,2,0
3,79,2.48,9,2,2,1,0,1,0,3,0,3,4,0,1,0
13,39,3.89,3,0,1,1,8,0,1,4,1,3,4,2,0,1
8,5,3.59,1,1,2,0,6,1,0,1,2,1,3,2,1,0
11,44,3.53,2,1,1,0,7,1,3,3,4,1,2,4,0,0
13,35,2.46,8,2,4,0,8,1,0,2,0,0,1,4,2,1
2,6,3.45,1,1,1,0,7,1,4,3,1,1,3,0,2,1
9,15,3.67,1,1,1,0,8,0,3,1,2,2,1,0,2,0
9,78,2.17,3,0,2,1,5,0,2,3,4,4,1,0,1,0
7,15,3.45,1,0,4,1,2,1,3,0,3,3,3,0,3,0
11,78,2.67,8,2,4,1,8,1,1,1,0,2,3,2,1,1
7,60,2.27,7,0,4,0,5,1,2,2,3,3,2,3,0,0
12,84,3.83,4,0,1,0,5,0,2,2,1,1,1,4,4,0
11,66,2.35,3,1,3,0,2,1,3,2,2,2,2,3,0,1
14,85,2.6,2,2,1,0,8,0,0,2,4,2,3,1,2,0
4,88,2.45,1,0,1,1,0,1,3,0,1,2,0,1,4,0
13,49,2.95,1,1,3,1,6,1,3,4,4,1,2,2,1,0
12,25,2.99,9,1,1,0,7,0,0,4,3,3,1,3,0,0
8,87,3.25,1,1,1,0,4,1,1,1,2,4,0,0,1,0
12,15,2.41,7,0,4,0,9,1,3,3,4,4,1,0,2,0
11,40,2.83,6,0,1,1,5,0,3,1,1,1,1,3,1,1
2,20,3.1,5,0,0,0,7,0,0,2,0,1,3,1,1,0
10,24,2.15,1,2,3,1,5,0,0,3,4,3,1,2,0,0
6,1,2.51,9,0,1,0,6,1,0,0,2,3,3,2,0,0
10,43,3.71,2,2,3,0,9,0,4,4,3,0,2,1,2,0
4,62,3.59,3,0,0,0,8,0,3,1,4,1,3,0,4,1
4,57,2.24,5,0,3,1,0,0,0,0,0,3,2,4,1,0
12,5,3.14,8,1,3,0,8,1,1,0,4,4,0,1,1,0
3,73,2.1,5,2,2,1,4,0,1,1,4,4,2,3,2,1
13,5,3.46,4,0,3,1,9,1,4,3,4,1,2,0,2,1
9,54,3.94,8,0,2,1,9,1,1,2,2,3,0,3,2,0
13,12,2.5,2,2,1,0,4,0,4,3,4,1,0,4,0,0
3,66,3.64,8,0,3,1,6,0,2,4,3,0,0,2,2,0
1,4,2.26,6,2,1,1,4,1,1,0,1,4,0,2,4,0
11,62,3.68,9,0,2,0,1,0,1,2,4,2,3,1,1,1
6,2,2.35,4,0,1,1,9,0,3,3,4,2,0,2,0,0
0,70,3.16,2,1,3,1,2,1,4,3,0,1,0,1,4,0
6,70,2.74,9,0,1,0,3,1,3,3,3,3,0,2,0,0
14,6,2.33,4,0,2,1,9,1,1,2,1,1,0,2,2,0
8,28,4.0,7,0,1,1,1,1,1,0,4,1,0,2,4,1
13,84,2.85,8,0,0,1,2,1,0,4,4,1,3,1,2,1
0,49,2.24,2,0,0,1,9,1,2,0,1,3,1,3,2,0
2,0,3.48,6,1,0,0,4,0,4,2,1,0,2,2,4,0
2,26,2.37,9,2,2,1,8,0,3,2,2,0,4,1,1,1
8,65,2.9,3,2,0,1,7,0,4,3,1,2,4,3,4,0
8,51,2.46,8,1,2,0,7,1,1,3,0,1,2,2,1,1
5,37,2.79,8,2,3,0,2,0,3,2,0,3,2,0,1,1
4,2,3.97,4,0,0,1,6,0,1,2,4,4,1,1,1,0
14,21,3.63,5,1,0,0,3,1,2,1,4,3,2,3,4,1
1,13,2.79,4,1,3,0,3,1,4,2,4,2,0,0,1,1
3,19,2.12,0,2,0,1,8,0,2,4,1,0,2,4,4,1
10,24,2.37,9,2,4,0,8,1,1,1,3,4,3,2,2,0
4,18,3.85,4,2,1,1,3,1,2,1,4,3,4,2,2,1
11,13,3.22,9,2,0,0,0,0,4,3,2,2,4,4,2,0
0,33,3.12,3,2,4,0,2,1,1,0,0,3,2,3,2,0
9,58,2.85,4,2,0,0,5,1,4,0,3,4,3,3,0,1
13,21,2.39,6,1,2,0,6,0,0,2,4,0,4,4,2,1
13,85,3.58,9,0,4,1,0,0,0,4,2,1,0,4,1,0
11,32,2.7,9,2,4,1,7,1,2,1,0,2,3,4,2,1
13,8,3.74,9,0,3,1,3,1,2,2,2,3,1,3,2,0
10,6,3.24,1,2,3,0,3,1,1,2,1,0,0,0,2,1
8,15,3.78,1,2,1,1,9,1,2,1,4,3,4,3,2,1
4,0,3.91,7,1,3,0,8,1,4,2,3,3,4,3,1,0
11,87,2.58,3,0,3,0,0,1,1,0,4,3,4,4,0,0
7,19,3.17,8,1,4,0,6,1,1,1,0,1,4,2,2,0
1,24,2.03,7,1,2,0,8,1,4,4,3,3,3,0,0,0
6,46,2.86,1,2,0,0,0,1,4,4,3,3,4,2,1,0
9,67,3.65,6,1,0,0,2,0,0,3,1,3,2,0,4,1
6,75,3.62,3,2,2,1,7,0,3,4,3,3,2,1,3,0
14,72,2.69,2,2,0,1,4,0,2,3,2,0,2,3,3,1
1,57,2.58,8,2,3,0,8,1,3,1,2,3,1,0,4,1
11,32,3.77,1,2,0,1,1,1,2,1,2,3,4,4,2,0
8,5,2.16,0,1,2,1,6,1,0,4,4,2,4,0,2,0
10,56,2.37,5,2,0,1,8,1,2,2,0,0,2,3,1,0
0,80,2.24,1,2,0,1,3,0,3,2,2,0,4,4,2,1
5,7,2.35,1,2,3,1,5,0,2,1,1,2,2,4,1,0
14,67,3.71,7,0,1,1,9,0,1,4,1,2,2,1,3,0
8,46,2.47,5,0,0,0,3,0,4,3,4,2,0,4,1,0
10,56,3.99,3,1,3,0,6,1,2,1,3,1,3,3,4,0
10,59,3.84,7,2,2,1,3,1,2,4,2,3,4,0,0,1
0,85,2.49,8,2,3,1,0,1,0,4,1,2,1,2,1,1
0,30,3.74,9,1,4,1,6,0,4,2,3,1,1,4,3,0
9,50,2.09,0,0,2,1,6,1,1,4,1,4,1,4,3,0
3,41,3.84,1,0,1,0,8,0,0,1,1,2,2,1,4,0
9,16,2.19,4,1,4,1,4,1,1,2,4,2,3,1,3,1
4,44,3.57,3,2,0,0,2,0,3,4,2,3,0,3,4,0
9,70,2.03,9,2,1,1,0,0,2,4,3,4,1,0,2,0
12,51,2.11,5,2,3,0,0,1,0,0,0,0,0,1,4,0
3,26,2.16,1,0,4,1,6,1,3,3,1,3,1,3,2,1
9,54,3.44,4,0,1,1,7,0,3,2,4,1,0,1,3,1
4,57,2.92,5,2,3,1,6,1,1,1,1,2,2,4,2,0
4,28,3.25,8,1,4,0,4,0,4,0,4,3,3,0,2,0
3,59,3.19,9,0,4,0,8,1,1,1,2,2,2,4,0,1
4,68,2.66,1,2,3,0,9,1,4,3,2,3,1,3,1,1
5,36,2.32,5,2,2,1,2,0,1,0,1,4,1,4,0,0
12,3,3.15,2,2,2,1,9,0,1,4,2,4,1,3,1,0
2,18,3.96,2,1,0,0,8,1,3,1,4,3,1,4,3,1
6,80,3.5,5,0,2,0,6,0,1,4,1,4,1,4,1,0
13,54,2.77,5,0,0,1,4,1,4,2,4,1,1,3,2,0
11,21,3.1,1,2,0,0,8,0,1,3,2,1,4,0,4,1
0,60,2.47,1,2,3,1,6,0,3,4,4,0,1,2,4,1
0,47,3.75,6,0,3,0,0,0,3,0,2,4,0,3,1,0
6,79,2.12,0,1,1,1,7,0,3,0,4,1,3,3,2,1
6,83,2.74,0,2,3,0,2,1,1,3,0,1,4,1,2,1
2,53,2.78,8,0,4,1,6,1,0,4,1,0,1,4,3,1
8,38,2.71,0,0,0,1,1,1,2,3,3,4,3,3,3,0
12,13,2.23,1,2,3,0,7,1,1,2,3,3,4,4,1,1
0,87,2.11,5,2,1,0,5,0,0,3,1,0,2,1,4,0
7,14,3.32,2,0,4,0,4,1,4,4,2,2,2,3,1,0
10,45,2.46,1,2,2,1,2,1,3,4,1,1,4,2,0,1
14,75,2.29,9,2,1,1,2,0,0,3,0,0,4,2,4,1
5,18,2.1,2,0,0,1,9,1,1,1,0,3,1,0,0,0
10,84,3.9,3,1,3,1,3,0,3,4,1,1,2,0,4,1
1,48,2.02,6,0,1,0,8,1,2,4,1,1,1,3,1,0
12,72,2.01,4,2,4,0,1,1,0,2,4,0,1,4,2,0
0,23,3.0,5,1,2,1,0,0,3,0,1,1,1,3,1,0
8,55,3.18,5,2,1,0,4,0,3,0,3,4,4,3,0,1
9,73,2.03,9,0,1,1,1,0,4,1,2,3,2,4,1,1
11,45,2.93,8,0,0,0,0,0,0,4,3,1,3,1,3,1
0,4,2.87,3,1,4,1,6,0,2,0,0,3,2,4,2,0
1,80,2.51,3,0,3,1,6,1,2,2,3,0,0,0,3,1
1,64,2.97,1,2,1,0,1,1,0,3,3,0,4,2,0,1
1,64,2.53,6,1,2,1,4,1,3,0,2,2,2,4,3,1
5,15,3.59,8,1,0,1,2,1,2,0,1,2,4,2,1,1
1,0,2.77,8,1,2,0,1,1,2,2,3,4,3,0,3,0
10,1,2.01,2,2,3,1,6,1,0,1,0,2,2,4,3,0
0,9,3.14,1,0,4,1,8,0,1,1,0,4,4,3,2,0
11,84,3.44,0,0,3,1,0,1,4,0,0,1,4,3,4,0
9,71,2.53,2,0,3,1,0,1,4,2,0,1,0,3,0,1
6,42,3.59,7,2,3,1,2,0,2,0,2,2,0,1,1,0
9,20,3.84,1,2,0,0,5,0,4,0,4,2,1,1,1,1
8,8,3.72,1,2,4,0,2,0,2,3,3,3,2,4,3,0
12,55,3.83,9,1,1,1,3,1,2,3,0,2,3,0,4,1
11,0,2.04,3,1,0,0,8,0,4,2,4,4,0,3,4,1
4,76,3.69,1,2,0,0,9,0,4,2,2,4,0,4,3,0
11,67,3.98,8,1,4,0,7,0,2,4,2,3,3,3,1,0
6,27,2.18,8,1,3,0,5,0,3,3,0,4,1,0,0,1
14,60,3.96,1,1,0,0,1,1,2,2,2,0,0,4,0,1
11,58,3.97,3,0,0,0,6,1,4,4,0,3,2,1,0,1
2,68,2.76,7,1,4,1,4,1,2,4,2,3,1,3,3,1
7,40,2.67,7,1,1,1,0,1,2,4,0,0,0,1,4,1
7,61,3.89,2,0,3,0,0,0,0,2,4,1,4,4,1,0
12,29,3.06,4,2,1,1,3,1,3,4,0,1,0,4,1,1
1,54,2.57,5,1,1,1,9,1,3,2,2,1,0,3,3,1
9,60,2.09,2,2,1,1,1,1,1,3,4,4,3,2,1,1
4,0,3.84,7,1,1,0,2,0,0,3,1,3,4,3,0,0
9,81,3.27,8,2,4,1,6,0,1,4,4,4,3,0,4,1
5,8,2.28,9,1,0,0,7,0,0,3,2,3,2,2,4,1
4,60,3.45,9,2,2,1,5,1,4,0,4,4,4,4,3,0
3,70,3.93,8,0,4,0,0,1,3,2,2,2,2,3,0,1
4,82,2.03,1,2,1,0,5,0,0,3,1,0,2,0,1,0
2,62,3.12,5,1,3,0,4,0,2,3,3,1,1,4,3,1
4,71,3.52,9,2,3,1,6,1,1,1,4,2,3,1,2,0
9,82,2.85,7,1,2,1,1,0,2,0,1,2,2,2,4,0
3,5,3.43,1,0,1,0,0,1,2,1,0,0,4,0,0,0
14,30,3.15,8,0,1,0,2,0,3,3,0,3,3,3,2,0
8,55,2.81,8,0,3,1,4,0,1,4,2,3,2,2,3,0
8,36,3.27,7,1,4,0,3,0,2,3,3,1,4,2,2,0
12,74,3.7,5,0,4,1,2,0,1,0,4,3,1,0,3,0
3,38,3.87,3,0,3,1,2,0,3,0,1,3,2,4,1,0
10,57,2.79,5,2,0,1,8,1,0,0,2,3,0,3,4,1
13,73,3.23,6,2,1,0,0,1,4,2,4,2,0,3,2,1
1,35,3.72,9,1,2,0,8,1,1,0,1,3,3,4,4,0
1,4,3.02,5,2,0,0,7,1,2,3,0,4,1,1,0,0
2,64,3.66,5,1,0,1,4,1,3,3,1,2,1,2,1,1
3,81,3.61,2,1,2,0,4,1,3,3,3,3,2,0,1,0
6,79,3.36,5,2,4,1,4,1,1,3,3,0,2,1,0,0
14,57,2.05,0,0,3,1,6,1,4,1,0,1,2,3,4,1
5,19,2.02,9,0,3,0,9,0,3,3,0,4,1,1,0,0
12,75,2.26,7,2,1,1,5,1,0,2,4,3,4,0,3,0
6,21,2.74,3,2,3,0,5,0,1,2,4,0,4,1,1,1
7,72,2.86,0,1,4,0,8,1,2,0,1,4,4,3,4,1
3,36,3.99,9,1,3,0,8,0,0,0,0,0,4,1,3,0
0,75,2.85,7,0,4,0,8,0,1,2,4,3,3,1,3,1
9,15,2.58,7,1,0,1,8,1,2,0,0,1,0,3,3,1
5,48,2.45,5,2,0,1,6,0,3,2,1,0,4,0,3,1
1,44,2.33,1,1,1,0,3,1,1,3,4,1,2,4,3,1
0,31,3.19,0,2,4,1,5,0,2,1,4,3,3,1,4,1
3,58,2.65,3,0,0,0,5,0,4,3,3,3,0,4,0,0
7,27,2.68,1,2,0,0,7,1,0,0,3,1,2,3,1,0
4,35,3.69,7,1,1,1,4,1,2,0,3,2,0,0,3,1
10,46,2.15,0,2,4,1,0,0,3,3,2,0,0,1,4,0
10,37,3.03,1,2,0,1,2,0,1,3,0,3,2,4,2,0
4,31,2.12,1,2,0,1,5,0,1,2,4,2,3,2,2,0
14,56,2.25,6,0,0,1,7,0,0,0,2,2,3,2,4,1
6,58,2.12,6,1,3,1,8,1,0,2,1,3,4,3,0,1
14,86,3.09,2,2,3,0,6,0,0,4,3,1,2,1,3,1
0,20,3.01,6,0,4,1,8,1,4,0,1,1,0,3,3,0
1,87,2.75,1,2,4,0,6,0,0,1,2,0,2,4,0,0
10,14,3.64,5,0,1,0,3,1,4,0,4,4,4,3,1,1
5,56,3.27,7,1,3,0,7,1,0,3,3,4,4,3,4,0
2,72,3.6,2,2,3,0,7,1,3,0,0,2,2,0,0,0
0,71,3.16,6,0,3,1,5,0,1,0,0,1,1,2,3,1
9,39,2.09,8,2,1,0,2,1,2,1,4,1,1,1,1,1
4,25,2.84,3,2,0,0,2,0,1,1,0,1,4,4,0,1
9,44,2.02,2,2,4,1,0,1,3,4,2,2,0,4,1,0
4,39,3.46,5,1,4,1,0,1,4,0,0,2,0,2,3,0
6,2,3.91,7,0,0,0,1,1,1,4,3,4,1,4,0,0
0,13,3.25,2,0,4,1,3,0,3,3,2,4,0,2,4,1
11,55,2.25,6,0,2,1,1,1,4,1,2,3,3,4,4,1
1,31,3.12,4,2,4,1,9,0,2,1,2,3,1,1,4,1
12,54,3.39,1,2,4,0,1,0,4,1,2,4,1,3,1,1
3,3,2.95,6,2,0,1,8,0,2,4,4,1,1,4,2,0
10,47,3.05,2,2,2,1,4,0,1,0,3,0,4,4,3,0
3,56,2.59,6,1,0,0,2,0,1,4,4,4,3,0,0,1
5,8,3.06,2,1,3,0,6,0,1,4,2,4,2,1,4,1
14,32,2.13,4,0,0,0,0,1,1,4,3,1,4,0,0,0
12,0,3.01,5,2,4,1,9,0,1,2,3,1,1,4,1,1
3,37,3.83,3,0,0,1,0,0,2,3,4,2,4,0,0,1
5,62,2.14,9,1,4,0,7,0,1,4,2,0,2,1,4,0
12,52,2.22,2,2,0,0,2,0,0,0,3,2,4,0,2,0
14,67,2.06,8,2,3,0,1,1,0,2,3,1,1,3,3,1
11,83,3.01,6,2,3,0,3,1,4,3,2,0,0,4,3,1
14,66,3.69,7,1,0,0,5,1,1,1,4,4,1,3,4,0
10,26,2.66,1,1,0,1,1,0,0,0,0,0,4,3,4,0
5,39,2.89,8,0,3,0,7,0,1,4,4,4,4,4,3,0
7,6,2.91,5,0,4,1,5,1,4,1,4,2,2,2,0,1
14,9,3.42,0,1,3,0,4,1,2,3,3,4,4,1,2,0
4,78,2.74,2,2,0,1,8,0,3,1,4,3,2,2,0,0
6,30,2.69,3,2,2,0,9,1,3,4,4,0,3,3,4,0
12,85,2.69,3,0,2,0,7,1,0,3,0,3,3,2,2,0
14,78,3.97,7,0,4,0,3,0,1,3,0,4,3,2,3,1
4,83,3.33,0,2,3,1,7,1,3,1,0,2,1,0,1,1
8,5,3.72,3,1,3,0,8,1,2,2,0,2,3,1,1,0
8,67,2.97,4,1,0,0,9,1,2,2,3,2,0,3,1,1
9,48,2.45,6,0,2,1,5,1,0,4,3,4,4,1,0,1
1,20,3.34,2,2,1,1,9,1,1,2,1,3,3,4,1,0
9,68,2.58,8,1,2,0,6,0,4,2,4,2,2,3,3,0
0,5,2.89,5,0,4,1,5,1,1,2,1,4,3,2,0,0
0,65,2.2,4,1,4,0,5,1,4,1,4,3,2,4,4,0
2,39,2.94,1,0,2,0,7,0,0,4,1,3,0,0,1,1
3,61,3.52,7,2,4,0,2,1,2,4,3,1,3,0,0,0
10,0,2.87,0,2,1,0,7,0,4,4,2,4,1,1,0,1
12,24,3.52,3,2,3,1,9,1,4,0,1,3,1,4,2,1
3,18,3.41,1,0,4,0,1,1,3,1,2,2,3,3,0,0
13,61,3.6,0,1,2,1,3,0,3,2,3,1,2,2,4,1
6,82,2.58,6,0,3,0,2,0,2,4,4,0,1,2,3,1
0,49,2.12,8,0,4,0,8,1,1,4,4,2,1,2,2,0
4,66,3.77,3,2,2,0,2,1,2,3,2,4,0,3,3,1
8,81,3.82,2,2,2,1,7,0,3,1,4,2,0,0,1,0
4,87,2.34,4,0,1,1,3,0,1,0,0,1,1,0,3,1
3,13,2.49,8,0,2,0,3,1,4,3,1,0,1,4,1,0
3,72,2.38,9,1,2,1,4,1,2,3,3,3,3,1,0,0
6,32,2.49,1,2,3,1,7,0,4,1,3,1,3,3,1,1
6,52,3.57,6,1,1,1,5,1,0,0,1,3,2,1,0,1
3,51,3.86,6,1,2,0,8,0,3,4,0,0,2,2,1,0
7,41,3.62,8,1,3,1,7,1,2,4,4,1,0,1,1,1
8,79,3.24,9,2,4,0,9,0,4,2,3,3,2,3,2,1
14,60,3.92,4,0,0,1,1,1,4,1,2,1,4,3,1,0
10,14,2.01,0,0,4,0,0,0,4,0,2,4,3,0,1,1
14,15,2.41,1,0,3,0,3,1,0,2,3,1,0,0,4,0
10,82,2.21,5,0,0,0,1,0,3,0,0,0,2,4,0,1
11,54,3.5,1,1,2,0,5,1,4,3,1,0,4,0,3,0
9,70,3.95,1,0,4,0,9,0,1,3,2,0,2,0,1,1
4,2,3.82,3,2,0,0,8,0,4,3,2,2,1,1,1,1
9,46,3.27,2,0,3,0,6,0,4,0,2,2,1,4,0,0
6,85,2.25,7,0,2,0,9,0,0,1,0,4,3,4,4,1
1,64,2.05,1,1,2,1,2,0,1,1,3,2,0,0,4,1
10,17,3.87,8,2,1,1,5,1,1,3,3,2,0,1,2,0
11,44,3.16,3,1,2,1,5,1,1,4,4,1,4,2,3,1
1,23,2.99,3,2,3,0,8,0,4,1,2,3,0,1,3,0
4,29,3.44,9,2,3,1,8,0,1,0,0,2,3,2,4,1
10,9,3.43,5,2,4,1,2,0,3,3,3,4,2,2,1,0
8,66,3.24,4,0,3,1,7,0,3,3,1,2,0,2,0,0
9,73,2.33,6,0,1,0,4,1,4,2,4,3,1,0,0,0
12,35,3.02,7,1,1,1,5,0,3,3,4,0,2,4,1,1
8,30,2.16,8,0,1,0,4,1,2,4,0,2,4,4,4,0
11,5,2.19,0,2,0,1,7,0,1,4,4,4,2,1,4,0
9,7,2.47,9,0,4,1,2,0,3,2,0,1,0,2,1,1
10,33,2.09,5,1,3,0,1,1,2,4,2,2,4,0,2,1
6,27,3.81,5,2,3,0,9,1,4,4,0,1,0,3,1,1
6,69,2.77,0,1,0,0,7,1,2,3,3,2,3,2,1,0
10,34,2.27,9,0,1,0,4,1,2,0,1,3,2,1,0,1
3,3,2.11,9,0,2,0,2,1,1,3,1,0,0,0,4,0
2,46,3.18,1,1,2,0,8,1,3,0,0,4,4,0,0,1
6,17,2.35,9,2,4,1,2,0,2,1,3,4,3,4,1,1
11,86,3.75,0,0,1,0,7,1,1,4,3,1,4,3,4,0
0,46,3.71,6,0,1,0,2,1,0,2,1,3,4,0,4,1
4,85,2.95,7,1,3,1,0,0,3,4,3,3,2,3,4,0
1,83,2.76,6,1,4,1,3,1,1,3,3,3,2,0,4,1
7,67,2.26,8,0,4,0,2,1,0,1,4,3,0,0,3,0
2,34,3.85,2,1,3,1,9,1,2,3,0,2,1,4,0,0
10,75,2.34,3,1,4,1,4,1,0,1,4,2,2,2,0,0
2,32,2.04,0,0,1,1,2,1,4,2,3,2,1,3,1,0
5,0,2.62,5,1,2,1,4,1,0,4,3,2,4,3,2,0
12,18,3.91,9,0,0,0,2,1,2,0,4,3,3,4,1,1
4,52,3.75,9,1,3,1,8,1,3,3,4,3,4,3,1,0
13,53,2.58,9,1,3,1,2,0,4,3,0,1,2,2,0,1
2,38,3.42,4,2,4,0,3,1,3,1,0,0,4,4,2,0
14,54,3.28,8,1,1,0,7,0,1,1,2,0,1,2,4,0
10,86,3.56,9,2,4,1,2,1,0,2,3,4,2,2,1,0
14,36,2.56,3,1,1,0,9,0,4,0,0,4,0,4,0,1
0,19,3.62,0,1,4,0,1,1,1,3,2,1,4,2,2,0
14,27,3.26,2,0,3,0,4,1,0,1,0,4,2,4,4,0
9,45,2.45,1,2,1,1,7,1,4,4,4,1,0,3,3,0
4,0,3.21,5,2,0,0,0,0,2,2,0,1,3,3,0,0
3,73,3.99,7,0,4,0,0,0,1,4,4,0,1,3,3,0
8,19,3.87,2,1,3,1,0,0,3,1,2,1,1,1,0,1
8,68,2.73,6,1,4,1,3,0,3,0,1,1,4,4,3,1
14,63,2.91,9,1,1,1,3,1,4,1,4,4,0,1,4,1
4,66,3.99,8,0,1,1,0,1,4,2,1,1,4,4,4,1
10,46,3.63,3,1,3,1,5,0,2,4,0,1,0,3,3,0
1,44,3.16,8,1,2,0,1,1,3,1,0,2,0,3,2,1
7,33,2.61,7,1,1,0,1,0,4,0,4,3,2,0,4,1
7,19,2.65,0,2,0,1,0,1,2,2,0,0,3,1,4,1
2,50,2.52,9,2,4,1,7,0,4,2,0,2,4,0,2,0
13,3,2.6,8,2,3,1,1,1,1,1,2,4,3,1,0,1
4,65,2.57,8,0,4,0,2,0,4,4,1,4,2,0,2,0
11,36,2.25,4,1,1,0,7,0,1,2,1,3,3,4,4,1
9,54,2.32,4,0,3,0,2,1,1,4,2,0,3,0,2,0
12,56,2.94,3,0,3,1,6,0,1,2,4,1,1,0,2,0
4,50,3.35,9,2,3,1,4,1,4,2,2,4,1,4,4,1
1,60,3.81,1,0,1,1,5,0,1,4,0,4,0,0,3,0
4,3,2.69,7,0,2,0,0,0,4,0,1,0,0,1,0,1
10,78,3.19,2,0,2,0,3,1,3,0,4,4,4,4,0,1
13,26,2.73,9,2,4,1,5,1,3,4,0,2,3,0,4,1
8,24,2.69,7,2,2,1,4,1,0,0,2,1,0,3,0,0
10,40,2.98,6,2,0,1,3,1,3,4,2,1,2,4,2,1
4,28,2.99,7,0,2,0,6,0,4,4,1,2,0,1,4,1
6,32,3.45,7,2,0,0,8,1,0,2,3,1,4,1,2,0
12,52,3.0,5,2,2,1,8,0,3,1,3,3,1,1,0,0
9,6,3.43,4,0,2,0,5,1,1,4,3,4,0,2,4,0
5,73,3.78,0,1,3,1,6,0,2,0,2,0,3,0,4,0
7,33,2.48,7,2,2,0,7,1,4,3,2,3,4,3,2,0
3,65,2.52,7,1,0,0,7,0,2,2,2,2,2,0,3,1
2,3,2.89,2,2,1,1,2,0,0,4,0,3,3,3,1,0
1,19,2.23,5,0,0,0,9,1,0,1,2,1,1,2,4,0
10,3,2.02,7,0,0,1,2,1,4,2,0,1,0,3,3,1
2,35,2.94,0,0,3,0,6,1,3,0,4,3,0,3,0,0
7,18,3.15,8,1,1,1,0,1,3,0,0,0,3,2,4,1
5,56,2.83,7,2,2,1,0,1,0,1,3,0,3,4,2,0
7,46,3.47,0,0,0,1,5,1,2,0,3,3,2,3,3,1
9,26,2.12,3,1,4,1,7,0,3,3,2,4,1,2,0,0
1,86,3.83,4,2,4,0,0,0,2,3,3,3,4,1,4,0
3,86,3.85,0,0,4,1,3,1,3,3,4,3,3,3,0,0
1,71,3.15,1,2,1,0,9,0,4,4,2,1,1,2,0,0
6,0,2.31,0,1,0,1,8,1,3,0,3,1,1,1,1,1
8,68,3.47,5,0,1,1,1,1,1,2,4,1,4,2,1,0
2,73,2.1,1,0,4,0,6,1,0,0,2,4,0,4,2,1
5,32,3.67,2,1,3,1,9,1,1,3,2,2,0,1,2,0
13,59,3.74,4,1,4,1,8,0,2,1,3,0,2,4,2,1
11,64,2.93,0,2,2,1,4,1,0,4,4,1,1,2,0,1
12,85,3.57,7,0,4,0,9,1,1,1,3,2,3,0,2,1
12,7,3.67,9,1,1,0,0,0,2,3,1,4,3,4,2,1
5,89,3.39,1,1,1,0,7,0,3,4,3,0,1,2,2,0
14,40,3.14,5,2,4,1,6,0,1,3,4,0,2,2,0,1
4,28,2.28,7,0,1,0,2,1,0,2,0,4,1,0,4,0
11,55,3.48,1,0,4,0,4,0,0,3,3,4,1,0,2,0
6,57,2.71,8,0,2,0,5,1,0,3,1,3,4,4,0,1
0,40,2.17,3,2,2,1,1,0,4,0,3,4,1,4,0,1
0,51,2.19,9,1,4,0,4,1,4,3,2,0,1,2,3,1
2,37,2.0,0,0,3,0,8,0,4,0,3,3,3,1,3,1
2,88,3.75,1,2,3,1,3,1,1,4,2,2,1,0,3,0
4,78,3.0,4,1,3,0,9,1,1,2,4,0,2,4,3,1
8,70,2.96,1,1,0,0,5,1,3,3,2,3,0,3,2,0
14,28,3.69,3,0,1,0,9,1,0,1,1,2,1,0,1,0
5,80,2.08,7,1,0,0,0,0,1,0,2,3,4,3,0,0
9,80,2.28,1,2,1,0,9,0,2,0,4,4,0,3,0,0
14,58,2.21,4,1,0,0,9,0,2,1,0,2,2,3,4,1
3,83,3.59,9,1,3,1,6,1,0,2,1,0,4,4,2,0
4,29,2.01,5,2,4,0,1,0,1,3,3,4,4,0,2,0
6,34,2.49,4,0,3,1,2,1,0,1,2,2,1,2,2,1
11,22,2.32,8,2,0,1,1,1,0,0,1,3,0,2,2,0
12,63,3.52,4,1,3,1,5,0,0,1,1,1,4,0,4,1
10,84,3.53,1,1,4,0,9,0,2,0,3,0,2,3,0,1
5,85,3.05,0,0,0,1,8,0,4,1,3,0,1,4,2,0
14,87,3.57,2,0,4,0,1,1,1,0,0,4,4,2,0,1
11,86,2.65,1,2,2,1,6,1,3,2,1,2,2,4,3,1
11,67,2.26,2,1,3,1,9,0,1,0,0,0,2,4,0,1
4,42,3.64,2,0,2,1,8,1,4,4,2,1,1,2,2,1
7,25,3.32,8,1,3,0,0,0,0,4,4,2,3,4,3,1
6,4,3.13,2,2,1,0,6,0,4,1,2,1,0,4,1,0
7,8,3.93,5,1,1,1,6,1,4,3,2,1,0,0,1,0
3,64,2.25,0,0,4,1,2,1,3,3,4,3,1,1,3,0
13,71,2.48,2,1,1,0,5,0,1,2,2,3,4,2,1,1
5,3,2.98,7,2,3,0,4,0,3,2,0,1,1,2,1,1
14,7,2.98,4,1,1,0,9,0,4,0,0,4,1,4,4,0
11,61,2.31,7,1,0,0,7,1,4,4,3,3,2,1,3,0
7,33,3.83,3,2,2,1,6,0,4,0,0,4,4,3,4,0
13,36,2.46,6,2,3,1,3,0,0,1,4,1,1,1,0,0
7,7,3.29,0,1,1,1,5,1,4,4,1,2,0,3,2,0
11,16,3.84,5,0,1,1,3,0,2,1,2,0,3,3,4,1
14,43,2.91,4,2,2,1,1,0,0,2,1,4,4,1,2,0
7,12,3.53,6,1,1,1,6,1,1,1,1,4,2,3,0,0
14,26,3.46,8,2,3,0,7,0,2,2,0,0,4,0,3,1
5,2,3.02,2,1,2,1,6,1,0,1,4,3,0,4,3,0
2,21,3.04,4,2,4,1,5,0,4,0,2,0,0,3,4,1
6,82,3.94,1,1,1,1,9,0,4,1,0,4,4,4,1,0
2,26,3.98,7,0,1,1,3,0,1,4,0,1,3,2,2,0
3,29,3.36,3,1,3,0,4,1,2,2,0,2,1,2,2,1
10,79,3.27,8,1,3,1,8,0,0,2,2,3,1,0,3,0
12,49,3.33,3,1,0,1,4,1,3,0,2,0,2,0,1,1
1,23,3.09,4,1,3,1,3,1,3,0,4,4,1,2,0,0
8,13,2.38,8,2,3,1,5,0,2,4,3,0,3,2,4,0
13,70,3.53,9,1,0,0,6,0,3,0,3,4,0,4,2,1
1,42,2.82,2,1,1,1,0,1,3,0,4,0,2,0,1,1
0,77,3.69,9,1,2,0,8,0,1,0,2,3,2,2,4,0
13,34,3.54,2,1,2,1,6,0,3,0,2,4,3,2,0,0
1,57,3.84,3,2,4,1,8,1,4,1,0,4,3,0,0,1
8,74,3.19,0,1,2,0,9,0,4,4,1,4,1,1,0,1
8,57,3.22,4,2,0,1,3,1,2,1,2,3,0,1,0,1
8,27,3.66,6,0,3,0,0,0,4,2,0,2,0,4,2,1
6,23,3.83,9,1,2,1,2,0,2,1,2,3,3,3,3,0
2,78,3.65,5,1,3,0,6,1,0,0,4,0,2,4,0,1
10,7,2.36,1,1,4,1,4,1,4,4,4,3,1,1,3,1
2,42,3.96,3,1,2,1,3,0,1,1,4,4,1,1,3,0
4,23,3.5,7,0,2,0,3,0,1,3,1,3,0,4,2,1
9,68,3.77,7,2,0,1,9,1,4,1,1,1,0,3,1,1
1,78,3.52,0,1,0,0,3,1,3,2,3,1,2,0,1,1
2,11,2.34,3,0,1,0,9,0,0,4,4,2,4,4,1,1
13,85,2.23,3,1,3,1,6,1,2,3,2,1,0,3,1,1
13,73,2.36,8,2,1,1,9,1,4,0,2,1,4,4,3,1
8,4,2.09,0,0,3,0,1,1,1,3,4,3,4,4,1,1
10,17,2.32,0,0,1,0,3,0,1,1,3,2,2,1,4,1
6,57,3.96,3,2,2,0,4,1,2,2,1,3,2,4,2,0
14,11,3.41,9,2,3,1,4,1,2,3,2,3,0,1,1,1
9,84,2.39,4,1,2,0,5,1,4,0,0,2,2,4,1,0
3,47,3.47,9,1,0,1,0,1,0,3,1,3,1,1,0,1
14,55,3.61,0,2,2,1,7,0,3,4,0,0,0,2,1,1
14,83,2.13,2,0,1,0,0,1,1,0,2,2,3,2,0,1
9,64,2.48,6,2,3,1,1,0,0,2,2,3,0,1,4,0
1,64,3.31,2,2,3,0,5,0,4,1,3,2,4,2,0,1
13,88,2.15,0,0,4,1,7,1,1,0,2,1,2,3,3,0
2,4,3.1,9,1,0,0,8,1,1,4,0,0,4,4,1,0
4,40,2.04,3,1,3,1,4,1,1,4,1,4,3,3,3,0
4,3,2.76,9,1,0,1,8,0,2,4,4,4,3,2,2,0
5,50,2.21,3,1,0,0,5,1,0,2,0,4,2,1,2,1
9,70,2.77,1,1,1,1,1,1,0,1,1,2,2,4,3,1
1,8,2.83,0,2,4,1,4,1,4,0,0,4,1,4,0,0
9,73,3.6,7,2,0,0,4,1,3,4,1,1,1,2,0,1
5,15,3.37,6,0,4,0,9,0,3,3,1,3,3,3,2,1
7,48,3.58,9,1,0,0,3,1,1,1,3,2,1,2,4,0
0,24,3.55,9,1,3,0,1,1,3,4,4,2,2,3,0,1
14,56,2.58,3,1,4,1,3,1,4,3,1,2,0,4,3,0
1,83,2.24,9,2,0,1,7,1,0,1,1,0,1,4,1,0
10,25,2.04,0,0,1,1,1,1,3,1,0,3,4,1,4,0
10,88,3.46,4,1,3,1,6,0,3,0,3,4,3,0,3,0
0,29,3.9,3,1,1,1,0,0,3,1,3,2,0,4,0,1
3,20,2.12,9,0,0,0,0,0,4,4,3,4,1,1,4,1
10,82,2.99,6,0,0,1,3,1,3,1,3,3,1,1,1,1
5,82,3.28,3,0,3,0,1,1,3,4,1,4,0,0,2,0
0,74,3.96,6,1,3,1,2,1,2,4,2,0,2,1,4,1
9,47,2.99,3,0,4,1,3,1,4,4,3,0,4,2,2,1
4,60,2.75,4,1,2,1,5,1,4,3,0,4,2,3,1,1
10,59,2.47,3,1,1,1,1,0,2,3,3,3,4,4,2,0
3,81,2.23,7,1,3,1,7,1,1,3,3,4,4,0,0,1
9,71,2.24,8,0,0,0,8,1,1,0,0,3,4,0,4,0
5,13,3.04,6,0,4,0,1,1,1,1,2,4,2,3,3,0
3,49,3.0,8,1,3,1,1,0,3,1,1,3,0,4,4,0
3,31,3.51,7,0,0,1,9,1,3,3,4,1,4,3,4,0
8,15,3.89,5,2,2,1,4,1,0,0,3,1,1,0,3,0
0,88,3.59,8,1,1,1,7,1,3,3,2,2,3,1,2,1
13,58,3.48,1,1,0,0,6,1,1,3,4,0,3,0,1,1
0,62,2.85,1,0,3,1,1,0,0,4,0,2,3,3,0,0
4,78,2.16,4,0,1,1,1,1,2,4,2,4,4,4,0,1
10,35,2.57,1,2,2,1,7,1,0,4,4,1,3,4,0,1
1,62,2.93,3,2,2,1,6,1,1,3,0,3,0,1,1,0
9,52,3.66,8,0,4,1,8,1,1,3,0,2,4,4,1,1
8,64,3.78,3,1,4,1,4,0,4,1,2,3,0,1,4,1
9,48,2.78,4,2,0,1,1,0,3,4,1,2,3,4,1,1
9,71,3.46,0,1,4,1,9,0,0,0,2,0,1,0,4,0
1,30,3.0,3,0,3,0,6,1,0,4,4,1,4,1,2,0
8,32,2.24,7,1,2,0,4,1,2,3,0,1,4,0,4,0
6,41,2.06,3,2,4,1,5,0,2,1,3,0,3,4,3,0
4,60,3.18,1,0,4,1,0,1,2,1,4,3,0,2,4,1
12,80,3.83,1,2,2,1,9,0,3,0,0,3,0,0,0,1
12,42,3.83,0,0,2,0,6,0,2,0,2,2,4,0,3,1
14,74,2.57,0,0,4,1,2,0,3,1,2,2,2,2,2,0
7,39,3.21,4,2,3,0,6,0,0,2,2,4,1,0,0,1
9,40,3.48,9,2,4,0,2,1,1,1,3,4,2,1,4,0
3,22,2.4,8,1,0,0,5,1,2,2,3,3,4,2,1,0
4,35,2.32,5,0,3,1,4,1,4,0,4,0,1,0,3,0
6,2,3.5,4,1,1,1,3,0,0,1,2,2,2,0,4,0
6,36,2.16,7,2,2,1,0,0,0,3,1,2,2,0,4,1
5,2,2.51,4,1,2,1,1,1,2,3,2,1,3,3,4,0
14,57,2.91,5,0,0,0,7,1,1,2,4,4,3,1,2,1
1,53,3.17,5,1,3,1,4,1,0,4,2,2,4,3,1,1
0,9,2.08,0,1,2,1,6,1,0,2,0,0,1,0,1,1
13,62,2.69,9,0,4,1,9,1,3,4,3,3,0,0,1,1
7,35,3.42,1,2,0,0,7,0,1,4,3,3,4,0,3,1
9,11,3.04,8,2,3,0,8,1,4,3,4,2,0,2,0,0
3,43,3.22,0,2,2,0,2,0,1,2,1,4,1,3,1,1
3,51,2.79,6,1,4,0,6,0,3,0,3,4,1,0,4,1
11,56,3.18,0,0,0,0,5,1,2,4,4,0,2,1,1,0
7,44,2.12,5,1,0,1,3,1,4,4,2,4,3,2,0,1
14,20,3.4,3,0,1,0,3,1,0,3,1,2,2,1,4,0
7,14,3.9,5,2,4,0,5,1,4,2,3,4,1,3,0,1
0,47,3.12,4,2,2,0,8,1,2,2,0,1,3,4,4,0
1,46,2.49,8,0,0,1,8,0,2,1,0,1,1,3,1,0
12,47,3.5,8,2,2,0,0,1,2,3,1,2,2,3,4,1
12,8,2.77,2,2,4,0,5,0,2,0,1,4,2,3,0,1
14,64,3.29,7,0,4,0,4,0,1,0,0,3,1,4,1,0
3,30,3.4,4,2,4,0,8,0,0,3,3,0,4,0,1,1
4,87,2.88,3,2,2,0,7,1,1,4,4,2,3,0,1,0
6,34,2.29,4,2,1,1,4,1,3,3,2,2,4,0,2,1
5,5,3.88,6,1,2,1,3,1,3,3,3,0,2,3,1,0
12,74,2.75,6,1,3,0,9,0,3,0,3,3,3,2,4,0
11,1,2.92,4,1,2,0,1,1,0,2,2,3,3,4,3,0
2,27,3.08,9,1,0,1,6,0,0,2,1,3,1,1,0,1
5,31,3.21,6,1,3,0,9,0,0,1,1,0,3,4,0,1
10,41,2.5,1,2,2,1,6,0,2,3,3,3,0,1,4,1
6,57,3.11,0,0,2,1,5,0,2,1,0,3,2,3,1,1
3,28,3.89,6,0,1,0,1,0,3,0,3,2,3,2,0,1
7,47,3.74,8,2,3,1,7,0,3,0,4,1,3,0,0,0
1,10,3.29,1,2,2,0,1,1,3,1,2,3,4,1,3,1
14,53,2.06,3,2,2,1,7,0,0,2,2,0,3,4,3,1
12,49,2.21,6,0,0,1,6,0,2,4,1,4,3,2,1,0
9,75,2.33,0,0,4,0,5,1,2,3,4,0,1,1,1,1
5,69,2.39,9,1,1,0,2,1,2,1,0,0,0,1,4,1
9,24,2.58,7,1,0,0,8,1,2,1,0,0,4,0,3,0
11,74,2.2,9,0,3,0,2,1,4,1,2,1,4,3,4,0
6,24,2.81,2,0,1,1,6,0,1,0,3,1,3,1,1,1
0,22,4.0,8,0,0,1,9,0,2,4,2,0,2,0,2,0
8,22,2.71,7,1,1,1,7,1,0,3,2,3,4,1,0,1
6,53,2.75,4,1,1,0,1,0,0,3,3,1,2,4,4,0
8,8,3.21,6,0,3,1,3,1,3,0,4,1,2,3,1,1
5,1,2.39,0,0,2,1,9,0,3,0,1,0,1,2,0,0
2,37,3.82,3,2,1,1,2,0,1,1,0,1,0,3,4,0
11,30,2.64,9,1,4,0,2,1,2,2,4,3,2,3,2,0
11,37,2.64,7,1,3,0,9,0,1,3,3,4,4,2,0,1
6,40,2.21,0,0,1,0,8,1,3,3,1,2,1,4,4,0
3,45,3.61,3,2,2,0,0,1,2,2,3,1,2,1,1,1
2,47,3.67,5,2,3,0,8,0,4,4,1,1,1,2,3,1
8,14,3.1,9,1,3,0,9,0,0,2,3,0,2,4,1,0
11,66,2.48,2,0,1,0,8,1,2,1,4,0,3,4,3,0
1,89,3.05,5,0,0,0,6,0,0,2,0,4,3,3,1,0
14,62,2.56,5,1,0,1,2,1,3,1,0,0,1,3,1,0
0,80,3.52,5,1,3,0,7,1,4,2,1,3,3,1,1,0
3,46,2.61,5,1,1,1,1,1,0,0,3,4,0,1,2,0
13,60,3.9,2,2,3,1,2,1,4,0,3,1,1,4,0,0
1,82,2.88,8,2,0,0,5,0,2,0,2,0,3,2,0,1
14,88,3.09,9,2,2,1,6,0,4,2,2,3,2,0,3,0
1,12,3.95,0,0,1,0,8,1,4,4,2,0,4,0,1,1
6,64,3.99,7,0,3,0,4,1,0,0,2,1,1,3,0,0
11,16,2.62,0,0,2,0,0,1,1,3,0,4,2,1,3,0
9,46,3.26,7,2,4,1,1,0,0,2,3,4,3,4,0,0
2,52,3.63,1,2,3,0,0,1,3,4,2,1,2,0,4,0
14,56,2.37,2,2,1,0,6,0,3,0,3,0,1,0,2,0
12,25,2.5,0,2,1,0,7,0,3,3,1,2,0,1,2,0
0,2,2.38,2,2,1,1,2,0,1,2,4,2,3,2,4,1
9,2,3.68,3,0,0,0,1,0,2,0,4,2,2,0,3,1
7,79,2.38,5,2,1,1,4,1,4,2,3,1,4,0,0,0
12,54,2.46,6,0,2,1,4,0,2,4,2,1,3,4,2,0
4,4,2.67,0,1,4,1,7,1,4,0,3,2,3,2,4,1
9,7,2.11,9,1,2,1,2,0,0,0,3,2,0,4,4,1
13,36,2.49,1,2,4,1,3,0,0,3,1,1,1,4,4,1
11,23,3.52,9,2,4,1,7,0,1,2,3,0,1,1,1,0
10,81,3.9,0,2,2,0,5,0,2,4,1,4,4,1,3,0
7,34,3.83,2,0,4,1,3,0,3,2,3,4,0,4,3,0
6,45,2.4,3,2,4,1,6,1,0,2,1,2,3,1,0,0
8,80,2.76,0,2,3,0,4,1,3,4,2,2,0,0,2,1
10,82,2.2,4,2,4,0,9,0,0,2,3,1,4,4,1,0
7,17,2.84,9,2,0,0,7,1,4,4,1,3,1,1,2,1
2,69,3.39,4,1,1,0,0,0,1,1,4,3,4,3,0,1
2,35,3.39,8,1,3,0,6,1,3,4,3,1,3,1,0,0
10,41,4.0,3,2,1,1,7,1,4,3,4,1,1,2,4,0
8,7,2.66,0,2,2,0,5,1,4,1,1,1,2,2,3,1
12,54,3.93,6,0,4,0,2,1,0,4,3,2,1,3,0,0
12,63,3.17,0,1,1,0,0,0,1,0,1,0,4,0,4,0
10,2,3.38,8,2,1,1,9,1,4,4,2,2,4,4,3,1
12,32,2.97,9,1,2,1,3,1,4,4,2,2,2,3,2,1
10,17,3.83,3,1,3,0,2,1,4,4,0,1,0,1,4,0
11,74,3.69,7,1,1,1,1,0,4,2,0,4,3,0,0,0
1,28,2.61,2,2,0,0,2,1,1,2,2,1,0,4,3,0
13,44,3.38,9,1,4,1,7,0,0,1,1,2,1,3,4,1
4,85,3.26,0,0,3,0,4,1,2,4,4,1,0,4,4,1
11,31,3.39,5,1,3,1,8,1,0,1,3,4,4,0,3,0
8,76,2.41,9,2,3,1,8,1,1,3,1,0,3,2,0,1
11,46,3.97,5,0,4,0,6,0,1,1,2,0,2,2,2,0
14,29,2.99,7,1,2,1,5,0,3,4,2,0,0,2,4,1
6,10,3.69,4,2,4,0,8,0,0,3,0,3,4,3,4,1
5,15,2.51,2,1,3,0,2,0,0,2,3,0,3,4,0,1
3,79,3.05,9,1,4,1,0,1,1,2,0,4,2,0,0,0
2,15,2.12,5,0,3,1,3,1,2,1,1,0,2,1,0,1
5,37,2.88,8,1,2,1,7,0,3,1,4,3,2,0,4,1
9,81,3.22,9,1,3,0,1,0,3,4,1,2,0,0,0,1
5,30,2.71,9,1,2,1,0,0,2,2,1,0,3,4,4,0
5,84,2.38,2,1,3,0,5,0,2,4,2,2,4,0,1,1
7,29,2.18,5,0,3,1,5,0,0,1,2,4,3,4,2,0
13,9,2.94,8,1,4,1,0,1,4,2,0,4,2,3,2,1
3,69,2.75,5,2,4,0,7,1,3,3,1,2,0,0,2,0
0,22,3.64,7,2,2,0,8,1,1,0,4,3,2,2,1,0
5,33,2.84,7,0,0,1,0,1,2,0,2,0,0,1,1,0
3,80,3.01,9,2,2,1,7,0,0,2,1,0,0,3,1,1
0,80,2.2,9,2,2,1,6,1,1,3,3,0,4,4,1,1
13,23,2.37,2,0,2,0,3,1,4,2,2,4,2,1,1,0
13,29,3.71,4,1,1,1,2,1,0,0,3,3,3,2,2,0
14,43,3.87,0,0,4,1,5,1,1,4,1,1,1,2,4,0
14,29,3.54,8,1,1,1,5,0,0,1,2,1,1,4,2,0
3,21,2.27,7,1,0,0,5,0,4,1,3,0,1,0,0,0
5,25,3.91,0,0,3,1,9,1,2,3,4,2,1,4,1,0
8,50,2.69,8,0,0,0,3,0,1,0,1,2,1,1,4,0
5,44,3.67,9,1,2,0,4,0,0,1,0,0,3,4,3,1
9,70,2.66,6,1,2,0,5,1,1,0,1,0,4,4,2,0
8,80,3.03,3,2,1,1,9,0,2,1,1,0,1,1,2,0
14,3,2.63,2,0,0,1,3,1,0,2,4,0,0,3,3,0
3,37,3.16,6,0,1,1,8,1,1,0,1,0,4,3,1,0
11,24,3.96,5,1,4,0,4,0,4,1,0,1,1,2,3,1
12,69,2.12,4,1,3,0,6,0,0,2,1,4,2,1,2,1
12,42,2.22,9,2,1,1,3,0,3,2,3,0,3,1,0,1
7,30,3.11,8,0,2,0,8,0,3,4,2,3,2,4,4,1
7,24,3.04,9,2,1,0,5,0,4,1,0,2,4,0,1,1
2,34,3.65,1,0,3,1,4,1,1,1,3,2,2,2,2,0
9,5,2.28,5,2,1,1,8,1,3,2,3,1,1,2,4,0
10,55,3.97,1,1,1,0,5,1,2,2,3,2,0,3,1,0
11,40,3.86,4,0,4,0,7,0,2,4,1,0,0,4,1,0
11,45,3.97,4,2,1,0,5,1,4,0,0,0,2,4,2,0
9,64,2.73,2,1,2,0,1,1,3,1,2,2,2,1,1,1
6,59,2.8,0,0,2,1,6,0,4,2,4,1,1,2,4,0
7,11,3.94,7,0,3,0,2,1,4,3,2,0,4,1,3,1
3,44,2.78,9,1,3,1,1,1,4,1,1,2,1,3,3,1
1,66,3.42,7,1,2,0,2,1,0,2,3,2,0,3,1,0
2,3,2.51,6,0,4,0,2,1,1,1,1,1,1,4,3,0
3,11,3.71,0,0,1,0,3,0,2,1,2,0,2,4,2,1
2,51,3.64,9,0,2,1,1,1,2,4,4,2,1,2,2,1
0,10,3.36,4,2,1,1,1,0,2,0,0,4,3,1,2,1
1,44,2.54,4,2,0,0,0,1,1,0,1,3,0,3,3,0
7,0,2.29,9,0,4,1,9,0,2,4,4,4,0,1,2,0
1,27,3.92,5,2,1,1,4,0,1,1,1,1,3,3,2,0
4,40,2.36,5,1,0,0,1,1,2,4,3,1,1,2,3,0
11,70,3.84,0,2,3,1,9,0,1,3,0,0,0,4,3,0
11,58,2.34,4,2,1,1,3,1,1,4,2,2,1,2,3,0
12,46,3.35,3,2,4,1,4,0,3,1,0,3,1,1,1,0
3,18,3.55,5,0,0,1,0,1,4,1,1,3,4,3,4,1
5,49,2.27,4,1,4,1,6,0,4,4,2,4,4,2,1,0
2,30,3.19,4,1,2,0,9,1,0,4,2,0,4,0,4,0
1,48,2.16,0,0,2,0,6,1,3,3,3,3,4,1,4,0
1,67,2.99,4,1,1,0,0,1,0,4,0,2,2,2,3,0
11,71,3.83,9,0,1,0,0,0,0,0,0,0,4,4,0,0
7,64,2.33,3,0,0,1,4,1,4,1,4,4,4,0,0,1
3,54,2.19,3,2,2,0,3,1,0,1,3,2,3,0,0,1
6,47,2.6,6,1,3,0,7,1,0,1,4,2,4,4,2,0
6,43,2.64,8,0,2,0,8,0,0,2,0,2,4,2,4,1
8,81,3.02,0,0,0,0,8,1,1,4,2,1,2,0,3,1
2,23,3.51,8,2,4,0,1,0,4,3,0,3,0,3,0,0
1,10,3.81,5,1,3,1,9,1,4,0,4,0,2,0,4,1
7,9,2.9,0,2,3,0,7,0,0,4,2,3,1,0,3,1
11,53,3.58,3,0,0,0,6,0,1,0,4,3,0,4,3,0
6,4,3.46,8,2,2,1,1,1,0,0,1,1,4,4,3,0
14,62,3.29,9,2,3,1,4,0,3,4,3,2,2,2,0,1
7,54,3.42,8,1,1,1,5,1,0,3,2,3,3,4,3,0
11,89,3.39,0,2,3,1,2,1,4,4,1,2,2,4,0,0
11,45,3.94,8,1,0,1,6,1,1,4,2,4,4,3,2,0
3,3,3.64,9,0,2,0,9,0,2,1,0,3,4,1,3,1
9,18,2.45,6,0,4,0,3,0,3,2,4,4,4,0,2,1
14,50,3.73,7,1,1,0,7,1,2,1,0,1,3,0,0,1
1,78,2.37,6,2,4,1,2,0,3,3,0,2,2,1,2,0
11,86,3.12,6,1,2,0,5,0,0,2,3,0,2,1,1,0
5,89,3.94,7,2,1,1,3,1,4,0,0,4,1,1,2,1
5,8,3.37,0,1,2,0,3,0,2,3,1,4,0,3,2,0
0,71,2.08,0,0,2,1,8,0,3,0,3,1,1,4,3,1
1,49,2.19,7,2,1,0,5,1,3,2,1,0,3,2,0,0
2,37,2.04,3,2,3,0,1,1,2,2,3,4,2,0,4,0
10,71,2.78,7,2,0,0,7,1,3,2,1,2,2,0,3,0
4,22,2.2,1,0,1,0,1,0,2,0,3,2,0,0,4,1
14,20,2.48,3,2,3,0,8,1,2,0,3,2,0,4,4,1
3,55,2.32,5,1,1,1,8,1,2,3,2,3,3,1,2,1
1,16,3.3,8,0,3,0,9,0,3,2,4,1,0,0,4,1
14,31,2.95,0,1,0,1,8,1,0,2,0,4,4,0,3,1
14,19,3.47,8,0,3,1,9,1,3,3,1,1,3,1,2,1
0,76,3.65,1,2,2,1,3,1,2,4,4,4,0,4,1,1
4,80,3.09,4,2,4,1,6,0,2,2,0,0,4,2,1,0
3,36,3.39,8,0,2,0,0,1,0,1,1,4,3,0,2,1
11,49,3.33,8,0,3,0,8,0,3,2,3,4,0,2,4,0
6,12,3.7,4,1,0,0,3,1,4,0,2,4,0,4,4,1
0,7,3.21,5,0,0,1,8,1,3,0,4,4,3,0,1,1
1,64,3.15,5,0,2,0,0,1,4,4,1,3,0,1,0,0
12,14,2.56,0,2,2,1,0,0,1,3,1,0,3,2,0,0
4,16,3.0,4,1,4,0,7,0,1,2,2,1,1,4,1,0
5,14,2.35,8,0,4,1,5,1,3,1,4,4,0,4,4,0
3,41,3.06,7,0,3,1,0,1,0,0,0,2,4,2,3,0
8,89,2.36,3,2,0,0,3,1,4,3,4,2,3,1,4,1
8,1,3.14,8,1,3,1,1,1,1,1,2,0,1,0,2,0
4,74,3.07,2,2,3,1,0,1,0,3,1,2,2,0,2,1
11,9,3.63,7,1,2,0,1,0,4,0,2,3,3,0,2,0
0,9,2.94,8,1,2,1,9,0,0,3,1,0,2,0,1,0
11,14,2.54,8,2,0,0,7,1,3,1,3,2,1,1,0,0
4,59,2.48,3,2,4,0,4,1,1,0,3,0,3,1,2,1
1,60,3.8,5,2,1,1,6,0,4,4,4,2,3,4,3,1
4,78,3.23,9,2,4,1,6,0,0,1,4,0,2,0,3,0
5,0,3.21,6,2,1,1,4,0,4,4,1,3,4,0,1,0
11,35,2.71,4,1,2,0,3,1,4,4,3,3,1,3,4,0
4,57,2.59,8,1,1,1,4,1,3,4,4,0,0,1,4,1
2,22,2.36,1,1,1,0,9,1,1,4,3,0,2,0,4,0
13,87,2.67,7,1,0,0,8,1,2,2,2,1,4,3,3,0
11,48,3.0,5,1,2,0,7,1,2,1,0,3,2,0,1,0
5,1,2.3,3,1,0,0,2,1,2,2,4,0,4,1,0,1
11,21,3.64,1,1,0,0,9,0,0,2,1,1,0,4,4,0
12,48,3.46,9,1,2,0,3,0,0,2,3,0,2,2,1,0
3,0,2.43,0,0,2,0,0,0,4,3,4,2,3,3,2,1
4,29,2.04,6,0,0,0,9,0,0,4,1,0,4,1,4,0
14,76,3.68,3,2,3,1,5,0,2,3,0,0,2,4,0,1
11,19,2.63,9,2,0,1,2,0,3,0,2,3,1,2,3,1
6,39,2.62,6,0,3,1,8,0,1,1,0,2,0,1,4,1
2,17,2.66,6,1,2,1,0,1,3,2,1,3,0,0,1,1
14,62,2.96,2,2,1,0,1,1,2,2,2,2,1,1,0,1
3,47,2.59,4,1,2,1,9,0,2,1,0,0,0,2,1,1
8,70,3.82,4,1,2,1,7,1,1,0,2,3,4,4,2,1
14,28,3.74,8,0,3,0,4,1,1,2,2,0,2,4,3,1
9,61,3.94,1,2,4,1,6,0,3,4,4,1,2,0,3,0
4,50,3.78,2,2,2,0,9,1,1,3,1,0,4,1,0,1
8,5,3.04,8,1,2,1,7,1,3,0,1,0,4,4,0,0
12,33,3.72,3,2,4,0,6,1,1,0,4,2,0,4,0,1
0,44,2.39,9,0,0,0,4,0,0,3,2,1,1,4,1,0
12,55,2.68,7,1,4,1,1,0,1,2,4,2,1,3,2,1
3,88,3.37,4,1,4,1,6,0,2,0,2,1,1,1,4,1
9,55,3.06,3,0,3,0,0,1,3,4,3,1,0,3,1,0
14,28,2.33,0,1,0,0,3,1,3,4,3,3,4,2,4,0
0,1,3.39,5,1,0,1,8,0,0,3,1,2,2,1,0,0
7,50,2.78,7,0,3,0,8,1,4,3,0,2,2,4,2,1
4,86,3.39,6,2,3,0,8,0,2,3,4,0,2,3,2,1
13,35,3.15,4,0,1,1,5,0,1,0,1,3,2,4,4,0
13,78,3.47,5,0,1,1,1,1,4,3,4,1,3,4,1,0
9,22,2.66,0,1,4,0,0,0,4,2,3,3,4,1,4,0
3,44,3.16,1,0,3,1,4,0,2,2,2,2,1,2,3,0
11,53,2.75,7,1,2,0,6,0,3,4,1,3,4,4,1,1
0,26,2.46,1,0,4,0,7,1,2,2,4,0,0,1,2,1
6,82,3.08,0,0,2,0,5,1,3,0,0,2,3,3,3,1
12,15,2.84,0,0,2,0,0,0,3,0,4,0,1,3,3,0
8,60,3.11,0,0,3,0,0,1,2,0,1,4,1,3,3,1
0,37,3.87,7,2,0,0,3,1,0,0,3,0,0,3,0,0
11,64,3.78,3,2,0,0,5,0,3,1,0,2,4,1,3,0
9,46,3.37,8,1,3,1,1,1,3,2,3,4,1,2,1,1
10,74,2.53,1,0,1,1,8,0,1,3,0,2,3,3,2,1
9,18,2.93,2,2,1,1,6,0,1,2,2,4,3,1,4,0
4,24,2.33,5,0,0,0,7,1,3,0,0,1,4,3,0,0
3,43,3.26,0,0,2,1,4,0,2,2,3,0,4,3,3,0
13,76,2.27,1,1,0,0,5,1,3,1,2,3,1,2,1,1
2,64,2.51,5,1,2,1,4,0,3,0,0,0,1,3,2,1
0,65,2.34,0,0,2,1,2,0,2,0,3,2,1,1,0,0
6,18,2.62,2,2,0,0,9,1,4,1,1,2,0,2,4,0
9,52,2.19,4,1,3,0,7,0,0,2,0,3,2,3,4,0
12,14,2.87,8,2,0,0,9,1,1,0,2,1,2,4,2,0
11,4,3.25,4,2,1,0,1,0,2,0,0,4,2,2,3,1
8,89,2.57,5,1,3,1,7,1,4,0,2,0,1,4,3,0
10,27,2.76,7,1,3,1,7,1,2,1,1,1,2,3,0,1
14,5,2.64,3,0,2,0,7,0,0,3,1,3,4,2,2,1
8,86,2.96,0,2,3,1,1,1,2,2,1,0,0,3,0,0
1,19,2.91,0,1,4,1,4,1,1,3,2,1,1,2,4,0
9,19,2.59,2,1,3,0,5,1,3,4,1,1,0,1,3,0
7,80,2.71,3,1,1,1,0,1,1,3,3,3,2,3,0,0
12,80,2.43,5,1,1,1,4,0,2,0,2,4,2,1,0,1
13,58,3.06,5,1,1,0,5,0,1,3,3,4,1,0,4,1
8,39,3.91,7,0,2,1,1,0,4,1,2,3,1,3,1,1
4,43,2.23,3,0,0,1,4,1,4,3,1,3,3,4,2,1
4,69,3.52,2,1,0,1,8,0,3,3,2,3,3,4,4,1
0,84,2.04,2,0,4,0,1,0,2,2,1,3,2,2,1,1
2,18,3.61,5,0,3,1,0,0,4,1,3,1,1,2,0,0
6,66,2.36,1,0,1,1,8,1,1,0,1,3,2,1,3,1
13,33,3.12,5,2,1,0,5,0,3,1,2,1,0,2,1,0
9,69,2.57,1,1,3,1,5,1,1,2,3,4,0,2,1,1
5,12,3.05,0,2,2,0,8,1,4,1,4,1,0,1,2,1
8,2,3.07,9,1,2,1,6,1,2,3,4,0,3,0,0,0
4,30,3.76,9,1,0,1,0,1,4,0,1,3,2,1,1,0
12,73,2.25,4,0,0,0,1,0,4,2,3,4,3,2,3,1
10,62,2.27,3,1,4,0,4,1,4,4,4,2,2,4,0,0
7,13,3.89,7,0,1,1,9,0,3,4,3,1,1,4,3,1
13,61,2.79,7,0,2,0,0,1,4,1,0,2,1,0,0,0
6,29,2.43,6,2,2,0,3,0,2,3,1,1,1,0,4,0
11,82,2.3,7,0,0,1,6,1,3,0,2,3,4,2,2,0
9,61,3.41,3,0,3,0,5,1,3,2,4,3,2,0,3,1
8,1,3.14,1,2,1,1,9,0,4,2,0,0,1,1,1,1
5,35,2.42,0,0,4,0,0,1,1,4,1,1,3,4,1,1
4,14,3.54,7,1,2,0,9,1,4,3,2,0,2,4,0,1
5,25,3.7,7,2,4,1,7,1,2,1,2,1,1,3,1,0
12,70,3.93,7,2,0,1,2,1,3,1,2,3,0,4,3,1
0,25,3.23,0,2,1,1,1,0,3,2,4,2,4,4,1,0
3,16,3.81,0,2,3,1,3,1,0,0,2,3,3,3,1,1
1,25,3.96,1,1,0,0,8,0,2,3,1,0,2,4,2,1
4,39,2.16,2,2,1,0,5,0,1,2,2,2,0,0,0,1
13,18,3.59,5,2,3,1,8,1,4,2,2,1,1,2,3,0
6,17,2.0,5,0,2,0,7,0,1,2,0,3,4,2,4,0
11,29,3.31,7,0,3,0,3,1,2,2,4,2,3,2,0,0
1,26,3.69,5,2,2,0,0,0,0,2,0,4,4,4,4,1
0,10,3.95,9,2,2,0,9,1,1,4,3,3,1,1,4,1
2,10,2.46,4,1,2,1,9,1,4,4,4,2,0,3,4,0
7,62,2.9,3,0,0,0,1,0,4,1,1,3,4,1,1,1
8,73,2.87,3,0,0,0,0,0,2,0,2,3,2,0,3,1
6,57,3.56,4,2,3,0,1,1,3,2,1,3,3,3,4,0
6,89,2.85,5,2,4,0,3,1,2,4,1,3,0,2,3,1
5,60,3.67,8,1,2,1,5,1,3,2,2,2,0,1,4,1
11,0,3.4,0,2,3,1,3,1,3,4,2,0,2,1,0,0
3,23,2.89,0,1,0,1,8,1,4,3,3,0,3,2,3,1
11,50,2.35,6,0,4,1,2,1,2,1,1,2,1,2,3,0
4,57,3.23,5,2,2,0,6,0,3,3,3,4,1,4,2,1
0,55,2.42,4,2,1,0,5,1,3,0,3,3,1,2,2,0
5,37,2.52,1,1,3,0,2,1,4,3,2,0,4,3,0,0
12,23,2.48,3,2,3,1,2,0,1,3,4,3,4,2,3,0
10,63,3.27,5,1,4,0,0,0,1,3,0,4,0,3,4,0
3,21,2.75,2,2,3,0,7,1,4,2,4,0,1,0,3,0
11,55,2.68,2,1,4,1,5,0,4,1,1,4,1,2,4,0
6,62,3.17,0,2,3,1,4,1,0,4,1,2,0,1,2,1
14,7,2.87,8,0,1,1,2,0,2,2,1,0,2,0,0,1
8,48,3.6,8,2,0,1,1,1,0,0,2,1,4,1,1,1
13,55,3.39,7,1,2,0,4,0,0,2,1,2,3,0,0,0
8,66,2.44,7,0,2,1,3,0,4,0,2,4,3,1,3,0
14,50,3.36,7,1,4,0,8,0,4,0,2,2,2,3,4,0
5,82,2.42,5,1,4,1,5,1,0,2,1,4,1,0,0,0
13,89,3.14,6,2,4,1,3,0,3,2,0,4,0,3,3,0
9,79,2.18,7,2,2,1,7,1,0,3,1,0,0,2,3,0
4,29,3.08,1,0,0,0,8,1,3,3,0,1,4,1,1,0
0,24,2.43,2,2,0,0,2,1,2,0,0,2,4,2,1,1
12,74,3.4,6,2,3,0,7,0,3,3,1,3,1,0,2,0
5,22,2.18,7,0,2,1,6,0,3,1,2,1,3,2,2,0
12,73,3.46,8,1,0,1,9,0,1,2,1,1,4,2,0,1
2,64,2.34,3,0,3,1,6,1,2,4,4,3,2,3,3,1
5,86,2.82,0,2,3,1,1,0,2,0,1,4,4,3,2,0
4,76,2.58,5,2,4,1,2,0,0,3,1,0,4,1,2,0
5,45,2.45,8,0,4,0,7,1,0,3,4,4,1,4,0,0
11,72,3.34,2,1,1,0,0,0,1,0,1,1,2,3,2,1
5,5,2.03,1,2,3,0,1,0,1,4,2,1,3,1,4,1
7,89,3.34,0,2,4,1,7,0,0,4,3,4,0,2,2,1
3,9,3.16,4,1,4,1,6,0,0,1,4,1,1,3,0,0
12,24,2.33,4,1,4,0,0,1,1,4,0,0,2,3,4,0
2,12,3.02,1,1,0,1,2,1,4,0,3,2,3,3,1,1
4,84,2.86,3,1,0,1,9,1,2,1,1,0,0,1,0,0
7,2,2.54,8,1,4,1,5,1,0,2,0,1,0,0,3,1
10,32,2.44,4,0,4,1,5,0,2,1,0,1,3,4,2,1
1,77,3.01,6,1,3,1,1,0,0,1,1,2,0,0,1,0
8,25,3.41,0,2,4,1,7,0,1,1,0,1,3,1,1,1
1,10,3.47,3,1,1,1,7,0,3,3,2,3,4,1,4,1
10,37,3.24,7,0,3,0,8,1,0,1,3,1,3,4,4,1
14,50,3.01,5,0,3,0,8,0,4,4,1,0,2,0,4,1
8,53,2.18,8,1,4,1,3,1,2,1,3,0,1,3,2,1
0,28,3.14,3,0,4,1,4,1,1,3,0,1,4,3,2,1
6,77,2.22,1,0,4,1,5,1,4,4,0,2,3,0,3,0
0,32,3.66,9,1,2,0,3,0,1,4,3,0,0,0,1,0
1,1,3.54,2,2,1,1,8,1,4,1,3,2,0,2,3,1
2,28,2.8,3,0,0,1,2,1,1,2,4,3,2,0,3,0
13,71,3.7,6,0,3,0,0,0,1,2,0,2,0,1,0,0
4,36,2.14,4,0,3,0,9,0,2,3,0,2,2,3,4,0
10,13,3.51,7,1,3,0,2,0,1,0,4,0,4,0,3,1
6,49,3.47,8,2,3,1,7,0,0,4,2,0,3,2,0,0
11,69,2.58,7,0,4,0,7,0,3,2,3,1,3,3,2,1
13,36,2.73,9,2,0,0,2,0,1,2,0,0,0,1,2,0
14,2,2.73,9,1,2,0,3,1,4,0,0,0,4,3,0,0
10,51,3.3,2,1,4,0,0,0,3,3,3,4,1,3,2,1
2,20,3.46,8,0,2,0,1,1,1,1,2,3,3,3,0,0
8,34,3.31,0,0,4,0,9,1,0,2,4,3,3,0,2,0
12,36,3.03,5,0,0,0,6,1,0,2,4,2,4,0,0,0
0,16,3.94,9,2,4,0,1,0,4,1,2,1,1,0,3,0
5,62,3.24,2,1,3,0,3,1,1,4,2,4,0,0,1,1
7,26,2.2,2,1,3,1,7,1,1,3,2,0,1,3,4,0
12,1,2.57,9,1,2,0,8,1,2,3,0,1,1,0,0,0
3,41,3.9,9,0,1,0,0,1,3,3,0,1,2,1,2,0
6,58,2.91,8,2,0,0,6,1,1,1,3,0,2,1,1,0
5,48,2.84,1,0,3,0,5,0,3,4,1,0,1,0,0,1
7,59,2.43,0,0,3,1,4,1,4,2,2,2,4,0,1,1
7,7,3.28,0,2,1,1,7,1,4,2,0,1,4,4,4,0
0,27,2.33,5,1,0,0,0,0,4,2,2,1,0,3,1,1
0,18,3.01,8,1,2,0,0,1,3,3,4,0,2,4,1,0
10,33,3.41,8,1,1,1,3,0,3,3,0,4,4,0,2,0
2,3,3.6,2,1,2,0,2,0,3,4,0,2,3,4,0,0
12,68,2.94,3,0,2,0,8,1,2,0,0,2,1,0,1,0
0,37,2.8,7,0,1,1,9,0,3,2,3,0,2,4,3,0
7,43,2.44,4,0,2,0,9,1,1,4,4,4,0,3,3,0
0,18,3.31,5,2,0,1,7,0,1,3,3,1,0,4,4,0
12,44,2.16,1,0,4,1,5,0,4,2,1,2,3,1,1,0
3,61,2.25,3,2,0,0,0,1,0,3,4,2,2,0,2,1
7,55,2.16,7,2,2,0,3,0,0,1,4,1,0,3,1,1
11,52,3.8,0,0,4,0,2,0,0,0,4,4,4,3,3,0
7,41,3.54,8,1,2,1,8,0,3,3,1,4,4,1,3,1
6,54,2.47,1,0,1,1,5,1,4,4,1,3,0,2,0,1
11,49,3.75,8,0,4,0,1,0,2,2,4,3,2,4,4,0
8,8,3.34,5,0,4,0,7,0,1,0,3,3,3,4,3,1
5,22,3.9,8,2,2,0,4,0,2,2,3,2,1,0,1,0
3,17,3.37,2,2,3,0,8,1,2,0,0,0,0,1,1,0
11,64,3.32,4,0,3,0,5,1,1,1,2,1,0,3,0,0
3,17,3.6,8,0,0,1,4,0,1,2,0,1,3,4,3,0
14,67,3.6,9,2,0,0,8,1,4,1,1,3,3,4,0,1
12,0,2.59,4,2,1,1,3,1,4,3,4,1,4,1,4,0
12,82,3.26,7,0,2,1,2,0,2,3,1,0,0,2,4,0
5,30,3.34,7,0,4,1,1,1,0,2,1,3,4,4,4,1
3,87,2.94,1,0,1,1,9,0,4,3,2,2,2,0,2,0
4,70,3.87,1,0,4,1,5,0,2,2,0,0,1,0,1,1
14,6,2.45,5,0,1,0,6,0,0,3,2,2,0,4,2,0
12,67,2.98,1,2,3,1,5,1,2,0,0,3,0,0,3,1
8,73,2.99,4,0,0,0,3,0,3,4,1,1,0,4,4,0
10,52,3.54,9,2,0,0,0,0,2,2,3,1,1,0,4,1
13,44,2.92,0,0,4,0,3,1,4,4,4,4,2,3,0,0
1,43,3.7,8,1,3,1,1,1,0,1,2,3,0,2,0,1
4,53,3.19,8,0,1,1,1,0,3,0,4,2,2,0,4,1
11,13,2.08,5,1,0,1,1,1,3,4,3,3,0,4,3,1
8,73,3.2,5,1,3,0,9,0,2,0,4,3,3,0,1,0
6,77,2.71,5,2,2,0,6,1,0,3,4,4,2,2,0,1
0,77,2.88,4,1,2,0,9,1,4,4,0,4,4,0,4,1
3,5,2.67,3,1,1,1,8,0,2,4,0,3,0,2,0,0
12,82,3.3,4,1,4,1,2,0,4,4,3,3,3,2,0,1
6,16,2.39,9,0,4,1,6,0,1,0,3,4,1,2,2,1
13,10,2.14,7,0,4,1,9,0,3,3,3,3,4,3,0,1
7,47,3.33,0,2,0,0,7,1,3,2,4,4,2,4,1,0
12,63,2.25,2,2,4,1,0,0,2,4,2,3,0,2,1,0
10,29,2.15,7,1,4,0,4,0,0,3,4,1,4,1,2,1
8,33,2.65,9,1,2,0,8,1,4,2,1,0,2,2,4,1
2,88,2.26,9,0,0,0,0,0,4,2,0,2,3,3,1,0
7,19,2.87,5,2,0,1,4,0,2,3,0,4,3,4,0,0
6,80,3.7,5,0,0,1,5,0,3,0,1,0,2,2,2,1
3,51,3.95,7,1,0,1,3,0,4,1,4,2,4,4,4,1
11,58,2.19,5,2,4,1,5,1,1,1,1,2,2,0,0,0
6,21,3.0,7,2,2,0,4,1,2,1,4,0,2,3,0,1
7,73,2.5,8,2,0,0,8,0,1,2,4,4,1,2,0,1
0,18,2.92,4,2,2,1,9,0,4,3,2,3,2,0,2,1
8,53,3.26,6,1,0,0,8,0,4,4,4,1,0,0,4,1
9,48,2.2,6,1,1,0,3,1,2,2,4,0,0,1,0,0
1,11,3.34,5,1,1,0,3,1,2,0,1,1,3,1,1,1
13,18,2.07,7,1,1,0,3,1,0,3,4,3,3,0,4,1
10,70,2.94,7,0,4,0,5,0,3,2,4,1,2,2,1,1
11,63,2.15,2,1,1,1,5,1,0,3,4,1,2,3,3,0
5,83,2.11,1,2,2,1,3,1,3,0,1,4,1,1,2,1
12,59,3.43,9,1,0,0,3,0,2,0,0,3,1,3,2,1
2,88,2.09,4,2,0,1,9,0,2,2,2,1,0,2,4,1
0,38,3.5,4,2,1,0,1,0,3,2,3,3,1,4,0,0
8,25,3.71,8,2,4,1,2,1,0,1,0,1,3,3,4,1
1,19,2.83,0,1,4,0,2,0,4,2,4,0,0,4,2,0
3,54,3.29,5,2,4,0,9,1,2,3,4,0,0,0,4,1
10,63,3.64,3,1,2,1,9,0,3,0,2,2,0,3,4,0
10,61,2.87,3,1,0,1,7,1,4,0,0,4,2,0,4,1
12,24,3.05,8,1,0,0,7,0,4,3,2,4,2,2,1,0
6,4,3.54,1,2,3,0,7,0,0,1,2,1,0,4,1,1
0,42,3.01,1,0,3,0,6,0,3,1,3,2,1,0,1,1
4,41,2.01,7,0,0,0,4,0,2,4,4,2,3,3,0,1
10,37,3.68,0,1,2,0,0,0,3,1,1,2,4,4,2,0
9,22,2.75,2,2,2,1,2,0,0,4,3,3,1,4,4,1
4,63,3.93,9,2,2,1,2,1,4,4,4,2,3,1,4,1
11,76,3.79,8,2,2,1,0,1,4,0,2,4,3,3,1,0
3,10,2.47,3,0,1,0,1,1,4,2,2,2,2,1,4,1
9,82,2.29,7,2,1,0,4,1,2,4,3,1,2,4,0,1
12,44,2.96,5,0,4,0,2,0,0,0,1,1,1,0,3,0
10,78,2.37,2,0,1,1,6,1,3,4,2,0,0,2,0,1
7,30,3.61,3,0,3,1,4,1,0,2,0,1,1,2,2,0
12,86,2.47,3,2,4,1,3,0,2,4,0,2,0,3,2,0
0,73,3.81,4,1,4,1,2,0,0,4,0,0,4,0,2,1
0,42,3.43,6,2,3,1,0,1,1,4,3,2,1,1,2,0
12,65,3.0,5,1,4,0,2,0,0,3,1,1,4,0,0,0
2,43,3.14,1,0,2,0,5,0,3,0,3,1,3,3,0,0
0,1,3.46,7,2,2,0,9,0,4,3,2,2,4,1,4,0
2,66,3.33,7,0,0,0,0,1,1,4,2,2,1,1,3,1
14,43,3.01,2,1,0,1,7,1,2,1,4,2,3,3,0,1
0,14,3.46,5,1,3,0,8,0,0,2,4,3,2,2,2,0
1,10,3.51,9,2,1,0,8,1,2,0,2,1,2,4,4,1
5,14,2.38,9,2,1,0,5,1,2,4,2,2,3,0,0,0
3,41,3.97,5,1,4,1,1,1,1,0,1,0,1,0,2,0
13,66,2.94,7,0,4,1,5,0,1,2,4,4,0,0,0,1
2,37,3.68,5,1,0,0,9,1,3,2,3,3,0,3,0,0
10,29,2.7,8,0,4,0,8,0,2,4,1,2,1,4,4,0
0,18,3.11,8,2,0,1,6,0,2,3,1,1,2,4,0,0
12,8,3.83,5,0,2,0,0,0,1,1,4,3,3,1,1,1
1,15,3.77,7,0,1,1,1,1,4,1,1,0,1,3,4,0
5,44,3.09,0,2,3,0,6,1,1,1,3,1,0,0,3,0
10,60,2.99,2,1,4,0,8,1,3,4,3,4,0,0,1,1
13,85,2.94,1,2,2,0,7,1,2,4,3,3,2,0,0,1
1,87,3.23,4,0,1,0,5,0,1,2,3,1,0,4,1,1
11,15,2.92,8,0,3,0,7,1,4,0,1,2,4,3,0,1
3,46,2.24,2,0,4,0,3,0,4,0,0,3,4,0,2,1
6,47,3.8,4,2,4,1,8,0,0,0,2,3,3,2,4,0
11,47,3.13,9,1,4,0,9,1,1,0,3,0,3,2,1,0
13,66,2.68,0,2,2,0,9,0,4,1,4,3,1,4,3,0
12,67,3.96,6,2,3,1,8,1,2,3,1,1,4,0,2,1
3,45,3.58,6,2,4,0,0,1,0,1,2,3,0,3,4,1
1,49,2.98,8,0,0,0,1,1,0,4,2,4,1,0,0,0
10,25,3.4,1,1,4,0,8,1,1,4,0,1,4,1,1,0
0,89,2.72,4,0,3,0,1,1,1,1,3,3,0,2,2,0
2,61,2.27,0,0,3,0,0,0,0,0,2,4,3,2,2,1
0,10,3.42,0,2,2,1,3,1,1,4,2,1,3,0,4,1
8,30,3.06,6,2,3,1,8,0,0,3,4,2,1,2,0,0
12,44,3.21,5,2,0,0,0,0,0,1,3,2,0,3,0,0
0,23,3.07,4,2,2,1,4,1,3,0,0,1,4,3,4,1
6,82,3.24,6,1,2,1,4,1,0,1,2,1,1,0,4,1
6,43,3.98,4,1,3,0,5,0,2,1,3,1,0,0,0,1
9,24,3.23,9,0,0,1,2,0,1,0,2,2,4,2,2,0
13,36,3.74,9,1,0,1,6,0,0,0,4,2,0,4,2,0
5,43,3.18,3,2,3,0,5,0,3,2,3,4,2,0,2,0
12,9,3.17,2,1,1,1,4,1,2,4,4,1,4,2,0,0
6,61,3.45,4,0,4,0,0,0,2,3,1,1,1,4,2,1
12,51,2.79,5,0,0,1,9,0,3,1,0,4,2,3,0,0
11,28,3.13,5,2,0,1,7,0,4,2,2,4,4,4,3,0
2,72,3.65,9,2,4,1,0,1,1,0,3,4,0,0,1,0
2,52,2.27,3,0,4,1,1,1,4,1,3,0,4,2,3,1
14,83,2.16,7,2,2,0,1,1,1,4,3,0,0,3,4,1
5,69,3.65,0,0,3,0,2,0,1,4,0,2,0,0,1,0
9,66,3.97,7,0,2,1,3,0,1,0,2,0,0,4,0,1
11,53,2.94,6,2,2,1,7,0,1,3,4,3,0,0,4,0
10,74,3.98,7,2,0,0,2,0,0,1,1,2,4,0,3,0
14,11,2.5,0,0,2,0,3,0,1,0,4,2,4,1,3,1
10,2,2.66,2,1,3,1,2,0,4,1,3,2,4,2,0,0
6,50,2.49,9,0,2,1,1,0,3,3,0,0,3,0,1,1
9,81,3.69,1,2,1,1,7,0,2,2,2,0,4,2,0,0
4,4,3.22,0,2,4,1,0,1,2,0,3,0,4,3,1,0
10,61,3.82,7,1,2,1,5,1,3,3,0,1,3,3,3,1
8,58,2.17,0,0,1,1,2,1,1,4,1,2,2,0,1,0
8,1,2.1,3,0,4,1,2,1,1,2,0,2,2,2,1,0
5,11,2.91,9,2,4,1,3,1,0,1,1,2,0,2,1,1
11,13,3.08,8,0,2,0,7,1,0,0,0,3,0,1,0,1
1,43,2.85,0,0,1,1,8,1,3,3,3,3,4,0,3,1
5,73,3.58,2,0,2,1,7,1,2,1,3,1,1,3,0,0
6,60,3.62,5,1,2,0,6,0,0,1,1,1,3,2,0,1
5,2,3.95,7,0,1,1,3,0,4,3,4,3,4,2,2,1
6,65,2.09,4,1,4,1,8,0,1,2,0,0,1,2,4,0
14,59,2.06,4,0,3,0,5,1,1,4,0,2,2,0,0,1
1,76,3.93,3,0,2,1,5,0,2,4,4,4,2,0,2,1
1,31,3.57,2,0,2,0,6,1,1,1,0,3,1,4,3,1
14,51,3.07,3,0,2,0,0,0,1,2,2,2,0,1,2,1
12,41,2.06,5,0,0,0,4,0,2,3,3,3,4,2,0,1
13,28,3.87,1,1,1,0,0,1,1,3,4,4,1,3,1,1
14,33,3.4,2,1,0,0,5,0,1,2,4,0,3,3,4,1
3,42,3.61,3,0,0,0,8,0,1,2,4,3,2,2,1,1
4,71,2.93,5,1,4,1,0,0,4,3,2,4,2,3,2,1
8,3,3.65,6,2,4,1,4,0,0,4,4,4,1,1,0,1
10,21,2.51,4,1,2,0,4,0,1,1,4,3,4,3,0,0
6,8,3.43,9,0,3,0,7,0,0,3,3,1,0,0,1,1
5,69,2.16,9,2,3,1,5,0,2,2,0,1,3,3,0,0
11,84,2.71,5,1,4,0,4,0,1,3,2,3,1,4,2,1
9,4,2.34,1,0,2,1,8,1,0,2,4,1,3,1,1,0
10,17,2.77,6,0,2,0,8,1,2,2,0,3,1,2,4,0
6,86,3.88,4,0,1,0,5,0,4,0,2,1,2,4,3,1
10,10,3.55,2,1,2,0,3,0,0,2,4,2,0,4,0,1
1,32,2.99,9,0,3,1,2,1,2,2,4,1,3,3,2,0
9,71,2.13,7,0,2,1,4,0,4,0,3,0,1,2,0,0
9,83,3.69,2,0,2,0,6,1,1,1,0,1,0,1,0,0
2,72,3.69,7,1,2,0,9,0,2,1,2,4,0,0,3,0
2,6,3.2,7,0,0,0,2,0,1,1,2,4,4,0,4,1
6,26,2.48,5,0,4,1,6,0,1,2,1,2,2,3,3,1
6,78,3.6,1,1,3,0,0,0,3,4,3,1,2,4,2,0
5,2,3.46,4,0,0,1,3,0,1,3,4,2,0,2,4,0
4,17,2.27,6,2,4,0,6,1,4,4,4,1,3,1,1,1
9,66,2.94,2,1,1,1,3,0,2,1,4,1,1,1,0,0
9,71,2.49,4,2,2,1,7,1,3,2,2,2,4,3,2,1
9,22,2.28,9,2,0,1,9,0,4,1,3,4,4,2,0,0
6,64,2.81,7,0,0,1,1,0,1,3,1,3,0,4,0,0
8,60,3.77,6,0,0,1,3,1,4,4,1,3,0,1,4,1
11,10,3.28,7,1,2,0,1,0,3,4,2,2,4,1,0,1
13,71,3.22,0,2,4,1,3,0,4,2,2,3,4,1,0,0
8,77,3.61,7,0,4,0,1,1,4,2,2,2,0,0,1,1
6,43,2.94,9,0,1,1,7,0,3,0,1,0,0,2,1,0
14,57,3.83,7,0,0,0,5,1,3,0,4,2,2,4,2,1
6,38,3.02,1,0,4,0,8,1,4,4,1,2,3,0,1,1
4,28,3.66,9,2,0,0,7,0,0,2,1,1,0,2,1,1
1,50,3.1,1,1,0,1,9,0,1,2,3,2,1,3,4,1
4,20,3.19,3,0,4,1,6,0,1,2,2,0,4,2,3,1
14,25,2.67,7,2,1,0,7,1,4,4,3,2,0,1,4,1
14,57,2.49,8,1,3,0,4,1,0,1,4,2,4,2,4,1
3,35,3.78,9,0,1,1,2,1,3,1,4,2,2,1,3,0
2,19,3.35,8,0,3,0,1,1,4,4,2,1,0,1,0,1
5,31,3.55,2,0,2,1,5,1,3,4,4,1,3,2,4,0
11,43,3.11,8,2,3,0,0,1,4,4,3,3,2,3,0,0
13,11,3.18,3,0,4,1,7,1,2,0,2,3,2,4,3,0
9,50,2.09,1,1,1,1,0,0,2,4,0,0,1,2,1,1
8,68,3.9,8,0,2,1,1,0,3,2,4,2,3,0,2,0
14,60,2.17,2,0,1,0,4,0,4,1,2,1,2,0,3,0
10,53,3.52,0,0,3,0,3,0,3,3,3,0,2,1,0,0
9,8,2.1,9,0,4,1,0,0,2,0,1,0,1,3,3,0
13,4,3.84,4,2,0,1,5,0,0,1,0,2,3,2,2,1
5,17,3.37,0,2,4,0,6,1,3,0,3,0,4,3,4,1
3,76,2.11,0,1,4,1,2,0,3,3,1,2,4,3,4,0
6,24,2.66,6,1,1,1,4,1,2,3,4,2,3,4,3,0
8,31,3.67,8,1,2,0,3,1,0,1,4,2,4,0,4,1
7,14,2.47,6,2,4,0,6,1,1,3,2,2,4,1,1,1
5,55,3.4,0,0,1,1,0,0,2,1,0,3,3,4,4,1
6,77,2.13,1,1,1,0,8,0,2,0,3,0,2,2,0,0
2,27,2.92,1,2,4,1,5,0,1,2,3,0,1,0,4,0
12,77,3.46,3,2,0,0,2,0,0,0,1,1,4,4,2,0
6,55,2.68,6,2,4,0,7,0,4,2,3,4,1,3,0,1
0,42,2.39,3,2,2,1,8,0,3,3,1,1,3,3,4,1
7,22,2.33,0,0,3,0,9,0,4,4,4,1,2,4,1,0
7,79,2.92,4,2,1,0,5,0,4,4,0,2,4,1,2,1
4,76,3.12,6,0,4,0,3,0,2,4,2,2,2,1,2,1
3,25,3.34,9,2,0,1,7,0,3,4,0,1,0,4,1,0
3,45,2.63,9,1,2,0,5,0,0,0,0,2,0,3,0,1
7,53,3.59,4,1,3,1,9,0,4,0,3,0,3,2,4,1
13,83,2.13,4,1,3,0,9,1,2,0,3,1,2,0,2,1
1,29,3.26,0,1,3,1,6,1,2,2,4,2,2,4,3,0
7,22,2.42,8,2,2,0,7,0,1,0,4,4,4,2,0,0
10,28,2.27,6,1,0,0,7,1,1,2,0,2,2,2,2,0
0,52,2.27,5,1,0,0,8,0,4,2,0,0,1,0,4,0
6,30,2.6,0,0,4,1,0,1,3,4,2,0,4,0,3,1
0,59,2.14,4,1,0,0,3,0,2,0,2,2,1,1,3,0
14,51,3.54,0,1,2,0,9,0,2,1,1,1,2,0,2,0
13,79,2.27,7,2,0,0,6,0,1,2,4,3,2,4,4,1
14,0,2.03,2,1,1,1,2,1,0,0,2,2,2,0,2,1
13,30,2.39,2,0,0,0,6,0,0,2,0,3,3,0,1,0
10,45,3.92,7,1,3,0,3,0,1,2,4,3,1,4,0,0
11,54,2.69,5,2,4,1,9,0,2,3,2,3,3,0,4,1
8,54,3.94,7,0,2,0,8,0,0,0,1,1,4,2,4,0
14,35,2.57,7,0,4,0,8,0,4,3,2,3,4,3,2,1
13,72,3.66,2,2,0,1,3,0,1,0,3,4,3,3,1,0
10,21,3.33,1,0,2,1,2,0,4,4,1,0,1,4,3,0
3,30,3.45,7,2,4,0,3,1,3,4,3,4,2,3,4,1
13,32,3.36,3,0,2,1,2,1,4,4,2,0,2,1,1,0
2,58,2.2,0,1,0,0,1,0,4,2,4,2,1,1,4,0
13,29,3.37,4,1,2,1,7,1,0,2,0,4,1,2,3,0
11,20,2.07,6,0,1,0,5,1,1,3,3,0,4,1,2,0
10,35,2.46,6,0,1,0,8,1,1,1,3,3,4,4,2,1
9,28,2.2,5,0,3,1,3,0,3,4,4,1,1,2,4,1
8,84,2.41,7,0,4,0,4,0,0,4,3,2,2,3,3,0
10,71,2.69,5,1,3,0,4,0,2,0,1,2,4,3,2,1
2,20,2.63,9,0,4,0,4,0,2,1,2,3,4,4,3,1
14,40,3.51,7,2,4,1,4,1,1,1,3,4,3,3,1,0
0,7,3.6,3,1,3,0,7,0,2,1,3,4,0,2,3,1
1,20,2.28,4,1,3,1,3,1,3,2,1,4,0,2,3,0
5,57,3.73,9,1,0,0,5,0,3,3,0,2,4,0,2,0
0,32,3.89,8,1,2,1,1,0,0,0,1,4,2,2,1,0
12,46,3.02,3,2,4,0,7,0,0,0,4,4,3,3,0,1
7,12,2.38,6,0,2,0,5,1,1,0,3,4,0,0,3,0
14,64,2.56,3,0,4,1,8,0,2,2,0,3,4,0,0,1
9,54,3.62,8,0,4,0,1,0,3,2,0,2,4,3,2,0
11,88,2.82,9,2,3,1,1,0,1,0,2,3,4,2,3,1
1,25,2.71,0,1,3,1,3,0,3,2,3,2,4,2,1,1
14,49,3.74,8,1,2,0,5,0,2,4,4,0,0,2,3,0
10,89,2.34,7,1,2,0,2,0,0,4,2,1,0,4,3,0
13,35,3.54,5,2,4,1,1,1,4,3,1,0,4,0,4,1
1,19,3.46,6,2,0,1,5,0,4,2,4,4,0,0,0,0
4,14,3.92,9,2,3,1,5,1,2,2,2,3,3,4,4,0
14,84,2.24,0,1,0,0,0,1,3,0,1,1,2,0,0,0
14,56,2.1,3,2,0,1,0,0,2,0,1,1,1,3,3,0
4,65,3.08,6,0,3,1,0,0,3,3,1,0,3,2,0,0
4,50,2.6,0,2,0,0,6,1,4,4,1,0,4,3,2,1
4,77,2.64,5,0,2,0,2,1,2,1,2,2,1,3,3,0
7,1,3.71,4,1,4,1,6,1,2,2,2,3,2,3,0,1
5,52,2.95,5,0,0,1,3,0,1,1,2,1,0,0,3,1
4,72,2.02,4,2,3,0,2,1,3,2,3,1,4,0,3,0
14,20,2.98,3,0,2,1,4,1,3,2,4,3,3,0,2,0
9,41,3.1,2,2,0,0,1,1,4,3,0,4,3,2,3,1
5,23,3.64,4,0,0,0,5,0,0,3,4,4,4,2,1,1
5,39,3.26,1,2,4,1,0,0,0,0,1,2,3,2,3,0
13,19,2.6,7,1,0,0,8,1,4,4,1,1,2,4,0,1
14,69,2.38,3,0,2,1,1,0,0,3,1,0,1,2,3,0
3,16,3.46,5,2,1,1,9,0,3,4,0,3,0,4,4,0
0,31,2.92,8,2,1,1,9,0,3,0,0,1,4,0,1,0
2,53,3.43,7,2,1,1,6,1,0,0,2,4,3,2,4,0
10,21,2.52,3,2,3,1,1,1,2,1,0,2,4,2,1,1
2,57,2.61,6,1,2,1,0,0,1,4,0,4,0,4,4,0
0,39,3.51,2,2,3,0,5,1,2,1,2,4,4,0,0,0
14,78,2.94,7,2,3,1,8,0,4,4,0,2,2,3,3,0
11,72,2.18,7,1,4,0,3,1,3,4,4,3,1,2,1,1
0,12,2.89,2,0,3,0,0,1,3,0,2,4,4,3,4,0
8,62,3.19,6,1,0,0,6,0,4,3,2,0,1,4,0,1
6,71,2.01,7,0,3,0,5,0,4,1,2,2,1,3,3,1
0,40,2.88,1,0,4,1,8,1,1,1,4,0,0,1,2,0
12,62,2.95,6,2,0,1,6,0,1,3,0,4,1,3,3,1
14,12,2.43,5,1,4,0,5,0,4,3,2,1,3,4,2,1
4,47,3.61,2,0,4,0,0,0,2,2,4,4,1,0,1,1
4,3,2.58,6,0,3,0,2,0,4,4,4,1,2,2,3,1
5,85,2.74,2,1,0,0,4,1,2,3,1,4,3,0,3,0
0,1,2.72,3,2,1,1,7,1,1,1,4,4,1,4,1,1
12,88,2.04,1,0,4,0,5,0,3,0,4,3,4,1,1,0
3,84,3.6,1,0,1,1,5,0,4,3,0,2,1,3,1,1
7,67,2.39,3,1,1,1,3,1,3,4,1,2,1,1,0,0
7,63,2.34,6,2,2,1,0,1,2,3,1,2,2,4,3,1
10,61,3.29,1,2,4,1,0,0,2,4,3,3,4,4,2,1
3,85,4.0,8,1,2,1,0,1,2,0,3,0,1,1,0,1
7,29,3.19,8,2,2,0,5,1,4,4,1,4,1,3,1,0
5,27,3.64,3,2,2,0,6,1,0,1,3,0,2,4,4,0
14,86,3.2,7,0,1,0,2,1,4,4,4,0,0,4,3,0
1,74,2.54,1,0,4,1,5,1,1,1,1,0,0,0,2,0
8,20,2.97,9,2,4,1,9,0,2,3,1,0,2,0,1,1
9,18,2.16,5,1,1,1,3,0,1,1,2,1,0,4,0,1
2,67,3.0,6,0,2,1,7,1,1,0,1,3,2,3,1,0
8,28,3.83,4,2,1,0,7,1,3,1,2,3,3,2,0,1
2,46,3.38,6,1,2,1,4,1,2,4,2,2,0,0,0,0
0,67,3.52,9,2,4,0,5,1,4,0,2,1,0,4,1,0
8,46,3.62,0,1,4,0,9,0,0,1,1,1,2,4,4,1
9,29,2.3,1,0,2,1,8,1,2,4,0,0,3,1,2,0
2,12,2.83,4,1,2,1,9,1,3,3,1,1,2,0,0,1
11,54,3.52,4,1,0,1,1,0,0,3,0,4,4,0,3,1
5,49,2.18,6,0,4,0,9,1,0,1,2,3,3,2,1,1
14,44,3.17,7,0,1,1,6,1,1,0,0,3,2,1,2,1
11,30,3.16,3,1,2,1,6,1,4,1,1,3,1,3,1,0
4,82,2.38,3,2,3,1,6,0,1,4,3,2,1,2,0,0
6,2,3.94,4,0,4,0,6,1,4,4,2,0,1,4,0,1
14,33,3.55,0,0,1,0,7,1,0,4,0,3,2,0,4,1
2,50,3.68,4,2,0,0,7,1,4,3,1,0,4,3,1,1
7,35,3.97,7,0,0,1,8,0,0,0,2,3,0,4,1,0
1,29,3.76,9,1,0,0,5,0,3,4,3,4,4,0,3,1
5,26,3.36,8,0,4,1,1,0,3,3,3,3,4,3,0,0
4,89,2.22,5,1,2,0,1,1,0,1,0,2,1,0,2,1
10,54,3.69,4,0,3,0,9,0,0,4,3,4,1,1,1,0
3,25,3.29,7,2,1,0,0,0,3,0,1,3,3,1,0,0
0,55,3.3,4,0,1,1,0,1,3,1,4,3,3,0,1,1
14,49,2.82,6,0,0,1,9,1,2,2,3,4,1,2,1,0
1,73,2.81,4,1,2,0,9,1,1,4,0,1,4,0,1,1
3,89,2.9,6,2,0,0,2,0,0,1,4,4,3,3,0,1
4,21,2.39,4,0,1,1,2,0,2,1,0,2,1,1,0,1
0,30,3.05,2,1,4,1,9,1,3,3,2,2,2,4,4,0
11,31,2.71,3,1,3,1,3,0,4,4,2,4,3,0,1,0
12,65,3.31,1,1,0,0,5,0,3,0,2,4,1,2,1,0
8,36,3.93,7,0,0,1,7,0,4,0,0,1,1,3,3,0
3,2,2.71,3,0,4,1,0,0,4,1,0,4,2,0,0,0
0,38,3.36,7,2,0,0,1,0,1,3,1,0,0,4,1,1
2,22,3.4,6,0,1,1,4,0,0,1,4,1,3,3,0,1
8,87,3.94,7,2,2,0,3,1,2,2,2,4,3,1,4,1
13,55,2.75,2,1,1,1,6,1,4,4,4,1,0,4,1,1
3,47,2.97,3,0,0,1,5,1,1,1,4,4,1,2,2,1
3,74,3.66,9,2,3,0,0,0,2,4,4,3,1,1,2,1
4,75,2.17,7,2,4,1,1,1,3,2,2,4,1,0,2,1
14,42,3.03,0,2,1,1,5,0,2,2,0,0,4,4,3,0
7,24,3.83,4,2,2,1,2,1,1,0,2,1,3,2,4,0
3,39,2.85,6,2,3,1,2,0,2,3,0,3,3,3,0,1
11,86,2.86,6,0,4,1,9,0,1,4,2,1,2,4,3,0
5,26,2.3,9,1,3,0,2,0,1,0,0,3,1,1,2,1
2,66,3.96,1,1,4,1,1,0,3,1,3,3,0,0,0,0
4,22,3.04,8,2,1,0,0,0,0,0,2,3,0,4,3,0
7,14,2.83,8,0,3,0,9,1,2,4,1,4,3,2,2,1
11,9,2.42,6,1,0,1,6,1,1,2,3,0,3,1,2,0
4,63,3.65,3,2,4,0,8,0,1,3,2,3,2,3,3,0
5,55,3.96,2,0,4,0,7,1,3,1,1,0,0,1,2,0
4,62,3.42,7,1,1,0,6,1,1,0,4,2,0,3,1,0
8,2,2.75,3,0,3,0,2,1,2,4,4,2,3,1,0,1
13,67,2.03,7,2,3,1,2,0,4,1,1,1,2,0,3,1
5,83,2.46,3,2,1,0,3,1,0,2,3,1,2,0,0,0
10,50,2.67,9,2,3,1,2,1,2,0,3,3,2,4,0,0
9,4,3.74,2,0,2,1,5,0,1,3,2,4,1,3,4,1
9,29,3.81,3,0,1,1,8,1,3,0,4,3,0,3,3,0
7,23,3.0,6,0,2,0,4,0,1,0,2,4,2,4,4,1
7,26,3.12,9,0,1,0,3,1,2,1,2,3,3,4,1,1
0,26,3.25,8,2,2,1,2,1,4,4,2,3,3,3,3,0
5,53,3.01,6,1,3,1,4,0,4,0,3,0,3,2,0,0
4,0,3.53,3,2,0,1,4,0,3,0,1,3,2,1,3,0
4,53,2.84,1,0,3,1,1,0,0,0,2,3,2,3,3,1
11,40,2.11,5,1,2,1,5,1,4,1,0,1,0,3,4,1
4,41,2.75,0,0,4,1,7,1,1,2,2,0,3,0,2,0
0,89,3.29,7,1,0,0,3,0,1,4,3,0,1,3,2,1
2,20,2.64,5,0,1,0,4,0,1,2,4,2,3,4,4,0
6,8,2.29,5,0,3,1,3,1,2,1,0,1,1,3,3,1
13,66,3.54,1,2,3,0,8,1,4,0,3,3,3,4,4,0
6,41,3.61,8,2,4,1,1,1,4,2,2,3,3,3,2,1
10,69,3.42,9,1,4,1,8,0,0,4,0,0,4,4,1,0
8,4,3.81,4,1,2,1,3,1,2,2,3,1,3,0,4,0
13,60,2.01,5,1,0,1,8,1,0,1,0,4,4,0,2,1
8,60,3.97,5,2,2,0,9,0,2,0,0,4,0,4,2,1
6,83,3.28,7,2,3,0,1,0,4,1,0,4,4,2,3,0
8,14,3.91,5,1,2,0,3,1,3,0,0,4,0,3,1,0
5,28,3.56,2,0,4,0,4,0,4,1,4,3,0,1,1,0
11,43,3.16,1,2,1,1,9,1,4,0,3,3,4,4,2,1
7,64,3.1,2,1,4,1,3,0,4,2,0,0,1,0,1,1
8,8,2.06,8,0,0,1,7,1,3,2,2,1,3,3,0,1
5,25,2.17,4,1,2,1,9,1,1,4,0,1,2,1,2,1
7,48,2.59,1,2,1,1,2,0,3,1,0,3,4,1,1,1
3,35,3.47,1,0,2,1,2,0,1,2,1,3,2,1,4,0
12,71,3.23,5,0,0,0,6,0,1,0,4,0,4,1,4,1
9,6,3.8,5,2,0,0,8,1,4,0,4,0,2,0,1,1
8,14,3.32,4,0,3,0,3,0,4,1,3,2,2,0,2,1
8,0,3.12,7,2,2,0,2,1,1,1,1,2,4,1,2,0
0,17,3.89,6,0,0,1,0,0,3,1,4,0,4,2,3,1
10,22,3.95,0,2,2,0,4,1,4,3,4,1,4,4,2,1
2,58,2.67,8,0,2,1,6,0,0,1,0,4,2,0,3,1
10,54,2.56,7,1,0,1,4,1,0,1,3,0,2,3,2,0
8,53,2.36,2,1,1,0,7,1,4,3,3,1,0,1,1,1
3,8,2.17,8,2,3,1,4,1,4,0,4,4,3,0,2,0
7,74,2.35,2,2,2,0,5,1,1,3,2,2,4,1,4,1
6,3,2.9,4,0,4,0,6,1,1,1,4,0,2,2,2,0
10,14,3.65,6,2,2,0,6,0,3,0,0,3,4,1,1,1
9,22,3.84,4,2,3,1,6,1,0,0,0,0,3,2,1,1
7,10,2.64,5,2,3,0,7,1,3,3,1,4,2,1,3,0
10,18,2.83,0,2,4,1,9,0,0,2,3,2,4,3,3,1
7,12,3.58,1,0,2,1,1,0,1,1,1,4,2,0,3,0
7,0,3.82,7,2,2,0,5,1,0,3,3,3,3,3,4,1
6,85,3.41,8,1,3,1,9,0,1,2,2,3,3,1,1,1
0,19,3.87,4,2,0,1,5,1,4,0,1,3,3,0,3,0
2,51,3.13,3,2,1,1,8,1,2,1,3,4,1,1,1,0
14,88,3.37,1,2,1,0,5,1,3,2,2,4,4,4,4,0
12,56,3.64,1,1,2,0,5,0,0,2,2,1,4,3,2,0
6,5,3.58,6,2,1,1,6,1,0,4,4,4,3,1,1,0
4,70,3.04,7,2,3,0,1,0,3,2,0,3,3,4,3,0
11,57,3.77,4,2,1,0,5,1,0,3,0,1,3,3,2,0
1,40,3.55,2,2,2,0,0,0,1,2,0,4,0,2,2,1
7,48,2.82,4,0,1,0,6,1,0,1,0,0,1,3,4,0
12,29,3.91,1,2,0,1,0,0,2,2,4,3,1,0,1,1
10,87,3.53,3,2,3,1,1,1,4,3,2,0,4,0,2,0
3,23,2.46,4,1,0,1,2,0,3,1,1,3,0,2,2,1
0,66,2.86,7,2,2,0,8,1,2,4,4,4,2,2,4,0
12,57,2.84,4,1,1,0,5,1,1,2,2,3,0,4,0,1
6,74,3.65,4,1,4,0,1,1,3,1,4,4,3,1,3,1
0,47,3.51,4,1,3,1,7,1,4,2,4,4,4,2,1,1
9,75,3.33,9,1,0,1,9,1,2,1,0,2,3,3,4,0
14,34,2.66,2,0,2,1,7,1,0,3,3,4,3,0,4,0
9,48,2.55,5,0,3,0,5,0,3,1,0,4,2,2,1,0
1,65,2.49,0,1,3,0,5,0,1,1,4,4,4,1,2,1
10,59,3.87,9,0,4,1,2,1,4,3,2,3,0,4,1,0
8,68,2.46,1,0,2,0,6,1,3,2,1,0,1,1,2,0
9,48,3.31,2,1,0,1,4,1,3,0,0,0,2,4,0,1
8,63,3.37,0,1,2,1,1,1,3,0,3,2,2,2,2,0
1,52,2.26,7,1,2,1,3,0,1,2,2,1,4,3,1,0
6,28,3.28,6,2,0,1,3,1,4,2,4,3,4,2,2,0
14,75,2.58,5,1,0,0,6,1,1,0,3,0,4,4,1,0
9,54,2.13,5,1,3,1,7,1,3,0,0,0,4,3,3,0
14,58,3.92,8,2,2,1,1,0,1,1,4,4,3,4,0,1
10,80,2.33,6,1,0,1,4,1,2,4,1,4,2,0,1,0
12,1,4.0,1,2,3,1,1,1,2,4,0,3,2,4,3,0
13,16,3.08,3,1,4,1,5,0,2,4,1,1,0,0,4,1
13,29,2.29,5,0,0,0,4,0,1,4,0,2,3,4,1,1
6,8,3.07,8,1,4,0,5,0,4,1,3,0,2,2,4,1
8,60,2.71,3,2,1,0,5,0,3,2,1,0,0,1,1,1
9,53,2.84,0,0,4,1,0,1,1,3,3,3,4,0,4,0
2,85,3.61,3,0,0,1,3,0,4,3,0,0,3,4,1,0
10,65,2.56,4,2,4,0,3,1,0,4,4,3,0,4,3,0
12,30,2.1,0,0,1,0,4,0,3,4,1,1,0,2,3,0
2,74,2.4,6,2,1,0,8,1,4,1,1,0,1,3,1,0
9,49,3.7,1,2,1,0,5,0,4,4,1,4,2,2,0,1
14,34,3.44,9,1,0,0,3,1,0,2,2,3,0,4,0,0
3,46,3.33,1,1,1,1,3,1,4,1,3,0,1,4,3,0
5,57,3.16,2,0,3,1,6,1,1,2,3,4,1,3,4,0
9,61,2.12,9,0,3,0,2,0,1,3,1,1,0,2,3,0
6,66,2.47,2,0,0,1,5,0,0,0,2,1,2,2,1,0
11,16,3.94,0,2,2,0,4,1,0,4,1,3,1,0,3,0
2,58,2.18,6,0,0,1,8,0,3,4,1,0,4,4,0,1
3,15,2.85,9,1,2,1,1,1,2,3,2,4,0,1,1,1
12,44,3.3,1,1,3,0,0,1,4,4,4,3,1,3,4,0
5,54,3.35,1,2,0,1,0,0,3,2,0,4,2,3,2,0
7,58,3.35,2,1,1,1,1,0,0,0,4,1,1,3,2,0
11,50,3.21,3,0,4,1,4,0,3,2,0,0,1,3,2,1
4,11,2.05,7,1,4,0,4,1,1,3,0,2,1,1,3,0
5,86,2.31,8,1,0,0,0,0,4,0,2,3,4,4,3,1
1,62,2.06,9,2,3,1,7,0,2,0,3,3,2,4,2,0
7,23,3.22,8,2,2,0,4,0,1,1,3,2,3,1,3,1
4,46,2.33,7,0,0,1,1,1,2,2,1,1,0,0,4,0
9,48,3.07,0,1,1,0,2,1,4,3,3,2,1,2,3,0
6,76,2.67,5,0,0,0,2,1,2,0,0,3,3,0,2,0
10,25,2.88,6,0,2,1,7,0,2,4,4,3,3,4,0,0
4,78,3.18,3,2,0,0,4,0,3,0,3,1,1,1,0,1
14,35,2.63,3,2,1,1,9,0,2,2,4,2,4,3,4,1
8,47,3.36,0,2,4,1,9,1,1,1,0,4,0,3,2,1
6,20,3.67,8,0,3,1,2,1,4,0,3,0,1,4,4,0
9,60,3.86,4,1,4,1,0,1,1,2,0,1,3,1,1,0
10,31,2.76,5,1,3,0,4,0,2,3,2,1,0,3,4,1
3,48,2.62,5,1,4,1,4,1,2,4,4,0,0,2,4,0
5,35,3.31,7,2,2,0,1,0,1,1,4,4,1,2,1,0
6,8,2.37,9,2,2,1,7,1,4,4,2,3,0,1,3,1
8,33,3.45,9,1,4,1,3,0,2,0,4,2,3,1,3,0
2,48,3.54,2,1,2,0,6,1,1,3,1,3,3,0,3,1
14,37,2.41,4,1,0,0,0,0,1,0,2,4,2,2,3,1
1,89,3.75,4,0,2,0,7,0,4,0,4,0,3,3,1,0
7,60,2.87,2,0,2,0,1,1,2,1,3,3,2,3,0,0
5,59,2.39,6,0,4,1,6,0,4,2,2,0,1,4,3,1
1,21,2.81,5,1,4,1,4,1,4,2,3,4,2,0,4,0
11,15,3.13,5,0,4,1,7,1,3,3,2,4,3,4,0,1
1,6,3.99,1,1,4,1,6,1,0,0,4,2,4,0,3,0
13,20,3.85,9,1,1,0,3,0,3,3,1,4,0,4,3,1
1,44,3.05,3,2,2,0,1,1,4,3,1,2,2,2,1,0
8,55,2.22,7,2,4,1,5,1,3,3,2,3,3,4,0,0
14,55,2.45,4,0,0,0,9,1,4,0,3,3,3,4,3,0
2,40,3.88,1,1,4,1,6,0,1,1,3,2,3,1,0,0
13,2,2.95,5,2,0,0,6,1,3,3,4,2,0,0,0,0
4,4,2.04,2,0,2,0,6,1,4,3,2,2,2,4,1,0
6,53,2.28,6,2,4,1,9,0,2,3,0,0,4,3,1,1
13,14,3.06,9,1,3,0,3,0,2,2,3,4,4,3,1,0
1,71,2.32,0,2,4,0,5,0,2,2,3,3,1,2,1,0
0,4,3.16,4,0,3,0,2,0,0,2,3,0,3,0,2,1
4,21,2.74,5,0,1,1,5,1,3,4,1,0,2,2,1,1
10,48,3.57,1,2,0,0,7,0,3,3,3,0,3,3,0,1
9,16,2.67,7,1,2,1,8,1,4,4,0,2,2,3,4,0
6,35,3.0,6,0,3,1,8,1,4,1,1,3,0,3,4,0
14,16,2.93,0,0,4,1,7,0,3,4,4,4,1,2,3,1
4,7,3.74,7,2,4,1,0,0,4,0,0,2,3,2,2,0
8,74,2.32,5,0,0,1,1,1,1,0,2,4,2,2,2,1
10,60,3.74,1,0,3,1,7,0,0,2,1,1,1,4,1,0
10,50,2.08,1,2,1,1,1,0,3,4,2,0,2,2,2,1
8,82,2.44,1,1,1,0,0,0,4,1,2,1,4,4,3,1
2,13,2.43,2,1,0,1,7,0,1,1,3,1,2,2,4,1
14,83,3.91,4,0,3,1,5,1,2,3,3,0,3,0,2,1
2,36,2.76,1,0,0,0,2,0,2,0,3,1,2,0,2,0
8,20,3.18,5,0,4,1,9,0,1,4,3,1,2,1,2,1
7,21,3.36,0,1,4,1,9,1,1,3,0,3,4,4,4,1
5,13,3.82,2,1,1,0,7,1,2,0,1,2,1,0,1,1
11,43,2.24,7,1,3,1,6,1,3,1,2,0,2,1,0,1
7,45,2.07,7,2,0,0,1,1,4,1,0,0,4,4,3,1
14,24,3.4,5,0,0,0,8,0,2,0,4,3,3,1,4,1
14,43,2.8,5,2,0,0,3,0,3,1,0,3,1,3,0,1
2,43,2.79,3,1,2,1,9,0,3,4,1,4,0,1,4,0
10,85,3.85,8,0,3,1,2,0,0,3,2,4,0,0,1,0
10,76,2.78,5,2,2,1,3,1,4,2,2,1,2,2,0,0
6,76,3.56,1,0,1,0,0,0,1,4,3,1,1,0,3,1
13,0,3.53,5,1,2,0,4,1,4,2,1,4,1,1,2,1
11,13,2.26,5,1,1,1,7,0,1,4,0,1,0,3,2,0
13,82,3.49,2,0,3,1,4,0,1,1,3,0,0,4,0,1
4,39,3.3,9,2,1,0,9,0,1,1,1,4,4,1,0,1
3,70,2.29,2,2,1,1,0,1,2,3,0,4,0,4,4,1
5,53,3.99,6,0,2,1,3,0,2,3,3,2,0,1,3,0
9,54,3.55,0,2,1,1,4,0,2,2,2,0,0,1,0,0
11,59,2.15,0,0,2,0,3,0,0,3,4,1,2,1,2,1
12,41,3.58,4,2,0,1,4,1,0,3,2,3,0,1,1,1
9,39,3.69,1,0,0,1,3,1,0,2,2,4,0,3,3,1
0,18,3.87,8,1,0,0,5,1,1,3,1,1,0,4,4,1
6,39,3.22,6,2,2,1,3,1,4,2,1,4,1,4,4,0
10,56,3.92,5,2,3,1,5,0,4,0,3,1,3,1,3,0
12,69,3.32,7,0,3,1,0,0,2,1,4,4,0,4,2,0
5,58,3.18,9,2,0,1,0,1,1,1,4,0,4,2,0,0
14,17,3.16,2,1,4,0,5,0,1,1,4,1,4,4,4,0
5,14,2.58,9,1,3,1,8,1,4,0,3,0,2,1,2,0
12,71,2.46,4,2,3,0,8,1,3,0,2,2,4,0,0,0
8,37,3.69,7,1,4,1,6,0,0,4,4,3,0,2,1,0
4,28,3.77,5,1,0,0,3,0,4,3,1,0,0,2,0,1
12,81,2.96,7,1,0,1,1,1,2,0,2,1,3,2,0,0
10,85,2.38,2,0,1,1,7,1,4,0,4,2,2,4,0,1
2,73,2.57,1,1,4,0,4,0,3,2,1,0,2,2,0,0
4,38,3.88,7,1,0,1,5,1,3,3,2,2,0,1,3,0
12,5,3.36,4,2,3,1,7,1,0,3,4,2,2,3,4,0
0,33,3.29,2,1,4,1,1,0,4,1,2,4,0,2,4,1
10,52,3.19,0,2,3,0,8,1,4,0,1,1,1,0,2,1
10,32,2.98,1,1,3,1,8,0,4,3,0,2,1,0,3,0
3,50,3.59,6,0,1,0,0,1,4,1,1,2,4,1,0,1
6,13,2.28,0,2,0,1,1,1,1,2,1,3,0,2,4,1
13,27,3.82,0,2,4,0,9,0,3,2,2,1,2,4,0,0
11,89,2.47,7,0,4,1,9,0,1,1,0,4,2,4,3,1
9,58,2.22,1,2,4,1,8,1,4,1,2,4,4,0,4,0
6,55,2.3,0,2,2,1,1,1,0,0,3,1,4,1,1,0
13,11,3.11,5,1,2,0,5,1,0,0,3,1,1,1,2,1
6,59,2.7,4,1,0,1,8,1,0,1,0,1,2,0,4,1
7,7,3.4,3,2,1,1,2,0,3,1,0,1,1,2,3,0
13,82,2.97,7,1,0,1,4,1,0,3,0,0,1,3,4,0
3,30,2.31,7,2,4,1,6,1,2,0,1,3,4,1,0,0
6,70,3.34,9,1,3,1,4,0,0,4,2,2,3,1,4,1
6,39,3.49,1,1,2,0,4,0,4,0,3,4,1,3,0,0
13,46,2.29,2,2,1,1,1,1,2,1,4,1,2,1,3,0
6,11,2.98,9,2,3,0,9,1,0,0,2,1,0,2,0,0
1,27,3.74,1,1,3,1,7,0,0,3,1,1,3,0,4,0
7,63,3.99,5,2,4,1,0,1,0,2,3,4,4,4,1,0
10,76,3.01,7,1,4,1,9,0,2,0,4,3,2,2,1,0
2,71,2.78,9,2,0,0,0,0,3,1,3,0,4,0,2,0
3,79,3.38,5,2,4,0,8,0,1,1,1,2,3,0,1,0
12,39,2.43,2,0,2,1,0,1,1,2,4,2,3,4,0,0
6,37,3.71,2,2,1,0,6,0,1,0,2,2,2,4,1,1
0,79,2.21,8,2,3,0,8,1,4,0,0,4,3,4,4,0
1,63,2.02,4,2,3,1,1,0,3,0,0,3,2,1,2,0
4,12,2.23,7,2,3,0,4,0,4,4,1,0,0,3,3,1
1,10,2.55,0,0,1,1,8,0,0,1,4,1,2,0,1,0
4,70,2.62,7,2,3,0,7,1,4,1,0,1,0,4,0,0
12,8,2.26,8,2,1,1,4,1,3,3,4,3,2,2,1,0
3,6,2.63,9,1,2,1,0,0,0,1,3,3,3,1,3,0
4,2,3.18,1,1,2,0,5,1,1,3,2,0,4,4,4,0
0,27,2.76,7,2,0,0,9,1,1,4,2,1,4,4,4,1
4,5,2.08,7,0,2,0,2,0,2,0,2,0,2,2,3,0
11,13,2.26,5,1,1,1,4,1,3,3,2,0,4,3,4,0
4,67,3.75,7,1,4,0,9,0,4,0,2,4,1,2,4,0
4,49,3.86,1,2,0,0,9,1,0,2,2,3,2,0,2,1
6,81,3.39,8,1,3,0,1,1,4,0,2,1,0,0,1,1
4,28,3.26,2,0,2,1,2,1,3,1,2,4,2,2,3,1
1,89,3.71,7,1,0,1,2,0,1,3,1,4,4,0,2,0
3,3,3.34,7,1,2,1,4,0,4,0,1,3,3,1,0,0
8,13,2.31,0,2,3,1,4,1,3,4,4,3,4,1,4,0
13,18,3.09,7,0,3,0,9,1,1,3,1,0,0,0,0,1
13,17,3.42,7,2,1,0,7,0,4,3,2,2,1,1,3,0
2,20,2.83,8,0,1,0,7,1,4,2,0,2,3,0,2,0
5,1,2.97,3,2,2,1,8,1,2,3,3,1,2,2,2,1
13,24,3.37,3,2,2,0,3,0,1,4,0,3,1,4,4,1
3,12,2.31,6,2,1,1,6,1,2,1,0,3,2,4,1,0
0,31,2.11,9,0,1,1,8,1,1,2,1,3,1,4,1,1
0,89,2.76,8,1,3,0,2,1,1,2,1,1,2,4,2,1
4,14,3.54,3,1,3,0,0,0,3,4,3,1,4,4,1,0
14,61,3.24,3,2,2,1,6,0,3,1,1,2,1,1,1,1
3,53,2.41,8,1,0,1,4,0,0,1,0,0,3,3,0,1
5,28,2.55,4,1,1,1,2,0,1,3,4,0,1,2,2,1
5,12,2.86,5,2,0,1,8,0,4,3,4,4,4,4,2,0
14,50,2.42,0,2,4,0,8,0,0,1,3,2,0,2,2,1
8,32,2.87,2,1,4,0,5,1,4,2,1,0,4,0,4,1
8,71,3.0,7,2,1,1,3,0,4,3,0,4,2,4,0,1
8,84,2.91,8,1,4,1,1,0,0,0,3,2,0,0,4,0
6,50,2.21,1,2,4,1,4,1,2,4,1,0,1,0,1,1
12,19,2.69,5,2,3,0,8,0,4,1,2,1,2,1,2,1
4,30,2.56,0,2,2,0,1,1,3,3,4,2,3,0,2,0
0,64,3.41,2,1,1,1,3,0,1,3,3,3,3,0,2,0
13,14,3.87,4,2,4,1,2,1,0,2,3,1,3,1,3,1
8,47,3.64,2,0,0,1,9,1,0,2,0,0,0,4,1,0
4,31,3.03,5,0,0,1,8,1,0,4,1,2,4,4,4,0
3,70,3.57,7,0,3,1,7,0,1,0,4,0,3,3,2,1
8,22,3.19,1,0,1,0,0,1,4,4,3,4,1,1,4,1
2,13,2.01,0,0,0,1,9,1,3,3,4,2,2,2,2,0
3,58,3.07,7,1,0,1,2,0,0,2,4,0,2,3,4,0
4,1,2.54,3,0,0,1,9,1,2,4,0,0,1,3,0,1
1,7,3.92,5,1,0,0,1,0,4,3,4,1,1,3,0,0
6,48,2.34,2,1,3,1,9,1,4,2,3,0,4,1,3,1
4,54,2.99,8,0,3,1,6,1,4,2,4,3,3,1,0,0
4,66,3.77,8,0,0,1,0,1,2,0,2,4,3,1,4,0
0,57,3.87,5,0,2,1,1,0,3,3,2,3,4,3,1,0
1,9,2.19,1,1,1,0,0,0,2,4,3,3,1,2,0,0
4,70,2.85,0,2,4,1,9,1,1,0,3,1,0,3,1,0
13,4,3.57,2,2,4,0,9,0,2,0,2,2,0,0,4,0
13,21,2.66,9,0,3,1,6,1,4,4,1,1,4,0,4,1
1,85,3.93,8,1,1,1,6,1,4,4,3,3,3,3,1,1
11,46,2.78,8,0,3,0,1,1,0,1,1,0,1,4,0,0
13,20,2.61,2,1,0,0,9,1,2,1,4,3,3,3,1,0
2,74,2.66,8,2,4,0,8,0,4,2,1,0,1,3,0,0
9,63,3.59,0,0,2,0,4,1,0,3,2,4,4,1,2,1
4,82,3.63,1,0,3,1,3,1,1,3,1,3,1,1,1,0
11,66,2.36,5,2,4,1,0,1,0,3,3,4,0,2,2,0
6,12,2.93,3,0,1,0,8,0,2,0,0,4,0,4,2,0
11,74,2.14,7,0,1,1,1,0,3,0,3,3,0,0,4,0
10,4,3.36,1,1,4,1,0,1,1,2,0,1,1,4,1,0
12,88,2.57,2,0,0,0,6,1,1,3,4,2,2,2,3,0
1,68,2.56,6,2,4,1,1,1,1,1,1,1,3,1,3,0
12,24,3.32,9,0,2,0,8,0,1,3,4,0,3,1,0,0
14,55,2.77,3,2,4,1,8,0,1,3,2,4,2,0,2,0
9,59,3.96,0,1,4,0,3,0,1,1,2,1,0,0,0,0
11,67,2.07,8,1,2,0,2,1,1,2,1,4,0,1,4,1
3,83,3.98,5,1,0,0,3,0,4,0,0,0,0,2,0,0
0,80,3.74,2,1,2,1,3,0,2,4,0,0,1,0,3,0
12,51,3.44,6,1,4,0,1,1,4,4,3,0,3,1,4,1
3,8,2.44,0,2,0,0,8,0,2,2,4,4,0,2,0,1
6,64,2.42,3,0,1,1,4,0,4,1,0,3,4,1,2,0
11,31,3.51,0,0,1,0,4,1,4,1,0,3,1,4,4,0
11,33,3.01,6,0,0,0,1,0,4,1,3,0,0,3,1,1
5,36,3.82,2,0,0,1,5,1,2,0,4,3,3,2,4,1
7,41,3.07,2,2,3,1,0,1,2,0,2,0,1,3,1,1
9,44,2.82,1,1,0,1,9,0,1,1,4,4,1,1,3,1
12,29,2.87,0,0,1,1,7,1,1,0,1,4,1,0,0,0
12,37,2.81,8,1,1,1,9,1,2,4,3,4,3,3,4,0
9,49,2.47,5,2,1,1,0,0,0,1,4,4,0,2,2,0
10,65,2.2,5,1,3,0,5,0,1,4,2,2,0,2,4,0
9,38,3.41,0,0,4,0,3,0,1,4,3,3,3,1,2,0
7,36,2.29,6,0,1,0,9,1,4,0,4,4,3,0,4,0
12,36,3.46,0,0,1,0,4,1,1,4,1,3,1,4,1,1
6,46,3.73,9,2,2,1,8,1,3,4,1,4,1,4,0,0
1,7,2.77,4,1,4,1,8,1,4,2,3,1,0,0,1,0
4,83,3.12,6,0,3,0,7,0,1,0,0,4,1,4,2,1
0,18,3.31,8,1,1,1,8,0,2,2,3,2,4,4,2,1
14,14,2.26,3,0,4,0,7,0,4,0,1,3,4,4,0,1
0,20,2.92,4,1,2,0,3,1,3,2,0,0,0,4,3,0
3,37,2.15,4,0,1,0,6,1,0,3,1,0,2,0,4,1
14,57,3.56,2,1,2,0,6,1,2,0,0,3,3,4,1,0
10,46,2.55,6,0,2,0,1,1,1,1,4,1,0,4,3,1
7,25,2.23,1,2,4,0,3,0,3,2,0,2,1,2,0,0
10,3,2.13,7,2,3,1,4,1,1,3,4,3,3,4,1,0
6,2,2.93,8,1,4,0,6,1,1,4,0,1,2,3,0,1
12,87,2.37,3,1,2,0,7,0,0,4,3,2,2,4,1,1
9,43,3.81,2,0,4,1,9,0,3,4,2,2,0,3,1,0
8,37,3.62,4,0,2,1,5,1,0,4,4,4,0,4,4,1
12,26,2.62,8,0,2,1,0,0,4,4,2,4,2,0,1,1
8,48,2.41,3,2,3,1,4,0,1,0,3,4,3,1,4,1
9,85,3.49,1,2,4,0,7,0,4,1,4,3,2,3,0,0
12,69,3.17,7,0,0,1,8,1,1,0,4,1,1,1,2,1
3,20,3.19,1,1,3,0,3,1,0,1,3,0,2,0,2,0
10,39,3.6,3,0,2,0,4,0,1,3,4,4,3,2,3,1
9,3,2.38,0,0,1,1,8,0,0,0,1,0,1,3,0,1
10,75,2.26,6,1,0,0,3,0,3,4,2,1,2,4,0,1
11,4,2.34,9,2,2,0,4,1,3,1,1,0,2,0,4,0
7,28,3.6,8,2,3,0,6,1,3,4,4,0,2,2,0,0
2,20,2.04,9,0,1,0,5,1,4,0,1,1,4,3,2,0
9,49,2.99,7,1,4,0,3,0,1,2,3,0,2,2,2,0
9,79,2.14,3,2,3,1,4,1,3,1,0,2,2,1,1,0
2,73,2.5,6,2,4,1,8,0,0,4,2,0,1,3,1,0
1,89,2.19,0,1,3,1,0,1,0,2,4,3,3,1,4,0
8,32,3.28,8,2,1,0,4,0,3,0,1,0,1,3,1,1
11,3,3.88,3,1,3,1,6,1,4,1,1,1,1,3,1,0
2,17,3.82,8,0,3,0,9,0,4,1,1,4,4,4,1,1
4,87,3.18,8,2,2,1,3,1,1,2,2,1,1,3,2,1
6,58,2.53,0,1,4,0,8,0,0,4,1,4,2,2,4,1
6,84,3.9,1,2,1,1,4,0,4,0,3,4,4,4,1,0
8,25,3.64,9,0,1,1,2,1,1,1,2,4,0,2,1,0
2,39,3.98,2,1,3,1,8,0,4,3,0,4,2,1,4,0
11,84,2.34,4,2,3,0,9,0,4,1,1,1,1,3,4,1
2,60,3.74,9,0,4,0,3,0,1,2,3,4,3,3,1,0
3,9,3.96,6,0,3,1,9,0,2,0,0,3,0,1,1,0
12,39,3.81,0,0,3,0,0,0,1,1,4,1,2,0,1,0
5,47,2.98,0,1,2,0,5,1,3,3,0,1,0,3,2,1
7,54,3.96,0,1,0,1,1,1,0,0,3,1,4,2,4,1
3,2,2.95,5,1,3,0,8,1,3,0,1,3,1,1,0,0
11,24,3.36,8,1,2,1,3,0,0,4,0,4,3,3,4,0
10,28,3.06,9,0,1,1,7,1,2,2,3,2,0,2,1,1
6,7,3.73,6,0,2,1,2,1,4,2,0,4,0,4,0,1
8,33,3.17,5,2,2,1,6,0,0,3,2,0,1,3,2,1
6,79,2.97,6,0,4,1,8,0,1,0,3,3,3,0,1,0
1,41,3.83,7,0,2,0,9,0,4,3,1,3,3,4,1,1
0,9,3.7,0,0,2,0,9,1,1,2,1,0,4,0,4,0
12,38,2.16,2,0,2,0,3,0,0,4,2,4,1,2,4,0
7,42,2.61,4,1,1,0,3,1,4,3,3,0,0,1,1,1
8,14,3.32,8,1,0,0,2,0,2,0,0,2,3,1,0,1
4,64,3.19,0,1,1,0,0,0,4,0,1,2,1,0,3,1
14,16,3.04,2,0,2,1,0,1,0,1,3,4,1,4,4,0
10,67,3.75,0,0,4,1,4,1,0,0,3,2,4,4,3,1
6,3,2.34,8,2,3,1,5,0,1,2,2,3,2,4,0,0
4,69,2.62,7,1,0,0,2,0,2,2,1,1,1,0,3,0
10,72,2.09,1,2,3,0,7,1,0,4,4,0,0,1,3,0
6,30,2.5,7,2,4,1,1,0,3,4,0,2,2,4,1,0
10,71,3.35,3,1,0,0,4,0,2,4,0,2,1,0,2,0
7,73,2.53,8,1,2,0,2,0,4,3,0,1,0,1,3,0
6,28,3.51,4,1,3,1,1,1,0,3,3,3,4,4,2,1
2,71,3.76,8,1,1,1,9,1,1,2,1,1,3,4,4,1
8,9,3.85,9,1,1,1,4,0,4,0,4,0,4,4,3,1
5,82,3.77,4,0,2,0,1,0,3,4,4,3,1,0,4,0
6,44,2.89,6,1,4,0,9,1,1,0,1,4,0,2,4,0
11,72,3.95,7,1,2,1,6,1,0,3,0,3,3,3,0,1
8,30,3.23,9,2,4,0,6,1,0,4,3,3,0,1,1,1
5,57,2.23,3,0,4,1,1,0,4,3,4,0,0,3,0,0
0,80,3.32,6,0,3,1,8,1,2,3,2,3,4,1,3,1
10,32,3.41,9,0,3,1,1,0,3,4,4,1,3,2,3,1
1,0,3.26,8,1,3,1,9,0,1,2,1,3,1,2,0,0
8,35,2.52,3,0,3,0,3,0,0,0,3,4,4,1,3,0
0,0,3.36,9,2,4,1,7,1,0,3,1,2,4,2,4,0
2,20,2.72,5,1,0,0,5,1,2,0,3,0,3,1,0,0
3,33,3.24,1,0,4,0,4,1,3,4,1,2,4,1,3,0
10,25,3.83,1,1,3,1,7,1,0,0,3,0,0,2,4,0
12,54,3.76,6,0,0,0,1,0,2,3,1,0,2,3,3,1
8,9,2.45,6,2,2,1,2,0,2,1,0,1,3,2,3,1
13,6,3.05,4,0,3,1,3,0,0,2,2,1,1,3,2,1
6,50,2.01,8,2,2,0,1,0,2,1,2,3,2,0,4,0
11,49,2.53,7,1,4,0,4,1,3,2,4,0,2,4,1,0
2,66,3.8,4,1,4,0,3,0,3,3,1,2,3,4,3,0
14,6,2.9,3,0,2,1,2,1,2,1,2,4,3,4,4,0
6,26,3.74,4,1,3,0,0,1,2,1,1,1,1,0,0,0
12,80,2.97,8,0,2,0,3,1,3,2,3,4,4,3,0,1
14,76,3.37,2,2,0,1,2,1,1,0,1,4,1,0,4,0
9,53,3.92,3,1,0,0,3,0,4,3,1,3,1,3,2,0
1,32,2.98,3,0,1,0,4,1,3,2,2,4,3,0,1,1
13,63,2.72,1,2,0,1,3,0,0,3,1,3,4,0,1,1
12,78,3.29,2,0,1,1,5,0,2,0,2,4,2,2,0,1
7,14,3.33,5,2,2,0,5,1,1,4,3,2,1,3,2,0
5,25,3.16,6,1,3,1,6,0,1,2,4,1,4,0,4,1
6,5,2.04,5,2,0,0,3,1,4,4,1,0,1,2,2,1
9,5,2.86,2,1,3,0,4,0,2,4,0,4,0,0,3,0
3,40,3.95,2,1,1,1,7,1,4,1,3,2,0,3,0,0
6,36,3.36,8,2,4,0,0,0,4,2,4,0,2,3,0,0
13,64,2.1,5,1,4,1,9,0,1,0,2,3,4,0,4,0
11,29,2.89,7,2,0,0,1,0,4,4,3,1,0,4,3,0
6,39,2.64,4,2,0,1,6,1,2,3,1,1,4,0,4,1
11,87,3.61,7,0,2,0,2,1,4,1,2,3,3,3,3,0
5,76,3.02,5,1,3,0,8,1,2,1,2,2,0,3,1,0
11,61,3.36,6,2,4,0,4,1,3,1,1,1,2,2,0,0
2,61,2.27,3,2,1,0,6,0,3,3,1,4,3,2,1,0
8,16,2.8,9,2,1,0,6,1,3,4,0,3,3,3,0,0
5,67,2.41,0,1,1,1,2,1,1,0,2,1,0,0,3,0
6,53,2.04,4,2,0,0,9,1,1,1,1,0,4,2,3,0
1,54,2.92,9,1,2,0,6,0,3,2,1,1,1,3,0,1
4,30,3.53,9,1,3,0,3,1,4,3,4,1,0,2,4,1
10,3,3.34,7,2,4,1,0,1,3,4,4,4,0,0,1,1
4,30,3.51,0,2,3,1,7,0,3,3,0,0,3,0,0,0
7,33,2.25,5,0,0,1,3,0,3,4,0,3,3,3,3,1
14,77,3.34,8,0,3,0,7,0,1,4,3,4,2,3,0,0
11,2,2.33,5,2,4,1,4,0,1,4,3,2,3,4,3,0
8,55,2.64,6,1,4,0,8,0,1,3,3,3,4,2,0,1
11,29,2.57,8,1,2,0,3,1,4,3,2,4,3,2,1,0
2,4,3.22,7,1,4,1,4,1,2,1,2,3,2,4,1,1
4,36,3.58,4,0,2,0,8,0,2,3,3,0,2,3,3,0
2,76,2.55,8,0,3,1,9,1,2,2,1,3,1,4,4,0
7,34,3.7,4,0,4,1,3,0,3,0,1,0,2,4,3,1
7,81,3.19,3,2,4,0,0,1,3,4,1,0,0,2,1,1
3,31,3.63,3,2,4,0,2,0,2,1,4,1,0,1,1,1
9,55,2.31,9,2,1,0,7,1,4,0,0,4,2,3,2,1
10,73,3.7,1,0,1,1,0,1,3,2,0,4,2,0,4,1
8,58,2.82,5,1,4,1,0,1,4,4,2,1,2,0,0,1
11,10,3.78,7,2,2,1,0,0,2,2,1,0,3,4,4,1
2,60,3.96,6,1,3,0,1,1,1,1,0,0,0,3,0,1
9,33,3.86,6,0,3,1,5,0,0,0,4,2,3,0,3,0
2,9,3.95,6,2,3,1,8,1,4,0,3,1,3,3,4,0
3,31,2.08,5,1,2,1,7,1,3,2,2,1,3,2,1,1
4,83,3.31,3,1,2,1,9,1,0,1,4,4,1,1,0,0
10,55,3.25,5,2,3,0,6,0,4,2,2,0,0,4,0,0
2,79,2.44,3,2,3,0,8,0,1,3,0,2,4,2,2,0
12,66,2.16,2,0,0,0,9,0,0,1,4,2,0,1,4,0
9,76,2.18,2,0,1,1,1,0,0,3,1,1,0,0,3,1
3,8,3.72,2,0,1,0,6,0,2,1,4,0,0,2,0,1
12,50,2.77,7,0,2,1,6,0,3,3,1,2,0,1,1,0
10,48,2.1,1,0,0,1,8,0,4,1,3,1,4,1,2,0
9,11,2.61,7,0,1,0,6,0,3,2,0,1,2,1,0,1
9,49,3.98,6,1,1,1,7,0,1,0,3,1,4,3,4,1
5,46,2.88,2,1,3,0,5,1,3,3,4,1,2,3,4,1
0,21,2.58,4,1,1,0,9,1,4,3,1,1,3,4,2,0
10,76,3.19,7,0,1,1,1,0,0,0,4,3,4,1,1,0
5,8,3.74,5,2,1,0,0,0,4,2,2,4,0,4,3,1
14,62,3.05,7,2,2,1,6,1,0,3,1,4,4,2,0,0
0,25,3.49,1,1,0,1,8,1,2,2,4,4,1,3,3,1
3,75,3.54,5,0,4,0,0,1,1,3,0,4,2,0,0,1
4,12,2.15,2,2,4,1,4,1,2,2,4,0,0,1,0,0
11,83,2.43,1,1,1,1,4,1,1,4,4,3,3,3,4,0
10,55,2.84,8,2,2,1,8,1,4,0,1,3,4,0,4,0
4,62,3.04,9,2,4,0,6,0,0,4,4,0,3,4,1,0
9,74,3.2,1,1,1,0,3,0,0,0,1,2,1,2,1,0
11,22,3.14,7,2,2,1,8,0,2,1,1,3,3,3,3,1
7,15,2.55,8,2,0,0,6,1,1,0,3,4,0,1,0,0
2,61,3.02,2,1,1,0,9,0,1,1,4,2,2,4,1,0
0,10,2.9,0,1,0,1,9,1,4,4,1,1,2,3,0,1
7,70,3.57,7,0,3,0,3,1,0,4,3,4,4,3,2,1
0,23,2.92,0,1,3,0,1,1,0,1,0,2,0,2,2,1
7,23,2.03,3,1,1,1,8,1,4,1,3,0,3,2,2,0
14,16,3.95,2,1,4,1,4,0,1,4,1,2,3,2,1,0
5,44,3.36,4,1,4,0,8,0,4,3,2,2,2,0,3,1
0,78,2.54,6,1,3,1,9,0,4,3,0,0,2,3,4,0
9,78,3.4,9,2,1,0,2,1,0,3,0,1,4,1,2,1
3,33,3.87,1,1,4,1,3,0,0,2,3,1,2,3,1,0
13,10,3.7,2,0,2,0,3,0,4,0,4,4,2,1,2,1
4,5,3.12,4,2,3,1,5,0,2,2,4,0,2,0,3,1
4,19,2.4,3,1,0,0,8,0,2,4,3,2,2,1,1,0
5,1,3.66,8,2,4,1,6,0,0,2,0,1,4,1,2,0
11,88,3.69,6,0,1,1,9,1,1,0,2,2,1,1,2,1
14,58,3.5,7,2,4,0,4,1,1,1,0,3,0,3,3,0
10,51,3.36,5,2,1,0,1,1,0,1,0,1,0,3,3,0
6,76,3.13,6,2,2,0,7,1,4,1,3,0,4,2,4,0
3,15,2.95,7,1,4,1,8,0,4,1,1,1,2,1,1,1
3,71,3.68,2,0,4,1,1,0,3,1,4,4,4,4,4,1
1,59,2.28,0,0,0,0,3,1,0,4,0,0,1,0,3,0
0,50,2.68,2,1,0,0,3,0,4,3,0,4,3,0,0,0
7,2,2.68,0,2,0,1,9,0,2,4,0,3,4,1,3,1
7,22,2.83,0,1,4,1,6,1,0,0,3,4,2,2,3,1
10,62,2.25,5,2,1,1,9,0,3,0,4,0,0,1,3,0
9,34,2.27,5,0,0,0,2,1,0,0,1,3,2,4,2,1
4,39,3.75,1,1,3,1,3,0,4,0,2,4,4,2,4,1
8,34,2.06,7,0,4,0,1,1,3,0,3,4,1,4,2,0
3,47,2.54,1,0,0,1,3,1,0,3,2,3,1,4,3,0
3,31,2.97,5,2,2,0,6,0,1,3,4,2,0,2,3,0
4,22,3.14,4,1,3,0,5,1,1,2,4,2,0,4,1,0
13,13,3.26,1,0,0,0,2,0,4,0,0,4,1,3,3,1
1,13,3.85,9,2,0,0,8,0,4,2,0,3,1,1,3,1
7,24,2.96,6,0,3,0,4,1,0,0,3,0,1,1,0,0
14,77,2.92,9,0,2,1,8,1,4,2,0,2,1,1,3,1
4,29,3.67,0,2,0,1,5,1,4,1,2,2,4,0,1,0
5,83,2.33,1,0,3,1,7,1,3,3,1,3,1,4,2,0
9,45,3.2,1,2,3,1,6,0,4,2,0,0,3,2,0,0
14,40,3.93,5,0,2,0,9,1,1,1,4,1,3,2,0,1
6,62,2.15,8,1,2,1,2,1,1,0,1,0,4,0,3,0
10,85,3.29,4,0,0,0,3,0,2,2,4,1,2,0,4,0
9,11,3.83,9,1,1,0,8,1,3,4,1,2,3,0,1,1
5,34,2.29,9,2,0,1,6,1,1,2,0,2,3,3,1,1
13,12,2.21,6,1,1,0,1,1,0,3,3,1,2,4,1,1
14,22,2.24,3,1,0,0,3,1,3,1,0,0,3,2,4,1
11,50,2.45,3,2,0,0,5,0,3,4,3,2,1,1,3,1
1,18,3.23,1,0,2,0,1,0,4,2,2,0,1,0,3,0
3,78,2.32,2,2,0,1,1,1,1,3,1,3,4,1,1,0
0,87,3.9,2,1,1,1,2,1,1,3,4,4,2,3,2,1
0,41,3.26,2,2,3,1,0,1,1,2,2,3,4,0,3,0
3,75,3.49,7,1,0,1,2,1,2,2,1,3,3,1,1,0
13,62,3.38,4,0,4,1,6,0,0,0,3,0,3,4,1,0
2,48,3.89,3,2,3,1,2,1,3,2,2,3,4,2,0,0
9,64,2.86,6,1,4,0,9,0,4,2,4,3,2,0,0,0
8,80,2.83,9,0,1,1,5,1,3,0,2,4,1,2,3,0
7,39,3.39,6,0,2,0,8,1,4,3,3,4,4,2,1,1
8,87,2.63,2,1,4,1,3,1,3,3,1,2,4,4,0,1
10,72,2.74,4,2,0,0,5,1,1,0,3,1,3,3,3,0
13,0,3.55,2,1,0,1,2,0,2,1,1,2,3,1,1,0
8,12,3.59,3,0,2,1,9,0,0,2,2,1,4,2,2,1
9,19,2.1,6,1,0,1,2,1,4,2,3,1,4,1,0,0
11,18,2.58,7,0,1,1,1,0,0,0,2,4,4,0,3,0
13,6,2.17,9,0,0,1,2,0,3,3,4,4,4,3,2,0
5,78,2.42,2,2,0,1,9,0,4,0,0,1,4,0,0,0
5,59,3.73,6,1,2,0,8,0,2,3,2,4,0,3,4,0
14,48,3.98,8,1,2,1,9,0,0,2,4,1,0,1,2,1
1,0,2.77,1,2,1,1,4,1,3,1,0,2,2,4,4,1
8,17,3.11,5,1,0,0,0,0,0,3,4,3,3,2,4,1
13,24,3.65,0,0,0,0,4,0,1,1,3,2,0,2,4,0
3,36,2.21,1,2,1,0,8,0,4,1,0,2,0,0,3,1
11,77,3.3,4,0,0,0,9,1,3,0,3,0,2,3,4,1
7,87,3.07,2,1,2,0,5,1,4,3,2,0,3,2,3,1
4,39,3.11,8,0,3,1,9,0,0,4,4,3,1,1,1,1
10,44,3.61,2,1,4,0,8,0,3,1,4,1,0,0,1,1
1,68,2.98,7,1,4,0,1,1,0,1,4,3,3,1,4,1
4,41,3.93,6,1,3,0,8,0,2,2,1,4,1,4,3,0
1,45,3.84,6,0,3,1,5,0,3,1,3,2,4,4,2,0
10,43,3.49,6,1,1,0,0,0,1,0,1,0,0,1,1,1
7,33,3.16,6,0,3,1,9,0,1,3,4,4,4,0,4,0
1,66,3.64,2,1,2,1,3,0,2,1,2,0,3,4,2,1
0,84,2.69,4,0,3,0,9,1,2,3,4,1,4,1,3,0
4,47,3.09,3,2,2,0,5,0,3,1,1,3,4,1,0,1
6,20,2.32,1,1,2,0,8,0,4,3,0,1,1,1,3,1
2,45,3.8,6,2,2,1,1,0,0,1,4,0,0,1,3,1
1,6,2.13,5,1,1,1,2,1,4,4,4,1,1,4,4,1
5,61,2.12,3,0,0,0,1,1,1,1,1,2,1,1,4,1
13,22,3.47,8,1,4,1,3,1,3,4,1,4,1,1,3,0
10,65,3.61,5,0,1,1,5,1,1,4,0,0,2,3,3,1
2,68,3.78,7,1,4,1,8,0,4,3,3,3,0,0,4,1
12,32,2.87,3,0,4,1,7,1,4,3,1,0,3,4,4,1
11,72,3.89,8,0,3,1,3,1,2,2,4,1,2,3,4,0
9,6,3.43,8,2,3,0,9,0,3,4,0,2,0,4,2,1
8,35,3.93,6,1,1,1,5,0,1,4,2,4,2,1,3,0
0,21,3.9,4,2,1,1,2,1,1,4,2,0,3,1,1,0
12,72,3.7,9,2,2,0,0,0,0,0,4,1,2,3,0,1
6,76,3.81,1,2,4,1,4,1,0,4,4,4,3,2,2,1
7,32,3.29,2,1,2,0,7,1,2,1,0,1,1,4,0,0
12,7,2.89,3,2,0,0,8,0,1,0,2,3,3,2,2,1
8,82,2.37,4,0,0,0,3,0,4,4,1,0,0,0,2,1
0,83,3.9,9,1,2,1,7,1,0,2,0,4,2,4,3,0
0,36,3.09,1,0,2,0,3,0,3,0,1,1,3,3,1,0
7,23,3.02,1,0,0,1,8,1,0,2,2,4,3,4,2,0
4,12,2.18,5,2,2,1,7,1,2,2,3,1,0,1,3,0
12,20,2.68,2,2,0,1,9,0,3,4,3,3,2,1,2,0
9,69,2.61,9,2,1,0,9,1,2,0,4,0,4,3,4,0
13,75,2.52,1,2,3,1,7,1,0,4,0,4,3,1,2,1
7,12,3.88,6,2,0,1,5,1,2,0,1,4,1,2,1,0
3,9,2.62,4,2,1,1,4,1,3,4,0,4,0,4,2,0
7,83,2.67,4,0,2,0,2,1,3,3,1,3,2,1,2,0
7,51,3.31,4,1,0,0,7,1,2,4,1,1,2,1,0,0
0,37,3.18,2,1,4,1,0,1,4,3,3,2,3,0,1,0
1,76,2.65,6,0,4,1,5,1,3,2,2,0,1,4,2,1
7,11,2.45,4,2,0,0,2,0,2,2,3,2,0,1,2,1
6,83,2.25,2,1,0,1,4,1,3,0,0,2,4,3,1,0
10,32,2.6,2,0,0,0,1,1,4,1,1,4,1,0,2,1
5,73,2.22,3,2,2,0,2,1,0,0,0,4,3,1,2,1
0,44,2.95,4,1,1,0,1,1,2,2,0,4,2,0,3,0
9,26,2.37,8,0,3,0,7,1,1,4,1,4,2,3,4,0
3,29,3.14,4,0,4,1,2,1,3,2,4,2,0,2,2,1
11,15,2.51,6,2,0,1,6,1,0,0,1,1,1,4,0,1
4,21,3.34,7,2,2,1,5,1,0,1,4,3,0,0,0,1
6,86,3.63,6,0,1,0,5,0,0,3,3,0,4,4,2,1
12,27,2.26,3,1,1,1,5,1,4,2,4,2,3,3,0,0
4,72,2.86,9,1,2,0,0,1,4,0,2,4,3,0,3,1
4,36,3.77,6,1,4,0,6,1,2,1,3,4,2,2,4,1
6,58,3.39,7,1,1,0,4,1,2,2,4,0,3,4,4,0
11,55,3.47,9,2,4,1,6,1,3,2,2,2,4,4,1,0
0,68,2.09,3,1,4,1,8,1,3,0,1,0,2,2,4,0
8,79,3.74,1,0,2,1,3,0,0,3,4,0,2,1,3,1
0,23,3.98,3,0,0,0,5,1,2,3,3,0,1,3,2,0
0,27,3.84,7,1,3,0,8,0,3,3,2,3,2,2,3,1
8,62,2.87,1,0,3,0,8,1,3,0,1,2,0,3,3,1
10,38,3.28,6,2,1,0,9,1,1,1,4,3,1,3,4,0
10,75,3.11,2,0,0,0,3,0,3,4,3,4,4,3,1,1
4,78,3.65,0,0,2,0,4,1,2,3,0,2,1,2,1,1
1,84,2.3,1,2,1,1,6,0,0,3,3,1,4,3,1,0
6,10,3.56,2,1,4,0,5,0,2,0,0,2,0,3,3,0
1,38,3.46,4,0,2,0,0,1,1,1,2,4,4,1,4,1
1,14,2.29,5,2,1,1,5,0,2,3,4,3,1,2,2,0
2,63,3.72,7,2,4,0,5,0,2,1,3,0,1,3,2,1
10,38,2.02,3,0,0,0,1,1,1,2,4,1,4,1,2,0
0,32,2.93,1,2,3,0,6,0,3,1,0,1,4,2,1,0
4,15,2.39,6,0,3,1,3,0,3,3,2,3,3,0,0,1
7,52,2.84,7,1,1,0,7,1,4,2,3,1,0,2,3,1
13,85,3.74,5,0,2,0,8,0,3,4,3,3,3,0,3,0
5,80,3.15,5,2,2,1,2,0,4,2,2,0,2,0,2,0
7,7,2.52,9,1,1,1,2,1,0,0,3,3,0,2,1,1
0,75,2.82,5,1,0,1,3,1,2,2,2,4,2,3,0,1
9,40,3.95,2,0,0,1,6,0,4,3,3,4,3,3,2,0
6,75,2.53,8,1,1,1,3,1,2,3,4,3,1,2,2,0
12,85,3.7,1,0,2,1,6,1,1,0,3,1,0,3,4,1
9,52,2.92,9,1,4,0,1,1,0,0,0,1,4,1,3,1
6,11,3.37,5,2,4,1,3,1,2,4,1,3,3,1,1,1
3,12,3.86,9,2,0,1,9,0,0,3,1,4,2,4,4,0
14,72,3.26,9,2,1,1,1,0,3,3,0,3,2,3,4,1
8,82,3.15,3,2,3,1,5,1,2,4,4,0,3,3,0,1
9,87,2.45,1,1,1,1,4,0,2,3,0,0,2,3,2,1
6,66,3.28,7,0,0,1,1,0,2,2,2,0,1,0,2,1
9,44,3.82,9,2,1,0,2,0,2,3,2,2,0,0,0,0
13,79,3.61,4,0,4,1,5,1,4,2,1,1,3,4,0,1
5,52,3.2,4,0,3,1,2,0,0,4,3,0,1,4,1,1
9,71,2.11,3,2,4,0,7,0,2,4,1,3,4,0,2,1
9,34,2.32,2,0,4,1,8,0,2,3,4,4,2,4,2,0
11,63,2.0,2,0,2,0,0,1,4,0,3,3,0,1,2,1
1,32,2.32,5,0,0,1,3,1,1,1,1,2,2,2,3,1
2,78,2.52,6,0,2,1,6,1,0,2,2,4,0,4,1,1
5,14,3.73,5,2,3,0,7,0,1,2,4,4,1,3,2,0
9,71,2.52,5,1,0,1,2,1,0,3,4,4,0,4,3,1
6,52,2.7,2,1,2,0,2,0,3,4,0,4,4,1,4,1
13,72,3.22,7,1,2,1,1,1,2,0,0,3,0,4,0,1
4,48,3.03,3,1,2,0,0,0,0,0,3,1,2,4,1,1
7,56,2.39,7,0,4,1,3,1,4,2,2,4,2,1,2,1
7,6,3.51,9,1,4,1,2,0,0,4,1,3,3,3,2,0
1,15,2.71,6,1,1,1,4,0,1,3,0,0,2,0,2,0
7,24,3.86,9,2,0,0,8,1,1,1,3,1,3,1,0,1
14,4,3.0,1,1,1,1,0,1,4,0,2,0,3,3,4,0
3,62,2.82,9,0,1,1,9,1,3,0,4,4,2,0,3,0
8,32,2.38,8,1,2,1,6,1,4,2,1,1,1,2,4,0
2,58,3.73,3,2,4,0,5,1,0,3,4,0,3,0,3,1
1,8,3.85,9,0,4,1,0,0,3,1,3,4,1,1,1,0
3,47,2.93,3,0,3,1,5,1,3,2,0,2,2,0,3,1
6,16,2.46,8,0,4,1,1,0,1,1,0,1,3,0,1,1
2,49,3.76,9,2,4,1,5,0,3,2,0,4,2,2,0,1
0,14,2.57,6,1,1,0,2,1,4,4,0,1,1,0,2,1
1,25,2.28,4,2,2,0,5,0,0,4,0,2,4,1,2,0
2,43,2.32,4,0,2,1,8,0,2,2,0,1,1,1,4,1
2,38,3.3,3,2,4,1,5,0,4,2,2,3,0,1,0,0
4,20,3.05,7,2,0,1,7,1,4,4,4,4,2,0,3,1
8,59,2.57,0,1,2,0,1,0,0,4,2,2,0,2,0,0
10,63,3.99,4,2,3,0,4,1,3,2,4,2,3,1,3,1
8,22,2.89,9,2,2,1,5,1,0,1,0,1,4,2,2,0
3,86,2.9,0,0,0,0,4,1,4,4,1,3,3,0,1,1
13,64,3.89,0,2,3,0,8,0,1,0,4,0,3,0,4,0
6,17,3.43,7,2,0,0,8,1,0,2,1,1,3,3,4,1
3,45,3.58,2,0,2,0,3,0,3,1,2,0,1,3,4,1
0,15,3.49,9,0,4,0,8,1,0,4,0,1,0,0,3,0
13,24,3.89,2,0,3,1,4,1,0,0,4,4,3,1,2,1
9,44,2.7,3,1,1,0,5,0,3,4,2,3,2,2,3,0
2,39,2.14,1,1,0,1,5,0,0,3,1,2,3,4,4,1
13,74,2.77,7,1,0,1,6,1,3,2,4,4,2,3,0,1
7,82,3.46,6,0,2,0,8,0,4,1,1,1,2,4,3,0
8,29,2.84,8,1,1,1,9,1,4,1,2,2,3,4,3,0
1,25,3.72,6,1,2,1,1,0,1,4,3,3,2,0,3,1
6,79,3.03,0,2,1,1,7,0,1,2,2,0,1,2,4,0
12,39,2.49,6,2,3,0,8,1,0,2,2,2,1,0,4,0
10,59,3.76,2,0,1,1,6,0,2,1,4,3,2,1,2,0
11,47,2.47,1,0,0,0,3,1,1,1,3,2,1,4,3,0
4,41,3.98,2,0,2,0,9,1,4,4,0,1,2,1,0,0
1,0,3.4,1,1,2,1,8,1,2,3,1,0,3,3,2,1
13,29,3.51,3,2,1,0,4,0,1,0,0,1,0,1,0,0
12,40,2.34,9,0,3,1,5,1,4,0,4,0,0,3,0,1
8,73,2.28,9,2,3,0,2,1,4,0,3,3,4,0,4,0
7,61,3.59,9,0,1,1,6,1,0,1,3,4,0,3,1,0
3,74,2.95,6,0,0,1,8,0,2,4,2,1,3,2,2,1
3,2,2.81,0,1,2,0,7,1,1,0,2,2,2,2,4,1
1,15,3.89,4,2,1,0,2,1,4,2,3,4,4,3,4,0
6,33,2.66,8,2,2,1,0,1,4,4,2,2,4,4,4,1
5,67,3.9,1,1,4,1,3,1,0,2,2,2,3,4,3,0
6,24,2.27,9,1,4,1,1,0,0,3,4,2,1,1,1,1
6,27,2.15,0,0,2,1,8,1,0,0,0,1,0,3,0,1
3,17,2.16,0,1,4,0,2,1,3,4,3,2,3,1,3,0
2,89,2.63,2,1,0,0,7,1,3,3,4,2,2,3,2,0
5,58,3.95,9,2,4,1,7,0,3,2,1,4,0,1,3,0
8,63,3.4,7,2,4,0,4,1,4,3,2,4,4,3,0,1
12,31,3.1,7,0,1,0,7,1,2,1,1,1,2,3,0,0
5,41,2.35,9,2,4,1,5,0,1,2,1,0,3,3,1,1
2,4,3.66,5,1,3,0,2,1,1,3,2,1,0,1,4,0
2,30,2.01,9,0,4,0,9,0,3,1,3,1,2,4,4,0
0,46,3.14,5,0,1,0,4,1,3,1,2,0,2,4,1,0
1,70,3.87,8,0,0,0,8,1,4,0,0,2,0,0,4,1
14,21,3.88,9,0,0,1,4,0,1,3,0,4,0,4,1,0
9,20,3.66,3,0,2,0,1,1,1,2,1,4,4,3,3,0
5,55,3.66,4,1,4,1,1,0,3,2,0,1,2,3,1,1
14,30,2.34,1,1,3,1,8,0,3,3,0,3,0,3,0,0
14,13,3.46,3,2,2,1,6,0,4,0,4,2,1,4,1,0
5,61,3.18,2,2,2,1,6,0,2,2,2,2,1,4,1,1
5,57,3.73,8,1,3,0,5,1,3,4,1,0,4,3,4,1
1,25,2.42,4,0,2,1,9,1,0,0,0,4,4,3,3,0
5,28,3.52,0,1,0,1,8,0,3,2,3,3,4,4,1,0
2,5,2.31,0,2,3,0,8,1,2,2,4,1,4,1,2,0
12,35,3.45,2,2,1,0,2,1,4,0,2,1,4,1,1,0
13,55,3.31,7,1,0,1,8,1,1,1,2,3,2,2,2,1
6,59,2.95,1,2,3,0,0,0,0,4,1,2,1,3,0,0
4,22,3.76,2,1,2,0,5,1,2,0,3,0,0,4,3,1
10,48,3.14,1,2,2,1,6,0,2,1,1,1,1,0,2,0
2,13,2.2,5,2,2,0,7,1,4,4,1,4,1,4,1,1
11,88,2.66,7,1,1,1,5,1,0,3,0,1,2,4,1,0
1,22,4.0,3,2,4,1,6,1,4,4,4,2,0,1,0,0
0,55,3.14,9,2,2,0,6,0,0,1,3,0,3,2,4,0
2,5,2.23,8,0,0,0,4,0,4,1,2,0,2,4,3,1
13,22,3.3,9,2,4,1,6,0,1,2,3,2,0,0,2,0
8,69,3.65,8,0,3,1,8,1,3,4,1,4,2,4,3,1
8,6,3.68,4,0,0,0,8,1,0,2,4,4,1,2,3,0
9,42,3.96,6,2,1,1,2,0,4,0,0,1,2,0,2,0
1,35,3.11,5,1,0,1,9,1,1,0,4,2,2,3,4,0
3,13,3.85,8,2,2,0,9,1,3,4,1,0,2,3,0,1
3,23,2.96,6,2,2,1,8,0,1,0,4,4,2,3,3,0
7,46,3.79,5,0,0,1,6,0,0,3,3,2,1,0,3,1
1,44,2.34,3,2,1,0,7,1,0,1,3,0,0,0,3,1
10,22,2.6,6,0,3,1,9,1,3,1,0,4,2,0,1,0
2,77,3.49,9,1,1,1,1,0,1,2,0,2,0,0,0,0
4,67,3.53,8,2,3,1,4,0,4,3,3,3,3,3,2,1
1,69,2.17,0,2,2,1,8,0,3,1,2,3,4,1,1,0
6,30,3.34,0,2,2,1,5,1,0,4,4,4,2,2,1,0
1,18,3.28,5,0,2,1,0,1,1,2,1,3,1,0,2,0
3,54,2.12,0,1,1,1,1,0,1,2,2,1,2,2,0,1
6,85,3.68,8,2,3,0,4,1,3,2,3,2,2,0,3,1
12,62,3.77,3,1,2,1,4,0,4,0,4,4,4,0,1,0
11,65,2.59,5,1,4,1,0,0,0,3,4,0,2,3,4,0
14,22,2.32,4,1,2,1,3,1,4,3,0,0,2,3,0,0
1,50,3.82,3,0,3,0,7,0,2,1,4,2,4,2,2,0
12,76,3.34,1,0,2,1,4,0,2,4,4,1,1,3,1,0
14,62,3.97,3,2,2,1,4,1,3,4,2,2,1,0,2,1
3,17,3.44,5,2,3,0,0,1,1,4,0,1,4,2,1,0
5,50,3.93,6,2,4,1,5,0,1,4,3,3,4,1,1,0
3,8,3.03,2,2,4,1,5,0,3,1,1,3,2,0,2,0
12,80,3.56,1,2,1,0,5,1,2,1,0,0,3,2,3,1
2,37,2.3,7,2,1,0,5,1,3,2,3,2,4,2,1,0
13,28,2.98,5,1,0,0,1,0,2,2,0,2,3,4,2,0
6,60,2.87,7,0,0,0,6,1,3,2,4,4,4,0,2,1
4,40,3.72,9,0,1,0,0,1,4,1,4,4,3,4,3,0
10,12,2.09,0,0,2,1,7,0,2,4,4,0,2,3,3,1
9,62,3.72,7,2,2,1,0,1,1,0,4,4,1,0,2,1
7,83,2.68,8,2,2,1,9,1,1,3,2,3,0,0,4,1
6,63,2.42,9,0,1,1,2,0,4,4,2,0,0,3,1,1
10,69,3.06,0,2,2,1,3,0,3,4,2,1,0,3,2,1
13,39,2.16,1,1,4,0,9,0,0,3,0,0,4,1,2,1
8,22,2.01,8,2,1,1,0,0,3,3,3,2,3,1,0,1
8,88,3.38,5,2,2,1,1,1,2,3,4,1,2,3,3,1
11,19,3.27,9,1,0,1,7,1,3,3,3,4,4,1,0,1
1,87,2.22,3,0,4,0,3,0,1,2,4,2,3,3,2,1
14,33,2.84,6,0,1,0,1,0,2,2,3,1,2,0,1,0
6,1,3.71,5,1,3,1,6,1,3,2,4,1,0,3,0,1
10,60,2.75,6,0,4,1,7,1,3,4,2,1,3,0,3,0
5,61,2.05,4,2,3,0,0,1,1,2,2,0,0,3,1,1
1,20,2.55,4,1,3,1,8,1,2,1,3,3,0,3,2,1
0,57,3.51,0,2,3,0,2,1,2,4,3,1,1,1,0,0
2,51,3.81,4,0,4,0,6,0,2,1,2,2,2,3,3,1
4,29,3.78,7,1,1,1,4,1,0,3,2,4,3,2,2,1
14,74,3.1,9,1,4,1,4,0,2,2,0,2,2,0,1,1
12,86,3.51,8,0,1,1,6,0,0,3,2,3,2,2,0,0
9,50,2.73,9,1,2,0,3,1,3,0,0,4,0,4,2,0
0,82,2.87,2,1,2,0,1,1,4,4,0,3,1,4,2,0
9,20,2.72,3,0,1,1,4,1,4,4,1,1,3,0,0,1
0,17,2.07,8,0,1,0,0,0,2,3,1,3,2,2,3,1
10,45,2.83,6,1,1,1,4,1,2,3,0,2,4,1,1,0
13,41,3.1,9,1,1,0,5,1,3,2,0,1,1,3,4,1
9,67,2.59,8,1,1,0,1,1,4,0,1,4,0,3,3,0
10,33,2.9,2,1,3,1,5,0,2,2,4,1,4,4,2,0
8,77,2.6,6,0,2,1,5,1,0,3,1,3,3,1,0,0
7,41,3.14,0,1,0,0,8,0,4,2,1,2,0,2,0,1
8,5,3.48,2,0,4,1,2,0,3,2,0,2,1,1,2,0
1,31,2.48,5,1,4,0,3,0,0,2,2,3,2,3,4,0
9,17,2.07,4,0,4,1,5,0,1,2,3,3,0,4,0,0
11,81,2.43,9,0,4,1,1,0,3,0,0,2,2,0,3,1
5,75,3.08,1,0,4,0,5,0,0,3,3,2,3,0,0,0
9,41,3.78,7,1,1,1,9,0,1,4,1,0,0,0,1,1
10,44,2.31,7,0,4,0,1,0,1,0,2,0,4,4,3,0
1,52,3.87,5,1,2,0,6,1,2,1,1,3,0,2,4,0
5,39,3.26,5,2,0,0,7,1,1,3,2,4,1,2,0,0
13,84,2.32,3,0,0,0,9,0,4,1,4,1,3,1,1,1
3,29,4.0,1,0,1,1,3,0,4,0,0,4,0,0,1,1
11,74,3.23,9,2,0,1,6,0,1,4,4,3,0,0,3,1
3,86,3.67,1,0,2,0,8,1,3,1,1,4,3,2,1,0
9,1,3.67,4,0,2,1,1,1,3,1,3,1,3,1,1,1
2,2,3.75,5,1,0,0,2,1,2,1,0,1,3,2,0,0
7,11,3.28,0,0,1,1,4,1,2,3,0,4,4,3,4,1
13,14,2.53,8,2,2,0,7,1,4,1,2,4,1,3,0,0
6,34,2.66,5,0,1,0,4,0,2,2,2,0,4,4,3,1
1,13,3.94,9,0,2,1,7,0,3,4,2,4,1,4,1,1
9,66,2.04,5,0,0,0,3,0,4,3,2,1,0,0,2,1
7,81,2.46,2,1,1,1,8,1,2,3,0,3,1,3,3,0
4,23,3.21,2,2,0,0,2,1,2,1,1,4,2,2,2,1
10,13,3.46,2,0,4,1,7,1,0,4,4,2,0,0,3,1
9,51,3.96,9,1,2,1,8,1,1,0,1,3,4,2,3,0
11,89,3.81,9,2,1,1,3,0,3,0,2,4,2,1,1,1
8,36,3.61,5,0,2,0,1,1,0,4,1,3,1,1,4,1
7,18,2.89,5,2,4,0,7,1,4,4,0,0,1,1,4,1
7,74,3.82,2,1,0,1,7,1,1,4,2,0,2,0,4,0
5,81,2.51,6,0,0,1,3,1,1,4,0,1,3,3,3,0
9,15,3.38,2,1,0,0,0,0,0,2,1,3,3,2,2,0
7,46,2.07,5,1,1,1,6,1,3,3,0,0,2,0,3,0
13,0,2.36,5,2,4,0,1,0,2,0,2,4,2,4,0,1
13,87,3.51,9,0,0,0,1,1,0,2,3,0,4,0,4,0
12,87,3.57,3,0,4,1,5,0,0,0,0,4,4,1,3,1
6,88,2.63,8,0,1,0,9,0,2,1,3,4,2,4,3,1
6,20,2.73,1,2,2,1,9,1,2,4,1,0,3,4,1,1
5,28,2.36,9,1,0,0,8,1,0,2,2,1,3,3,3,1
0,84,2.53,2,1,3,0,7,0,2,4,4,4,0,1,2,1
4,11,2.55,3,0,1,0,6,1,1,1,2,0,2,3,2,1
6,79,3.58,7,0,0,1,1,0,2,0,4,1,3,3,2,1
10,89,2.89,5,1,1,0,4,1,0,3,4,1,2,3,1,0
11,71,3.85,3,2,1,0,1,1,4,3,1,2,3,1,2,0
1,62,3.5,0,1,1,0,2,0,2,0,2,1,4,0,2,0
2,34,3.04,7,0,2,1,3,0,0,4,2,1,2,2,2,0
11,0,2.41,7,2,3,0,3,0,4,3,2,4,1,0,4,1
4,37,3.78,3,1,0,1,4,1,0,1,1,0,3,3,4,1
8,42,2.48,9,2,3,0,9,1,4,2,3,0,1,1,0,1
11,69,3.75,7,1,1,0,9,0,4,3,3,3,0,3,1,1
10,34,2.36,4,1,1,0,1,1,2,3,3,2,2,2,1,1
1,58,3.13,9,2,4,0,6,1,4,0,4,4,4,1,1,1
12,43,2.95,8,0,0,1,8,1,4,4,2,0,4,0,3,0
0,74,2.41,2,1,4,1,7,0,2,4,2,0,4,0,0,1
14,35,3.04,1,2,1,1,5,0,0,2,4,0,4,0,4,1
11,6,2.39,8,1,1,1,3,1,3,2,1,2,1,3,0,1
1,88,2.06,7,2,0,0,9,1,1,1,4,4,0,3,0,0
13,62,3.35,9,2,0,0,7,1,3,2,4,4,1,0,1,0
7,39,2.51,8,2,2,0,1,1,0,4,0,1,2,2,4,1
7,89,3.11,0,0,3,0,6,1,2,2,3,1,1,1,2,0
14,54,3.88,4,2,2,0,1,0,4,4,3,2,1,3,2,0
0,82,3.49,7,1,0,1,4,0,2,4,3,0,3,2,2,0
0,31,3.35,9,1,4,1,2,0,0,3,3,4,1,2,4,1
11,14,2.75,4,0,2,0,8,1,1,4,0,4,0,4,4,0
5,16,2.61,9,1,4,0,3,1,1,1,4,1,3,2,2,0
12,45,2.04,8,1,1,0,1,1,4,2,2,2,0,4,3,0
6,2,3.35,7,0,1,1,2,0,1,4,0,4,2,1,4,1
8,69,2.17,4,0,1,1,8,1,2,4,2,0,0,4,0,0
11,11,3.48,8,2,3,1,5,1,4,0,4,3,1,2,3,1
0,55,3.61,4,1,3,1,7,1,0,1,2,1,1,1,1,1
0,55,3.51,5,0,0,0,9,0,2,4,0,2,1,3,4,0
14,24,2.13,6,2,3,1,8,1,0,1,2,3,3,4,0,0
1,48,2.44,3,2,4,0,2,1,3,2,2,3,3,0,2,1
12,32,2.6,3,1,1,1,5,0,3,0,0,1,4,1,4,1
9,16,3.49,7,0,0,0,7,1,0,0,0,1,4,0,2,0
2,80,3.54,8,0,0,0,5,0,0,0,2,2,2,1,3,1
7,2,3.84,0,1,0,1,2,0,0,2,3,0,1,4,1,1
4,33,2.74,9,1,4,0,4,0,1,4,0,4,3,3,2,0
6,59,2.41,9,1,3,1,4,0,2,0,1,1,4,1,3,1
9,44,2.9,7,0,0,1,3,0,0,1,3,4,2,2,3,1
6,43,2.96,1,1,0,1,2,0,3,1,3,3,1,0,3,0
14,49,2.72,6,1,4,1,6,0,1,3,3,4,2,2,1,1
1,49,2.44,0,1,0,0,5,1,0,2,2,0,4,3,0,0
2,45,3.97,7,1,0,0,3,0,2,4,1,1,3,4,1,0
1,43,2.74,2,1,4,1,4,0,4,4,3,3,4,0,4,1
3,59,2.28,2,2,0,1,4,1,2,3,1,3,4,3,1,0
10,55,3.64,3,1,1,1,0,0,1,1,4,1,2,1,1,1
5,1,2.59,6,0,4,1,9,0,2,4,3,0,0,4,1,0
10,77,2.41,0,2,1,0,7,0,4,1,3,0,1,1,2,1
8,57,2.82,1,0,3,1,0,1,1,1,4,4,1,4,0,1
9,25,2.65,1,1,0,0,8,1,4,2,3,4,1,2,3,1
3,15,2.86,2,0,4,1,7,1,2,4,2,0,0,4,1,1
5,1,2.56,9,0,2,0,3,1,3,1,2,1,1,4,1,0
5,54,2.71,0,1,2,0,6,0,1,2,4,4,0,2,2,1
12,26,2.85,2,0,4,1,2,1,2,0,1,3,3,0,2,1
12,53,3.05,5,1,4,1,0,0,3,3,4,0,4,2,0,0
11,79,3.48,5,2,1,0,6,0,2,4,3,3,0,0,0,0
6,77,2.85,4,0,1,1,1,0,4,2,2,2,3,0,3,0
12,57,3.08,6,0,3,0,3,0,1,1,1,0,4,1,3,1
14,5,3.24,4,1,3,0,9,0,3,1,4,1,4,2,1,0
6,11,2.77,7,0,1,1,3,1,4,4,4,2,3,0,1,0
7,4,3.24,3,1,3,0,9,1,2,4,2,1,2,2,3,0
2,32,3.71,6,2,1,1,6,0,0,2,1,3,0,4,1,1
9,19,2.9,1,1,2,0,4,1,0,3,0,1,2,2,0,1
6,26,3.04,8,0,1,0,6,0,4,2,2,4,4,3,1,1
2,59,2.28,5,1,3,1,7,0,3,4,4,3,1,0,2,0
1,79,2.5,3,1,3,0,0,1,1,3,2,1,4,2,3,1
9,47,2.66,6,2,1,0,7,1,4,3,1,4,2,4,2,1
11,27,2.53,7,2,2,1,5,0,2,1,1,0,3,0,3,1
6,63,3.44,9,1,3,0,5,0,1,2,0,0,2,2,2,1
2,34,2.23,1,2,0,1,4,1,1,3,2,2,4,3,2,1
9,84,3.39,3,1,4,0,4,1,2,3,3,3,4,2,1,1
2,21,2.03,6,1,0,0,0,0,3,4,1,3,3,2,0,0
3,31,2.35,7,0,0,1,3,1,0,3,1,4,0,0,0,1
11,86,3.95,1,2,1,1,3,1,1,1,3,3,1,2,1,0
5,33,2.63,1,2,2,1,8,1,2,2,2,0,0,3,3,0
10,48,3.86,7,2,2,1,8,0,1,1,3,2,2,1,2,0
2,11,2.84,3,2,0,1,8,0,0,3,1,1,4,0,3,1
10,46,2.54,1,0,4,0,5,0,2,0,2,3,0,4,3,1
10,54,3.35,8,1,0,0,3,1,4,3,2,4,4,4,0,1
9,30,3.06,8,1,0,1,3,1,1,3,3,4,3,3,2,1
14,56,3.57,9,0,3,0,8,1,0,1,1,0,2,3,0,1
1,20,2.67,9,1,4,1,1,0,1,1,1,1,2,2,2,1
2,30,3.98,8,0,2,0,8,1,4,1,3,3,0,2,0,0
7,36,3.01,9,1,3,1,7,1,3,2,1,0,2,2,0,0
1,37,2.71,0,0,1,0,7,1,0,0,1,1,4,0,1,0
14,70,3.62,7,1,0,1,6,0,0,2,2,0,1,4,3,1
0,39,2.53,0,1,2,0,8,1,2,4,0,4,1,1,4,1
8,87,2.96,7,2,4,0,1,0,1,4,0,0,3,1,2,1
3,32,3.9,3,1,1,1,2,0,0,2,2,2,1,4,0,1
0,24,3.64,7,1,3,0,0,1,1,2,2,2,2,0,1,1
4,36,3.17,1,2,3,0,3,0,3,1,4,1,4,0,0,1
10,27,3.47,2,2,4,0,5,1,1,0,1,2,1,0,2,0
10,19,2.39,2,2,1,0,4,1,3,0,2,2,3,0,1,1
2,70,2.98,9,1,2,0,0,1,0,1,3,2,0,3,3,1
7,6,2.75,1,0,0,0,3,0,2,2,2,4,2,4,4,0
0,76,2.99,6,2,3,0,6,0,2,2,4,1,1,3,0,1
9,47,2.27,5,1,0,0,4,1,3,4,4,4,2,2,2,0
6,49,2.65,6,2,3,0,0,1,1,0,1,3,3,2,0,1
6,40,2.54,6,2,3,0,5,0,1,3,0,3,1,1,4,0
0,31,3.32,1,0,2,1,2,0,0,3,2,0,2,3,2,0
10,30,3.32,5,2,0,1,0,0,0,0,3,1,3,1,4,1
1,60,3.28,7,0,0,0,7,0,4,4,3,0,0,2,0,1
4,26,2.61,6,0,2,0,0,1,0,3,4,1,1,4,2,1
1,22,3.63,4,2,2,0,6,0,4,2,4,0,0,3,0,0
13,12,3.72,4,2,3,0,7,1,0,2,0,4,0,3,1,0
10,3,2.67,7,2,1,0,4,0,1,2,4,1,1,1,0,1
12,15,3.13,1,1,4,0,6,1,3,3,1,0,1,3,3,1
7,33,2.63,6,0,3,1,9,1,1,4,0,4,3,1,1,0
2,20,2.08,8,1,1,0,4,1,1,3,1,4,3,0,0,0
7,16,2.57,2,2,1,0,4,1,3,0,4,3,3,3,2,0
5,52,3.51,0,0,2,0,2,1,2,0,4,1,0,3,3,1
12,72,3.95,8,0,4,0,0,0,4,2,4,2,4,4,2,0
3,83,3.51,8,0,3,1,1,1,4,0,1,1,3,2,2,0
0,19,3.06,6,0,0,1,8,1,3,1,2,4,4,4,3,0
13,87,3.75,6,0,1,1,6,1,2,1,1,4,4,4,4,0
7,2,3.05,2,1,1,0,2,0,2,1,1,2,2,4,2,1
11,8,2.23,9,2,4,0,3,0,2,2,1,1,1,3,3,0
4,37,2.33,7,2,4,1,1,0,1,2,1,1,2,3,0,0
12,36,2.19,9,2,1,1,7,0,1,1,4,1,3,1,0,1
9,11,2.25,1,1,1,0,9,1,1,2,2,4,2,4,0,1
8,64,3.89,2,1,2,1,9,0,2,2,2,4,3,3,2,1
10,62,2.3,5,2,1,0,2,0,3,3,0,4,0,3,0,1
14,5,2.03,5,1,2,1,5,0,3,3,0,2,1,3,3,1
6,63,3.16,6,2,3,0,2,0,2,1,4,2,2,4,1,1
10,80,3.11,8,0,2,0,6,1,3,3,4,1,4,1,3,0
11,14,2.23,9,1,3,1,2,0,1,0,3,4,4,4,4,0
13,16,3.32,6,0,3,1,0,0,2,1,1,1,4,1,4,0
1,49,3.55,0,0,3,1,0,0,2,0,1,0,2,0,0,0
13,20,2.88,8,2,1,0,8,1,3,4,4,3,2,2,2,0
14,16,2.71,3,0,2,0,3,1,2,0,0,4,4,4,4,0
4,32,3.87,5,2,1,1,8,0,4,0,4,4,3,0,1,1
4,51,3.21,4,1,4,0,8,1,2,0,3,4,0,1,3,0
7,82,3.6,2,1,4,1,9,0,4,0,3,3,0,3,3,0
8,37,3.48,3,2,4,0,8,0,4,1,0,4,2,2,2,0
3,7,3.12,4,2,0,1,4,1,2,3,2,1,1,1,0,0
12,39,2.03,8,2,0,1,8,1,0,2,3,3,3,3,0,1
10,78,3.73,1,2,0,1,6,0,2,0,3,1,1,4,1,0
0,10,2.31,3,1,4,1,4,0,0,4,3,3,4,2,3,0
5,57,3.91,2,2,4,1,9,0,0,3,2,4,4,2,2,1
5,79,3.47,2,2,3,1,2,1,0,1,2,4,4,1,1,0
7,19,3.86,9,2,0,1,5,0,1,0,3,1,2,3,3,0
2,40,2.01,2,1,4,1,0,1,3,4,4,0,3,1,0,0
5,50,3.18,0,1,1,1,6,0,2,0,4,0,3,0,1,1
10,2,3.06,6,1,4,1,0,1,0,0,0,0,3,0,3,0
3,85,3.38,3,2,3,0,7,1,0,1,0,1,0,2,3,1
12,53,2.52,7,2,1,1,4,0,4,2,0,2,1,1,3,0
1,29,2.85,5,0,2,1,4,1,0,1,1,1,2,1,3,1
9,82,3.85,5,1,4,0,3,1,2,4,3,2,3,4,3,0
12,72,3.73,7,2,2,0,8,0,1,1,3,0,4,2,4,0
8,67,2.99,4,2,4,1,7,1,3,0,3,2,2,2,3,1
6,46,2.28,7,2,0,0,8,1,4,3,4,2,4,1,3,1
2,8,3.49,0,2,4,0,8,0,1,0,2,1,4,1,2,1
12,15,2.21,2,1,2,1,0,0,2,2,1,0,1,4,1,1
12,19,2.69,4,0,0,1,5,0,1,3,0,4,1,2,0,0
3,9,3.12,9,1,4,0,7,0,2,4,3,1,1,0,3,1
2,10,2.38,8,0,0,1,4,1,2,3,2,2,3,4,1,0
11,31,2.4,1,0,3,0,6,1,4,4,2,3,1,1,4,1
1,47,2.44,0,2,1,0,4,0,4,2,4,2,2,4,1,0
10,21,2.99,7,0,0,1,8,1,1,3,2,2,4,0,1,0
14,89,3.49,8,0,4,0,5,0,2,0,4,4,4,2,0,0
13,64,3.68,1,2,0,1,0,0,4,0,0,2,3,1,2,1
5,31,2.41,2,1,1,1,3,0,1,2,0,3,3,1,4,0
10,84,3.63,4,1,4,1,0,0,2,1,4,0,3,3,2,1
2,1,2.67,7,2,4,0,1,0,3,4,3,3,4,3,1,1
6,57,3.61,1,2,3,0,5,0,1,2,1,4,4,2,1,0
4,9,3.62,8,1,1,0,2,0,4,2,3,0,3,1,4,1
11,9,3.89,6,2,2,1,5,1,0,1,2,0,0,4,0,0
6,15,3.25,7,1,0,1,5,0,4,2,3,0,0,3,1,1
14,47,3.99,8,1,0,0,9,1,2,0,3,0,2,3,0,1
12,64,3.64,8,2,1,1,2,1,2,3,4,4,2,4,3,0
0,73,3.74,2,1,1,1,9,0,0,4,3,2,1,4,4,1
6,19,3.1,4,0,2,1,2,0,4,3,3,0,3,0,1,1
13,72,3.0,3,2,1,0,8,1,1,1,1,2,4,0,1,0
0,8,3.39,5,2,3,1,1,1,4,2,0,4,3,2,3,1
1,21,2.55,0,0,4,1,0,1,3,4,2,3,2,1,4,1
9,88,3.97,6,2,4,1,9,1,3,3,2,0,2,2,2,1
11,37,3.82,7,0,3,1,9,0,4,0,1,3,2,0,0,1
10,85,2.93,6,1,3,1,7,1,0,4,3,0,3,3,1,0
12,49,2.83,0,1,2,0,6,0,0,1,3,3,1,4,1,0
8,74,3.81,6,0,2,1,9,1,0,2,0,3,4,3,0,1
13,63,2.88,7,1,4,0,2,0,3,4,3,3,0,3,4,0
2,21,2.91,8,0,3,0,9,0,0,0,0,3,2,1,0,0
7,81,2.14,3,0,4,0,8,0,0,3,4,4,2,4,2,1
13,60,2.29,9,0,1,1,7,1,1,0,1,3,2,1,0,1
10,53,2.52,6,2,4,0,6,1,2,1,3,1,0,3,0,1
9,31,3.62,5,2,0,1,4,0,4,2,1,4,4,2,4,1
8,8,3.12,8,1,2,0,9,1,4,4,1,0,0,3,3,0
12,63,2.96,4,2,0,1,9,1,1,4,3,4,3,3,1,0
7,86,2.63,3,1,1,0,6,0,4,4,1,1,0,1,1,1
6,68,2.41,0,1,4,1,3,0,3,3,0,0,2,3,3,0
6,41,3.16,7,0,0,0,8,1,0,4,3,3,3,4,1,1
5,84,2.18,7,0,2,0,6,0,4,2,3,4,0,4,0,1
5,70,3.91,5,0,2,1,0,1,1,3,0,3,0,2,1,0
4,44,3.05,3,0,3,0,3,1,1,4,4,0,3,2,2,1
9,40,2.79,3,2,0,0,0,1,0,3,1,0,0,3,3,0
7,10,2.82,3,1,3,0,0,1,2,4,1,1,3,1,3,0
5,72,2.27,9,2,1,0,5,1,2,3,0,4,4,4,4,1
2,62,2.6,8,1,1,1,7,0,1,0,0,4,0,3,4,0
2,77,2.45,3,2,0,0,5,0,1,2,3,3,1,4,2,1
2,52,3.93,1,1,0,0,1,0,4,3,1,1,4,2,1,0
4,32,2.11,9,1,4,0,5,0,2,2,0,2,1,0,3,1
3,7,3.53,3,1,3,0,6,1,4,2,2,0,3,0,3,0
8,25,2.14,7,2,1,1,3,0,4,4,2,2,0,0,2,0
5,23,2.1,8,0,3,1,0,1,2,3,4,4,1,4,0,0
7,4,2.7,7,0,3,1,5,0,2,2,4,3,2,3,4,1
14,14,2.91,3,2,1,1,8,0,4,2,2,0,3,2,1,1
7,34,2.58,2,0,3,1,6,1,1,1,3,4,0,3,1,1
8,65,2.48,7,0,1,1,0,0,4,4,1,1,2,2,3,0
4,58,3.43,5,0,1,1,9,0,1,3,2,4,4,4,0,0
10,3,3.79,2,2,3,0,1,0,0,3,0,1,1,4,2,1
0,84,2.26,6,0,4,1,7,0,1,4,2,0,2,2,1,0
6,73,2.89,7,1,4,0,4,0,1,2,0,3,3,3,2,1
7,60,3.32,3,2,1,1,1,1,3,2,0,2,2,3,0,1
11,58,3.45,8,0,0,0,6,0,1,2,0,1,1,1,1,0
5,58,2.8,6,0,3,0,9,0,2,2,2,4,1,3,1,0
5,33,3.5,2,1,2,1,5,0,3,3,2,0,4,1,1,1
6,36,2.94,1,2,1,0,5,0,1,3,4,2,2,2,3,1
1,41,3.38,2,1,3,1,1,1,1,0,1,3,3,4,2,0
1,54,3.54,4,2,0,1,9,1,0,0,3,3,4,1,4,0
1,25,3.6,1,2,0,0,0,0,4,2,3,3,0,1,3,0
7,36,2.25,8,0,2,1,5,1,0,4,4,3,0,1,1,0
11,58,3.04,6,2,4,0,3,1,3,0,3,4,2,3,4,1
8,66,3.66,4,2,2,1,2,1,3,2,4,1,4,1,2,1
4,38,3.79,2,0,2,0,1,0,1,4,1,2,2,3,2,1
1,11,3.8,6,0,4,0,6,1,3,0,1,0,0,2,2,1
8,39,3.48,7,2,1,1,8,0,1,3,2,1,4,1,4,1
4,53,3.11,4,0,3,0,6,1,4,3,1,2,4,4,1,0
5,30,2.97,3,1,0,1,2,1,0,2,2,1,2,4,4,0
11,37,2.33,5,2,0,1,4,0,1,4,4,4,1,2,0,0
0,85,2.06,1,0,2,0,2,0,3,3,4,0,2,0,4,1
7,68,3.24,6,2,0,1,5,0,1,3,1,4,4,1,2,0
5,37,2.48,3,1,0,1,9,0,4,0,4,1,1,4,0,1
6,63,2.6,5,0,2,0,7,0,2,2,2,0,1,2,3,0
0,65,3.47,4,0,4,1,3,0,4,0,4,1,2,4,1,1
10,8,2.78,6,2,1,0,3,1,0,4,0,1,2,0,3,0
0,75,3.02,6,0,2,0,7,0,4,3,1,4,1,1,0,0
12,15,2.19,5,1,1,0,1,1,2,0,3,3,2,1,1,1
10,30,3.63,2,2,0,1,3,1,2,0,0,4,1,2,1,1
4,1,3.99,9,1,4,1,8,1,0,1,4,1,1,4,2,0
3,23,3.94,2,2,3,1,7,1,1,0,2,2,0,3,0,1
14,11,2.37,1,0,1,1,4,1,4,2,0,1,3,4,4,1
4,9,2.74,4,1,2,0,1,1,3,2,4,3,4,4,2,1
12,70,2.98,0,0,3,0,5,0,2,2,3,4,1,0,0,1
3,51,2.22,4,0,4,0,3,1,3,4,3,2,3,0,1,0
6,43,2.11,3,0,4,1,8,1,4,2,2,1,4,4,3,0
5,63,3.71,3,0,3,0,7,0,3,4,1,3,3,2,0,0
0,20,2.6,3,2,3,1,5,0,0,1,0,4,3,2,0,0
13,15,2.16,4,0,3,0,9,0,4,2,2,2,2,1,3,1
12,20,2.34,5,0,4,1,4,0,2,4,1,3,2,1,4,1
4,40,3.56,1,2,2,1,1,0,1,4,3,0,4,4,3,1
4,79,3.08,0,1,1,1,9,1,4,0,0,4,3,2,3,0
14,56,2.06,9,0,2,0,8,0,0,4,1,0,1,1,3,0
1,28,3.74,7,0,2,1,0,1,3,2,3,2,2,3,4,0
5,8,3.52,4,0,0,1,4,0,4,0,1,1,4,0,1,1
13,40,2.18,5,2,3,0,5,1,1,3,0,1,3,2,4,1
13,45,2.66,7,0,2,0,0,0,1,0,0,3,2,4,1,1
11,84,3.15,0,1,4,1,2,0,0,3,3,0,0,4,4,1
13,71,2.34,8,0,2,0,0,1,4,3,2,3,4,4,1,0
5,60,2.72,9,0,3,1,5,0,2,0,2,3,1,2,4,0
11,21,3.22,8,1,1,1,8,1,2,2,1,1,4,1,0,0
13,46,2.74,1,0,4,0,9,0,3,3,2,2,1,0,0,1
5,80,3.53,3,1,4,1,6,0,0,1,3,4,4,3,1,0
13,27,2.09,2,2,4,0,8,0,4,3,2,2,1,0,0,0
11,42,3.6,6,1,0,1,1,1,3,2,4,0,4,3,3,0
10,46,2.98,9,0,4,0,2,1,2,0,4,2,2,1,2,1
2,27,3.08,5,1,4,0,0,1,3,2,1,2,4,1,1,0
4,30,2.9,2,1,3,1,8,1,2,0,3,0,1,1,0,1
4,56,2.31,9,0,2,1,8,1,4,3,4,2,4,4,0,1
12,14,3.48,6,2,3,1,1,1,3,1,3,1,0,0,0,1
10,68,3.04,3,2,3,0,2,1,2,1,2,3,1,0,1,0
12,57,2.51,7,2,0,0,8,1,3,2,0,4,1,2,4,1
2,69,3.43,9,1,3,1,0,0,2,2,2,0,3,0,3,0
5,75,3.06,2,2,4,0,1,0,4,3,0,2,2,1,2,0
12,40,3.36,0,2,2,0,7,1,3,4,4,0,1,1,0,0
13,65,3.92,1,1,1,1,5,1,4,3,1,2,3,1,3,0
1,38,2.84,6,0,2,1,3,0,4,3,3,3,1,2,1,0
1,19,2.91,6,2,0,0,9,1,3,3,4,1,2,0,3,1
11,5,2.09,8,1,1,0,9,0,1,1,0,2,2,2,0,1
4,31,3.1,3,1,3,1,5,0,0,2,3,2,3,4,0,1
9,23,2.49,8,0,2,1,9,1,1,4,3,2,4,3,3,1
6,61,2.56,0,1,1,0,8,0,3,2,1,3,3,4,0,1
10,19,3.78,0,2,3,0,0,1,4,2,1,0,4,1,1,1
4,11,2.23,5,1,1,0,3,0,1,0,1,2,0,1,0,0
1,68,3.2,8,0,2,1,3,0,3,4,1,3,2,1,0,1
7,39,2.21,7,0,3,0,9,1,3,0,1,2,3,3,0,0
14,89,3.53,7,1,2,1,8,0,1,0,4,2,2,0,4,0
2,2,3.61,4,0,1,1,0,0,1,1,2,3,0,0,4,0
1,17,3.42,5,1,0,1,5,0,2,0,0,3,0,3,2,1
2,76,2.31,2,2,2,1,2,0,4,1,3,0,3,0,0,0
6,21,2.36,4,2,1,1,6,0,4,2,2,0,2,1,2,0
1,40,3.78,6,1,3,0,3,1,1,3,1,3,3,3,4,0
11,12,3.32,6,1,1,1,8,1,4,0,3,3,0,0,2,0
7,4,3.29,3,2,3,1,3,0,0,3,0,2,4,0,3,1
3,2,2.53,8,2,3,1,3,0,3,2,2,4,1,3,0,1
13,77,2.19,8,2,2,0,7,0,3,3,1,3,3,2,2,0
5,0,3.87,4,0,0,0,4,0,3,1,2,0,1,0,2,0
11,7,3.7,0,2,3,1,7,0,2,2,2,1,0,4,1,1
2,26,2.14,5,2,2,0,5,1,3,0,2,4,0,0,1,0
14,31,3.82,0,0,3,1,1,0,0,1,2,4,2,0,0,1
11,87,3.03,8,1,4,0,9,1,3,4,0,3,2,1,0,1
12,37,3.05,1,2,2,1,8,1,2,2,1,0,2,0,0,1
1,42,3.8,0,2,1,1,7,0,1,4,3,4,1,4,1,1
1,19,2.92,4,0,4,0,4,0,2,2,3,0,4,2,3,0
7,54,2.71,2,0,0,0,0,1,3,4,0,1,3,0,0,0
5,42,2.71,5,0,3,0,0,0,3,2,1,2,0,1,0,1
6,65,2.04,2,1,0,0,8,1,0,3,2,3,0,3,2,1
9,70,3.56,9,2,1,1,2,0,2,0,2,2,3,2,2,1
3,0,3.47,3,2,3,1,4,0,0,0,3,4,2,0,0,0
6,61,3.28,0,0,4,1,4,1,1,1,0,4,0,3,1,0
9,10,3.01,9,2,0,0,5,1,1,2,2,3,2,1,3,0
0,2,2.67,5,2,3,0,1,0,4,4,0,2,2,2,0,0
12,67,3.63,7,1,1,1,0,1,0,1,3,1,0,4,1,1
9,5,3.58,9,2,0,1,3,0,0,4,0,4,3,0,2,1
4,63,2.55,1,0,0,0,7,1,0,4,1,4,4,0,1,1
12,12,2.29,7,1,2,1,2,1,0,4,3,4,2,2,4,1
7,20,2.08,3,2,0,1,2,0,2,2,1,1,4,2,4,0
12,45,2.64,0,0,0,1,9,1,3,3,1,4,4,2,4,1
5,35,3.95,8,2,4,1,6,1,2,0,0,0,4,4,2,0
7,4,3.48,2,2,3,0,2,0,1,1,1,3,4,2,1,1
13,64,3.5,0,0,3,1,7,0,1,2,0,3,3,3,1,0
2,18,2.66,6,2,3,1,0,1,3,1,1,3,2,0,2,0
11,73,2.06,0,0,1,0,7,1,2,4,1,3,4,2,1,1
10,28,3.18,3,2,4,1,7,1,4,2,2,3,1,2,3,0
3,66,2.19,7,1,4,1,2,1,2,1,4,1,0,1,2,1
6,17,2.43,7,0,1,1,7,0,1,4,2,1,4,0,3,0
11,5,2.76,4,0,2,0,4,0,1,3,2,2,2,2,3,1
13,6,2.94,6,0,1,1,4,0,1,1,4,2,4,3,0,1
1,51,2.75,6,0,3,1,3,1,2,0,1,3,0,2,0,0
9,11,2.56,0,0,4,0,2,0,1,0,0,0,3,0,0,0
9,66,2.33,6,0,3,0,3,1,4,4,3,0,1,4,3,1
5,79,2.65,5,2,0,0,6,0,4,3,2,3,3,2,2,0
12,79,2.75,5,2,3,0,3,1,1,2,1,2,0,1,4,0
3,70,2.18,3,1,1,1,5,0,3,4,3,1,4,3,1,0
6,82,3.18,6,0,0,0,0,1,2,1,4,1,3,1,1,1
13,82,2.91,1,2,0,0,8,1,2,0,0,1,1,4,4,0
10,40,3.29,5,1,3,1,7,1,4,2,4,3,3,1,3,0
11,31,2.29,9,2,4,0,0,1,0,2,3,4,1,0,0,1
13,49,2.51,3,1,0,0,3,1,1,2,1,3,4,0,3,0
4,83,2.33,6,0,3,0,9,0,4,0,2,3,2,3,2,1
11,10,3.27,1,0,1,1,3,1,1,0,3,0,3,0,0,1
9,72,2.75,6,0,0,1,4,0,4,4,4,1,2,2,1,0
6,78,2.4,3,1,2,1,3,1,4,2,2,2,1,1,2,1
12,74,2.83,4,2,3,0,5,1,3,3,3,4,1,4,4,0
12,79,2.38,3,2,3,1,9,0,2,1,4,2,4,3,3,1
11,22,2.38,1,0,3,1,7,1,0,1,1,0,2,2,0,1
11,35,2.9,6,1,1,0,4,0,0,4,4,4,4,4,1,1
1,23,2.54,9,0,2,0,0,0,1,2,0,0,2,4,0,0
13,30,2.58,2,1,0,0,8,0,3,4,1,4,2,2,4,0
1,80,3.0,2,2,1,0,6,1,1,1,3,2,3,2,3,1
6,66,2.65,9,1,4,0,7,0,3,4,1,3,2,4,3,1
0,24,2.36,1,0,0,1,9,1,0,3,2,4,3,4,1,1
5,43,2.84,0,2,4,1,2,0,0,4,1,1,2,3,3,0
3,24,3.4,2,1,1,0,7,1,0,1,1,3,4,4,4,1
3,24,3.69,8,1,4,1,1,0,3,0,3,4,4,1,4,0
11,31,3.07,8,2,4,1,7,0,0,0,3,1,4,2,0,0
3,45,2.44,6,0,3,1,2,1,1,4,2,1,0,0,1,1
8,58,2.07,2,0,0,0,6,1,0,0,2,0,3,4,4,0
14,35,3.97,2,0,2,1,0,0,4,0,2,0,0,4,0,1
12,9,3.16,3,0,0,1,9,1,2,3,1,0,3,2,3,0
0,67,2.12,3,0,2,1,2,0,3,3,1,3,3,4,0,0
1,46,3.65,5,0,1,0,2,1,2,1,1,1,3,0,0,1
14,10,2.82,6,1,3,0,9,0,4,3,1,2,3,1,2,1
4,35,3.05,8,2,0,1,6,0,2,0,3,4,2,3,3,0
0,82,2.86,0,1,2,1,1,0,2,2,4,4,4,1,4,1
9,0,2.26,0,2,4,1,9,0,2,1,0,2,1,0,4,0
3,84,3.48,8,1,0,0,8,1,1,2,4,4,4,1,0,0
14,85,2.81,3,0,1,1,2,0,2,1,1,1,2,1,4,1
12,4,3.64,7,2,3,1,3,0,1,0,0,3,2,1,3,1
5,21,3.57,0,1,3,0,6,1,1,3,3,0,1,3,1,1
4,31,2.43,5,1,3,0,9,1,2,4,2,2,4,4,2,0
8,87,2.84,1,1,1,1,3,1,2,3,2,0,4,3,0,0
12,74,2.7,9,0,1,0,4,1,4,3,4,2,4,3,3,1
7,47,3.83,5,0,0,1,0,0,0,4,3,2,4,3,3,0
4,11,2.15,1,0,0,0,6,0,4,2,3,1,4,3,1,0
2,14,2.99,5,2,2,0,3,1,2,2,4,0,1,3,3,0
9,64,3.06,4,0,4,0,6,0,3,1,0,4,0,2,1,0
13,39,3.27,6,1,1,0,0,1,3,2,0,3,0,4,1,0
4,57,3.96,1,2,2,0,8,1,0,4,0,3,0,0,4,1
5,28,2.31,8,2,2,1,4,0,2,3,4,4,2,2,1,0
7,5,3.89,0,1,2,1,8,1,0,0,2,3,2,1,2,1
10,7,2.28,5,2,1,1,4,1,1,2,3,2,0,1,3,1
10,50,3.05,4,0,4,1,4,0,4,4,4,3,3,4,1,0
2,79,2.32,1,2,3,0,5,0,1,3,2,1,2,2,4,0
0,40,2.12,6,1,1,1,5,1,0,0,0,2,2,2,3,0
1,70,2.06,4,2,2,1,1,0,0,3,4,2,2,1,1,1
4,53,3.01,6,1,4,0,5,0,2,2,2,3,4,2,3,0
2,53,2.79,3,1,2,1,6,0,1,3,3,3,4,1,1,1
9,72,3.59,6,2,3,0,1,0,4,0,2,1,3,4,4,1
12,60,3.27,0,1,2,1,6,1,4,1,0,3,3,0,1,1
3,78,3.06,4,2,3,1,3,0,1,0,1,0,4,3,1,0
11,23,2.82,5,2,2,1,7,1,0,3,0,4,3,3,2,1
1,17,3.06,4,2,3,1,7,1,0,3,3,3,4,4,0,0
9,48,2.39,2,2,3,1,8,1,1,1,0,1,4,2,4,1
11,2,2.45,2,1,4,1,9,1,2,2,0,3,1,0,2,1
0,35,4.0,5,1,0,0,7,0,4,1,1,3,1,1,1,0
13,48,2.68,6,1,0,0,8,1,1,0,4,0,4,4,3,1
2,54,2.77,9,0,2,1,9,0,4,1,3,3,2,2,4,0
9,7,2.85,8,1,4,1,1,1,3,1,0,4,2,1,2,1
12,75,2.04,7,2,2,1,6,0,2,0,3,0,2,0,2,0
5,39,3.3,3,1,3,1,1,1,3,2,2,0,4,0,0,0
5,57,3.52,1,2,2,0,2,0,1,4,1,3,1,4,3,0
12,62,3.75,3,1,3,1,0,0,0,1,2,0,2,2,2,0
10,87,3.94,3,0,2,1,6,0,4,0,2,1,0,0,4,1
6,13,3.53,6,2,2,0,8,0,0,0,3,3,3,1,3,0
12,40,3.18,1,2,0,1,6,1,4,4,0,4,2,1,2,0
13,25,3.82,6,2,1,1,5,1,1,3,3,2,4,0,0,0
6,21,3.01,7,1,4,0,5,1,4,1,4,0,2,4,4,1
2,14,3.15,6,1,2,0,0,0,3,2,4,1,0,1,2,0
1,37,2.5,9,1,3,1,7,0,1,3,0,3,1,0,3,1
14,75,3.44,3,0,4,0,8,1,3,2,2,4,1,4,2,1
7,3,2.77,7,1,3,0,3,1,2,3,0,0,3,1,3,0
11,75,3.54,6,2,1,1,1,0,2,3,1,1,3,0,3,1
14,46,2.55,1,1,1,0,6,1,3,0,4,1,0,4,4,1
10,25,3.68,7,2,2,0,8,0,4,0,0,3,0,3,4,1
2,4,3.88,1,0,4,0,1,0,3,4,0,4,2,2,3,0
11,60,3.12,7,0,1,1,6,1,0,0,0,1,4,4,0,0
0,5,3.2,6,2,3,0,2,0,1,0,3,3,3,1,1,1
14,7,3.16,9,2,3,0,0,0,2,4,4,1,1,3,1,1
13,6,2.85,7,0,0,1,0,0,3,3,3,2,3,0,3,0
7,59,3.18,9,1,1,0,4,1,3,1,1,2,1,0,1,1
9,41,3.3,0,0,4,1,0,0,3,0,1,1,2,1,2,0
11,39,2.22,8,0,4,0,3,1,4,1,2,1,0,1,2,1
10,33,2.01,2,2,0,1,4,0,1,1,3,1,4,1,4,0
13,36,3.75,9,0,0,0,7,0,2,1,1,0,3,3,1,1
7,50,3.73,5,0,3,0,3,1,1,1,2,0,4,2,4,0
14,80,2.41,3,1,3,1,7,0,3,4,0,4,4,1,2,1
14,77,2.02,4,1,0,1,0,0,2,0,0,3,1,0,4,0
9,60,2.28,6,2,1,1,1,0,3,1,1,2,1,0,0,0
4,64,2.38,0,1,0,1,0,0,1,1,2,4,0,4,0,0
6,9,3.24,5,2,0,0,3,0,0,4,0,0,2,4,2,1
4,2,3.03,4,1,4,1,3,0,0,4,1,1,3,2,4,0
5,60,2.72,6,1,3,0,3,0,2,3,3,1,3,3,1,1
9,46,3.61,2,2,2,1,7,1,0,2,3,0,1,4,4,0
6,65,2.89,1,1,2,0,1,1,0,3,1,3,0,1,0,0
5,63,3.94,7,0,0,1,7,1,3,4,0,2,4,4,0,1
9,39,2.68,3,2,4,1,7,1,3,1,4,3,0,0,4,0
0,75,2.04,2,0,0,0,4,1,1,1,4,3,0,4,1,0
2,62,2.58,0,2,4,0,3,0,3,3,3,2,3,1,0,0
9,29,3.69,6,2,3,0,8,1,3,2,3,1,4,2,0,0
6,66,3.14,2,0,0,0,3,1,0,1,0,3,3,1,0,1
0,47,3.19,1,2,1,0,5,1,1,3,4,4,2,3,1,0
3,42,2.23,2,2,2,1,7,0,0,2,2,1,2,1,4,1
11,24,3.65,5,1,1,1,8,0,2,3,0,1,4,3,0,1
7,76,2.25,0,0,4,1,4,0,4,1,3,1,4,4,0,0
6,33,2.48,3,2,0,1,4,0,1,2,2,2,2,1,0,0
14,52,3.63,2,1,2,0,5,0,1,4,2,1,1,4,4,1
9,56,3.19,1,2,4,1,1,1,1,4,4,4,2,0,4,1
6,5,3.5,4,2,4,0,4,0,3,2,1,4,4,1,4,1
0,72,3.64,6,1,1,0,1,1,1,0,3,3,2,2,2,0
12,32,2.98,7,2,3,1,2,1,4,1,1,0,2,3,0,1
4,80,2.56,4,1,3,1,5,0,0,1,4,4,0,0,3,0
8,42,2.18,5,0,3,0,2,0,0,4,0,3,0,3,4,1
9,85,3.77,5,1,3,1,1,1,4,1,2,1,0,2,3,0
6,0,2.14,4,0,0,1,4,1,2,4,0,3,3,3,0,1
5,36,2.51,1,2,1,1,7,1,0,1,4,2,0,1,1,1
5,29,3.5,0,2,1,1,3,1,2,3,4,0,0,0,3,0
6,62,2.27,9,2,4,0,9,1,3,0,1,2,3,0,0,0
10,59,3.77,3,2,1,1,4,0,1,1,2,0,1,2,3,1
5,30,3.56,0,2,0,1,0,0,0,4,0,2,2,3,2,1
11,34,3.8,4,0,1,1,7,1,3,4,3,2,0,0,1,0
9,44,2.36,0,2,0,0,1,0,1,2,1,2,2,0,3,0
1,18,2.77,8,1,0,0,5,1,4,3,2,4,2,0,1,0
2,62,2.53,6,0,0,1,7,0,3,1,4,3,4,0,1,1
0,39,3.47,6,2,3,0,9,0,0,3,1,2,2,2,4,0
6,27,3.17,9,0,4,0,4,0,0,1,1,4,2,4,4,0
13,76,2.99,5,0,4,1,6,1,3,3,1,0,1,0,1,1
5,19,2.32,7,1,0,0,8,1,0,3,2,2,4,4,1,0
12,31,3.66,7,0,4,1,8,0,0,1,1,1,1,2,2,1
13,39,3.6,9,1,1,0,3,0,4,4,4,3,4,3,0,0
7,0,3.57,1,0,3,1,0,1,3,3,2,0,0,1,0,0
1,36,2.97,0,0,3,0,9,0,1,1,4,1,1,0,2,0
5,17,2.92,6,0,1,1,9,1,3,2,1,3,4,2,0,0
10,83,3.57,5,2,1,1,4,1,3,3,2,4,1,2,2,1
2,66,2.37,7,2,1,1,5,1,2,2,2,0,4,2,3,0
6,9,2.22,4,1,3,0,8,1,4,4,2,1,3,0,2,0
7,48,3.3,9,1,4,1,5,1,2,2,1,3,1,3,3,1
1,54,2.88,3,2,4,1,3,1,1,0,2,3,3,2,0,0
2,4,3.12,3,2,4,0,8,1,3,0,2,2,4,3,0,0
7,69,2.47,9,0,0,0,2,0,4,1,0,3,3,0,3,0
7,56,3.21,4,1,3,1,4,0,4,2,2,3,1,0,4,0
2,27,2.93,2,2,3,0,3,1,1,3,2,3,2,3,2,1
7,38,3.68,2,0,4,0,4,1,3,4,0,0,4,3,1,1
4,14,3.94,6,0,3,0,5,0,4,0,1,2,4,3,4,0
4,0,3.33,7,0,0,0,5,1,3,0,3,0,1,3,1,0
6,38,3.75,6,0,3,0,0,0,1,4,2,1,2,4,0,1
3,36,2.04,3,2,4,1,4,0,3,4,0,0,3,0,3,0
10,62,2.23,9,1,4,1,4,0,3,0,2,2,4,0,4,1
2,40,3.44,5,1,0,0,9,0,2,3,2,1,0,2,4,0
12,59,3.49,0,1,2,0,3,1,4,0,1,1,4,0,1,0
14,30,2.37,1,1,3,1,3,1,3,1,2,3,2,3,3,0
1,76,3.54,7,2,4,1,0,1,0,0,4,3,1,2,3,0
4,81,3.12,1,0,1,1,4,1,1,1,3,2,1,3,1,0
7,86,3.22,3,1,1,1,6,0,2,0,1,2,2,0,0,1
1,56,3.5,0,2,2,1,0,0,3,4,1,0,3,0,2,1
7,5,3.88,0,0,0,1,1,1,3,4,0,3,1,2,3,0
13,50,2.16,6,1,4,1,4,0,2,1,2,4,3,2,3,0
1,40,2.31,7,0,3,0,4,1,0,2,4,1,1,3,3,1
13,80,3.28,5,0,2,1,3,0,0,0,2,0,4,0,4,0
10,24,3.69,5,2,1,0,1,0,0,0,4,2,1,4,3,0
4,8,3.39,9,0,2,1,7,0,3,1,2,0,2,2,1,0
6,41,3.69,8,2,0,0,1,0,2,2,2,0,0,3,2,1
11,0,2.44,9,2,0,0,9,1,2,2,1,4,1,0,3,1
3,87,2.34,0,0,0,1,0,1,1,0,3,4,3,4,2,1
1,44,2.66,3,2,1,1,3,1,0,3,2,3,3,3,0,1
1,62,2.83,5,0,1,0,2,1,2,1,3,4,1,1,0,0
11,6,3.76,0,0,4,1,0,0,2,4,1,4,3,3,2,1
11,76,2.66,2,1,2,0,5,0,3,0,0,2,0,3,1,0
3,67,2.24,9,2,2,0,3,1,0,3,3,2,0,4,4,1
11,1,2.95,9,2,2,1,4,1,4,4,3,2,4,1,0,1
7,68,2.2,0,1,3,1,4,0,2,4,0,3,3,4,4,0
0,86,2.36,5,2,2,0,5,1,3,0,0,0,0,0,3,0
5,12,3.42,6,1,0,1,4,1,1,1,2,4,0,2,1,0
6,60,2.37,0,1,2,1,4,0,3,0,3,2,2,0,1,0
1,30,3.23,3,1,4,0,2,1,4,3,3,2,1,0,1,0
6,66,2.52,5,2,1,1,6,0,2,0,0,3,4,0,4,1
10,0,2.64,4,0,4,0,8,1,0,1,3,2,0,0,2,0
14,41,3.62,1,1,4,0,9,1,0,0,2,1,2,1,2,1
7,76,2.55,7,2,3,0,6,1,0,0,0,2,3,2,4,1
1,70,3.53,4,0,2,0,7,1,0,1,4,4,2,0,4,0
4,24,2.71,5,2,0,0,5,1,3,4,4,2,3,0,2,0
5,17,3.67,8,2,4,1,2,1,2,0,2,0,0,1,2,0
13,23,3.29,9,0,2,1,4,0,3,4,1,4,0,2,2,1
10,44,2.18,6,0,1,1,2,1,0,3,3,3,3,3,4,0
0,18,3.55,4,2,1,1,0,0,1,0,4,1,2,0,0,1
13,4,3.05,0,0,2,0,6,0,0,2,1,2,0,1,1,1
4,73,2.27,1,2,3,0,1,1,1,1,1,2,1,0,0,1
14,54,3.25,7,2,1,0,3,1,4,1,0,0,1,4,2,0
0,22,2.86,1,2,0,1,0,1,3,3,0,2,3,1,3,1
10,68,3.92,7,1,2,0,0,1,1,4,1,0,0,3,3,1
13,31,2.9,4,0,1,1,9,0,1,4,1,0,1,1,3,1
1,26,2.08,6,2,0,1,2,0,2,2,0,2,2,3,3,0
9,70,2.2,9,0,0,0,1,1,1,0,1,4,1,3,0,1
2,53,2.92,4,1,4,1,8,0,0,3,3,0,1,4,2,0
3,0,2.23,0,0,0,0,0,1,0,1,3,1,2,4,2,1
13,67,3.86,8,2,1,0,0,1,4,3,2,3,1,2,4,1
0,17,2.06,3,2,4,0,3,0,2,2,1,1,1,3,2,0
14,34,2.45,4,1,0,0,2,0,4,1,0,3,0,0,4,1
14,21,3.49,2,1,0,0,8,0,0,3,2,1,3,2,1,1
7,3,2.19,2,0,1,0,2,0,3,1,3,2,4,1,3,1
6,39,2.71,5,2,2,0,6,0,1,0,3,1,4,3,4,0
14,10,3.34,2,1,0,1,1,0,0,2,2,2,1,2,3,1
8,56,2.44,3,2,0,0,4,0,4,3,1,3,0,4,4,1
1,7,3.82,3,0,3,1,6,1,1,1,4,2,1,0,3,1
4,27,3.5,9,1,0,1,9,0,0,4,2,4,1,0,2,1
4,32,3.99,4,1,4,1,8,1,3,3,1,1,1,2,0,0
6,70,2.46,3,0,0,1,7,1,4,3,4,4,4,2,2,0
3,60,3.6,4,1,1,1,0,1,4,2,2,0,0,0,4,0
12,59,3.22,8,2,4,0,4,1,2,3,3,2,0,0,0,1
13,61,3.91,6,0,4,0,3,0,4,1,4,0,3,2,2,1
5,46,3.28,3,1,4,0,7,1,0,1,4,3,4,2,4,1
5,49,2.25,0,1,4,0,6,0,4,1,1,4,0,0,4,0
11,84,2.84,9,0,4,0,0,0,0,0,4,3,0,2,4,0
8,9,2.88,9,2,3,1,8,1,3,1,0,4,4,1,2,0
13,27,2.84,5,0,0,0,8,1,4,1,0,2,3,3,4,0
5,16,2.75,3,0,1,0,1,1,2,4,3,3,1,3,0,0
3,67,3.9,7,2,0,1,1,1,4,4,3,4,2,1,2,1
7,3,3.37,9,2,4,1,4,0,2,2,0,1,2,1,2,0
14,13,2.49,5,0,4,1,8,1,4,1,3,2,2,0,1,0
10,35,3.09,2,2,4,0,0,0,0,0,0,2,0,3,4,1
3,0,3.32,6,1,3,1,0,1,3,1,2,0,0,2,0,1
11,26,2.62,1,1,3,1,7,1,3,2,4,2,3,4,4,1
13,43,2.57,7,2,4,0,6,1,2,4,0,2,1,4,1,1
1,59,3.58,8,2,3,0,5,0,3,2,3,4,1,2,2,0
12,66,2.37,5,0,3,0,9,1,1,3,3,3,1,4,1,0
0,49,3.27,8,2,4,0,1,0,4,0,1,2,3,1,1,1
9,67,3.68,2,2,1,1,5,0,0,4,0,3,1,1,4,1
0,45,3.66,9,1,3,1,2,1,0,3,0,4,1,0,2,1
5,64,3.25,4,2,4,1,6,0,2,4,1,1,3,2,2,0
2,73,2.94,5,2,0,1,5,0,1,2,2,1,1,2,1,1
13,56,2.73,0,1,2,1,5,1,3,4,2,1,2,3,3,0
12,36,3.26,5,0,3,1,7,1,4,0,4,0,3,4,4,1
11,39,2.98,6,2,1,1,1,1,4,3,4,2,3,3,1,0
14,22,2.35,7,0,0,1,9,1,2,4,3,0,4,3,3,0
13,85,2.74,4,2,2,0,9,1,2,3,3,1,1,4,4,1
10,54,3.59,2,1,3,1,2,1,1,1,2,4,1,4,2,1
7,11,2.79,8,2,4,1,6,1,4,0,4,1,2,3,4,1
5,77,2.15,0,0,4,0,3,0,0,1,4,1,3,0,4,0
9,88,2.05,9,0,3,1,1,0,4,3,0,1,3,2,4,1
12,35,2.19,8,1,1,1,4,1,0,0,2,2,3,1,3,0
10,57,2.64,4,1,2,0,3,1,4,4,2,1,3,1,0,0
3,14,2.0,7,0,4,1,1,1,1,2,4,2,2,3,4,1
10,8,2.83,5,0,0,0,7,0,3,3,1,1,0,2,1,1
0,27,3.03,3,2,1,1,8,1,3,4,2,1,3,2,2,1
6,69,3.45,5,2,1,0,6,1,2,0,3,0,4,4,3,0
9,26,2.35,5,0,4,0,3,1,3,4,4,3,4,2,1,1
7,18,3.1,0,1,4,1,8,1,3,2,1,2,2,4,0,1
6,50,2.6,7,2,1,0,5,0,0,3,4,3,2,1,3,1
1,24,3.23,3,2,0,0,0,0,4,1,3,3,3,1,4,0
12,87,2.4,5,0,4,0,7,1,0,2,0,0,3,1,2,0
9,66,2.74,3,1,1,0,2,0,1,0,2,0,4,3,1,0
1,32,2.77,4,1,0,0,5,0,3,4,0,0,1,0,4,0
5,71,2.06,6,2,1,0,4,0,1,4,4,2,4,3,4,1
2,17,3.3,2,0,1,1,3,1,4,0,3,4,2,2,4,1
8,65,3.46,1,2,1,0,9,0,0,3,0,1,2,3,4,1
2,28,2.26,0,1,2,1,4,0,3,1,3,4,3,2,2,1
8,62,2.12,2,0,2,1,9,0,1,2,4,1,2,3,2,0
0,36,2.24,6,0,4,1,6,1,4,3,1,2,1,0,4,0
9,75,3.58,7,0,2,0,9,0,0,2,4,1,4,1,0,1
0,36,3.3,8,2,4,0,1,0,1,4,0,0,0,3,0,0
14,71,2.76,8,0,1,1,8,1,3,0,3,2,1,2,4,0
0,12,2.12,2,1,3,1,1,0,2,3,0,3,1,3,3,0
11,49,2.95,5,1,4,0,7,0,0,1,4,1,1,3,0,0
4,84,3.16,6,2,0,0,1,0,0,1,4,3,1,0,2,0
13,11,2.01,3,0,2,0,7,1,4,4,4,3,3,1,0,0
13,52,2.7,6,0,2,0,9,1,2,0,1,4,4,2,4,1
0,36,2.16,9,1,2,0,0,1,4,1,1,3,2,3,4,0
8,24,2.12,1,1,2,0,8,1,4,4,4,4,1,4,0,1
3,58,2.2,6,0,0,0,6,0,4,2,4,3,1,0,3,1
14,8,3.82,0,1,3,1,4,0,2,4,1,1,4,4,4,0
4,86,2.19,9,1,0,1,6,1,3,3,4,4,4,2,2,0
10,66,2.11,9,0,0,0,8,1,0,3,0,2,4,3,0,1
13,18,2.75,7,1,0,0,4,1,4,4,4,1,1,1,2,0
14,64,2.9,1,0,0,0,4,0,1,4,3,0,0,2,3,1
14,8,2.85,2,1,3,1,4,0,4,3,1,0,0,1,2,1
14,63,3.03,5,1,0,1,8,1,2,3,1,2,1,2,2,0
2,28,2.17,8,1,2,0,7,1,2,4,3,2,4,3,0,1
4,0,2.22,8,2,4,0,3,1,3,2,1,1,2,3,0,1
3,46,2.78,6,2,2,1,5,1,1,4,2,4,2,4,1,1
12,73,3.38,6,1,2,1,7,0,3,3,2,1,2,0,3,0
10,85,3.01,0,1,0,0,8,1,3,3,0,4,4,1,4,1
10,85,2.9,8,2,1,1,5,0,3,1,3,0,4,0,4,0
4,13,2.53,7,2,2,0,9,0,2,4,4,0,2,0,0,0
2,20,3.86,5,2,1,1,2,0,1,3,1,3,1,2,3,1
9,53,2.36,3,1,4,0,7,0,3,1,1,0,3,3,1,0
14,36,2.33,1,1,4,1,9,1,1,4,1,2,2,2,0,0
13,12,3.47,1,1,4,1,9,0,4,4,0,4,0,0,2,0
1,76,2.74,0,1,1,1,0,0,3,0,1,1,1,1,0,1
6,65,2.31,9,1,4,1,2,0,1,4,1,1,1,1,2,1
5,57,2.15,4,1,4,0,2,1,1,4,0,1,2,2,2,1
11,88,2.05,6,0,2,0,1,0,4,2,3,3,4,3,2,0
12,5,3.35,8,0,4,0,1,0,0,2,2,4,4,1,1,0
4,65,2.97,6,2,4,0,3,0,4,3,0,3,4,1,2,1
12,34,2.27,6,1,3,0,2,1,1,4,2,1,0,1,3,1
12,33,2.17,7,1,2,1,8,1,2,4,0,0,0,4,0,0
6,2,2.21,0,2,2,0,0,1,3,0,2,3,3,3,3,1
12,54,2.87,9,2,0,1,1,0,0,4,1,4,4,0,4,1
6,6,2.93,6,0,4,1,7,1,2,1,3,1,1,0,4,0
9,36,3.59,4,1,3,0,1,0,3,1,1,0,1,3,4,0
0,74,3.12,9,2,0,0,5,1,4,2,3,4,4,1,3,1
12,83,2.98,6,0,0,0,1,0,2,2,0,2,2,3,1,1
12,57,2.26,9,2,3,1,2,0,0,3,3,1,2,2,0,0
10,84,2.19,2,0,0,1,6,1,4,4,3,1,3,2,1,0
3,69,3.87,7,0,3,0,4,1,1,4,3,3,3,3,0,0
6,15,2.73,9,2,3,0,9,1,1,0,4,0,2,4,2,1
4,78,2.94,1,1,0,1,8,0,0,1,0,4,0,0,0,1
14,35,2.55,8,0,2,0,4,0,4,4,0,4,3,4,4,1
0,77,3.26,7,1,0,1,2,1,3,3,4,4,3,0,3,1
6,34,2.47,7,2,3,1,8,1,3,3,3,0,4,1,3,1
5,50,3.02,0,0,1,1,2,1,2,3,2,4,2,4,3,0
13,82,2.51,9,0,2,1,4,1,3,2,0,4,2,4,0,0
5,67,2.29,4,0,3,1,8,0,3,1,2,2,1,4,0,1
4,11,2.44,0,1,3,0,4,0,3,2,1,1,2,0,4,0
6,72,3.76,1,0,2,0,1,0,4,0,3,1,0,0,0,1
8,56,2.16,7,1,3,0,3,1,0,0,2,4,1,0,0,0
8,4,3.1,2,2,1,1,2,0,1,0,0,4,3,4,4,0
13,17,2.72,2,2,4,0,0,0,2,1,2,0,3,3,3,1
12,83,3.72,4,2,4,0,5,1,3,3,4,2,2,1,1,1
6,85,3.38,7,2,0,1,0,1,2,1,1,3,1,2,2,0
3,45,3.9,8,0,1,1,4,0,0,3,1,2,3,4,2,1
14,57,3.1,0,1,3,1,3,0,4,4,1,3,2,4,4,1
14,49,3.08,8,2,1,1,9,1,3,4,1,3,1,3,0,1
12,17,2.68,8,2,1,0,0,1,2,2,3,0,2,0,0,1
9,9,2.64,7,1,0,0,1,0,0,4,1,3,2,4,3,1
8,73,2.85,8,1,3,0,5,1,0,1,4,3,1,4,0,1
2,39,2.26,8,1,1,1,5,1,3,3,3,3,1,0,1,1
11,46,2.41,3,0,2,0,0,1,4,1,4,3,4,4,1,1
4,15,3.46,3,0,0,0,8,0,2,0,1,2,4,4,0,0
10,72,3.23,6,2,2,1,9,0,3,3,3,1,0,0,2,0
2,8,3.09,2,2,4,0,1,0,3,1,3,1,4,3,0,0
5,68,2.17,0,0,3,1,3,0,1,2,0,4,4,2,1,1
3,76,2.3,5,0,0,1,3,0,1,1,2,1,3,2,1,0
5,18,3.45,5,1,1,1,0,0,4,3,4,2,3,2,2,1
14,65,3.5,4,2,2,0,5,1,1,4,0,0,2,0,3,0
7,7,2.26,6,2,0,1,8,0,1,0,0,3,3,0,3,0
9,3,3.72,2,0,2,0,5,0,2,3,1,1,3,1,2,0
13,74,3.75,3,2,0,0,2,1,0,0,1,1,3,1,0,1
13,73,3.35,2,2,1,1,2,0,0,2,2,4,3,4,1,0
3,73,3.81,5,1,0,1,4,0,3,4,2,1,4,3,1,1
5,49,3.24,3,1,2,0,0,0,0,2,1,2,3,1,2,1
4,22,2.51,4,2,2,0,7,1,4,4,1,1,0,3,1,1
2,5,3.95,5,2,4,1,3,1,2,4,2,3,0,4,0,1
10,50,3.27,5,1,0,1,1,1,4,3,0,1,2,1,0,0
11,75,2.85,8,0,0,1,6,0,1,0,2,1,3,3,0,0
4,19,2.25,1,1,2,1,7,1,0,2,0,1,4,1,0,0
1,20,2.17,9,2,1,0,6,0,0,1,4,4,2,4,0,0
13,55,2.59,0,2,2,0,6,1,0,3,2,2,4,0,0,1
11,46,2.81,8,0,0,0,4,0,3,3,2,3,3,3,2,1
13,33,2.13,6,2,4,1,2,0,3,4,4,1,3,0,2,1
10,57,3.05,8,0,0,0,4,0,4,3,2,0,1,0,0,1
13,81,3.67,0,1,4,0,6,0,1,1,2,0,2,4,2,1
12,40,2.3,8,1,3,0,2,1,3,1,2,2,0,0,1,0
1,22,3.87,5,2,1,1,1,0,4,2,2,3,2,2,3,0
11,26,3.04,9,0,2,0,3,1,0,4,2,4,2,2,3,0
11,67,3.8,5,1,3,1,7,0,4,4,3,4,3,2,4,0
11,26,2.13,1,0,1,0,4,1,4,3,0,2,4,1,2,0
4,37,2.13,9,2,3,0,4,1,4,1,3,4,0,4,1,1
6,75,2.52,3,0,1,1,8,0,0,0,1,0,2,2,1,1
4,58,3.62,4,1,4,1,4,0,3,0,1,4,4,2,1,1
13,25,3.89,1,2,1,1,5,1,0,1,0,0,1,4,0,1
2,61,3.87,7,2,1,0,2,0,0,0,2,3,0,1,4,0
9,50,2.39,4,1,0,1,4,1,0,4,1,3,1,3,4,1
7,25,3.66,5,0,4,1,2,1,2,1,1,4,3,1,3,0
11,60,3.3,0,2,1,1,8,0,0,4,4,4,0,0,3,0
9,71,2.58,3,2,3,0,9,0,1,3,2,3,2,0,0,1
1,35,2.51,0,1,1,1,6,0,2,3,4,4,0,3,3,1
12,50,3.95,8,0,2,0,3,1,2,4,3,3,4,2,0,0
9,22,2.01,3,2,1,0,9,0,0,3,2,1,3,4,2,1
14,33,3.23,3,1,0,0,5,0,1,4,2,0,0,0,0,0
14,35,3.66,8,0,1,0,5,0,0,3,4,0,3,3,0,1
12,49,2.34,7,1,0,0,1,1,3,1,0,3,3,1,4,0
2,19,3.06,8,1,2,0,1,0,3,3,0,0,4,3,0,0
10,60,2.35,9,2,0,1,2,0,0,2,4,1,0,0,3,0
7,53,2.76,8,2,1,0,0,0,4,1,4,1,1,3,3,1
6,66,2.66,0,1,1,0,0,1,0,4,1,1,4,0,3,0
11,9,2.51,7,1,4,1,1,0,4,2,2,4,2,3,0,0
12,86,3.74,1,2,3,1,4,1,1,1,3,1,0,3,4,0
6,20,3.59,4,1,4,1,5,0,4,3,1,2,1,2,4,0
8,48,2.02,9,1,4,1,1,1,4,3,3,4,3,0,1,0
6,31,2.71,5,2,3,0,2,1,4,1,3,2,4,2,0,0
0,3,2.43,2,0,0,1,4,1,1,0,3,2,2,2,3,0
10,5,2.06,2,2,3,0,2,0,1,3,0,3,1,3,2,1
12,61,2.27,1,0,0,1,4,0,4,0,0,2,4,4,3,1
2,59,2.1,2,1,4,0,7,0,3,2,0,3,2,1,2,1
14,0,3.0,3,0,4,0,5,0,1,2,4,0,1,2,0,0
11,0,3.18,2,0,3,1,5,1,0,2,4,1,3,0,2,1
2,45,3.25,6,0,0,1,5,0,0,3,4,0,4,1,3,1
11,51,3.05,0,2,1,0,3,0,2,4,1,0,3,3,0,1
10,1,3.84,6,2,1,1,4,1,4,3,0,2,0,0,1,1
5,5,2.23,2,1,3,0,8,1,0,1,3,3,1,2,3,1
0,84,2.11,7,0,0,0,0,1,4,4,0,2,4,0,1,1
0,80,3.11,3,2,0,0,2,0,4,2,3,2,0,0,0,1
12,0,3.21,3,1,3,1,1,0,1,2,2,3,2,4,0,0
14,24,3.27,4,1,4,1,4,0,1,1,4,4,2,0,2,1
9,70,3.39,2,2,4,1,5,1,4,3,3,3,2,4,1,0
11,33,2.91,5,0,2,0,3,0,1,2,1,3,1,1,4,0
1,57,3.82,3,0,0,0,9,0,2,4,0,0,0,0,4,1
9,33,2.07,0,0,1,0,1,1,0,0,0,0,2,0,0,1
4,32,2.33,7,2,1,0,1,1,0,0,2,1,1,3,3,1
13,35,2.78,7,0,2,1,0,0,3,4,4,4,0,1,4,1
8,18,2.08,8,1,3,0,0,0,4,4,0,3,2,0,2,0
9,26,3.58,5,2,2,1,3,0,1,1,4,4,0,3,4,0
10,76,2.35,6,0,4,0,9,1,0,3,3,2,3,3,3,1
10,28,3.36,2,0,2,0,0,0,0,4,0,2,3,2,2,1
6,5,3.18,2,1,2,1,6,1,3,1,4,2,2,0,1,1
9,64,3.74,4,2,3,0,0,0,2,1,0,2,3,0,0,0
2,1,2.73,8,0,4,0,2,1,4,3,3,3,1,1,3,0
11,85,2.45,5,0,1,0,1,0,2,0,2,1,3,2,0,1
14,19,2.93,4,0,3,0,1,0,2,4,4,1,0,3,3,0
14,58,3.9,5,2,0,0,8,1,3,1,4,4,1,4,0,0
2,16,3.75,6,1,1,1,1,1,1,2,0,3,1,0,4,1
8,22,3.42,1,1,4,1,1,1,2,0,4,1,4,0,0,1
13,62,2.06,0,0,0,1,5,0,3,3,0,3,0,4,3,0
14,77,2.21,4,1,1,0,6,1,1,1,0,2,2,2,3,0
2,8,3.31,0,2,2,0,8,1,1,2,1,0,0,0,1,1
12,69,2.93,0,1,2,1,7,1,4,2,3,4,0,0,1,0
11,68,3.54,8,2,0,1,8,0,4,3,3,0,4,2,2,1
8,58,3.75,7,2,2,0,0,1,3,1,4,1,0,0,2,1
14,24,2.88,6,2,0,1,0,0,1,0,1,2,3,1,1,0
6,88,2.8,0,1,4,0,3,1,3,3,4,1,0,3,4,0
13,26,2.68,5,1,2,0,7,1,0,4,4,4,1,4,2,1
0,4,3.69,2,0,2,0,7,1,1,2,4,1,0,4,4,0
6,68,2.07,8,2,1,0,0,1,2,0,4,1,0,4,0,0
1,49,2.3,4,0,1,1,0,1,2,0,0,1,2,3,3,0
8,75,3.57,2,2,2,1,1,0,1,0,0,3,3,4,2,0
13,52,3.85,1,2,3,0,1,1,2,2,0,3,0,4,1,1
13,18,2.64,7,0,0,0,2,0,1,4,3,4,4,4,4,0
6,16,3.97,0,1,1,1,5,1,0,2,4,1,0,0,0,1
7,84,3.49,1,1,1,1,2,1,1,1,4,3,1,1,4,1
12,9,3.04,9,1,1,1,8,0,4,3,2,0,0,0,2,1
12,41,3.22,5,2,2,1,7,1,0,3,3,1,0,3,0,0
10,67,3.61,1,0,2,1,2,0,2,1,2,4,0,1,4,0
14,83,2.19,8,0,4,0,5,1,2,0,0,4,4,4,0,1
8,59,2.27,7,1,3,1,5,1,1,0,4,0,2,0,0,0
4,60,3.94,1,0,4,1,9,1,0,4,2,2,4,0,3,1
4,23,3.07,9,0,2,1,1,0,2,2,4,2,3,1,4,1
7,10,2.31,5,2,1,0,0,1,0,2,2,1,3,1,2,1
14,72,2.48,2,0,4,0,5,0,1,1,1,3,2,2,1,0
9,71,3.78,1,1,0,1,1,1,2,2,4,1,2,2,3,1
10,49,3.11,0,2,3,0,2,0,1,2,0,0,1,1,2,1
4,33,2.77,4,2,4,0,3,0,1,3,3,0,1,4,0,1
12,77,3.39,2,0,3,0,7,1,2,4,2,2,1,2,0,0
3,41,2.47,9,2,3,1,2,0,2,2,1,4,3,1,0,1
9,1,3.09,1,2,4,1,3,0,4,3,3,2,4,2,0,1
10,47,3.18,5,0,1,0,6,0,2,4,3,4,2,1,4,1
11,84,2.2,8,0,0,1,0,0,1,3,2,2,2,1,4,0
10,56,2.2,4,0,4,0,4,1,2,1,4,4,0,0,3,0
5,73,2.58,7,1,2,1,5,1,4,0,2,2,4,1,0,0
5,74,2.17,0,2,3,0,0,0,3,2,4,3,0,2,0,1
11,9,2.17,1,0,2,0,3,1,2,3,4,0,1,2,3,1
5,43,3.61,7,2,2,0,3,1,0,0,1,3,3,0,4,1
4,53,2.25,4,1,2,0,2,1,2,3,1,4,0,0,4,1
3,63,2.32,1,1,2,1,4,1,0,3,2,0,2,0,4,0
9,50,3.04,7,1,2,1,0,1,3,2,3,4,0,3,1,1
9,89,2.65,4,0,2,0,9,1,4,4,4,0,3,0,0,1
4,76,3.7,6,1,1,0,1,1,0,2,2,1,1,0,4,0
6,51,3.47,6,2,1,1,6,0,4,0,1,0,1,0,4,1
1,5,3.58,4,1,1,0,8,0,1,3,2,2,3,2,1,1
8,74,2.39,7,1,4,1,0,0,1,0,1,3,4,4,0,1
9,13,2.86,0,2,1,0,8,1,2,2,2,2,4,4,2,1
11,14,2.64,5,2,1,0,3,0,2,3,0,1,3,2,3,0
8,52,3.61,8,1,2,1,8,1,0,3,3,2,0,1,0,1
7,56,2.24,7,2,1,1,0,0,1,4,0,3,1,2,4,1
0,16,3.88,9,0,3,1,3,1,0,3,0,1,0,3,1,0
10,84,2.48,8,2,4,1,2,1,0,1,4,2,0,4,4,0
10,16,3.8,7,1,0,0,6,1,0,4,3,2,0,3,0,1
14,16,3.6,2,0,0,0,7,0,2,3,0,3,0,4,0,0
6,27,3.91,0,1,4,0,8,0,1,4,0,0,2,1,4,0
2,60,3.83,1,2,2,0,3,1,2,3,1,3,2,4,4,0
8,6,3.1,6,0,0,0,3,0,2,4,1,4,4,3,1,1
14,72,3.27,6,2,0,1,7,1,2,4,1,3,1,4,0,0
14,76,2.36,9,0,4,0,5,0,3,3,4,1,0,2,3,0
8,54,2.41,2,1,0,1,1,1,4,3,0,2,4,0,1,1
12,78,3.72,6,2,1,1,7,0,3,3,3,1,4,4,2,0
8,77,2.33,0,0,3,0,8,0,1,2,3,3,3,2,2,0
2,72,2.93,5,2,3,1,5,1,0,0,1,1,0,2,1,1
3,21,2.98,5,1,3,0,3,1,1,0,1,4,4,2,3,0
1,31,2.88,1,1,4,1,2,1,4,0,4,0,0,4,0,1
1,81,3.86,4,1,3,1,7,1,0,4,2,3,2,3,2,0
11,15,2.08,3,1,4,1,9,0,1,2,2,1,0,0,3,0
13,67,2.91,1,1,0,0,7,0,0,2,0,2,1,1,1,0
5,45,2.93,4,0,1,1,3,0,1,1,1,0,3,1,2,1
8,47,2.24,9,2,1,0,4,0,4,3,1,2,0,4,4,0
5,23,3.25,9,1,3,1,4,0,2,2,0,1,0,1,4,0
8,18,3.86,0,1,3,1,4,0,1,2,4,3,4,3,1,1
12,16,3.06,7,0,0,0,3,0,3,4,2,0,4,1,1,1
9,44,2.29,0,1,4,0,5,0,2,1,4,0,4,4,4,0
13,10,3.94,0,1,2,0,0,0,2,0,2,2,2,1,3,0
11,62,2.73,3,0,2,1,1,0,3,2,1,2,0,4,4,1
2,47,3.3,8,0,4,0,4,0,4,1,4,1,2,2,2,0
12,15,2.26,4,0,4,0,7,1,2,2,4,0,3,3,3,1
8,13,2.48,9,2,1,1,8,0,2,0,2,4,0,2,1,0
11,79,2.55,7,2,1,0,8,1,1,0,3,1,1,1,4,1
14,62,3.7,8,1,1,0,5,1,1,1,3,4,1,3,1,0
4,20,2.05,9,0,1,1,8,1,1,0,2,0,4,2,3,0
2,23,2.95,9,1,1,1,5,1,2,0,0,3,1,0,0,1
13,17,2.28,1,2,3,0,2,1,4,2,2,3,4,3,3,0
11,56,3.9,9,0,3,0,4,0,3,1,0,0,4,4,0,1
8,72,3.73,4,0,1,0,4,1,1,0,4,3,1,2,2,0
8,69,2.63,0,2,3,1,0,0,4,0,1,0,0,1,4,1
4,73,3.92,8,0,4,1,9,0,3,4,0,0,2,1,4,0
12,89,3.79,5,2,2,0,9,1,1,2,2,4,2,1,0,0
5,66,3.72,8,1,3,0,8,1,2,1,3,2,3,1,3,0
3,22,2.52,7,1,3,0,3,1,4,3,2,4,0,3,1,1
11,59,2.17,0,0,4,0,4,0,2,4,1,0,1,3,3,1
10,79,3.3,0,1,1,1,8,0,1,0,1,1,1,4,2,1
10,38,2.13,9,1,2,1,8,0,0,0,1,4,0,0,3,0
2,68,2.65,5,0,2,1,9,1,2,1,3,1,3,3,2,1
14,1,3.13,7,2,0,0,3,0,3,3,1,1,1,0,2,1
8,62,2.32,3,0,4,0,0,0,4,1,2,1,0,2,0,0
3,25,3.35,0,0,3,1,0,0,3,3,0,4,1,3,4,1
1,85,2.63,4,1,4,0,0,1,3,1,4,2,3,0,1,0
7,81,3.52,9,0,4,0,7,1,3,0,4,3,1,1,1,0
5,86,2.32,0,1,0,0,9,0,0,2,3,3,3,4,4,1
11,10,2.78,1,0,4,1,0,0,3,1,3,4,3,4,3,0
0,89,3.54,3,1,1,0,6,1,1,3,3,4,2,2,3,1
5,57,2.15,5,2,1,0,1,0,1,2,2,4,2,3,4,1
7,62,2.69,6,2,2,0,7,1,2,3,0,4,1,0,1,1
14,70,3.24,0,2,3,0,3,0,0,3,4,2,2,4,1,0
3,28,2.11,3,0,2,1,1,0,2,4,4,2,0,0,2,0
2,57,3.5,5,2,2,0,3,1,4,3,1,4,2,4,4,0
4,15,3.52,1,2,1,1,2,0,4,2,1,2,2,0,0,0
14,66,2.91,7,2,0,1,9,0,3,1,1,3,3,0,0,0
7,47,3.37,6,2,0,0,2,0,4,4,1,2,1,2,2,0
1,63,3.1,6,2,1,0,0,0,4,2,2,0,1,4,1,0
14,60,2.79,0,1,1,0,5,0,2,3,1,0,0,3,1,1
5,35,3.78,0,0,3,0,6,0,4,2,4,1,1,0,3,1
6,40,2.13,0,2,2,1,0,0,4,4,0,1,2,1,1,0
3,41,2.29,9,2,3,0,1,1,4,0,2,2,0,0,3,1
10,47,3.88,2,0,0,0,9,0,1,2,4,3,2,1,0,1
13,26,2.03,3,1,1,1,0,1,0,2,2,4,4,0,3,0
13,61,2.2,5,2,1,1,1,1,2,2,1,0,4,4,3,0
9,61,3.63,3,0,3,0,8,1,0,2,0,1,2,3,1,0
9,14,3.57,6,2,1,0,1,0,4,0,3,1,2,4,4,0
11,88,3.69,0,1,3,1,7,1,2,1,4,1,2,4,0,0
2,24,2.51,9,1,3,0,0,0,3,4,2,2,2,1,2,0
10,38,3.93,3,2,0,0,0,0,1,1,2,3,3,2,2,0
2,34,2.56,9,0,3,1,8,1,0,0,3,2,3,2,2,1
0,55,3.56,8,2,4,1,3,0,2,3,3,2,0,4,0,0
9,45,2.97,0,1,4,0,7,0,4,3,4,3,3,4,1,0
2,5,3.09,8,2,2,1,6,1,0,1,1,2,0,2,2,0
6,56,2.02,8,1,2,1,9,1,3,0,2,1,3,0,1,1
8,22,3.25,2,2,4,1,4,1,3,1,2,2,2,0,0,0
4,28,3.69,2,2,3,1,6,0,0,0,0,2,3,3,0,1
2,74,2.95,5,1,4,1,9,1,1,2,2,3,1,0,1,1
0,89,3.19,9,0,1,1,9,0,1,4,3,1,0,0,3,1
8,83,2.32,7,0,4,1,7,0,3,2,2,1,0,4,0,0
0,12,3.97,9,0,3,0,2,1,3,1,2,4,1,1,2,0
11,67,3.31,0,1,0,0,6,0,4,3,4,0,4,4,2,1
1,82,2.16,6,1,0,0,8,1,3,1,1,4,1,1,4,1
9,76,2.85,1,1,4,0,4,1,1,1,0,3,4,1,3,1
4,70,2.43,1,1,1,0,5,0,1,1,2,2,2,3,1,1
14,17,3.61,5,2,2,0,9,1,0,1,0,0,0,3,3,1
14,7,3.46,1,0,3,0,6,1,1,2,1,4,0,0,0,1
2,75,2.1,0,1,3,1,6,1,1,0,2,4,2,3,2,1
3,85,2.09,0,2,1,0,9,0,1,2,1,4,3,4,3,1
3,66,3.01,4,2,1,1,3,1,1,0,1,3,4,2,1,0
0,58,2.42,3,0,2,1,3,0,0,0,1,3,3,4,4,1
10,77,3.77,7,1,3,0,1,0,0,4,3,0,0,4,1,1
12,63,2.28,7,2,1,1,6,0,1,2,1,4,4,2,0,0
7,33,3.81,1,1,3,1,9,1,2,2,3,3,1,2,2,1
9,81,3.04,6,0,1,0,1,0,3,0,2,4,2,3,1,0
4,77,2.49,1,2,0,0,2,1,0,2,4,2,0,0,0,1
6,36,3.52,4,2,2,1,3,0,2,2,3,2,3,4,1,0
13,5,3.83,3,1,0,0,6,0,2,0,0,2,0,3,0,0
6,24,3.46,2,2,3,0,9,1,2,2,4,0,2,2,2,1
0,86,2.59,9,2,0,0,1,0,3,1,3,0,1,1,4,1
3,44,3.46,6,1,1,1,1,1,2,2,4,3,4,1,4,1
13,75,2.99,7,1,4,1,3,0,1,0,1,1,4,2,4,0
3,69,2.33,3,0,3,0,4,0,2,1,0,2,0,0,0,1
9,60,2.73,4,1,4,0,8,1,3,3,3,1,0,0,2,1
1,20,3.62,3,0,2,0,1,0,3,2,2,4,1,3,2,1
8,50,3.02,4,2,1,1,3,0,1,2,1,0,1,3,3,1
8,77,2.31,8,1,3,1,0,0,1,2,2,4,3,1,1,0
3,62,2.03,1,2,3,0,2,0,1,0,4,4,1,0,2,1
9,48,2.39,3,0,0,0,1,0,1,0,3,3,0,2,3,1
10,0,2.29,6,1,0,1,4,1,2,3,0,0,3,2,4,1
11,45,2.77,2,0,4,0,2,1,4,2,4,1,0,1,4,1
14,79,2.9,1,1,4,0,3,1,3,2,4,0,3,3,1,1
12,3,2.96,8,2,1,0,8,0,2,4,1,0,0,3,4,1
10,80,2.75,2,2,2,0,4,1,2,4,0,4,0,0,2,1
11,5,3.41,8,2,4,1,2,0,0,4,2,1,1,3,2,1
6,64,2.84,0,1,0,1,0,1,3,1,2,2,1,4,1,0
1,29,2.24,0,0,0,1,2,1,4,2,1,0,1,4,3,0
4,76,2.95,3,1,3,1,6,1,2,0,3,3,1,2,4,1
11,18,3.56,9,2,3,1,8,1,4,3,4,3,4,1,0,0
6,49,3.39,1,0,3,0,9,0,1,4,1,2,2,3,4,1
11,28,3.68,3,1,2,0,0,0,0,0,1,3,1,4,2,0
9,69,3.36,2,0,2,1,2,0,2,4,3,1,1,1,4,0
5,51,2.34,6,1,2,0,5,0,3,2,3,1,4,1,1,1
11,60,3.13,6,2,3,0,0,0,4,4,0,2,1,3,0,1
9,71,3.32,2,1,4,1,7,0,0,2,3,1,1,2,2,0
9,35,3.8,4,1,1,0,3,1,0,2,4,1,3,4,3,1
7,42,2.58,2,0,3,1,8,0,3,4,2,2,0,0,3,0
7,87,3.71,2,1,4,1,2,1,1,0,3,4,1,3,4,0
1,27,2.94,5,1,4,1,7,0,4,4,1,1,3,1,3,0
6,71,2.98,4,2,2,0,5,0,4,0,2,1,1,1,1,0
2,64,2.0,2,1,0,0,3,1,2,4,0,3,0,1,2,1
8,48,3.02,7,0,1,0,9,0,3,1,0,3,0,4,0,1
7,62,2.18,8,2,3,0,4,0,4,0,3,1,3,4,1,1
5,47,2.68,5,1,2,0,4,1,0,4,1,3,2,4,2,1
9,42,3.35,5,0,0,0,2,0,4,2,1,4,3,4,4,0
13,52,3.1,1,0,0,1,5,0,1,0,3,4,4,0,1,0
11,45,2.38,7,0,1,0,2,0,1,3,3,4,0,0,1,1
3,79,2.21,8,0,0,1,3,0,0,1,0,0,4,0,2,0
9,35,2.04,0,2,1,1,7,0,4,2,1,4,0,1,3,1
1,36,3.06,9,2,3,1,7,0,4,0,1,0,4,2,1,0
11,59,2.57,0,2,0,1,7,0,4,4,1,0,4,1,2,0
5,33,3.96,6,2,0,1,3,0,3,1,4,0,4,0,0,1
14,13,2.86,7,0,2,1,8,1,3,1,0,0,2,1,3,1
2,3,2.8,1,2,2,1,2,0,0,1,3,4,0,3,2,0
11,32,3.53,3,0,2,0,9,1,4,4,1,1,4,4,3,1
9,63,3.68,8,2,2,1,0,0,2,3,3,0,0,3,4,1
3,45,2.2,9,1,4,1,2,0,3,3,1,1,1,2,2,1
1,36,3.34,8,0,0,0,6,0,0,4,0,0,4,4,1,1
9,86,3.67,4,0,4,0,7,0,0,3,3,4,1,3,4,1
9,9,3.82,9,2,0,1,4,1,0,2,4,3,4,0,4,0
9,20,2.17,1,1,3,0,4,1,3,2,3,3,0,3,1,1
4,81,2.51,5,2,3,0,9,0,0,1,4,4,0,2,1,1
4,20,2.59,4,2,3,0,3,0,3,2,4,4,3,0,2,1
12,56,2.05,7,2,2,0,2,1,1,1,3,2,0,2,1,0
2,58,3.99,8,2,2,1,0,1,3,2,4,4,0,0,1,1
14,23,2.57,1,0,1,0,4,0,4,1,0,2,2,3,0,1
4,66,3.32,8,0,4,1,4,1,4,3,0,2,0,3,2,1
0,50,2.3,6,0,3,1,8,1,3,2,2,4,4,0,3,1
11,22,2.22,3,2,3,0,9,0,3,1,0,2,2,0,1,1
4,71,2.48,8,1,0,1,9,1,4,0,1,4,0,1,3,0
3,36,3.13,1,0,4,0,5,0,4,4,1,2,4,4,0,0
10,18,3.67,3,1,3,1,0,0,2,3,4,4,3,1,1,1
11,54,2.07,2,1,4,0,8,0,2,2,4,3,3,2,3,0
13,34,2.11,4,2,4,0,4,0,2,0,2,2,3,4,3,0
14,83,2.67,2,1,3,1,0,1,3,3,2,3,0,1,3,1
2,1,3.73,1,0,4,1,5,0,0,2,0,1,3,3,2,1
12,62,3.1,4,2,3,0,2,0,3,4,4,0,2,1,1,0
10,42,2.97,4,1,3,1,3,0,2,1,4,3,3,0,2,0
5,38,2.63,3,1,3,1,5,1,4,3,1,0,3,0,2,1
3,16,2.38,5,1,2,1,0,0,0,3,1,4,3,3,0,0
12,81,3.46,5,1,4,0,8,1,0,3,1,1,4,0,0,0
8,23,3.74,5,0,1,0,8,1,1,1,2,0,3,4,3,0
11,20,2.41,4,2,1,0,9,1,2,3,0,4,1,1,1,1
8,4,2.11,0,2,3,0,7,0,2,0,3,2,0,3,3,1
10,32,3.81,5,2,1,0,8,0,1,4,1,2,4,0,3,1
9,19,3.79,7,2,1,1,6,1,3,2,2,3,4,0,1,0
6,39,3.29,8,0,3,1,7,1,0,3,4,2,1,2,3,1
4,47,3.59,6,1,3,1,6,0,2,4,3,3,3,3,1,1
2,67,3.11,8,0,3,1,4,1,4,2,3,4,0,0,4,0
14,45,2.31,2,2,4,1,3,1,3,3,2,2,1,4,2,0
5,41,3.85,8,1,3,1,0,1,1,0,0,2,2,1,4,1
3,48,2.47,3,0,4,0,8,0,3,1,1,2,2,1,1,1
2,8,2.53,0,0,4,1,3,1,1,0,1,1,2,1,4,1
7,50,2.24,0,0,0,1,2,1,4,3,1,0,3,0,3,1
8,11,2.07,3,2,3,1,6,1,1,0,2,2,3,4,3,0
6,14,2.24,3,2,3,0,3,1,4,4,2,4,3,1,4,1
11,31,3.22,6,0,4,0,8,1,4,1,3,3,3,3,3,1
10,9,3.64,8,2,3,1,8,0,1,2,1,1,4,2,0,1
11,17,3.13,1,0,4,1,8,1,2,3,3,4,3,4,2,0
8,78,3.0,0,2,4,0,5,1,2,2,4,3,4,2,4,0
5,20,2.31,7,2,0,1,0,1,4,2,1,2,4,1,2,0
8,71,3.53,3,2,4,1,8,0,0,3,0,3,2,0,3,0
13,88,3.63,1,2,4,1,2,1,3,0,0,0,3,2,0,1
13,7,2.95,9,0,0,1,5,0,0,2,1,0,3,4,2,0
11,76,3.56,5,2,2,1,4,1,2,0,2,0,4,1,2,0
6,60,2.65,7,1,1,1,4,0,2,1,2,3,3,1,0,0
9,43,2.91,5,2,4,1,0,1,0,4,3,4,2,2,2,0
9,33,2.38,6,1,2,0,5,0,3,0,0,3,1,2,1,0
2,89,3.93,4,1,0,1,6,0,3,1,1,3,1,1,0,1
4,34,3.14,3,0,2,0,3,1,4,2,0,4,2,4,0,0
9,3,3.2,6,2,4,1,9,1,1,2,0,3,1,1,3,0
9,4,3.7,8,2,3,1,3,0,1,1,2,1,4,4,3,1
0,34,2.2,7,2,2,0,0,1,3,1,3,0,1,0,4,1
14,21,2.93,7,2,0,0,1,0,0,3,1,4,1,4,2,1
2,30,3.53,2,2,3,1,7,1,3,0,4,0,0,0,1,1
11,56,3.87,2,0,2,1,0,1,0,4,1,3,1,4,2,0
6,87,2.33,4,0,4,0,9,1,0,3,1,3,0,1,2,1
12,67,3.07,8,1,4,0,7,1,4,2,1,1,4,1,0,0
2,27,2.26,2,0,1,0,8,1,0,1,1,1,1,3,2,0
0,62,3.41,1,1,2,0,9,0,1,3,1,0,2,0,3,1
6,56,2.31,1,2,2,1,4,0,0,0,1,2,4,4,0,1
14,18,3.66,8,1,4,0,7,0,1,3,3,4,2,2,4,1
2,55,2.82,3,1,1,1,6,0,4,3,2,3,0,2,4,1
6,55,2.48,3,2,3,0,1,0,1,2,3,3,1,3,1,1
1,24,2.26,1,1,3,1,3,1,4,2,0,2,1,0,3,1
5,46,3.72,5,2,1,0,9,0,0,3,3,2,1,3,4,0
13,55,3.07,0,2,0,1,8,0,3,4,3,0,1,2,3,0
12,62,2.15,5,1,3,0,2,0,3,0,2,1,2,1,0,0
12,43,3.31,4,2,4,1,0,1,3,0,0,0,4,4,1,0
1,38,2.78,7,1,4,0,0,1,0,1,1,0,1,3,0,0
4,61,3.2,9,2,3,0,7,1,1,4,0,0,4,3,3,1
10,78,3.06,1,2,3,0,5,1,0,3,3,4,3,3,1,1
10,85,2.58,8,2,2,1,1,0,1,2,0,0,3,3,0,0
6,68,2.12,8,0,4,0,0,0,4,3,4,2,2,0,2,1
14,1,3.9,6,2,3,1,0,0,1,3,4,1,3,3,3,1
4,9,3.39,6,2,0,1,1,0,2,3,0,0,2,2,3,1
5,23,3.13,4,2,4,1,8,1,4,1,4,2,2,1,3,0
0,56,3.75,3,1,0,0,4,1,3,1,2,0,4,3,1,1
12,22,3.33,2,0,4,0,9,0,3,2,0,0,4,0,1,1
7,62,3.57,7,2,1,1,7,1,1,0,0,4,3,2,0,1
13,48,2.61,1,2,4,0,3,0,2,4,0,0,0,1,4,0
10,12,2.82,0,1,0,1,1,0,1,4,4,2,1,1,0,1
4,33,3.54,2,0,2,1,6,0,3,0,1,4,0,4,4,1
11,52,2.85,6,1,3,1,1,1,1,4,1,2,0,4,2,0
5,17,2.84,1,1,2,1,6,1,4,0,1,4,4,1,0,0
3,6,2.77,0,0,1,0,8,1,1,3,4,2,2,1,1,1
3,77,2.87,9,1,3,1,1,0,2,0,0,3,2,2,4,1
3,31,2.6,5,0,2,1,2,1,0,0,1,4,3,0,3,0
6,46,2.28,1,1,3,0,4,1,2,3,2,2,4,0,4,1
2,59,2.05,7,1,3,0,9,0,4,4,1,2,2,0,4,0
3,66,3.95,7,1,4,0,5,0,4,1,4,2,2,0,3,1
6,22,3.99,6,1,0,0,3,1,4,3,3,2,4,4,2,1
10,52,2.88,9,0,2,0,4,0,0,0,4,4,3,1,0,0
12,62,2.47,4,1,3,1,1,0,0,1,4,1,0,1,2,0
4,41,2.04,9,0,2,0,7,0,3,3,0,3,1,1,2,1
1,13,2.65,2,1,1,1,6,0,2,1,3,4,2,0,0,1
9,57,2.3,3,1,3,1,0,0,3,0,2,4,4,1,3,1
8,82,2.54,4,1,2,1,9,1,2,1,4,3,4,2,1,0
8,17,2.79,2,2,1,1,1,0,4,4,3,4,3,3,2,1
4,21,2.39,2,1,3,0,0,0,4,0,4,0,4,4,0,0
13,0,2.24,8,0,0,0,9,1,0,3,3,1,2,4,0,0
6,33,3.34,6,0,0,0,8,1,1,1,2,4,4,0,2,1
14,69,3.02,3,2,3,0,6,1,0,3,4,4,4,2,1,0
1,7,2.05,0,1,4,1,4,0,2,0,2,1,0,2,1,1
10,29,2.22,1,1,4,0,2,0,2,0,2,1,4,1,1,0
10,3,3.63,6,0,0,1,3,1,3,4,3,2,3,3,1,1
9,59,3.92,1,1,4,0,4,0,1,2,1,1,4,4,1,1
9,12,3.67,6,1,4,1,7,1,4,4,0,0,2,0,3,1
7,54,3.99,1,1,3,1,1,1,3,4,2,0,1,2,0,0
1,80,2.1,3,1,0,1,1,1,4,4,4,2,0,1,3,1
12,37,3.45,4,1,4,1,5,0,1,3,3,3,1,0,0,0
5,37,2.12,4,2,1,0,4,0,3,3,4,4,0,1,0,0
1,63,2.33,4,2,1,1,9,0,2,3,4,2,2,1,1,0
7,33,3.0,3,1,2,0,6,1,1,0,3,2,3,1,4,0
9,53,2.42,4,0,3,1,7,1,1,1,2,4,3,0,3,0
9,62,2.38,1,2,2,1,8,1,1,3,3,0,4,0,0,0
2,73,2.09,5,0,3,0,4,0,4,3,4,2,0,2,3,1
0,75,2.73,3,2,1,1,0,0,0,2,0,3,4,0,1,0
7,14,3.38,8,0,4,1,0,1,0,3,4,1,1,2,3,0
9,37,3.3,7,1,4,1,2,1,0,4,0,3,2,0,0,1
2,18,2.9,0,1,1,1,2,0,2,0,2,0,0,1,0,1
7,81,2.14,6,2,3,1,3,0,3,1,2,3,3,0,0,0
13,70,2.57,8,2,2,1,0,0,4,1,3,3,4,2,0,0
6,75,3.77,5,1,4,0,7,1,4,3,1,4,3,4,0,0
1,52,2.2,5,0,3,0,6,0,2,2,4,0,1,4,2,1
9,9,3.18,6,1,4,1,0,0,0,4,2,3,3,1,4,0
14,89,2.68,0,2,3,0,6,1,2,1,3,0,4,0,1,0
8,75,3.64,2,2,1,1,1,0,3,4,4,1,3,2,4,0
0,78,3.54,9,1,1,0,8,1,0,2,2,2,4,0,4,0
4,61,2.8,1,2,0,0,9,1,2,1,2,3,3,4,2,1
0,51,3.71,3,2,3,1,4,0,2,2,3,1,1,2,2,0
0,69,3.62,0,1,2,0,4,1,2,0,0,1,2,2,1,1
13,56,3.11,7,2,1,0,6,1,0,4,2,0,1,2,4,0
7,85,2.58,3,0,2,0,4,0,0,1,4,2,4,1,2,1
11,61,3.68,8,0,4,0,6,1,2,3,1,2,0,4,0,0
13,80,2.13,8,0,2,0,4,0,0,4,3,2,3,4,1,0
6,79,3.54,9,0,3,1,6,0,0,1,3,2,0,3,0,1
6,75,2.02,0,2,1,1,4,1,3,2,3,3,0,3,1,0
7,49,3.68,5,0,0,1,7,1,0,4,2,0,4,1,0,0
8,54,2.67,1,0,4,1,4,1,3,0,2,3,2,1,0,0
2,8,2.25,6,1,2,1,5,0,1,4,4,4,2,2,0,1
8,34,3.38,0,1,1,0,7,0,4,1,3,0,0,3,4,0
12,36,2.47,5,1,4,1,4,1,1,1,3,1,3,0,0,1
3,29,3.49,8,1,2,0,3,1,1,1,1,3,0,1,0,1
8,0,2.34,0,0,1,0,0,1,3,4,4,2,2,0,2,0
1,11,3.45,6,2,3,0,0,0,0,3,2,2,4,0,2,1
13,70,3.49,2,0,1,1,5,0,2,2,1,4,1,0,3,0
9,52,3.93,7,1,1,1,7,1,0,0,0,0,3,4,2,0
1,62,3.36,4,2,2,1,5,0,4,2,3,4,0,2,4,1
1,52,3.52,0,2,3,0,1,0,0,4,2,4,2,2,2,0
13,74,3.45,2,1,2,0,7,0,4,0,0,0,3,1,0,0
2,0,3.01,9,2,4,0,3,0,4,4,0,0,0,0,2,1
10,63,2.92,8,2,3,0,6,1,0,2,4,2,1,0,1,0
8,38,3.3,1,0,0,1,6,1,3,1,1,3,3,0,1,1
6,61,2.18,1,2,1,0,5,1,2,3,1,2,2,1,4,0
1,17,3.37,2,1,0,1,2,0,2,2,1,2,1,2,1,1
0,69,3.82,4,2,1,0,3,0,3,1,3,0,3,0,4,0
8,3,3.94,2,1,2,1,3,0,4,2,0,4,4,3,2,1
11,40,3.84,0,0,3,0,0,0,3,4,0,1,3,0,3,0
6,49,2.5,4,1,1,0,0,1,0,1,3,4,1,2,0,0
9,45,2.62,4,2,3,0,2,1,0,2,0,1,2,1,2,0
14,14,2.48,1,0,0,1,6,1,4,0,0,1,0,2,2,0
6,12,3.42,9,2,1,0,7,0,2,4,0,1,1,0,3,0
5,15,2.43,7,0,1,1,1,1,1,0,0,1,1,3,4,1
11,1,3.11,7,1,0,1,1,1,1,4,3,2,1,4,3,0
3,7,3.13,4,1,4,0,2,1,4,3,1,4,2,3,3,1
7,58,3.35,3,2,0,1,1,1,0,4,2,2,4,4,1,0
2,25,2.23,2,2,3,1,9,1,3,4,0,1,3,0,0,1
13,36,2.97,3,2,2,1,0,0,0,4,3,0,0,4,1,1
2,37,2.45,5,1,0,1,5,0,4,0,3,4,0,0,2,0
5,44,3.57,4,2,4,1,4,1,0,4,2,3,4,3,1,1
5,37,3.15,6,2,0,0,8,1,2,1,2,1,0,1,4,0
2,64,2.51,6,1,1,1,6,0,0,0,1,0,3,2,1,1
11,20,3.04,4,2,0,1,2,0,4,0,3,4,3,2,0,1
10,76,2.41,8,0,4,0,3,0,4,4,0,2,3,4,4,1
4,32,3.6,0,2,1,0,0,1,4,0,2,0,2,1,3,0
13,52,2.43,4,0,3,0,2,0,4,0,3,1,4,1,1,1
2,5,2.54,1,2,0,1,2,1,1,3,1,4,3,3,0,1
2,24,3.61,3,0,1,1,8,0,2,4,0,2,0,1,1,1
4,12,2.93,4,1,4,1,5,0,0,4,4,3,3,1,2,0
6,21,2.85,3,1,0,0,2,0,2,3,0,1,2,4,1,0
1,70,2.1,7,0,0,1,0,0,0,1,4,0,4,4,3,1
2,46,2.61,3,1,3,1,8,1,4,0,0,0,0,2,0,0
7,67,2.55,4,0,4,0,4,0,3,2,3,3,0,3,1,0
1,17,2.07,9,0,2,1,1,1,1,1,2,2,1,3,2,1
12,3,2.74,2,1,3,0,9,1,3,4,0,1,4,4,2,1
4,7,3.25,8,0,3,0,9,1,3,1,2,1,0,1,2,1
6,82,2.03,8,2,2,0,2,0,4,3,2,1,2,3,2,1
12,65,2.73,1,0,4,1,1,0,1,4,3,3,2,0,0,0
2,59,3.52,7,0,0,1,2,1,3,4,2,3,3,4,3,1
13,56,3.39,7,0,4,0,9,0,4,3,2,4,1,2,0,1
3,81,3.15,3,0,1,1,0,1,2,3,1,2,0,3,2,1
10,47,3.44,1,1,1,1,4,1,1,2,3,0,0,2,4,0
14,21,3.21,9,1,1,1,5,1,1,0,1,0,3,3,2,1
14,24,2.78,8,0,3,0,2,1,1,3,3,4,4,4,2,0
4,37,3.25,7,2,4,0,2,0,2,2,4,0,1,4,2,1
11,47,2.32,9,0,4,0,8,1,3,2,1,1,4,0,2,1
14,24,3.69,6,2,2,1,2,0,2,2,4,0,3,1,4,0
12,23,3.12,6,1,3,0,7,1,0,4,4,1,2,0,3,0
8,85,2.68,7,2,3,0,1,0,1,3,2,3,2,3,0,0
13,55,3.81,8,1,3,1,3,1,0,2,4,1,1,2,4,1
9,85,2.82,2,1,3,1,1,1,2,1,3,2,4,2,4,1
0,37,3.26,5,0,4,0,1,1,2,4,3,1,4,1,4,0
12,58,2.24,0,0,3,0,1,0,2,2,1,2,4,3,1,1
8,48,3.12,3,2,4,0,7,0,1,1,1,1,2,3,2,0
0,28,2.72,6,0,2,0,3,0,3,0,4,2,3,4,4,1
6,68,2.52,1,2,3,0,7,1,4,1,4,4,4,4,4,1
13,1,4.0,0,2,2,1,3,0,0,1,1,1,2,0,0,1
13,71,3.21,3,1,0,0,6,1,1,4,2,3,1,4,4,1
9,13,2.71,0,0,0,0,3,0,1,2,0,1,0,2,3,0
0,12,3.56,1,0,2,1,0,1,0,2,0,0,3,2,1,1
13,61,2.23,3,1,3,0,8,1,4,0,0,4,3,4,1,0
2,25,2.43,8,2,0,0,7,1,4,1,1,3,1,0,1,0
8,80,3.78,4,0,3,1,5,1,2,3,4,3,0,0,3,1
10,64,3.2,9,1,1,1,9,1,1,1,1,4,0,2,1,0
14,26,2.66,8,0,3,1,9,0,0,3,0,2,1,1,4,0
7,37,2.41,1,1,1,1,6,1,3,3,3,0,0,2,3,0
14,76,3.56,9,1,2,0,6,1,3,1,2,2,3,3,0,0
2,85,3.01,2,0,3,1,2,1,2,4,3,2,4,0,1,1
11,0,3.78,3,2,2,0,7,1,3,3,2,2,4,0,1,0
13,64,3.4,4,1,1,1,9,1,2,4,4,3,1,0,0,0
14,36,2.2,9,2,0,0,0,0,1,1,2,2,2,3,4,0
0,33,3.29,5,1,1,0,4,1,1,4,0,3,2,0,3,1
5,41,3.72,7,0,1,1,0,0,1,1,4,4,1,0,1,0
13,60,3.66,8,1,3,1,3,0,2,1,0,0,3,0,2,1
13,33,3.34,3,1,3,0,8,1,4,2,3,0,3,3,4,1
0,82,3.36,7,1,0,0,4,0,2,2,0,1,2,0,4,1
3,77,3.55,1,1,1,1,7,1,4,0,1,4,1,2,2,0
14,88,3.3,3,0,0,0,3,0,0,1,1,2,1,4,3,0
0,4,2.26,4,1,3,1,8,0,0,1,4,3,0,0,3,0
14,66,2.27,6,0,2,0,1,0,3,4,0,2,4,2,2,0
4,9,3.18,6,1,3,1,2,0,3,0,1,0,0,1,3,0
5,53,3.61,5,2,3,0,8,1,2,0,3,1,4,1,2,1
8,67,3.15,5,1,0,0,6,1,2,3,0,3,0,4,2,1
3,72,3.26,9,0,3,0,4,1,4,3,3,3,4,4,0,0
12,4,3.97,8,1,1,0,8,0,4,1,1,1,3,4,2,1
8,23,2.41,6,1,2,0,0,0,1,4,4,3,3,1,0,0
9,49,2.69,8,1,4,0,7,0,3,2,3,4,1,4,4,0
11,47,3.9,5,0,2,1,5,1,2,3,4,3,1,1,4,0
8,40,3.65,0,2,3,1,9,0,2,3,2,2,4,2,4,0
7,8,2.95,9,1,3,0,0,1,4,4,0,2,1,2,1,0
6,27,3.04,5,1,3,1,7,0,3,4,4,0,1,0,0,1
2,65,2.95,8,2,3,0,3,0,2,3,2,0,2,0,1,0
0,73,2.45,1,1,2,1,3,0,3,1,0,2,3,2,4,1
12,77,3.24,1,2,1,0,9,1,1,3,4,4,2,0,1,1
5,6,2.85,9,2,1,0,0,0,2,4,0,4,2,2,4,0
8,4,2.8,6,0,2,0,0,1,4,2,4,3,3,4,3,1
0,64,2.11,3,0,4,0,8,0,1,1,2,1,3,1,1,1
11,79,2.83,6,1,1,1,5,0,0,0,2,1,3,4,2,1
10,42,2.85,2,2,0,1,0,0,2,4,1,0,3,2,3,0
5,14,2.58,9,2,4,0,4,1,4,1,2,2,3,2,3,1
2,88,2.61,9,2,0,1,8,0,4,2,1,3,0,1,0,1
11,89,3.46,3,2,4,0,8,1,1,3,3,4,4,1,3,1
11,54,3.48,9,1,2,1,5,1,0,3,0,1,2,1,1,1
6,73,2.55,9,1,3,0,2,1,3,2,0,1,4,0,4,1
7,74,3.23,6,1,0,0,1,1,4,4,3,1,3,2,0,1
7,43,3.14,0,1,1,1,5,1,3,2,4,4,2,2,3,1
9,83,2.42,0,1,2,0,1,0,0,3,3,3,1,3,2,1
3,50,3.69,7,1,3,1,3,0,3,1,1,4,4,1,0,1
4,7,4.0,2,1,2,0,5,0,1,4,4,2,4,1,1,0
6,66,3.2,3,0,4,1,4,1,0,3,3,0,4,1,1,0
10,40,3.8,9,2,1,1,9,1,2,3,0,0,0,0,4,1
10,38,2.54,5,0,1,1,7,0,4,4,2,4,3,2,4,1
3,39,2.66,9,0,2,1,1,0,1,0,1,4,0,0,2,0
10,73,2.12,6,1,2,0,9,0,0,2,3,4,4,2,1,1
7,54,2.74,1,0,2,0,6,1,1,0,1,2,4,3,3,1
3,13,3.35,2,0,3,0,8,1,2,4,3,4,4,4,2,1
14,30,3.25,8,0,0,1,8,0,2,3,2,2,0,4,1,0
11,81,2.71,8,2,4,1,6,0,2,3,1,4,0,3,3,1
10,38,3.63,0,0,4,1,0,1,0,3,1,0,0,1,3,1
3,69,2.58,7,1,4,1,6,0,0,2,1,4,3,0,3,0
3,79,2.26,1,2,1,1,9,0,0,0,0,2,0,2,2,0
11,51,3.1,2,1,0,0,5,1,3,4,4,4,1,1,2,1
6,76,3.17,3,1,0,0,7,1,4,4,4,0,4,1,0,1
2,83,2.68,2,1,2,1,5,1,4,3,0,1,1,1,1,1
8,59,2.8,5,1,2,1,4,1,4,4,0,0,0,1,2,1
3,13,2.42,8,0,2,1,9,1,3,1,0,0,1,2,3,1
4,83,3.28,2,0,2,1,4,0,4,3,3,0,3,2,1,1
0,37,3.74,7,2,3,1,9,1,3,3,3,2,2,2,1,0
2,22,3.03,4,2,4,0,9,0,3,4,0,4,0,4,0,1
7,57,2.31,6,1,1,0,1,0,3,0,4,2,2,3,3,1
4,59,2.62,0,0,3,0,7,1,3,1,3,3,1,4,2,1
13,8,2.27,0,0,4,1,9,1,4,0,1,3,4,4,2,1
13,49,3.03,4,2,1,1,3,0,2,3,0,4,0,2,0,0
4,54,2.2,6,0,2,1,2,0,3,3,0,0,0,3,3,1
3,83,3.4,7,0,0,0,0,0,2,1,3,4,3,4,2,1
1,9,2.79,1,0,1,1,8,1,0,2,0,0,0,4,4,1
11,30,2.57,5,2,2,0,3,0,3,1,4,1,2,4,2,0
5,69,2.43,9,1,0,0,6,0,4,0,2,4,1,2,4,1
3,30,3.89,7,2,2,1,2,1,1,2,3,3,0,3,2,0
9,56,2.57,3,1,2,0,2,1,2,3,2,0,3,0,4,1
9,7,2.48,4,0,1,0,5,0,3,3,3,1,3,0,2,0
5,75,2.49,4,1,0,1,9,0,2,1,3,4,3,4,0,1
8,56,2.81,1,1,3,1,6,0,3,4,3,3,4,2,2,1
12,18,2.11,7,0,2,1,6,1,1,4,0,2,3,0,3,1
6,13,2.11,6,1,3,1,5,1,4,1,0,3,3,4,4,1
5,77,3.92,1,1,1,1,3,1,2,3,2,4,0,4,4,1
9,0,3.6,3,2,1,0,3,0,2,0,0,4,2,0,1,1
5,49,3.88,0,1,3,1,1,0,4,1,0,3,4,1,2,1
2,14,2.66,9,0,0,1,2,1,2,2,1,3,0,1,0,0
10,11,3.01,4,1,1,1,0,0,3,1,0,2,4,1,3,1
0,82,3.12,2,0,2,0,3,1,0,0,0,2,4,1,2,1
6,34,3.69,9,1,4,1,5,0,1,4,1,1,3,1,3,0
6,55,3.12,4,2,2,1,7,1,0,0,1,2,0,2,2,1
3,52,2.23,0,1,1,1,7,1,3,0,3,4,2,1,4,1
5,72,2.77,2,1,3,1,4,1,2,0,3,4,3,1,2,0
5,46,2.43,1,0,0,0,2,1,1,3,3,0,0,1,0,0
6,88,3.1,1,2,3,1,4,0,3,3,0,4,1,0,0,1
1,18,3.54,8,1,4,0,4,0,1,4,3,3,3,0,1,1
11,8,2.65,4,1,1,0,0,1,1,4,4,4,1,3,0,1
4,29,3.24,3,2,3,1,2,1,0,4,1,4,3,2,0,1
7,0,2.07,3,1,0,0,5,1,0,2,1,3,0,2,2,1
7,25,2.14,5,1,2,1,9,0,4,0,2,4,1,4,3,0
10,57,3.47,0,2,1,1,1,0,1,1,1,2,3,4,0,1
13,62,2.77,5,1,3,0,7,0,2,1,4,0,0,2,1,1
13,56,3.58,5,0,0,1,5,1,2,1,0,3,4,3,3,1
2,51,3.59,7,1,3,0,5,0,2,4,3,1,0,1,4,0
2,65,2.74,0,0,2,0,7,0,4,0,2,3,0,2,2,0
1,78,2.41,0,0,1,0,5,1,2,0,2,0,2,1,0,1
14,32,3.58,9,1,2,0,7,1,0,1,1,3,4,4,3,1
0,86,2.38,7,1,2,0,4,1,4,3,0,3,4,2,4,0
0,42,3.33,8,1,0,0,3,1,1,3,3,4,0,3,0,0
4,43,2.96,4,1,1,0,3,1,1,3,1,4,1,2,1,1
13,78,3.12,1,0,1,0,6,1,2,2,2,1,0,0,4,0
1,52,2.39,1,2,1,0,3,1,4,2,4,0,1,3,3,1
0,14,2.37,7,0,1,0,8,0,4,3,4,4,3,1,0,1
1,26,3.68,9,0,4,1,1,0,3,0,1,1,2,2,1,0
3,55,2.55,4,1,3,0,9,0,1,0,2,4,1,2,2,1
1,6,3.57,2,1,3,1,3,1,1,2,4,4,1,2,4,1
13,65,2.75,7,0,3,0,4,0,2,3,3,2,1,1,0,1
11,62,2.22,3,2,4,0,5,1,1,2,4,1,3,0,0,1
12,79,2.17,1,0,4,1,1,0,4,2,3,0,4,1,4,1
9,19,3.69,1,2,0,0,4,0,2,4,0,4,4,2,0,1
9,27,2.89,3,0,4,1,9,1,0,0,0,1,3,1,1,1
13,34,2.35,1,1,1,0,8,0,2,2,1,1,2,3,0,1
9,5,3.25,3,2,0,0,5,0,4,3,4,3,4,0,4,1
7,0,3.06,7,1,4,1,5,1,4,0,2,2,1,1,4,1
4,86,3.26,0,1,1,1,2,1,1,4,4,2,2,0,3,0
8,36,3.03,7,0,0,1,6,0,3,3,3,2,3,4,0,1
4,36,2.68,4,0,1,0,2,0,0,1,3,2,4,1,4,1
14,89,3.64,1,2,4,0,0,1,0,2,1,4,4,0,1,0
10,34,3.24,6,1,1,0,4,0,0,2,1,1,0,1,4,1
4,13,3.87,2,0,3,1,1,1,0,2,4,2,0,4,0,0
14,35,3.46,1,1,2,0,9,1,2,3,3,4,4,1,2,0
3,57,3.04,5,0,3,0,0,0,0,0,3,3,3,1,1,1
9,83,3.3,5,1,0,1,3,1,3,4,0,0,2,1,2,1
12,0,3.59,7,1,0,1,4,1,1,0,2,1,1,0,2,0
6,42,2.9,3,0,3,0,6,1,0,0,4,1,1,2,1,1
5,51,2.41,5,2,3,1,9,1,4,1,0,1,3,4,3,1
7,87,2.8,5,1,0,1,4,0,4,2,1,3,0,4,1,0
8,85,2.93,1,1,1,1,3,0,0,4,2,0,1,3,1,1
0,23,3.14,7,0,0,0,1,0,4,1,2,2,2,2,2,0
11,71,2.64,2,0,4,1,6,1,0,4,4,1,1,3,0,1
7,57,2.82,6,1,1,0,4,0,1,1,1,0,2,1,3,1
10,82,2.28,3,2,0,0,5,0,2,0,2,0,2,4,2,1
9,73,3.4,1,1,3,1,9,1,3,0,4,4,3,3,3,0
6,81,2.56,6,2,4,0,7,1,2,3,0,0,0,4,1,1
4,67,3.77,9,0,3,0,4,1,2,1,3,3,0,3,3,1
5,85,2.59,8,1,4,0,8,1,4,0,2,4,4,3,3,0
9,36,2.05,9,2,0,1,0,1,4,2,1,3,0,1,4,0
8,47,2.99,0,0,3,0,6,1,2,3,2,3,4,0,1,0
1,74,3.18,9,1,1,0,2,1,1,1,3,4,3,4,3,0
1,53,2.55,1,2,3,0,6,0,3,1,4,3,3,3,3,1
4,59,2.33,6,1,1,0,7,1,3,1,3,2,2,0,4,1
0,55,3.45,4,0,4,1,7,0,1,3,4,2,1,3,1,0
11,87,2.66,6,2,0,1,3,1,2,4,4,2,3,1,1,0
0,14,2.08,2,0,4,1,3,0,1,1,0,0,2,0,2,1
0,65,3.88,9,1,1,0,3,0,4,2,2,2,2,0,2,1
4,77,2.09,7,1,4,0,7,0,0,4,1,2,4,3,4,1
4,84,2.43,4,0,4,1,3,0,4,1,3,3,4,4,3,1
9,29,2.6,8,2,3,0,6,0,4,1,3,3,3,0,4,0
1,85,2.26,2,0,1,1,4,1,4,4,4,2,1,4,4,1
6,28,3.81,5,1,3,0,9,1,3,3,0,2,3,3,3,0
13,31,2.21,2,0,2,1,6,0,1,4,0,4,4,0,4,1
9,85,2.92,0,1,2,1,5,0,4,3,1,3,0,0,1,1
4,75,2.88,6,2,1,1,1,0,4,1,0,4,3,1,1,1
13,3,2.83,7,0,2,0,3,1,4,1,3,2,2,3,1,1
2,53,2.51,1,1,3,0,5,0,3,2,0,3,3,1,1,1
8,74,2.81,5,0,3,1,3,0,1,3,1,0,3,1,2,1
14,77,2.36,4,0,0,0,8,0,4,2,3,1,0,3,1,1
8,23,3.85,7,1,4,0,5,1,4,0,4,1,0,0,3,0
7,77,3.71,2,1,3,0,5,0,2,0,4,3,4,0,1,1
12,39,2.79,6,0,4,1,3,1,1,2,0,3,1,3,0,1
14,78,2.15,9,2,3,1,2,0,3,4,4,0,0,0,0,1
11,46,3.72,3,0,0,0,9,0,4,0,4,1,1,1,3,0
8,3,2.49,7,2,0,0,6,0,2,0,3,0,4,4,3,1
10,13,2.26,5,2,0,0,6,1,2,0,4,0,4,3,3,0
5,83,2.1,4,1,1,1,9,1,2,4,0,3,3,1,1,0
11,27,3.78,0,2,4,0,8,0,4,0,4,0,2,2,0,0
3,34,3.33,4,1,2,1,5,0,0,1,3,1,0,3,0,0
10,31,3.34,7,2,3,0,3,1,4,1,4,3,0,1,1,0
14,18,3.16,1,2,4,0,0,0,1,3,1,2,2,2,2,0
6,2,2.49,3,0,0,1,7,0,0,2,3,0,4,2,3,0
12,69,2.61,4,1,3,0,6,1,2,0,2,4,2,2,4,0
5,39,2.76,4,2,0,0,7,0,2,3,1,3,3,0,1,0
7,44,2.53,3,2,0,0,7,0,2,2,0,4,4,3,1,1
3,84,3.47,2,1,3,0,7,0,1,0,3,3,2,1,1,0
8,49,3.13,3,1,3,1,9,1,0,1,4,2,1,2,3,1
6,39,3.83,2,1,1,1,6,0,3,2,2,4,2,3,1,1
8,14,3.73,0,1,0,1,0,0,4,0,0,0,4,1,1,1
14,22,3.36,8,0,2,1,1,0,2,1,3,3,4,2,3,1
11,78,3.06,5,2,1,0,1,1,1,1,2,1,1,1,0,0
7,79,2.85,2,1,1,1,1,0,3,0,3,2,4,4,4,0
12,24,3.41,3,2,0,0,5,1,1,4,0,4,3,4,3,1
0,17,2.78,7,2,0,0,2,0,2,3,4,2,3,3,3,0
14,65,2.88,4,1,1,1,6,0,0,2,1,2,0,1,4,0
11,80,2.55,8,1,0,1,8,0,1,0,1,2,4,1,4,0
4,17,3.85,3,2,1,0,9,1,3,3,1,2,4,4,1,0
7,55,3.49,3,0,0,0,1,0,1,1,2,4,2,0,0,0
7,78,3.21,5,2,2,1,3,0,1,3,4,3,0,2,2,1
12,12,3.11,4,2,2,1,1,0,3,1,3,4,0,1,3,1
8,24,2.9,7,1,0,0,3,1,3,2,4,2,3,4,1,1
7,31,3.36,7,0,4,0,2,0,2,1,2,3,0,1,0,0
13,79,2.18,9,2,1,0,9,1,4,1,0,1,2,1,0,1
0,8,2.2,2,1,4,1,3,0,1,1,1,3,2,1,2,0
5,23,3.47,2,1,0,1,0,1,3,1,2,3,3,3,0,0
4,14,2.57,5,2,4,0,9,0,1,1,2,1,4,1,4,1
13,34,2.13,2,1,2,0,4,1,1,3,4,1,3,2,2,1
1,86,3.04,8,2,4,0,6,1,1,4,4,0,4,2,2,0
6,88,2.46,5,0,4,0,1,1,0,2,3,1,3,2,2,0
4,57,2.47,5,0,4,0,2,0,1,4,4,1,4,4,2,0
4,38,2.35,7,1,3,1,7,0,0,2,1,4,4,0,4,0
9,35,2.57,1,1,4,0,7,1,2,3,1,2,1,3,3,1
0,22,3.63,5,2,2,1,1,1,2,1,4,1,2,1,3,0
6,20,3.55,7,2,4,0,7,0,0,2,1,3,4,0,4,1
1,80,2.53,2,2,4,1,9,1,0,0,0,2,4,0,0,0
2,86,3.74,3,1,1,0,3,0,0,0,4,0,4,2,3,0
12,61,3.38,5,1,4,0,9,1,2,1,0,4,3,2,3,0
2,14,2.47,0,0,4,0,4,0,3,3,2,4,2,3,2,0
0,63,2.23,5,1,4,1,6,1,0,1,3,0,4,0,4,1
1,45,3.04,9,1,3,1,9,0,0,3,3,4,4,0,3,0
0,88,2.08,7,1,0,0,1,0,0,4,0,0,1,2,3,0
8,74,3.88,2,2,0,1,5,0,0,2,2,0,1,1,2,1
11,24,2.69,8,0,0,1,6,1,4,4,0,0,3,3,2,0
12,82,3.71,8,2,4,1,7,1,2,1,4,2,1,3,3,0
4,74,2.8,8,0,3,0,8,0,4,1,4,2,4,0,3,0
3,67,2.54,7,2,0,0,4,0,2,0,0,3,2,1,2,0
6,10,2.37,4,2,1,0,3,1,2,3,3,2,3,2,1,0
10,44,2.96,0,1,4,0,4,1,2,0,3,4,4,2,0,0
1,72,2.9,6,2,0,1,4,0,0,2,1,0,2,1,2,1
7,30,3.93,1,2,3,0,7,1,2,0,0,2,2,1,4,0
12,75,2.73,7,1,1,0,6,1,4,0,3,0,2,4,1,1
5,84,3.25,0,1,0,0,0,1,4,2,1,1,1,4,3,1
1,64,3.88,0,1,0,0,4,0,2,0,0,2,1,3,1,1
13,80,2.93,9,0,3,1,6,1,4,3,2,4,0,3,3,0
10,23,2.57,8,1,0,0,1,1,3,1,2,0,4,0,2,0
11,41,3.5,4,1,0,1,7,1,1,2,0,4,3,1,0,0
3,70,2.61,5,2,2,0,8,0,2,2,2,3,4,0,1,0
0,33,3.02,4,2,0,0,9,0,0,2,3,4,0,3,3,0
0,21,4.0,6,1,2,1,6,0,2,0,2,4,1,2,1,0
12,22,3.38,2,2,0,0,8,0,3,1,1,0,2,4,1,1
0,9,3.21,2,1,0,1,6,0,3,2,2,2,0,3,4,1
0,1,2.79,5,0,4,0,2,0,1,4,0,0,2,2,2,1
1,46,3.19,4,0,4,1,4,0,1,0,0,3,2,2,0,1
4,3,3.28,2,2,2,0,9,0,0,1,0,1,3,3,1,1
12,50,3.84,4,1,3,0,5,1,4,0,4,3,4,1,4,1
0,46,3.3,1,1,3,1,5,0,4,3,3,0,1,2,2,1
14,15,2.08,5,2,0,0,2,0,1,3,3,4,4,0,0,0
10,43,2.68,0,0,4,0,4,0,1,3,2,4,3,2,2,1
3,87,2.43,9,1,3,1,8,1,4,4,3,2,4,4,3,0
4,89,3.6,6,2,2,0,6,0,3,3,0,3,2,3,2,0
5,16,3.39,0,2,0,1,3,1,3,3,4,0,1,1,0,0
11,67,2.68,6,2,3,0,9,1,1,0,2,1,1,3,2,0
10,12,3.91,3,1,1,1,0,1,3,3,0,4,1,2,4,1
2,42,2.03,6,0,3,0,4,0,0,4,0,4,4,4,4,0
1,55,3.29,1,0,1,0,6,0,1,2,4,3,3,3,2,1
3,11,2.62,8,0,1,0,2,0,0,0,1,3,1,0,3,0
8,4,2.04,5,0,1,1,4,1,2,0,1,3,4,0,1,0
8,50,2.11,5,0,1,1,0,0,4,2,1,0,4,0,2,0
11,26,2.44,8,2,2,0,1,0,0,3,4,1,4,2,3,1
1,48,2.31,7,0,4,1,6,0,3,0,2,4,4,3,3,0
2,49,3.01,2,0,1,0,0,0,0,4,4,0,4,0,0,0
1,82,2.38,2,1,4,0,8,0,0,4,4,1,0,1,2,1
4,18,3.56,3,0,0,0,1,1,0,4,2,2,0,2,0,0
3,84,3.69,5,2,4,1,0,1,0,2,4,1,2,0,1,0
6,78,3.59,3,0,1,0,7,0,1,4,3,0,1,0,0,1
13,26,3.61,4,1,1,0,2,0,0,2,2,3,2,2,2,1
2,84,3.16,3,0,1,1,1,1,2,3,0,3,0,4,2,1
3,29,3.86,9,2,4,0,6,1,1,4,2,3,4,3,0,1
2,79,3.83,8,2,1,1,4,1,1,2,3,0,4,2,1,1
9,50,3.24,9,0,0,0,8,1,1,0,0,3,0,4,4,1
3,33,2.66,9,2,3,1,1,0,0,2,2,3,4,2,0,1
6,61,3.79,8,0,1,0,6,0,4,1,2,2,3,3,0,1
7,66,3.64,4,1,0,0,7,1,2,0,3,1,3,3,1,0
0,47,3.1,7,2,3,1,1,0,1,1,1,4,3,1,1,1
3,84,3.16,5,0,4,0,0,1,2,4,3,4,2,3,0,1
5,70,2.99,9,0,3,1,9,1,0,2,4,0,1,3,1,1
7,11,2.66,7,0,4,1,9,0,2,1,3,4,0,3,3,0
13,37,3.22,6,1,1,1,3,0,0,2,1,0,4,1,0,1
7,49,2.69,9,0,1,1,9,1,4,0,2,4,4,3,1,1
9,19,3.78,4,1,2,1,6,1,1,0,4,2,3,1,1,0
11,45,2.1,3,1,3,0,9,0,4,2,0,2,1,4,4,1
10,23,2.67,8,2,1,0,4,1,2,4,2,2,4,1,1,0
4,88,2.24,2,1,4,0,4,0,3,4,0,0,4,2,0,1
0,33,2.13,5,1,4,1,3,0,0,1,2,2,3,4,1,1
12,21,3.2,3,2,3,0,0,0,4,3,2,3,1,4,4,1
6,75,2.68,7,1,1,0,0,1,2,2,4,2,3,0,2,1
7,82,3.64,6,1,2,0,4,0,4,3,3,4,4,0,2,1
1,85,3.05,5,2,0,0,0,0,1,3,1,4,2,0,0,1
4,73,2.46,4,0,3,0,0,1,3,4,4,0,1,1,3,1
4,27,3.51,1,1,4,1,7,1,2,3,4,3,3,0,1,0
14,46,3.9,5,0,1,1,6,0,4,3,2,1,4,0,1,1
8,14,3.77,5,1,0,0,6,0,3,2,4,2,3,3,0,1
7,81,2.03,4,2,3,1,5,1,3,2,0,4,0,2,4,0
11,56,3.76,7,0,0,1,9,0,3,1,3,4,0,2,2,0
4,8,2.78,2,0,3,0,3,0,3,1,1,0,1,1,4,0
8,85,3.94,3,0,3,0,3,1,0,2,1,0,4,3,4,1
6,66,2.02,1,0,4,0,3,1,0,4,4,0,1,1,2,1
12,83,2.84,5,1,0,0,5,1,4,2,4,0,2,2,4,0
0,88,3.59,6,0,3,1,2,1,1,0,4,0,0,0,4,0
0,39,2.8,7,2,2,0,1,1,3,1,1,1,1,0,0,0
0,73,3.83,0,2,4,0,4,1,2,1,4,2,3,4,4,1
12,20,2.13,5,2,4,1,9,0,1,1,3,1,1,3,0,1
12,88,2.71,7,2,4,0,9,0,0,3,4,0,3,3,0,1
6,29,3.53,2,0,3,1,1,1,2,3,1,0,3,2,0,0
7,86,2.27,4,0,1,0,4,0,3,4,4,3,4,3,3,0
12,82,3.74,5,0,0,0,6,1,2,4,1,4,0,2,2,0
10,54,2.73,0,1,3,0,2,0,2,2,4,4,1,3,3,0
1,20,2.39,0,1,1,0,5,1,3,0,1,3,3,3,2,0
9,24,2.34,1,2,2,0,7,1,1,0,4,3,0,4,1,1
10,2,2.89,1,2,4,0,5,1,0,1,4,0,4,4,3,0
14,11,3.5,7,0,3,1,7,1,4,0,2,2,3,2,0,1
4,20,2.2,3,2,0,0,6,1,2,0,4,1,3,2,4,1
2,79,3.47,1,1,1,0,8,0,0,0,4,0,1,3,2,1
3,35,3.1,1,2,2,1,1,0,3,1,0,1,1,0,0,1
7,4,3.47,3,1,2,0,7,1,1,0,1,3,0,3,3,1
0,32,2.33,1,0,3,0,7,1,1,0,3,4,1,4,3,0
5,60,2.5,3,0,2,1,9,0,4,2,0,4,0,4,2,1
2,67,2.2,8,2,2,1,5,0,1,4,1,2,3,1,3,1
0,11,3.96,2,0,3,0,8,0,4,2,4,4,0,1,3,0
14,71,3.06,0,1,1,1,3,1,3,2,4,2,4,2,2,1
13,63,2.79,4,0,3,1,6,0,4,4,4,0,1,1,0,1
4,20,2.21,1,0,4,1,9,0,2,3,0,3,4,3,1,0
6,45,3.23,0,0,2,0,8,0,2,3,3,0,3,2,1,0
11,7,2.61,4,0,0,1,8,1,0,3,3,3,2,0,1,0
8,29,3.19,8,0,4,0,0,1,3,0,3,2,2,4,1,0
6,1,3.41,5,1,1,1,1,1,0,3,1,0,1,1,4,0
0,50,2.01,1,2,2,0,6,1,0,0,0,4,3,4,2,0
11,88,2.62,5,2,3,1,3,1,4,0,4,1,1,1,2,1
4,33,2.59,0,2,3,1,3,0,0,0,1,0,1,4,2,0
13,59,3.03,9,2,0,0,3,0,3,3,3,2,0,0,3,1
10,75,2.22,7,0,4,1,7,1,1,4,4,3,0,4,3,1
9,70,3.11,8,1,1,1,8,0,1,0,2,1,1,4,2,1
7,77,3.25,4,1,2,1,9,0,0,0,3,0,4,0,1,0
2,71,2.72,5,0,3,0,2,0,0,0,1,2,4,3,0,1
3,52,2.81,5,1,2,0,0,0,0,0,4,4,2,1,1,0
2,50,3.41,3,0,4,0,6,0,0,2,2,4,0,2,1,0
13,20,3.61,4,1,0,0,6,0,2,0,2,1,3,0,4,1
4,30,2.13,0,2,1,0,6,0,2,2,4,2,4,1,3,0
5,29,2.35,1,0,4,0,0,1,2,0,3,2,2,0,4,1
9,34,3.69,7,1,2,0,9,1,4,0,1,2,2,4,1,1
7,26,2.74,1,0,3,1,4,1,0,0,0,0,3,4,3,1
5,68,2.31,0,1,0,0,4,0,3,0,0,0,4,2,0,1
4,19,2.5,1,2,2,0,8,1,1,3,0,3,2,3,0,1
6,85,2.81,6,0,4,1,1,0,4,2,2,2,2,1,3,1
9,41,3.2,1,0,1,1,1,1,4,2,1,3,2,1,1,0
14,0,2.81,1,2,4,0,3,1,0,2,1,0,2,2,3,0
3,32,3.87,4,2,4,1,3,0,4,2,0,1,4,1,2,0
3,77,3.52,5,2,1,0,1,1,4,0,3,3,1,0,2,1
4,51,2.45,9,2,4,0,2,0,2,2,0,0,4,3,3,0
5,21,2.43,6,1,1,1,5,1,2,2,0,0,2,4,3,1
14,45,3.46,7,0,4,1,6,1,1,4,0,0,3,1,2,0
9,37,2.73,5,1,0,1,9,0,4,0,0,3,2,2,0,1
3,66,2.27,0,0,3,1,4,0,3,2,2,1,1,1,1,0
10,31,3.25,8,1,1,1,8,0,1,2,4,1,4,3,1,0
11,45,2.35,4,1,1,1,1,0,3,1,1,3,0,1,1,0
9,57,2.52,2,2,2,1,6,0,4,2,2,4,3,2,2,0
2,64,2.07,1,1,1,0,7,1,4,3,0,1,0,0,2,0
5,73,3.77,2,2,2,0,4,0,0,0,2,2,0,4,3,1
4,89,3.8,1,0,2,1,9,1,0,3,2,3,3,3,4,1
7,26,2.61,9,1,4,1,4,1,0,4,3,0,4,2,1,1
0,44,3.7,4,0,2,0,3,1,3,4,2,4,3,2,3,0
14,81,3.73,5,0,4,0,6,0,1,2,1,0,4,1,1,1
3,22,2.07,2,0,3,1,7,0,3,4,3,2,1,3,1,0
4,59,2.05,0,2,0,0,9,0,4,1,4,1,0,3,1,1
5,26,2.94,5,0,1,1,8,0,2,1,3,0,1,2,3,0
3,83,2.43,5,2,0,0,8,1,0,3,0,3,3,1,2,0
10,10,3.38,1,2,4,1,0,0,4,3,2,1,2,1,1,0
7,5,2.63,1,0,2,1,5,0,0,4,1,2,3,4,3,1
8,75,3.15,7,1,0,1,1,1,3,0,2,1,2,0,2,0
5,41,3.3,3,1,2,0,6,0,4,3,2,1,0,3,4,0
1,48,2.21,7,1,0,1,8,1,0,1,3,2,1,0,2,1
9,39,2.22,8,1,3,0,8,0,0,0,4,3,0,2,1,1
3,69,3.18,8,1,3,0,4,1,3,2,0,1,1,0,0,1
7,50,4.0,6,0,3,0,8,1,0,2,0,0,2,1,2,1
0,18,2.38,6,0,1,1,9,1,2,3,3,1,2,2,2,0
7,5,3.56,6,0,3,1,7,0,3,4,4,1,1,0,0,1
6,23,2.32,1,0,4,1,9,1,2,1,3,2,2,4,3,0
2,3,2.01,7,2,1,1,9,0,4,2,0,3,0,0,1,1
8,52,3.42,9,1,2,0,4,0,3,1,2,2,1,0,0,1
14,4,2.27,6,1,3,1,1,1,2,4,1,0,4,4,0,0
12,30,2.56,5,0,1,0,0,1,1,3,3,1,4,1,4,0
3,7,3.56,2,0,2,1,4,0,4,3,3,0,3,0,1,1
14,15,2.1,1,0,2,0,4,1,1,3,1,3,2,2,3,1
1,52,2.45,2,2,0,1,8,1,3,2,3,0,2,1,0,1
9,35,2.97,0,1,0,0,8,0,1,4,4,3,4,3,3,1
8,73,3.39,0,0,2,1,2,0,3,0,1,0,0,2,2,1
6,20,2.48,5,0,0,1,9,1,1,1,3,0,1,4,0,1
2,82,3.48,2,0,4,0,7,0,1,0,0,3,1,4,2,0
5,86,3.88,5,2,2,0,4,0,4,0,2,1,3,3,0,0
10,52,2.93,8,0,4,1,2,1,2,4,0,3,4,2,3,0
7,79,3.73,7,2,4,1,5,1,2,2,4,0,3,0,2,1
14,75,3.62,2,2,4,0,3,1,3,2,1,4,4,0,3,0
11,50,2.46,6,0,0,0,8,0,2,4,0,3,2,4,4,1
2,14,3.69,4,1,2,1,7,0,1,1,0,1,0,2,4,1
5,73,3.38,6,0,2,1,7,0,4,0,0,2,1,3,1,1
0,47,2.55,7,2,2,1,6,1,3,3,3,3,3,2,3,1
9,77,3.76,8,2,3,1,6,1,1,2,0,4,4,4,4,1
7,80,3.39,3,2,0,0,7,0,2,4,2,4,2,3,0,1
12,30,3.36,8,0,4,1,4,0,2,3,4,0,2,3,1,0
5,71,3.81,4,2,0,1,2,1,4,1,2,0,2,1,4,1
9,81,2.07,5,0,1,0,2,0,4,2,3,4,2,0,0,1
8,41,2.21,9,0,0,1,9,1,0,4,1,3,4,4,3,0
5,58,3.5,1,0,0,1,4,1,3,1,3,1,4,0,2,1
10,51,3.22,0,2,3,1,9,1,3,0,0,3,0,4,0,1
10,76,3.86,1,2,1,1,4,0,1,1,1,1,4,1,4,1
11,80,3.19,1,2,2,0,3,1,4,0,1,1,0,0,4,0
12,49,3.42,6,0,1,1,8,1,3,4,0,4,3,0,3,0
2,34,3.77,8,2,0,0,6,1,2,3,1,0,3,0,4,1
6,49,3.78,7,0,0,1,9,1,0,1,0,3,0,2,1,1
8,75,3.51,7,1,3,0,3,1,0,4,2,1,4,1,4,0
8,39,3.71,6,0,2,1,2,1,2,4,2,2,0,3,0,1
1,38,3.73,8,0,1,1,8,0,3,3,1,4,0,1,1,1
0,64,3.67,5,2,0,0,4,0,4,4,4,0,2,1,2,0
10,72,3.21,1,1,3,0,1,1,0,2,1,0,4,1,3,0
4,44,2.85,8,0,3,0,8,0,1,4,4,0,3,4,3,1
9,87,3.08,5,0,3,0,5,0,3,3,4,3,3,3,4,0
6,31,3.57,8,0,1,0,9,1,1,0,4,0,2,3,1,0
4,55,2.47,6,1,4,0,9,1,2,3,4,3,2,0,1,1
7,73,3.34,6,2,0,1,0,0,4,1,1,4,3,0,1,1
1,13,2.34,2,1,0,1,3,1,4,3,2,2,2,0,0,0
14,84,3.38,6,1,3,1,2,1,3,1,4,0,3,1,0,0
14,32,3.69,3,0,0,0,7,1,1,3,1,4,2,3,0,1
12,51,2.36,9,1,2,0,5,1,0,0,4,4,0,3,0,1
10,70,3.8,5,2,1,0,7,1,2,0,2,2,4,1,4,0
13,9,3.03,9,0,0,1,2,0,0,4,1,3,4,0,2,0
14,16,2.65,3,1,2,1,1,0,2,2,0,4,3,2,2,1
11,35,3.52,6,0,0,0,3,0,4,1,4,0,3,2,0,0
0,18,2.74,1,1,4,1,1,1,4,2,1,1,2,0,1,0
12,1,2.87,5,1,4,1,1,1,0,0,4,4,4,0,0,1
13,11,2.02,1,1,3,0,1,0,4,1,4,0,1,2,3,0
12,33,3.45,6,0,3,0,6,0,3,3,0,2,4,0,0,1
12,20,2.85,8,1,3,0,8,0,3,3,3,2,1,3,1,1
5,7,2.41,1,1,1,1,5,1,4,2,2,2,1,0,1,0
6,85,3.93,5,1,0,1,4,0,4,2,1,0,4,0,2,1
5,16,2.12,8,1,0,0,3,0,0,2,0,0,0,0,4,1
14,23,3.34,0,2,2,0,7,1,4,4,1,2,2,4,0,0
8,49,2.64,8,0,0,0,0,0,3,1,4,4,2,1,3,0
8,18,2.96,0,2,1,0,6,0,0,1,1,2,0,1,2,0
5,74,3.29,5,0,4,1,0,0,4,2,1,3,3,4,4,1
9,5,2.32,2,0,1,0,6,0,1,1,3,2,3,1,3,1
0,30,3.85,3,0,3,1,2,1,0,4,4,3,2,0,3,0
11,50,3.89,7,1,2,0,2,0,4,3,2,4,0,1,2,0
1,70,2.36,2,0,0,1,0,1,1,1,2,0,1,3,3,1
1,62,3.51,9,1,2,1,5,1,4,0,1,2,3,0,1,1
7,42,3.99,3,0,3,0,5,1,4,3,0,1,1,2,3,1
9,24,3.44,8,2,2,0,9,0,0,3,4,3,1,3,3,1
0,34,3.78,7,2,2,0,7,1,0,2,3,3,4,0,2,0
12,80,2.55,2,1,0,0,8,0,0,2,1,4,0,4,2,0
4,68,2.93,0,1,0,1,2,0,3,2,1,1,0,1,2,1
10,47,3.6,6,1,2,1,2,1,4,4,0,3,2,3,1,0
6,47,2.28,9,0,3,1,5,0,2,2,3,2,2,3,0,1
7,37,3.89,4,0,0,0,1,0,2,3,3,4,1,4,2,1
6,12,2.73,9,0,0,0,9,0,2,4,2,2,2,4,2,0
1,43,2.13,3,1,4,0,0,0,4,1,2,3,2,4,3,1
2,87,3.92,7,0,3,0,1,1,4,4,2,0,3,2,2,1
0,81,2.24,5,0,3,1,9,0,4,0,2,2,2,3,4,1
9,11,2.67,8,2,4,1,9,1,0,1,2,1,3,4,0,1
3,83,2.76,1,1,0,1,3,0,1,2,4,2,4,3,0,1
13,40,3.31,4,0,0,0,1,1,3,2,0,1,2,4,0,0
10,72,2.95,8,2,2,1,4,0,2,1,0,0,1,2,1,1
8,28,3.59,2,1,1,1,0,1,2,1,3,3,2,1,1,1
2,72,2.17,1,1,2,1,0,0,0,4,0,0,4,0,0,1
5,62,2.62,4,1,3,1,3,1,0,2,3,3,0,4,2,0
3,36,3.66,4,0,1,1,5,1,4,0,3,1,2,4,4,0
10,40,3.64,8,2,1,1,5,1,1,3,0,1,4,4,1,1
5,79,2.86,6,0,1,1,9,0,2,1,2,3,4,0,3,1
3,5,2.39,1,2,4,0,4,0,0,1,0,0,0,4,0,0
13,37,3.72,4,2,3,1,9,0,3,1,3,4,0,4,3,0
1,76,3.56,5,0,0,1,4,0,0,4,1,2,0,3,2,1
3,69,3.35,9,0,3,0,0,0,0,2,3,2,2,0,3,1
5,71,4.0,5,0,2,0,0,0,3,3,3,1,3,1,3,1
4,31,2.7,0,2,3,1,5,0,4,2,0,4,0,0,1,0
12,81,2.77,7,2,3,0,3,0,2,0,1,1,1,2,2,1
2,45,2.03,5,2,2,0,6,1,3,0,0,3,1,3,0,0
2,14,2.85,5,2,0,0,0,0,4,4,3,3,0,3,4,1
5,19,3.3,5,1,3,1,3,1,2,1,3,0,3,2,3,1
6,69,2.02,4,0,2,1,7,0,1,0,2,4,3,4,0,1
2,63,3.77,2,1,1,0,9,0,0,2,3,0,0,1,0,1
14,26,3.57,4,1,0,0,4,0,0,0,0,1,4,2,2,0
9,50,2.84,9,0,3,0,5,0,0,3,4,0,0,3,0,0
0,6,3.16,2,2,0,0,3,1,2,2,3,3,4,4,1,0
9,61,2.32,2,0,2,0,6,0,2,3,2,0,3,2,2,0
11,74,2.33,7,2,0,1,8,1,4,1,0,0,2,3,2,1
7,54,2.37,3,0,0,1,0,1,3,1,3,4,2,0,2,1
14,1,2.67,3,2,3,0,3,0,2,1,1,1,1,1,3,1
1,25,3.64,3,2,0,0,2,0,4,3,1,1,3,2,0,0
2,39,3.65,8,0,3,0,4,1,3,0,0,2,2,3,2,0
8,61,3.68,6,2,0,0,4,0,0,1,4,3,0,4,2,0
0,66,2.8,8,2,0,0,5,1,0,1,3,1,3,4,4,1
11,10,3.74,1,0,4,0,4,0,2,1,4,1,1,0,2,0
14,29,3.7,3,2,0,0,1,0,0,3,0,3,0,4,3,0
13,10,3.03,8,2,1,0,8,1,4,2,0,0,0,0,4,1
8,32,3.41,2,2,1,1,0,1,1,4,3,3,1,1,1,0
12,25,2.49,6,0,0,0,0,0,4,0,4,1,1,1,4,0
7,46,3.82,8,0,1,0,3,0,4,1,3,3,0,3,3,0
3,88,2.22,6,2,1,1,2,1,3,1,0,0,2,2,3,1
13,58,3.95,6,1,3,1,2,1,1,3,3,2,1,0,2,1
4,43,3.72,1,2,1,1,6,0,3,4,1,3,3,3,2,1
8,48,3.68,2,0,2,0,6,0,4,0,1,2,1,2,4,1
14,5,2.54,7,1,2,1,3,0,3,2,4,0,2,1,3,1
1,40,3.82,1,1,4,1,2,1,4,0,2,2,2,1,2,0
6,89,3.92,6,1,0,0,9,0,2,2,4,1,4,3,1,1
7,28,2.85,4,1,3,0,2,1,2,2,4,4,4,3,0,0
13,59,3.25,6,2,3,0,9,0,3,1,1,1,3,1,3,1
0,53,3.04,1,2,3,0,9,0,4,3,3,1,0,2,3,0
7,27,2.82,2,2,0,1,0,1,4,1,0,2,1,1,0,0
2,77,3.0,3,2,0,1,2,1,3,2,4,0,3,3,3,1
8,52,2.71,0,1,4,1,9,0,3,0,0,1,4,0,0,0
1,20,2.65,4,1,3,0,3,0,3,1,0,0,1,1,0,1
0,67,3.66,9,1,1,1,3,1,4,1,1,0,4,2,0,0
6,40,3.99,8,2,1,1,1,1,0,0,1,1,2,3,3,1
3,12,3.03,0,1,4,0,3,0,4,1,1,4,3,0,3,0
13,75,2.36,9,0,3,1,7,1,2,2,1,3,4,2,0,0
14,56,3.8,8,2,4,0,2,0,3,2,0,1,2,3,1,0
0,17,3.96,7,1,0,0,6,1,2,4,3,1,1,3,3,1
4,81,3.62,9,0,0,1,0,0,3,2,0,3,2,4,4,0
0,18,3.38,3,2,0,1,9,0,0,4,4,3,2,2,0,0
1,64,3.34,5,0,3,0,7,1,2,2,0,2,0,2,1,0
0,56,3.31,4,2,0,0,8,1,2,4,0,2,0,4,2,1
14,58,3.3,3,1,4,0,9,1,3,4,0,0,2,0,1,0
0,60,3.3,6,2,0,1,9,0,3,1,1,4,3,4,0,0
5,0,3.42,2,2,0,1,0,0,3,2,1,4,0,2,3,0
12,66,2.03,2,2,4,0,7,1,0,3,4,1,2,1,0,0
8,70,3.73,3,2,0,0,5,1,3,0,2,2,4,3,3,1
11,18,2.37,1,2,0,0,6,1,0,1,3,1,2,2,2,1
10,35,3.25,5,2,3,1,6,1,3,2,3,2,3,2,2,0
12,46,2.78,8,2,2,1,6,0,0,3,0,4,4,2,2,0
8,78,3.31,1,1,4,1,7,0,1,4,2,4,1,4,0,1
4,52,3.64,4,1,3,1,6,1,0,0,2,2,1,0,1,0
13,84,2.09,0,0,1,0,6,1,4,3,0,3,4,1,3,1
9,81,3.8,5,0,3,1,6,1,0,4,2,0,0,4,4,1
3,64,2.43,7,2,4,0,5,0,3,0,0,2,4,1,2,0
2,84,2.7,8,0,1,1,4,1,4,4,4,0,4,2,2,0
13,79,2.63,1,0,4,1,5,1,0,1,4,0,3,3,3,1
13,1,2.17,3,2,0,1,1,0,1,1,0,3,2,0,4,1
5,54,3.76,5,2,2,0,2,1,2,1,4,2,4,3,3,1
6,39,3.37,2,2,0,0,7,1,2,1,0,0,3,3,2,0
0,5,3.91,3,1,4,1,6,1,4,4,0,0,2,0,4,0
3,45,3.39,1,2,2,0,4,0,4,3,2,4,0,2,0,1
5,67,3.12,9,2,0,1,8,0,0,4,0,1,1,4,4,0
11,7,3.08,1,2,3,1,2,1,4,4,3,1,1,0,2,1
9,63,2.86,1,0,0,1,5,1,3,4,0,3,3,0,4,1
4,1,3.09,2,0,1,1,6,0,0,4,1,3,2,2,4,0
2,54,3.57,8,0,0,1,7,1,1,4,1,0,2,1,1,0
11,32,2.74,7,1,2,0,6,1,0,4,0,1,4,3,1,0
11,31,2.12,4,1,0,0,1,0,4,0,2,2,0,2,2,1
6,59,2.13,3,2,3,0,9,1,2,1,4,4,4,4,2,1
1,26,2.18,3,2,1,0,7,0,3,2,1,0,1,1,4,1
3,24,3.66,3,2,4,1,7,0,0,2,1,0,4,0,1,0
12,80,3.53,6,1,3,1,3,0,4,0,1,0,3,0,0,0
3,46,2.19,8,2,3,1,9,0,2,3,1,2,0,1,4,1
13,11,3.7,5,1,1,1,3,1,2,1,2,0,0,2,4,0
5,71,3.86,1,2,3,1,6,1,0,1,0,0,1,2,0,1
1,77,2.38,9,0,1,0,6,0,1,1,1,0,3,3,0,0
1,33,3.78,5,2,3,0,5,1,0,1,1,2,0,1,3,0
2,66,3.01,4,1,4,0,2,1,0,2,4,3,2,2,0,1
14,40,3.8,8,0,2,0,5,1,0,2,1,2,1,3,3,0
11,11,3.28,4,0,3,1,3,1,4,0,3,4,1,1,0,0
1,7,3.41,5,2,0,0,4,0,2,1,2,4,4,4,4,1
4,24,3.23,3,0,4,0,6,0,3,3,0,1,1,1,0,1
4,74,2.08,2,0,0,1,9,0,1,1,3,2,0,1,4,0
0,10,2.33,1,2,0,0,5,0,4,2,3,0,3,0,0,0
1,42,3.5,8,1,0,1,8,0,2,2,4,0,3,0,4,1
4,9,2.48,9,1,4,1,1,1,0,2,0,0,1,2,1,0
5,67,3.25,4,1,1,0,7,0,0,3,4,0,3,3,1,0
1,12,3.3,4,2,2,1,0,1,2,4,0,4,1,2,3,0
4,56,3.44,4,0,0,0,7,0,0,1,2,1,0,1,3,0
13,54,2.37,2,2,3,1,7,1,0,2,2,4,1,1,3,1
14,56,2.05,1,1,0,0,5,1,2,1,0,3,2,3,3,0
13,26,3.28,3,1,1,1,7,1,4,1,0,2,1,0,1,0
14,19,2.21,1,1,0,0,2,1,4,3,0,0,3,2,2,0
10,45,3.85,8,2,3,1,3,1,3,4,2,3,1,3,1,1
8,2,3.84,8,2,2,0,8,0,1,3,0,3,3,3,0,1
10,25,2.95,4,0,0,0,8,0,4,0,3,4,0,2,0,0
10,42,3.62,5,1,0,1,3,1,1,3,3,3,3,1,0,0
14,19,2.67,2,2,2,0,1,1,1,3,2,3,0,1,2,0
12,10,2.35,3,0,4,1,7,0,4,3,0,1,3,0,1,0
14,26,3.8,1,0,2,0,3,1,3,2,4,0,0,1,4,0
5,46,3.16,3,1,4,1,1,1,4,2,3,1,4,3,1,0
14,49,3.62,6,2,0,1,1,0,0,4,2,1,2,2,3,1
3,63,3.6,1,0,1,0,3,1,4,3,1,0,2,2,0,0
14,28,2.61,3,1,4,1,5,1,3,1,3,1,1,2,3,0
8,4,2.41,5,1,2,0,0,1,4,0,2,2,2,0,4,0
10,9,3.92,9,1,1,0,1,0,1,3,0,0,3,4,4,0
13,57,2.3,3,2,3,1,6,0,3,4,4,4,3,3,3,1
4,10,3.83,8,0,1,0,4,1,1,0,4,3,1,2,1,0
0,70,3.92,9,2,4,0,8,1,3,4,2,4,0,2,1,0
1,63,3.35,9,2,2,0,7,1,4,3,4,3,2,4,4,1
2,71,2.45,5,2,2,1,6,0,1,2,1,4,1,2,3,0
2,2,2.3,6,2,0,0,4,1,3,2,4,4,1,0,4,0
6,43,2.94,1,1,2,0,6,1,3,1,4,2,1,1,1,0
12,27,2.5,5,1,4,0,1,0,2,1,0,4,4,1,0,1
7,47,3.26,8,1,4,1,6,1,4,3,0,3,1,2,3,1
6,86,3.57,7,0,0,0,9,0,0,3,4,2,4,0,2,1
12,51,2.52,5,2,1,1,9,0,4,4,4,2,2,4,3,1
2,17,3.15,5,1,0,1,9,0,4,3,2,3,3,3,3,1
9,69,3.51,1,2,3,0,7,0,4,0,0,3,2,0,2,0
6,88,3.83,3,2,4,1,1,0,2,0,2,2,4,4,4,0
9,14,3.39,2,2,1,0,9,1,4,3,2,2,1,0,2,1
9,38,2.93,6,1,4,1,1,1,0,4,2,4,0,4,3,0
1,31,3.21,1,0,0,1,9,1,4,1,0,2,2,4,3,0
3,28,2.66,9,0,4,1,3,0,0,4,4,2,4,0,1,0
5,32,3.99,5,2,3,0,3,1,0,2,3,3,3,3,3,1
12,34,3.64,4,1,0,1,0,0,1,4,0,1,3,4,4,0
11,87,2.29,6,2,0,1,1,0,4,2,3,0,1,2,0,0
2,11,3.71,4,2,3,1,6,1,4,2,2,0,1,0,3,0
10,66,2.64,1,2,4,1,1,1,0,3,3,0,4,4,4,0
14,11,3.39,9,2,2,1,6,0,2,0,1,4,2,4,2,1
2,47,2.66,3,0,2,1,6,1,2,2,4,1,2,0,4,1
13,19,3.91,3,0,3,0,4,1,1,0,1,1,3,2,0,1
0,18,2.66,3,1,3,0,6,0,2,1,0,2,3,0,1,1
11,38,2.84,8,2,4,1,9,0,1,2,4,1,4,0,4,0
13,67,3.47,4,0,0,0,5,1,4,2,1,2,3,1,4,1
1,78,3.39,7,0,1,0,5,1,4,1,4,3,2,4,3,1
2,74,2.12,1,2,3,1,5,0,0,0,4,4,3,2,3,0
8,52,2.78,2,0,0,0,9,0,4,4,4,0,1,3,1,0
12,80,3.96,3,1,2,0,7,1,3,2,4,1,3,3,3,1
7,40,2.57,6,2,0,1,7,1,2,0,2,1,3,3,2,0
13,75,2.18,1,1,4,0,1,1,0,2,2,4,3,2,2,0
4,6,2.29,8,2,1,1,4,1,1,2,4,4,4,2,1,0
12,41,3.21,8,0,3,0,3,0,4,0,0,3,1,1,1,0
3,14,3.54,3,0,1,1,5,1,1,0,2,2,0,2,3,0
0,52,3.12,0,1,3,1,8,1,2,1,3,2,0,4,3,1
6,89,3.24,6,2,4,1,9,0,0,4,3,0,0,3,4,0
9,9,2.65,2,0,1,0,4,0,0,0,4,2,0,1,3,1
3,83,3.07,6,2,1,1,2,1,0,3,1,4,4,1,3,1
14,62,2.88,6,2,2,1,8,1,0,0,1,3,0,1,3,0
10,49,3.6,0,2,4,0,1,1,1,1,3,0,1,4,2,0
4,22,3.29,5,2,2,1,2,0,0,3,4,0,0,2,1,0
14,3,3.53,4,0,1,0,4,1,3,4,2,4,1,0,4,0
6,25,3.21,7,0,1,0,8,1,1,0,2,0,3,4,2,0
2,10,3.24,4,0,0,0,8,1,2,1,0,1,4,4,4,1
5,7,2.16,1,1,4,0,5,1,4,3,1,3,0,3,3,0
6,52,2.05,9,2,3,1,0,1,1,4,0,2,4,1,1,0
9,73,2.96,1,1,0,1,0,1,4,2,0,2,3,0,2,1
3,9,2.18,6,0,1,0,0,0,1,0,1,3,3,4,0,1
4,32,2.25,8,0,4,0,3,0,0,3,2,3,4,4,1,1
7,56,2.94,9,0,2,0,3,1,3,4,0,3,0,3,3,0
1,22,3.65,6,1,3,1,3,0,3,4,1,1,0,0,4,0
1,70,2.09,2,2,0,1,7,1,2,4,1,0,2,0,4,0
7,40,2.61,3,0,0,1,2,1,4,0,2,2,2,3,2,0
6,27,3.52,5,1,4,0,6,1,1,3,2,0,4,3,4,0
11,21,2.0,9,0,3,1,5,0,1,2,4,3,3,2,4,0
3,24,2.42,5,0,3,0,7,1,0,2,4,4,1,0,0,0
3,70,2.55,4,1,1,1,4,1,4,3,3,3,2,1,2,0
14,13,2.23,0,0,1,1,3,0,0,0,2,3,1,2,1,1
10,1,3.09,7,2,2,0,0,0,2,4,2,4,3,3,0,1
5,19,3.01,2,1,3,0,7,0,3,3,3,0,2,3,3,0
3,41,2.29,2,2,4,0,6,1,1,1,3,2,0,4,0,0
7,21,3.59,1,1,4,0,7,1,1,3,4,2,0,0,0,1
0,71,3.92,5,0,1,1,1,1,1,4,1,3,4,1,2,1
12,61,2.93,7,1,0,1,8,1,3,0,1,0,2,4,2,1
13,78,3.54,6,0,0,1,1,1,3,3,0,0,2,3,3,1
13,21,2.42,8,2,2,0,9,1,3,2,4,3,0,2,2,0
11,71,3.11,7,0,2,0,8,1,3,3,0,0,3,0,0,1
9,54,2.78,8,0,3,0,6,1,4,0,1,3,3,3,1,1
14,67,2.56,3,1,1,0,2,0,4,1,1,0,3,1,4,0
11,70,2.93,0,0,0,1,9,0,3,4,0,1,3,2,1,1
2,45,3.37,5,1,0,1,3,1,2,2,4,3,1,4,0,0
0,43,2.85,8,2,1,1,9,0,0,0,4,4,3,3,1,1
4,7,2.96,8,0,0,1,4,0,0,4,0,3,3,1,2,1
12,38,2.42,8,0,2,1,7,0,3,4,1,0,2,0,0,1
14,54,2.73,4,2,3,0,5,1,3,4,1,3,3,3,3,0
14,39,2.47,9,1,4,0,7,0,1,2,1,1,2,3,4,0
11,46,2.12,9,1,3,0,2,1,2,0,4,4,3,0,4,0
11,44,3.51,6,2,2,1,0,0,4,0,1,3,0,0,1,0
14,38,3.66,1,0,4,1,5,0,3,4,4,1,4,3,4,0
7,5,3.2,4,0,4,1,9,0,2,3,3,1,1,4,3,0
3,21,2.27,4,1,1,1,1,0,0,4,1,4,1,3,0,1
4,44,3.8,4,1,4,0,5,0,2,2,1,2,2,4,1,1
5,40,3.78,9,1,3,1,8,0,4,1,3,0,1,2,3,0
12,32,2.52,0,0,2,1,0,0,1,3,0,2,1,1,3,0
3,67,3.09,4,2,2,0,0,0,2,2,1,3,1,4,4,0
1,44,2.08,9,1,3,1,4,1,0,1,0,0,2,4,4,0
12,56,2.94,0,2,3,1,1,1,0,3,0,3,3,4,1,1
9,46,2.37,1,1,4,0,1,1,2,4,1,3,3,1,0,1
10,63,3.92,9,0,4,1,6,0,4,3,4,2,1,0,1,1
12,42,2.46,8,0,3,0,0,0,0,0,3,3,3,1,0,1
3,80,2.92,8,0,3,1,0,0,4,3,3,4,2,0,2,1
1,71,3.41,5,2,4,0,1,1,1,1,2,3,3,4,0,1
9,78,3.08,5,0,3,0,1,0,4,2,0,4,0,2,0,0
14,19,3.63,4,0,3,0,9,1,2,0,0,2,3,1,3,1
0,73,3.72,4,1,0,1,7,0,3,4,3,2,1,2,2,0
10,54,2.16,2,2,0,0,2,0,1,2,0,1,2,1,1,0
7,5,3.05,5,2,1,0,1,0,4,2,0,2,3,2,2,0
9,64,3.11,0,2,1,0,3,0,1,1,3,4,1,1,1,0
10,84,3.82,8,0,0,0,0,0,1,3,1,1,4,4,0,1
4,28,2.13,5,1,1,0,9,1,4,3,4,2,0,1,3,1
11,14,3.23,4,1,2,1,1,1,4,0,3,0,1,2,0,1
10,59,2.49,6,1,0,0,6,1,4,4,2,1,1,0,4,1
9,50,3.65,8,1,2,0,9,0,2,0,4,1,2,0,3,1
13,71,2.16,2,0,4,1,8,0,1,2,0,0,3,2,1,0
12,54,2.61,2,2,3,1,8,1,0,3,4,3,1,2,1,0
12,68,2.24,5,2,3,1,7,1,3,0,1,4,4,2,3,0
0,59,2.38,5,2,2,0,4,0,1,4,3,2,4,4,3,0
14,15,2.58,4,1,0,1,1,0,3,1,4,1,3,3,2,0
6,87,3.21,8,2,3,0,3,0,2,2,3,3,1,0,0,0
12,47,2.83,9,2,1,1,9,0,4,2,1,0,4,1,1,0
13,35,3.47,6,0,3,1,3,1,0,4,3,1,4,1,3,1
12,1,2.31,6,2,2,1,1,1,2,1,1,2,3,2,0,1
4,52,3.33,5,0,1,1,3,1,0,0,1,3,3,0,2,1
9,78,2.55,7,1,4,0,5,1,2,4,3,1,1,4,2,0
6,8,2.76,7,0,1,0,8,1,3,0,3,0,0,2,3,0
9,57,3.59,3,0,3,1,3,0,3,4,2,3,4,2,2,0
5,14,2.87,2,2,2,1,6,0,3,3,4,3,1,0,0,0
14,23,3.0,9,0,0,1,5,1,4,2,2,0,2,4,4,1
11,63,2.72,8,2,3,0,4,0,0,0,1,2,2,0,3,0
10,28,3.85,8,2,2,0,4,0,0,0,4,1,3,2,2,0
0,57,3.14,5,0,1,0,3,1,1,2,0,0,0,3,1,0
10,12,3.46,4,2,2,0,0,0,2,4,4,1,0,3,1,1
4,88,3.34,6,2,4,1,9,1,3,3,2,2,2,1,0,1
1,3,2.85,4,2,0,0,1,1,1,1,1,0,4,0,3,0
13,27,3.73,7,2,4,0,7,1,4,0,0,4,1,2,4,0
2,56,2.77,1,0,2,1,8,1,2,2,0,1,0,0,3,0
5,54,2.5,9,0,0,1,9,1,1,4,2,2,0,2,3,1
11,28,3.18,7,0,0,0,6,0,1,0,2,4,4,1,0,0
0,5,3.15,3,1,4,0,4,0,0,3,2,2,1,3,0,0
0,48,2.37,1,2,0,1,6,1,1,3,3,3,0,0,0,1
13,42,2.86,3,2,3,1,3,0,1,1,3,4,4,4,2,1
11,87,3.97,4,2,3,1,2,1,3,3,1,0,1,2,2,1
6,86,2.72,5,2,2,0,1,0,2,3,1,1,1,0,0,0
13,38,2.78,6,0,1,0,6,1,4,4,0,4,1,1,2,0
12,57,3.83,4,0,3,0,0,1,3,1,3,1,0,4,3,0
9,56,3.21,8,2,4,0,9,1,2,0,1,0,3,2,4,0
8,78,2.63,7,0,1,0,7,1,3,2,0,3,3,2,3,1
10,13,2.64,3,0,4,0,6,1,1,1,2,2,0,4,3,1
1,36,2.51,2,2,2,1,0,1,3,2,0,3,3,3,2,1
11,4,3.11,1,0,2,1,8,1,1,0,4,4,1,4,0,0
7,50,3.25,7,2,4,0,0,1,3,3,3,0,0,4,2,0
12,34,3.73,5,2,0,0,3,0,3,1,1,1,0,2,3,1
4,54,3.61,9,1,3,1,4,0,1,1,4,2,3,3,1,0
3,57,3.07,6,0,3,1,2,0,3,4,3,0,4,4,2,0
8,0,2.12,6,1,2,1,6,0,2,3,2,3,3,0,0,1
6,8,2.55,1,1,1,0,3,0,3,3,1,4,2,3,3,0
1,87,2.05,3,0,3,0,3,1,1,1,0,2,0,2,2,0
13,11,2.59,6,2,2,1,6,0,3,1,3,4,3,1,0,1
5,73,3.41,5,0,1,0,5,0,3,4,1,0,0,4,4,1
9,24,3.16,9,2,0,0,1,1,3,3,3,3,3,2,4,1
11,50,3.82,3,0,4,0,5,0,4,3,1,1,1,1,3,0
8,54,2.33,1,2,2,0,4,1,3,3,4,4,4,1,0,1
7,4,2.97,2,1,0,1,4,1,1,1,3,3,4,2,1,0
4,65,3.32,6,2,0,1,5,1,4,1,3,0,3,3,2,1
14,89,2.17,9,0,1,1,1,1,4,0,4,0,0,4,0,0
10,49,3.87,5,1,4,1,5,0,4,0,1,0,1,2,0,1
12,71,2.07,0,2,2,0,9,1,0,4,3,3,0,2,3,0
2,20,3.69,3,1,3,0,9,1,1,3,2,1,1,4,0,0
4,47,2.0,9,2,4,1,4,0,4,2,0,4,0,4,2,1
3,57,3.64,9,0,1,0,0,1,2,0,1,1,3,2,3,0
2,64,2.94,1,0,4,0,8,0,0,3,4,2,3,4,2,1
10,18,3.06,2,2,4,0,6,1,0,1,4,2,1,3,2,0
10,2,2.12,5,1,1,0,1,1,0,2,3,4,4,0,3,0
12,25,2.64,5,1,2,0,6,1,0,2,1,1,4,0,2,1
11,62,2.75,9,1,3,1,6,1,0,4,3,1,2,4,4,1
5,26,3.05,1,2,4,0,2,1,4,2,4,3,2,2,2,0
2,41,3.39,0,0,2,0,6,0,1,1,1,2,2,4,1,0
1,54,3.24,3,1,0,0,0,0,4,2,3,0,2,0,1,0
6,45,2.41,7,0,3,1,5,1,3,2,3,4,0,3,3,1
12,1,2.76,6,0,0,0,1,1,1,2,2,1,1,3,1,0
11,83,2.21,5,2,4,0,4,0,1,2,4,1,2,2,2,1
3,7,3.96,4,2,0,1,7,1,4,4,4,4,3,4,0,1
5,7,2.9,2,0,1,0,4,1,3,4,4,3,2,3,0,1
2,54,2.75,9,2,4,0,0,1,0,1,0,2,3,1,3,0
3,89,3.32,6,2,1,0,8,0,0,3,1,0,3,2,4,1
6,31,2.37,4,1,1,0,5,0,2,0,0,2,0,2,0,0
9,70,3.77,3,0,1,0,3,1,0,0,0,4,3,4,2,0
1,10,2.31,5,0,0,0,3,1,3,4,1,4,1,2,4,1
1,77,3.78,4,0,0,0,4,0,4,3,3,0,3,2,4,1
13,64,3.66,4,0,4,1,6,1,3,2,0,3,3,0,4,1
11,85,3.14,9,0,1,0,0,0,0,2,4,1,3,0,0,0
7,89,2.29,8,0,0,1,8,1,3,4,1,3,0,0,1,0
4,61,2.75,5,2,2,1,4,1,2,4,2,3,2,4,4,0
7,37,3.96,3,2,1,1,7,1,2,0,2,0,2,0,0,1
5,86,3.62,3,1,4,0,6,1,3,2,0,0,2,3,0,0
2,1,2.84,2,1,0,0,0,0,0,2,1,2,0,0,3,1
11,64,3.52,8,1,0,1,5,1,3,3,1,1,1,4,2,0
3,68,3.83,0,2,1,0,3,1,0,3,2,4,2,3,1,1
6,35,2.84,6,1,3,1,1,1,3,2,2,4,0,1,4,1
3,15,3.85,5,1,3,1,7,1,3,2,3,0,3,1,3,1
13,48,2.76,9,1,0,0,3,0,2,0,1,2,1,2,2,1
8,82,3.53,5,0,0,0,0,0,4,3,0,0,0,4,4,0
12,82,3.44,7,0,0,0,8,0,1,1,3,0,3,1,2,0
1,54,3.78,5,0,1,1,9,1,3,4,1,4,0,4,1,1
2,7,3.47,7,1,2,1,1,0,2,2,2,3,2,3,0,1
7,60,2.71,1,2,4,1,5,0,0,2,4,1,2,2,3,0
2,38,3.15,2,1,2,0,9,0,1,2,4,4,2,3,0,1
9,49,3.58,3,2,4,0,9,1,3,2,2,2,4,3,3,1
14,55,2.3,7,2,3,0,3,0,1,0,4,0,3,3,2,1
1,53,2.67,2,1,0,0,1,0,3,0,0,1,2,2,2,1
5,51,3.69,7,1,2,1,9,1,2,0,0,4,0,0,2,0
2,70,2.01,2,0,2,0,4,1,4,0,2,1,1,2,0,0
6,46,3.99,6,0,1,0,7,1,1,1,1,1,0,0,4,1
4,44,3.04,9,2,1,1,6,1,2,1,1,4,0,2,2,1
3,82,2.69,1,2,0,0,1,1,3,0,2,1,2,1,3,1
12,75,3.94,1,2,3,0,2,1,2,2,3,0,0,2,3,0
14,55,3.93,6,2,0,0,4,0,3,3,4,0,0,0,4,0
6,80,2.3,8,2,4,1,5,0,4,4,0,0,4,4,3,1
12,30,3.21,8,1,0,1,9,0,3,3,3,1,2,4,4,1
0,32,3.62,1,1,0,1,8,1,3,0,2,4,1,0,4,1
11,7,2.71,9,0,2,0,3,0,4,3,1,4,1,3,2,1
13,1,3.68,7,1,3,1,4,0,4,2,1,0,1,2,0,0
2,86,2.6,7,1,2,1,5,0,1,4,3,3,0,0,3,0
3,0,2.49,2,1,1,1,2,0,3,0,0,3,3,4,0,0
2,79,3.02,8,1,3,1,7,0,2,1,4,3,2,3,4,1
3,33,3.29,5,2,1,1,9,1,4,1,1,3,0,3,0,1
12,7,3.67,4,2,2,0,0,1,1,3,3,0,3,1,1,1
12,57,2.09,4,1,3,0,3,0,4,0,1,2,0,0,0,0
3,77,2.03,0,1,1,0,7,1,2,0,4,3,2,0,4,0
11,8,2.04,0,0,1,0,6,0,1,1,3,3,0,4,3,1
11,74,3.79,4,0,3,1,3,1,0,1,0,1,3,3,4,1
8,70,2.72,7,1,1,1,7,0,4,1,4,1,0,3,4,0
3,20,2.92,1,2,4,1,7,0,2,3,1,1,4,3,2,0
6,66,3.61,6,0,4,1,2,1,2,4,0,1,4,4,0,0
1,1,3.42,3,2,4,1,2,0,4,2,2,3,1,2,0,1
1,14,3.07,7,0,3,0,2,0,1,0,4,3,3,1,1,1
3,7,3.22,6,2,4,1,5,1,1,0,2,3,4,4,3,0
8,60,2.48,0,0,2,0,8,1,3,3,2,3,0,1,2,1
2,27,2.02,9,2,1,1,8,1,1,0,4,4,3,4,3,0
11,44,2.28,5,0,0,1,2,1,2,1,3,0,3,3,2,1
13,85,3.62,4,0,4,1,8,0,4,1,2,1,3,3,2,1
5,34,2.3,4,2,0,1,0,0,0,4,3,2,1,4,3,1
14,73,3.82,1,1,2,0,8,0,0,4,4,4,3,1,4,0
13,73,2.55,5,0,2,1,8,1,2,2,2,1,4,1,0,0
1,89,3.1,0,0,4,0,4,1,0,0,3,1,2,4,0,0
9,53,3.6,4,2,3,0,8,0,1,4,1,0,0,4,3,1
3,73,3.58,1,1,0,1,8,1,0,3,2,4,2,4,4,0
6,50,3.14,2,1,3,0,5,1,3,1,2,1,3,0,2,0
2,52,3.24,7,1,3,1,3,1,1,2,3,3,0,3,1,0
1,84,3.08,6,2,0,0,5,1,0,1,2,2,4,1,1,0
12,42,2.6,9,1,1,1,9,0,0,1,2,2,1,4,3,1
7,53,2.18,5,1,2,1,9,0,1,4,4,3,2,4,3,1
4,67,2.11,7,0,4,0,0,1,1,1,1,2,4,4,4,1
14,28,3.1,3,1,0,1,4,1,4,3,3,1,4,4,4,1
13,12,3.69,9,0,2,1,3,1,0,4,2,1,4,0,1,1
8,51,3.79,5,2,4,1,5,1,2,3,1,4,2,4,3,0
11,18,2.17,3,2,3,0,2,1,4,0,3,2,4,2,2,1
9,56,3.64,5,1,0,1,2,1,0,3,4,1,1,2,0,1
0,72,3.64,8,1,3,1,4,0,4,4,0,1,3,3,3,1
7,27,2.56,0,2,2,0,3,0,1,2,3,4,1,2,1,0
4,25,3.7,9,1,4,1,8,1,2,2,0,2,2,0,2,0
11,77,3.73,8,2,2,1,9,1,0,3,3,4,1,1,4,0
8,56,3.56,5,0,0,1,8,0,0,2,1,2,3,4,1,1
12,14,2.06,2,2,4,0,4,1,3,1,0,2,3,1,3,1
10,41,3.47,3,2,1,1,2,1,2,2,3,1,0,4,1,0
4,62,3.69,5,0,4,1,2,1,4,4,1,1,2,4,1,0
0,22,3.62,4,0,2,0,4,0,3,0,1,2,3,3,3,1
3,78,2.23,5,0,2,0,9,1,4,2,4,2,1,3,4,1
12,85,3.09,7,0,0,1,3,1,2,1,2,2,0,2,3,0
10,70,2.0,9,1,0,1,9,1,0,3,0,4,2,3,3,1
12,66,3.35,2,1,4,0,8,1,0,1,0,3,2,3,4,1
3,8,2.25,5,2,4,0,6,0,3,3,4,2,2,0,1,1
9,37,3.58,6,0,2,1,5,1,4,3,0,1,3,0,1,0
7,47,3.4,1,2,1,1,4,0,3,2,2,4,0,0,4,0
13,49,2.39,1,2,2,1,3,0,0,3,4,0,3,4,3,0
10,39,2.93,7,1,1,1,8,0,4,0,1,2,1,4,4,0
0,35,3.91,4,2,4,1,4,0,3,4,1,3,3,0,2,0
4,51,3.83,8,1,2,0,9,0,2,2,4,1,1,4,1,1
3,49,2.91,6,2,2,1,5,1,4,3,1,3,1,4,1,1
0,41,3.15,0,1,0,0,0,0,1,0,1,3,3,1,1,0
1,26,2.33,9,2,4,0,6,1,0,0,4,4,4,2,2,0
7,43,2.05,8,2,1,1,5,1,4,2,3,0,3,2,3,1
6,3,2.89,2,1,4,0,2,1,2,1,2,3,3,4,2,0
12,67,2.57,3,1,4,0,1,0,4,1,0,4,3,4,0,0
1,23,2.83,2,1,1,1,4,0,1,2,3,2,0,2,1,0
7,45,2.87,7,2,3,1,5,1,1,4,0,2,0,0,2,0
3,11,3.53,2,2,3,1,9,0,2,0,3,3,1,2,2,1
4,76,2.97,4,2,3,1,8,0,2,3,3,4,0,4,4,1
14,22,2.04,1,1,3,1,1,0,2,2,4,1,3,3,2,0
5,30,2.71,1,2,2,1,6,1,2,4,4,2,0,0,3,0
0,40,2.34,2,2,3,1,5,0,3,2,3,3,3,3,2,1
5,39,2.28,1,0,0,1,3,0,1,0,4,4,4,1,4,0
6,56,3.42,2,2,0,1,2,0,0,1,1,1,0,1,3,1
9,8,3.01,6,0,1,0,5,1,2,2,3,3,0,2,3,1
0,7,2.8,1,2,2,1,5,0,2,3,1,4,3,4,1,0
2,84,3.18,8,1,0,1,9,0,3,1,4,3,2,2,0,1
12,66,2.42,9,2,2,0,2,1,3,0,2,0,0,1,4,1
12,70,2.73,5,0,1,1,0,0,3,2,3,3,2,1,2,1
2,66,3.69,4,0,1,0,9,0,0,2,2,0,1,2,4,1
0,49,2.18,1,2,2,0,5,1,1,4,0,3,0,4,3,0
9,24,3.33,7,2,2,1,6,0,0,1,0,2,1,3,3,1
3,14,3.15,9,0,2,1,1,1,2,2,4,2,1,3,1,0
4,40,2.54,2,1,4,1,5,0,3,0,1,4,3,0,0,1
10,57,2.89,8,2,0,0,3,0,4,3,3,0,2,3,3,1
2,88,2.55,1,1,3,0,9,0,2,0,4,2,0,0,4,1
4,21,2.8,2,2,0,1,9,1,2,3,4,1,0,3,3,0
9,64,2.33,3,0,4,0,1,1,3,3,3,3,2,2,3,0
5,41,3.64,2,2,4,1,7,1,3,3,3,3,4,3,2,1
3,13,2.52,7,2,3,0,8,0,2,0,2,3,4,2,4,1
9,32,3.24,8,1,3,1,3,0,2,1,3,0,3,1,2,1
11,76,2.96,5,1,4,1,8,0,0,3,4,4,4,3,3,0
7,36,3.35,8,0,3,0,6,0,4,3,4,0,3,4,1,1
6,82,2.71,4,1,1,0,7,1,3,2,0,1,4,4,4,1
0,12,2.8,7,0,2,0,9,0,2,0,0,1,1,2,2,0
11,37,3.48,4,1,1,0,4,0,1,2,1,1,2,0,1,1
14,41,3.07,8,1,1,1,8,1,1,2,3,0,4,0,1,1
4,41,3.46,3,2,2,1,0,0,1,3,2,0,3,0,4,1
3,32,2.23,1,0,1,0,9,1,4,1,4,0,0,0,2,0
12,19,3.96,0,1,2,0,8,1,0,4,4,3,0,0,1,1
1,49,2.5,3,1,4,0,4,0,0,2,0,2,4,1,3,0
7,84,3.79,2,1,3,0,1,1,0,0,0,1,0,2,2,1
2,10,2.22,2,1,2,1,6,1,2,4,4,4,3,4,0,0
8,35,2.72,7,1,3,0,7,0,4,1,1,1,4,1,4,1
8,87,3.32,2,0,0,1,9,1,4,4,1,0,4,0,3,0
8,13,3.49,7,1,3,1,9,1,3,2,4,0,3,0,1,0
5,37,2.18,4,1,0,0,8,0,2,2,3,1,2,2,4,1
10,71,3.08,9,1,1,1,9,0,3,4,1,2,1,3,1,1
13,22,3.18,1,1,1,1,7,1,0,2,3,4,0,1,1,1
13,60,2.28,6,0,0,1,0,0,1,0,3,2,3,2,3,0
6,60,2.1,5,0,0,1,3,0,4,3,4,0,1,3,4,1
3,0,3.65,4,2,0,0,7,1,4,4,3,0,3,4,2,0
14,15,2.94,0,1,1,0,6,0,1,4,3,4,1,1,3,1
6,1,2.28,6,1,4,1,6,1,2,2,2,0,1,0,1,1
0,30,3.79,6,1,3,1,3,1,2,0,1,2,3,0,0,1
8,53,2.5,2,2,3,1,0,0,4,4,4,0,3,3,3,0
8,53,2.64,6,0,3,0,3,1,2,2,1,2,1,4,2,0
13,46,2.65,5,0,3,0,9,1,0,0,1,1,3,3,1,0
7,45,3.72,4,0,2,1,2,1,4,0,4,1,2,4,2,0
5,39,2.48,9,2,1,1,3,0,2,3,4,3,0,4,4,1
9,89,2.18,2,1,2,0,8,1,1,4,2,3,3,2,1,0
13,27,2.86,8,0,1,1,2,0,4,2,4,4,4,4,1,1
0,55,2.63,4,0,2,1,8,1,0,0,4,2,3,3,4,0
2,0,3.78,6,1,4,1,8,0,1,3,1,3,4,3,1,1
6,26,3.88,3,1,3,1,7,1,4,0,0,4,0,0,3,1
5,24,2.22,0,1,0,1,8,1,2,1,3,2,0,0,2,0
9,3,2.83,8,2,4,1,9,1,3,3,4,2,0,4,1,0
7,65,3.94,0,0,1,1,2,1,1,2,4,2,2,4,3,1
13,56,2.37,0,1,3,1,6,0,3,2,2,0,3,1,1,1
1,55,2.05,8,2,0,0,6,1,4,4,2,1,0,1,4,0
11,77,3.77,5,2,0,0,8,0,0,4,0,4,3,4,4,1
1,1,3.74,1,1,0,1,9,1,2,1,1,1,1,1,0,0
2,55,2.31,6,0,4,1,4,0,3,3,4,3,1,0,3,1
7,35,3.9,4,2,0,1,7,1,3,4,1,3,1,4,2,0
13,22,2.45,8,0,4,0,9,0,2,4,0,4,1,1,2,0
8,49,3.93,3,2,1,0,6,0,3,1,1,1,4,1,1,0
9,65,2.79,3,1,0,1,9,0,3,1,1,4,0,2,0,0
8,45,2.23,1,2,3,1,5,0,2,2,2,0,1,3,3,1
10,16,2.45,7,0,0,1,9,0,1,0,0,1,4,0,4,0
9,72,2.88,3,1,2,0,9,1,2,1,3,3,0,1,1,0
7,55,3.14,6,0,1,1,0,0,0,2,2,0,2,1,2,1
2,27,2.14,5,0,1,1,2,0,2,2,0,4,3,3,0,1
0,44,2.93,7,0,3,1,7,0,0,3,2,4,0,4,2,1
4,29,3.46,0,2,2,0,3,1,0,0,4,3,4,3,4,1
0,17,3.46,4,1,4,1,0,0,3,3,4,3,2,3,1,1
8,77,3.4,8,0,0,0,8,1,0,2,3,2,2,0,3,1
6,6,3.84,8,0,0,1,7,1,3,0,0,1,4,3,3,0
3,5,2.52,6,2,2,1,1,0,0,1,4,1,1,4,1,0
2,74,3.36,4,2,2,1,3,1,3,4,3,4,2,2,3,0
0,20,3.43,3,1,3,0,6,0,2,2,4,4,4,4,4,0
1,36,2.84,2,1,4,0,7,0,4,0,3,2,0,2,1,1
9,8,2.1,1,1,1,0,0,1,2,1,4,3,4,1,0,0
4,28,3.17,0,0,3,0,0,1,0,2,2,0,0,0,2,1
10,50,3.84,1,0,0,1,1,1,1,2,4,4,1,4,2,0
11,21,3.47,0,0,1,0,7,1,1,0,0,1,1,1,1,1
7,0,2.34,8,2,1,1,0,0,1,2,0,2,2,0,4,0
5,3,2.57,0,2,3,0,1,0,2,2,4,0,3,3,2,0
8,42,3.45,8,1,2,1,2,0,3,4,4,0,1,4,2,0
3,0,3.78,5,0,4,1,0,1,3,0,0,0,0,2,1,1
4,73,2.24,8,1,3,1,1,1,1,0,0,3,0,4,0,1
8,60,2.23,1,2,2,0,1,0,4,0,2,2,4,4,3,0
8,41,3.73,2,2,1,1,1,0,1,1,1,4,0,2,1,0
0,2,2.9,4,2,3,0,7,0,0,0,0,0,2,0,3,0
1,66,3.03,2,1,3,1,5,1,1,0,4,3,2,2,0,1
8,70,3.67,0,1,3,0,0,0,4,2,1,0,3,1,1,1
11,45,3.82,2,0,4,1,7,0,0,0,3,4,1,0,2,1
13,6,3.69,4,0,0,1,2,0,1,2,0,2,1,3,2,0
8,72,2.72,4,2,0,1,6,1,1,1,0,3,4,2,3,1
8,60,3.26,7,0,4,1,1,0,0,3,1,2,2,2,0,1
4,18,3.35,1,0,0,1,5,0,4,1,3,4,4,0,0,0
13,9,3.52,1,1,2,1,3,1,0,3,0,3,3,3,2,1
13,68,3.83,8,1,2,0,7,1,1,3,3,2,1,2,2,0
7,8,2.45,7,0,1,0,3,0,4,2,4,3,4,0,4,1
12,38,2.62,5,2,1,1,3,0,4,3,4,2,4,3,0,1
7,72,3.51,0,0,1,1,1,1,4,2,4,0,3,0,0,0
12,11,2.99,3,2,4,1,2,1,3,4,2,2,1,2,4,0
12,17,3.95,6,1,1,1,0,1,1,4,4,3,1,4,2,0
8,1,3.83,6,1,0,1,5,1,1,0,3,2,1,2,2,0
6,40,2.87,2,2,3,1,7,0,4,0,2,3,0,4,3,1
2,43,3.89,5,2,0,0,5,1,0,4,4,4,1,0,1,0
4,68,2.86,0,1,3,0,0,0,4,3,0,1,3,0,3,0
14,69,3.76,2,1,0,0,8,1,3,1,0,3,4,0,4,1
8,57,3.28,5,0,2,0,0,1,4,2,0,0,4,1,4,0
4,70,3.58,5,1,0,1,2,1,4,1,1,4,0,2,3,0
10,67,2.23,3,1,4,0,7,1,0,3,4,2,0,4,1,0
11,9,3.25,0,2,3,1,6,0,1,2,4,2,3,0,1,0
10,1,2.03,8,1,0,1,2,0,3,2,4,0,0,2,2,1
10,57,2.53,5,0,1,0,1,1,1,1,4,0,0,1,2,0
8,89,3.33,9,0,1,0,0,1,4,4,1,1,2,4,2,1
7,31,3.42,1,2,3,1,8,0,0,1,0,3,1,1,4,0
0,88,2.72,7,0,0,0,4,0,3,0,2,3,2,0,2,0
13,0,2.06,6,1,0,0,0,1,0,3,4,1,3,0,1,1
1,66,3.48,6,0,1,1,9,1,4,1,3,3,2,1,0,1
8,73,2.76,5,0,2,0,2,1,1,3,0,0,3,3,2,0
2,52,2.57,9,1,2,1,1,1,1,1,0,3,1,4,4,0
14,37,3.34,7,2,3,1,1,0,4,0,2,2,0,0,2,0
12,29,3.4,6,1,0,0,6,1,2,0,0,3,0,0,1,0
6,64,3.21,8,0,3,1,1,1,1,2,2,1,1,4,4,1
3,8,2.43,8,0,0,1,7,0,1,1,3,4,4,0,1,1
8,80,2.77,9,2,1,0,7,0,4,1,3,2,3,4,4,0
10,22,2.07,4,0,4,0,1,1,4,0,4,0,0,3,1,0
7,10,2.66,0,0,4,1,5,1,3,3,1,3,4,2,1,0
10,56,2.05,2,1,1,1,2,1,3,2,2,1,1,4,3,1
10,16,2.88,5,1,2,0,3,0,3,2,4,0,2,4,3,0
13,71,3.28,9,0,2,0,7,1,2,2,3,0,0,0,4,0
5,63,3.99,5,0,4,1,1,0,2,3,4,4,1,4,3,0
14,59,2.14,2,0,4,0,0,1,4,0,3,0,1,1,2,1
12,74,3.9,6,1,2,0,8,1,0,2,0,0,3,3,2,1
14,30,2.57,7,0,0,1,5,1,4,3,0,2,4,2,0,0
14,72,2.99,6,0,3,1,8,0,4,1,0,1,3,1,2,0
1,69,3.88,2,0,4,0,7,0,1,2,4,2,3,3,1,0
6,34,2.57,5,2,3,0,6,1,3,1,3,4,2,0,1,1
2,31,2.52,9,2,4,1,1,0,4,1,3,0,0,0,1,1
8,62,2.58,7,0,0,1,9,0,1,2,2,4,0,3,3,0
9,28,2.93,9,1,0,1,9,0,0,0,0,3,4,0,1,1
5,29,3.5,1,0,0,0,3,1,4,0,4,4,3,0,4,1
7,39,3.43,6,2,1,1,3,0,2,1,0,2,1,4,2,1
8,34,2.34,5,2,1,1,1,1,3,0,3,2,2,0,2,0
10,65,3.89,0,2,0,1,4,1,0,0,2,2,4,0,1,1
14,63,2.1,8,1,0,1,9,0,1,4,1,1,2,2,0,1
2,13,2.09,2,0,3,0,2,1,0,4,0,3,2,2,3,0
14,10,2.62,9,0,3,1,5,0,4,4,0,4,2,2,1,1
12,30,3.66,7,1,0,1,4,0,0,0,4,2,3,4,0,1
10,64,3.84,5,1,0,1,7,1,4,0,3,2,3,2,0,0
0,70,3.36,0,1,0,0,2,0,3,1,4,0,2,2,2,0
6,57,2.45,8,0,1,0,8,1,3,2,2,2,4,0,4,0
8,84,2.82,6,2,1,1,1,1,3,0,0,1,4,3,0,1
13,89,2.75,6,0,1,0,2,1,1,4,0,2,1,4,2,0
10,4,3.46,1,2,2,0,7,1,1,4,4,4,4,4,4,1
10,64,2.98,7,2,1,1,8,0,0,0,4,2,2,4,3,1
6,28,3.63,7,1,0,1,9,0,2,2,3,0,1,4,4,1
6,37,3.86,0,1,1,0,9,1,4,2,2,4,3,3,4,1
1,65,2.81,9,0,3,1,4,1,1,4,4,1,4,1,3,1
14,66,3.76,9,0,0,1,2,0,3,1,4,3,4,3,3,1
1,50,3.88,5,1,4,0,7,1,3,1,1,3,4,0,2,0
12,75,2.26,9,2,2,1,8,0,4,0,0,1,0,2,0,1
10,62,3.39,6,1,3,1,3,0,4,0,4,3,1,4,0,1
3,72,2.1,1,1,2,0,4,1,1,3,1,0,1,3,4,1
0,51,3.3,9,2,3,1,6,1,4,1,2,1,4,2,2,1
9,80,3.65,1,2,3,1,2,1,4,1,3,0,0,3,3,1
0,7,3.93,9,2,0,0,9,0,3,1,3,0,4,4,1,1
13,88,3.55,2,2,3,0,1,1,0,2,4,4,2,0,2,1
3,30,2.39,6,2,0,1,0,0,2,1,0,1,3,2,0,1
1,48,3.99,6,0,4,1,7,0,3,4,0,4,1,2,2,1
2,32,3.85,5,0,4,1,4,0,4,2,0,2,1,4,0,1
4,32,3.07,4,1,4,1,6,1,3,2,0,0,3,0,1,1
2,16,3.13,3,2,2,0,0,0,2,4,2,2,0,0,0,1
13,45,3.4,5,2,2,1,6,0,0,4,3,2,0,3,2,1
4,19,2.59,0,2,4,0,7,1,1,3,3,0,2,1,1,1
9,36,3.86,1,0,0,0,8,0,1,0,4,1,2,4,3,0
3,76,3.59,9,2,2,1,8,0,0,0,4,4,3,4,2,0
1,11,3.35,8,0,1,0,9,0,2,1,4,1,3,1,2,0
7,6,2.84,9,1,0,0,0,0,2,3,2,0,4,3,4,0
5,73,3.91,3,0,1,1,7,0,4,0,3,3,2,3,2,0
10,48,2.34,6,2,2,0,5,1,0,2,1,2,2,4,4,0
14,70,2.88,9,2,4,1,4,0,0,2,1,2,0,0,4,1
2,81,2.46,3,2,3,0,6,0,1,0,4,1,1,4,1,1
7,36,2.97,5,1,3,0,6,0,0,4,3,2,2,3,4,1
13,5,3.09,5,0,4,1,8,1,4,2,0,0,4,3,1,1
13,24,3.7,1,1,1,1,9,1,2,1,4,1,0,1,2,0
1,79,3.68,4,1,4,1,8,1,0,0,3,3,1,1,1,1
5,56,3.53,0,1,0,0,5,0,4,4,2,0,0,1,3,0
5,53,3.45,8,1,3,0,8,0,3,0,0,4,2,1,0,0
5,63,3.32,9,2,1,1,6,1,3,3,2,4,0,3,4,1
0,77,2.64,9,1,3,0,6,1,4,1,3,0,4,3,0,0
4,23,2.61,4,0,2,1,7,0,4,4,3,3,2,2,1,0
0,66,2.57,7,2,3,1,7,0,0,3,3,1,1,4,1,1
14,67,3.52,5,0,0,1,2,0,2,1,1,4,2,2,1,0
13,7,2.02,8,2,1,0,2,1,2,2,3,4,2,2,3,1
1,82,3.57,6,0,4,1,6,1,4,4,2,3,3,2,4,0
12,59,3.52,2,2,2,0,9,0,4,4,3,0,2,4,1,1
6,14,2.78,2,1,3,0,4,1,2,3,3,0,0,0,0,0
5,58,3.37,7,1,3,1,2,1,0,3,4,2,4,3,3,0
0,74,3.34,3,1,0,1,1,1,0,0,1,4,1,3,4,0
4,76,2.4,4,2,1,0,9,0,0,3,0,4,1,4,3,0
0,60,2.09,8,0,4,1,3,0,4,4,1,1,3,3,2,1
3,18,3.18,5,1,4,1,4,1,3,0,3,2,4,4,3,0
0,39,2.95,5,0,4,1,5,1,3,3,1,3,1,0,4,0
3,11,3.27,7,1,3,1,0,0,4,2,4,3,1,1,1,1
11,50,2.57,4,2,2,1,5,0,2,0,4,0,4,2,0,0
13,30,3.26,2,2,4,1,2,0,3,0,0,0,4,2,2,1
9,4,2.28,8,2,0,0,5,1,1,4,2,3,3,0,0,0
3,83,3.7,6,1,3,1,8,1,1,4,0,3,0,3,3,1
9,8,3.48,4,2,2,0,8,1,2,1,1,2,2,3,3,0
8,3,2.42,5,2,1,1,8,1,2,0,4,4,2,2,1,0
9,47,2.74,0,2,0,0,2,0,2,3,1,4,1,4,3,1
13,9,2.65,8,2,3,1,2,1,4,3,1,4,4,4,4,1
14,84,2.37,4,2,2,1,6,0,0,4,1,4,3,4,0,0
10,60,3.54,9,0,2,1,2,1,3,1,3,1,2,1,1,1
3,71,2.9,1,0,2,1,2,0,4,3,2,2,1,3,1,1
1,12,2.88,1,1,0,0,8,1,1,4,0,1,3,2,2,0
13,6,3.69,7,0,1,1,4,0,1,2,0,2,2,1,1,0
12,88,3.12,3,1,4,0,1,1,1,3,4,2,3,2,4,0
13,69,3.4,8,0,2,0,2,0,4,0,0,1,3,1,4,0
7,15,2.74,3,1,4,1,5,1,4,1,0,0,4,1,2,1
12,54,2.99,9,1,0,0,5,1,4,2,1,4,4,2,4,1
5,2,3.25,7,0,2,0,7,0,4,0,1,2,1,4,3,1
1,0,2.12,4,0,0,0,9,0,4,0,1,0,2,3,1,0
7,69,3.56,7,2,0,1,1,1,4,3,3,0,0,0,4,0
14,73,3.93,3,0,1,0,4,1,3,2,1,2,2,1,4,0
1,48,2.23,5,1,4,0,0,0,1,3,0,2,3,3,0,0
3,66,2.26,3,1,0,1,0,0,2,0,1,0,3,0,0,1
1,43,3.01,5,2,0,0,8,1,2,1,4,1,3,4,0,1
4,83,2.44,8,1,4,0,3,0,2,4,3,3,1,3,0,0
11,64,3.6,5,0,3,1,1,0,3,1,2,0,1,4,2,1
8,37,2.98,4,2,1,1,8,0,0,0,4,3,3,1,4,0
7,38,2.94,3,2,3,1,7,1,4,3,2,3,0,2,4,0
7,15,2.23,6,1,2,1,6,1,0,0,0,2,1,0,1,1
7,58,2.07,2,2,0,0,1,1,3,2,0,3,0,2,2,0
7,87,3.76,1,0,1,0,5,0,0,2,0,3,4,0,2,0
12,24,3.19,6,0,3,1,0,0,2,2,3,4,2,1,4,1
5,25,3.05,3,1,2,0,0,1,4,2,1,0,1,3,3,1
5,58,3.47,0,1,1,1,6,1,1,3,4,4,1,4,0,1
13,69,3.69,4,0,0,0,3,1,2,1,0,1,0,0,4,0
8,87,3.59,4,2,3,0,9,1,1,0,3,3,4,4,2,1
8,63,2.85,0,0,3,1,3,1,4,1,4,4,0,2,4,1
9,7,2.25,9,2,2,1,4,1,3,0,3,4,4,3,4,1
2,71,2.49,0,2,3,1,5,1,2,3,1,3,1,0,2,1
2,25,3.17,0,1,2,1,9,0,0,2,0,4,4,3,1,1
14,75,2.45,8,2,1,0,9,1,2,3,3,0,3,3,1,0
0,62,3.28,1,2,0,1,6,1,4,0,1,4,3,1,4,1
8,69,3.81,6,1,0,1,5,1,3,3,1,1,1,0,1,1
9,11,3.86,6,0,4,0,0,0,1,4,0,3,0,2,0,1
11,33,2.85,0,1,4,0,6,1,2,2,4,1,4,1,3,1
7,71,3.43,7,2,4,1,7,0,4,3,3,1,0,0,2,0
9,70,2.34,1,1,4,0,7,0,1,3,3,4,4,3,4,1
5,21,3.21,8,0,2,1,6,1,1,0,4,4,3,1,2,0
14,60,2.84,7,1,2,0,6,0,1,0,2,2,0,2,1,1
3,28,3.09,9,0,1,0,3,1,4,4,3,1,0,4,2,1
6,26,2.76,1,1,4,1,2,0,3,2,2,3,2,0,1,1
7,4,3.73,4,2,1,0,2,1,1,1,4,4,1,2,0,0
14,59,3.95,5,1,4,1,2,0,1,4,1,1,1,0,0,0
14,85,2.8,7,1,2,0,4,1,4,0,4,4,4,0,1,0
13,26,3.75,2,0,1,0,0,0,3,0,2,1,4,3,4,1
6,54,2.06,2,2,4,1,6,1,1,2,2,2,4,4,2,0
6,18,3.68,2,2,4,1,2,0,3,3,0,2,4,2,0,0
5,24,2.05,9,2,1,0,6,1,3,3,2,1,4,2,4,0
2,31,3.31,2,2,0,1,3,1,4,1,1,3,0,4,3,1
6,12,3.71,5,2,4,1,6,1,2,3,2,3,3,1,0,1
3,28,2.78,7,2,4,1,3,1,0,0,0,3,2,0,4,0
14,27,2.96,6,0,3,1,0,0,1,1,4,1,0,4,1,0
0,77,2.49,5,2,0,1,6,1,1,1,2,4,1,3,3,1
8,71,2.37,0,0,1,0,6,1,2,3,1,3,0,0,0,1
3,78,2.79,2,1,1,0,1,1,3,1,1,4,0,2,4,0
10,53,2.48,5,1,1,1,2,0,3,2,2,4,3,4,2,0
3,77,2.0,2,1,0,0,4,0,3,0,3,1,0,1,3,1
11,84,2.71,0,2,3,1,1,0,1,2,4,2,3,2,0,1
7,33,2.19,8,2,4,1,8,0,0,3,0,0,0,1,1,0
7,64,2.17,7,1,2,1,0,1,0,3,2,3,0,2,0,0
9,29,2.41,2,0,3,0,7,0,4,4,0,0,0,0,2,0
10,58,2.46,5,1,0,0,2,1,0,2,1,3,0,1,1,0
5,81,3.22,0,0,4,1,9,1,4,4,3,2,4,1,4,1
14,65,3.07,4,2,4,0,3,0,2,2,4,0,1,2,4,0
7,72,3.99,4,2,1,1,3,0,2,1,0,3,3,3,4,1
5,24,2.47,9,0,3,1,9,0,3,2,2,1,0,4,1,1
13,79,2.12,5,1,0,1,0,1,1,3,1,1,0,1,0,1
11,32,2.6,9,0,3,0,6,0,2,2,0,0,0,0,0,1
3,52,3.49,0,0,1,1,1,0,4,4,4,3,3,3,3,0
0,40,2.61,8,0,3,0,0,1,0,3,4,2,3,3,0,1
4,36,3.82,6,1,0,1,5,0,1,2,4,2,4,3,2,1
10,35,3.08,8,2,3,1,5,1,3,2,4,4,3,4,3,1
10,88,2.25,6,1,4,0,6,1,4,0,0,4,4,3,0,0
4,63,2.27,4,1,0,1,6,0,3,0,4,0,4,0,2,0
13,11,2.95,3,1,0,1,3,0,0,1,4,4,0,3,4,1
4,30,3.85,2,2,0,1,1,1,0,2,4,4,1,1,2,0
11,75,3.98,4,0,3,0,0,0,1,3,2,4,4,0,1,0
1,59,3.46,1,0,4,0,7,0,1,4,4,4,3,4,0,0
13,58,3.41,9,0,1,1,6,1,3,0,4,3,3,4,1,0
11,68,2.58,0,1,4,0,5,0,2,4,3,2,2,1,0,1
0,31,3.81,4,1,3,1,0,1,1,2,0,4,3,1,3,0
2,81,3.24,5,0,4,1,8,0,2,4,3,2,3,4,2,0
11,39,2.11,8,0,3,1,4,0,3,3,2,1,3,4,4,0
10,82,3.64,4,2,0,1,6,1,3,3,3,1,0,1,2,1
8,33,2.25,0,1,0,0,2,1,0,1,4,0,3,4,2,0
9,3,2.47,9,2,1,1,2,0,0,4,2,0,4,3,4,0
1,43,3.24,9,2,2,1,5,0,2,0,4,4,3,3,2,1
6,77,3.72,1,2,4,0,9,0,0,0,3,4,3,0,2,1
0,17,3.44,0,0,0,0,2,0,2,4,4,1,3,3,0,0
8,36,3.77,9,1,3,1,3,1,2,1,1,1,1,0,0,0
13,39,2.64,7,1,2,1,5,1,4,2,1,0,4,3,3,0
6,26,2.62,1,2,3,0,1,1,2,0,3,4,4,1,2,0
4,66,3.24,9,1,3,1,6,1,3,2,4,4,0,2,3,1
9,71,2.85,4,2,4,0,0,0,2,2,2,4,1,3,1,1
2,31,3.69,8,0,1,0,1,1,3,2,4,0,1,2,4,1
0,24,3.87,2,0,1,1,7,1,1,4,1,4,4,4,3,0
2,56,3.64,7,0,2,0,7,1,2,3,2,0,2,3,1,1
10,59,2.35,0,1,0,1,4,1,1,3,2,1,0,3,2,0
12,56,3.09,5,1,4,0,5,0,1,3,3,2,1,1,2,0
6,14,3.46,7,0,4,1,6,1,1,0,4,2,2,0,1,1
7,77,3.77,0,2,0,1,2,1,3,2,3,2,0,1,3,1
1,42,2.69,3,2,4,0,1,0,1,0,1,3,0,2,1,1
5,28,2.53,9,0,2,0,4,1,3,0,4,0,3,2,3,0
3,48,2.92,3,0,2,1,9,0,2,0,2,3,1,0,0,0
2,75,3.49,2,1,2,0,3,1,0,2,3,3,3,0,0,0
0,85,2.09,8,0,1,1,3,0,0,0,4,1,0,0,2,1
9,71,3.45,9,0,1,1,8,1,1,0,2,2,4,0,4,1
11,22,3.36,0,0,0,0,0,0,2,1,4,1,2,0,3,1
0,39,2.03,3,0,2,0,9,0,4,1,3,2,1,0,3,1
7,39,2.77,8,0,1,1,0,0,1,3,1,1,4,1,2,1
14,24,2.91,5,2,3,0,2,0,3,0,0,4,0,4,2,0
1,30,2.06,9,1,0,0,7,0,2,3,1,0,4,3,0,0
8,31,3.02,4,2,1,1,0,0,1,2,3,3,4,3,1,1
13,74,2.18,8,0,0,0,6,0,2,3,4,0,4,3,3,1
5,72,2.94,8,1,0,1,6,1,1,2,3,2,2,1,2,0
3,27,2.51,6,1,2,0,1,1,4,0,4,0,1,2,4,1
8,27,2.85,3,2,4,1,8,0,3,0,3,2,1,3,2,1
2,58,3.4,0,1,4,0,0,0,2,2,3,0,3,0,4,0
11,64,2.93,9,0,0,0,6,1,0,1,0,1,3,3,1,0
4,5,2.07,6,2,0,1,9,0,2,0,2,0,3,2,1,1
4,57,2.41,1,1,2,0,8,1,1,1,1,2,4,4,2,0
4,48,3.23,4,0,2,1,5,1,3,1,1,3,3,0,1,1
2,21,2.02,2,1,0,1,5,1,0,4,4,4,3,0,4,1
13,88,2.13,0,0,0,1,7,0,2,4,2,0,3,3,2,1
8,13,2.58,3,2,3,1,9,0,3,0,1,3,0,1,4,1
2,51,2.94,0,1,3,1,2,1,0,1,0,4,3,3,0,0
1,28,2.04,1,2,2,0,3,0,2,3,2,2,4,2,4,0
2,28,2.6,7,2,4,0,0,1,0,3,1,4,0,0,3,1
3,13,3.54,2,2,2,1,1,0,2,3,3,2,0,2,1,1
11,49,2.27,2,1,1,1,0,0,0,4,1,0,3,2,1,0
11,68,2.6,9,1,3,1,0,0,3,4,3,1,2,0,4,0
3,48,2.8,1,1,0,0,0,1,1,4,0,0,2,1,0,0
0,60,3.49,7,1,2,1,4,1,1,4,0,0,4,0,3,1
1,42,2.09,6,2,4,0,8,1,3,4,0,1,2,3,2,0
13,40,3.44,0,0,3,0,3,1,2,2,1,1,2,2,4,1
1,85,2.71,4,0,0,0,2,1,0,1,0,4,3,1,1,1
7,35,2.12,3,1,0,1,6,1,1,2,4,2,2,3,4,0
12,86,2.94,7,2,1,0,8,0,4,1,3,2,3,2,2,0
11,2,3.98,1,2,1,1,3,0,1,1,2,0,0,1,2,0
8,86,2.14,3,2,3,1,4,0,1,2,4,0,2,4,3,1
9,31,3.41,5,1,0,0,6,1,1,0,3,4,4,2,3,0
14,51,2.83,2,1,4,0,6,1,1,4,4,0,1,0,1,0
4,65,3.77,7,2,4,0,3,0,1,3,0,4,0,2,0,0
4,39,2.92,3,1,4,1,0,1,4,0,3,2,4,0,4,0
6,57,2.06,9,2,2,0,1,1,4,2,2,4,2,3,3,1
1,62,3.91,3,2,1,0,7,0,2,3,4,4,0,1,2,1
2,82,3.48,6,1,1,0,8,1,0,0,1,3,2,4,2,1
9,63,3.46,6,0,1,0,9,0,1,4,0,0,4,1,3,1
14,22,3.98,9,0,0,0,2,0,4,2,0,3,3,3,1,1
14,36,3.04,5,1,4,0,7,1,2,4,3,4,3,1,2,1
2,85,3.16,5,2,4,0,4,1,1,3,4,4,1,0,3,1
6,13,2.37,1,2,3,0,3,0,4,1,2,2,4,0,1,0
14,79,3.34,8,2,1,1,8,1,3,3,0,3,4,0,2,1
0,43,3.47,3,1,0,0,8,1,3,3,1,4,1,2,0,0
10,44,2.4,5,0,4,0,0,1,3,0,4,2,2,4,4,0
9,75,2.35,8,0,3,0,9,1,3,4,0,2,2,1,1,0
14,78,3.61,6,2,1,0,4,0,1,3,2,2,3,0,4,0
9,53,3.31,1,2,0,1,8,1,4,1,0,0,3,3,4,0
1,80,2.75,1,2,4,0,6,0,2,3,3,4,3,4,3,1
10,27,3.03,3,0,3,1,9,0,1,2,1,4,4,0,0,0
12,13,3.46,9,1,1,1,0,1,1,1,3,4,1,2,1,1
1,77,2.63,9,1,4,0,7,0,4,4,0,4,3,2,0,0
7,15,2.93,8,2,1,1,9,0,3,3,0,2,4,0,3,1
8,27,2.98,5,1,3,1,9,0,1,1,4,1,3,4,3,0
2,28,2.17,1,0,0,1,1,0,3,1,4,1,0,1,3,0
13,51,3.09,9,2,4,0,5,1,0,4,2,4,3,0,4,1
10,82,2.7,9,2,0,1,6,1,4,2,0,4,2,1,3,1
9,60,2.44,9,1,4,0,3,1,1,4,4,0,4,3,0,0
11,21,2.63,9,1,4,0,0,1,2,0,3,4,4,0,3,1
12,16,2.06,2,0,4,1,9,0,1,3,0,0,1,1,0,1
2,62,3.38,3,0,0,0,6,1,2,2,2,4,2,0,2,0
9,79,3.86,5,1,1,0,6,1,4,2,2,3,4,2,1,1
9,6,2.55,3,0,1,1,2,1,3,0,0,2,0,0,3,1
14,21,3.09,4,1,4,1,7,0,1,2,0,4,4,3,4,1
5,74,2.2,9,0,0,0,4,1,0,4,2,2,2,2,1,1
10,25,2.86,4,2,1,1,2,1,2,0,2,1,2,3,4,1
4,28,2.18,0,0,4,1,3,0,0,2,2,0,1,2,4,1
6,70,3.29,8,2,4,0,6,0,1,2,0,0,4,4,0,0
5,17,3.45,7,2,3,0,4,1,2,2,0,0,4,3,3,0
14,46,2.06,7,1,1,0,6,0,1,2,4,3,0,4,1,1
13,27,2.1,6,2,1,0,9,1,1,4,2,1,0,4,2,0
2,9,3.61,1,2,3,1,6,0,2,2,4,4,0,1,3,0
1,15,2.64,2,0,4,1,9,1,0,2,0,4,4,3,3,1
7,59,3.25,6,0,2,1,8,0,1,0,2,0,3,4,0,1
11,4,2.02,5,1,4,1,5,1,0,0,0,3,1,3,1,0
5,16,3.94,7,1,0,0,7,0,0,2,4,4,3,0,0,0
10,71,2.73,3,1,3,1,5,1,4,2,0,2,0,4,4,1
11,55,3.83,8,2,3,1,3,0,1,1,1,2,2,3,2,1
0,88,2.55,0,0,2,0,4,0,3,4,0,4,3,0,2,0
6,2,3.81,1,2,0,1,8,1,1,3,4,2,4,4,0,0
9,76,3.39,1,1,2,1,3,0,0,3,4,1,4,1,3,0
6,20,3.86,8,2,4,1,2,0,0,4,2,0,1,3,3,0
12,44,2.16,3,0,1,0,3,0,0,1,1,2,1,2,0,0
8,65,3.67,8,0,3,0,8,0,1,2,2,4,0,4,2,0
13,57,3.38,3,1,3,1,5,1,2,0,0,0,0,4,2,0
11,24,2.04,3,0,4,0,4,1,1,3,4,3,2,4,4,1
1,82,2.14,0,0,1,0,8,1,4,0,4,4,3,1,2,1
1,73,2.87,6,2,4,0,5,1,1,4,2,1,0,2,2,1
1,82,3.58,9,1,3,0,6,0,4,2,1,1,0,3,3,0
0,7,3.59,7,1,3,0,7,0,3,0,2,4,3,1,0,0
14,37,3.74,6,2,1,1,0,1,3,3,1,4,1,1,0,1
12,83,3.5,6,1,4,0,6,1,0,3,0,1,1,1,4,0
4,74,2.06,8,0,2,0,3,1,0,4,0,3,4,2,3,0
6,41,2.6,9,2,0,0,0,0,3,0,4,2,4,3,4,0
11,47,2.7,4,1,1,1,8,1,2,1,2,0,0,0,4,0
4,80,3.69,3,0,3,0,2,1,0,4,2,0,1,3,1,0
9,23,3.39,5,2,3,1,9,1,2,3,0,0,0,1,0,0
12,78,2.61,6,0,4,1,4,1,3,1,1,1,3,3,1,0
6,21,2.39,8,1,0,0,7,0,2,1,3,3,0,2,3,0
0,6,2.2,3,2,3,0,1,1,0,0,3,1,1,0,2,0
1,40,2.51,3,0,3,0,5,1,0,3,0,4,0,1,3,1
10,82,2.94,3,1,2,0,9,0,2,4,4,2,1,1,3,1
9,46,2.88,0,2,1,0,8,0,0,3,4,3,2,0,2,1
12,85,2.3,5,1,0,1,4,0,3,2,1,3,1,4,0,1
12,15,2.45,3,1,3,1,3,0,4,1,0,4,0,4,4,0
6,17,2.16,9,2,1,0,6,1,4,1,1,0,0,4,2,1
7,0,3.26,3,1,1,1,9,0,4,3,3,4,0,1,2,1
13,81,4.0,0,0,2,1,3,0,0,1,0,3,3,2,0,1
11,37,3.63,5,0,1,0,6,0,4,2,4,2,3,3,0,0
9,46,2.49,2,1,0,0,8,0,1,0,2,2,3,0,2,0
10,21,3.34,8,0,4,1,7,0,4,4,1,2,1,4,3,1
6,20,2.66,2,0,2,1,9,0,1,0,0,2,1,4,4,0
13,27,2.55,6,0,1,0,2,1,4,3,4,2,4,2,4,1
6,23,3.58,0,2,2,0,6,0,2,0,0,2,2,1,0,0
7,85,2.24,5,1,1,0,0,0,4,4,1,1,0,1,1,0
10,68,3.87,6,1,4,0,5,0,2,3,1,2,0,3,3,1
6,14,2.86,6,0,1,1,5,1,1,3,3,2,1,2,4,1
11,65,2.3,9,2,0,1,8,1,1,0,4,1,1,2,0,1
11,73,3.56,5,1,0,0,3,1,2,0,3,1,4,3,4,1
0,77,2.36,5,0,3,1,0,1,1,4,0,4,4,0,0,1
14,7,2.71,0,2,1,1,0,1,0,4,3,4,3,2,1,0
10,19,2.49,6,1,2,0,4,0,1,4,4,4,2,1,0,0
11,79,2.38,9,1,3,0,1,1,3,4,3,3,0,0,1,0
7,23,2.32,3,1,4,1,5,0,2,2,4,1,4,2,2,1
12,3,2.19,1,2,2,0,2,1,3,0,4,4,1,0,2,1
4,7,2.4,1,0,2,0,4,1,1,0,1,1,0,2,4,0
9,46,2.53,3,2,3,1,2,0,4,0,1,4,3,1,0,1
10,71,3.49,7,2,0,1,0,1,0,3,0,0,2,0,0,0
1,44,3.51,1,2,0,0,6,1,1,1,4,3,4,4,3,1
6,68,2.05,2,2,2,1,4,1,4,0,0,0,2,1,3,0
7,40,3.76,5,1,4,1,5,0,0,1,0,0,1,2,3,1
1,73,3.07,8,0,2,1,8,0,0,0,1,4,2,0,1,1
4,48,3.59,9,1,3,1,2,0,2,4,4,4,2,2,4,0
11,88,3.25,2,0,4,0,2,0,3,4,0,0,1,4,2,1
6,5,3.6,5,1,0,0,7,0,0,0,3,0,0,0,1,1
2,65,3.23,3,1,2,0,5,0,3,4,4,1,2,0,1,0
2,58,3.39,9,2,0,1,0,0,1,2,4,4,2,4,4,0
1,81,2.3,9,2,4,1,8,0,3,1,3,0,3,3,4,1
13,43,2.38,4,2,2,0,1,1,4,4,0,0,0,0,3,1
3,55,2.47,6,2,4,1,4,0,0,0,4,3,1,3,1,0
6,0,2.71,0,2,4,1,3,1,3,3,0,2,0,1,1,0
7,44,3.61,2,1,1,1,6,1,1,4,4,1,3,4,3,0
6,40,2.72,4,1,4,1,3,0,4,3,4,0,3,3,2,0
3,83,3.22,8,1,4,1,4,1,4,2,0,1,2,3,4,1
7,31,3.69,0,1,2,0,5,0,4,0,4,2,4,3,1,1
5,85,2.48,4,2,2,1,2,0,1,4,0,4,1,4,2,0
10,18,3.58,1,0,4,1,0,1,3,4,3,3,3,3,3,1
6,23,3.07,1,0,3,0,5,1,4,2,3,2,4,3,2,0
4,70,2.85,5,1,2,1,6,1,0,3,4,1,0,4,0,1
10,32,2.66,9,0,4,0,6,0,0,1,4,2,0,2,0,1
7,72,2.47,3,1,2,1,4,0,1,1,0,3,4,2,0,0
6,11,2.36,7,2,2,1,2,0,1,3,0,1,1,3,4,0
10,23,2.28,2,2,3,0,0,1,0,3,4,0,1,4,3,1
0,60,2.51,7,0,1,1,1,1,2,3,1,4,2,4,3,0
10,45,2.83,1,1,3,1,1,1,4,0,2,4,3,1,1,1
6,8,3.06,9,2,0,1,0,0,0,3,2,4,3,0,1,1
5,69,2.77,6,2,3,0,1,1,0,3,1,3,3,4,4,0
5,36,3.35,1,2,0,0,9,0,3,4,4,4,0,1,2,1
5,49,3.78,5,0,2,1,4,0,0,0,0,3,3,1,4,1
2,25,2.32,6,2,0,0,4,1,3,0,0,2,1,2,2,1
13,36,2.28,3,1,3,0,1,1,4,4,0,4,3,4,4,0
0,48,2.77,4,1,0,0,2,1,1,1,4,0,3,1,0,0
9,42,3.58,0,1,0,1,2,1,0,3,3,1,0,3,2,0
1,43,2.79,9,1,1,0,0,1,2,0,2,3,3,2,1,0
8,36,2.83,6,0,0,0,1,0,1,0,1,3,4,0,2,0
14,82,2.21,0,0,3,1,7,1,4,2,4,0,0,4,2,0
1,5,2.65,4,0,1,1,5,0,3,4,0,1,3,1,2,1
12,79,3.24,3,1,1,0,5,0,0,0,4,4,0,2,3,1
2,13,3.91,3,1,2,1,8,0,2,2,3,3,4,0,1,1
13,86,3.09,1,2,3,0,0,1,4,4,2,0,1,3,3,1
14,84,3.82,2,0,3,0,0,1,2,1,2,3,0,1,3,0
2,8,2.89,5,2,3,0,1,1,2,0,0,0,4,1,0,1
10,73,2.67,5,0,0,1,1,0,0,1,3,3,0,3,2,1
10,57,2.73,2,0,4,1,7,0,0,0,0,3,1,4,1,0
10,3,3.85,3,1,1,0,4,0,4,1,3,4,3,3,2,1
0,14,3.54,3,1,0,1,4,0,0,2,0,1,2,1,1,0
1,7,2.16,7,0,3,1,6,1,3,4,3,1,3,3,3,1
6,38,3.46,6,0,2,0,0,1,0,0,1,4,1,2,3,1
14,28,2.14,6,0,4,0,2,1,4,1,0,2,4,1,3,1
10,62,2.9,1,1,3,0,1,0,4,2,4,1,3,4,2,0
0,85,4.0,2,2,2,1,9,0,0,3,3,0,2,3,1,0
0,84,2.05,5,1,1,0,2,0,4,0,4,4,2,2,2,1
13,52,3.33,3,2,0,1,3,1,0,2,3,1,4,0,1,1
5,63,2.46,8,0,3,1,1,1,2,0,0,4,3,3,2,0
10,37,2.4,5,0,1,0,2,1,4,2,0,1,1,1,2,1
10,53,2.2,5,0,1,0,8,0,2,1,0,1,3,3,0,1
6,15,3.09,1,1,1,1,3,0,0,2,4,2,3,3,4,0
8,26,3.48,1,1,3,0,0,0,3,0,4,4,3,2,0,1
2,10,2.29,4,0,1,0,0,1,2,0,2,1,2,1,0,1
8,40,2.06,7,1,2,0,2,0,4,3,4,2,0,0,3,1
7,24,3.17,0,2,2,1,9,0,4,3,0,3,2,4,0,1
3,61,2.34,7,0,4,0,5,1,3,0,0,0,4,0,1,0
0,0,3.84,3,1,0,0,2,1,1,3,2,1,2,0,2,1
9,43,2.21,2,2,0,0,4,0,0,2,1,1,3,3,0,1
1,47,3.12,1,2,1,1,6,1,2,3,2,4,3,1,3,0
11,65,3.28,4,2,3,0,6,0,4,3,4,1,0,4,1,0
8,89,3.69,7,0,0,1,0,0,4,2,3,3,0,1,4,0
4,32,3.82,2,2,1,1,2,1,0,2,4,3,2,2,4,1
2,50,3.27,3,1,1,0,5,1,1,0,0,3,1,2,1,0
5,4,2.01,1,2,3,1,9,1,2,0,1,3,1,0,2,1
9,72,2.63,1,0,3,1,2,0,0,0,1,1,3,1,2,0
14,66,3.63,2,0,2,0,8,1,1,1,3,0,3,0,0,1
1,64,3.55,8,1,3,0,0,1,0,2,2,4,3,2,1,1
2,60,3.81,6,2,1,0,9,1,1,4,3,2,2,2,4,0
2,64,3.78,5,2,4,1,5,0,1,3,1,4,2,0,3,1
11,28,3.27,6,1,3,1,7,0,1,2,0,1,1,0,1,0
14,24,2.35,9,1,4,0,6,0,0,2,2,2,4,4,4,0
8,84,3.73,6,0,3,1,8,1,0,3,1,0,3,0,3,0
9,28,3.93,4,1,4,0,3,0,3,4,1,0,4,4,4,0
2,24,2.65,2,2,4,1,0,1,3,2,2,1,1,3,3,1
14,26,3.24,7,1,3,1,5,0,1,3,1,2,4,0,3,0
6,9,2.92,1,0,0,0,8,1,0,1,0,1,2,4,0,1
0,59,2.38,8,2,2,1,4,1,2,4,3,1,1,1,2,0
3,47,3.39,2,2,4,0,4,0,0,4,3,2,0,4,3,1
11,38,2.18,5,1,4,0,4,1,1,3,3,0,4,4,1,1
12,54,3.8,9,2,0,1,8,0,2,1,1,1,3,0,0,1
1,10,2.33,9,2,2,0,0,0,1,4,0,4,2,0,1,0
7,48,2.05,0,2,2,0,3,0,2,0,1,0,3,2,2,1
8,14,3.12,5,1,0,0,8,0,4,1,1,3,0,1,3,0
12,62,2.26,6,2,4,0,1,0,1,3,1,1,3,2,0,0
10,30,3.72,0,1,3,0,6,1,4,2,2,3,3,4,4,0
7,9,2.09,0,1,4,1,4,1,2,1,0,0,0,0,3,1
11,34,3.09,1,2,1,0,3,0,0,1,4,2,0,1,1,1
8,11,3.73,7,1,4,0,0,0,2,2,0,1,0,1,2,0
6,74,3.7,0,0,1,0,0,1,2,1,4,4,2,1,1,1
2,37,3.41,1,0,1,0,8,1,4,3,1,4,0,1,2,0
6,24,2.19,4,2,1,0,8,0,3,0,1,1,1,4,3,1
3,19,3.24,0,1,1,1,0,0,4,1,1,4,3,4,0,0
11,62,2.06,1,0,0,0,0,1,0,2,2,3,1,2,1,0
9,72,2.38,2,1,1,1,7,0,1,4,1,4,3,1,4,1
9,76,3.72,2,2,1,1,5,1,1,1,3,0,3,2,4,0
9,4,2.45,2,2,3,0,8,1,2,3,1,4,3,4,0,1
13,57,2.66,4,0,1,1,4,1,2,4,3,0,2,1,3,0
1,20,3.01,9,0,2,1,1,0,2,2,4,3,0,1,0,0
5,87,3.63,5,2,3,0,3,1,0,3,1,3,1,3,0,0
13,66,3.05,6,0,3,1,4,0,1,4,4,2,2,1,2,1
1,3,3.74,2,2,2,1,4,1,1,0,0,1,4,4,1,0
5,40,3.6,3,1,1,0,3,0,0,2,3,1,3,4,2,0
9,4,3.49,0,0,1,1,3,0,4,4,2,0,0,4,2,0
5,34,3.49,4,2,0,1,5,0,4,2,3,0,2,4,4,0
8,62,2.35,8,2,4,0,2,0,1,1,1,3,3,0,4,0
1,13,2.02,1,1,1,1,1,1,4,4,1,0,1,2,3,1
7,38,3.25,1,0,3,0,3,1,0,2,1,4,0,2,0,0
8,43,2.52,7,2,2,1,1,1,0,2,4,2,3,2,0,0
6,82,2.04,0,1,2,1,1,0,3,1,3,3,1,1,2,1
6,87,2.94,3,1,3,0,0,0,3,2,1,1,4,4,4,1
11,37,3.12,8,2,4,1,3,0,0,1,1,4,1,4,3,1
6,72,2.58,7,0,1,0,5,1,2,2,2,1,1,3,3,1
6,36,2.57,2,1,0,1,6,1,2,0,3,0,2,3,2,1
6,4,2.83,6,1,1,0,8,0,2,1,1,3,3,1,4,1
7,33,3.22,0,2,0,1,7,1,3,2,0,2,0,2,4,1
13,35,2.74,1,0,4,1,0,0,2,3,1,3,3,4,0,1
0,59,3.9,8,1,4,1,4,1,1,3,4,0,0,3,2,0
11,50,3.03,9,1,1,1,9,1,4,1,1,2,0,1,2,0
7,63,3.11,4,2,1,1,2,0,2,4,1,2,1,1,2,1
0,22,2.33,7,0,0,1,6,1,4,0,3,2,0,3,2,0
7,32,3.95,7,0,3,1,4,0,0,0,1,4,4,0,1,0
9,86,3.05,0,1,2,0,1,1,4,1,1,4,3,3,2,0
4,29,3.95,5,0,2,0,5,0,4,1,3,0,4,1,1,0
10,47,2.03,6,0,4,1,5,0,4,4,3,1,3,4,2,1
11,49,3.81,0,1,2,0,9,1,4,4,1,4,3,0,3,1
11,35,3.37,0,0,2,0,0,1,0,0,2,0,1,1,1,0
1,49,2.15,9,0,0,1,2,0,3,3,3,4,2,4,0,0
8,86,3.09,8,1,2,1,9,1,0,1,2,2,3,1,4,0
6,53,2.82,3,1,2,0,8,0,3,0,4,1,0,3,0,1
0,63,3.96,9,0,0,0,4,0,2,2,2,3,0,2,3,1
1,51,3.53,1,2,0,0,1,1,3,3,2,4,3,3,1,0
9,15,2.3,0,0,2,0,4,0,4,4,0,2,4,1,0,0
4,48,2.24,1,0,1,1,0,1,1,2,0,3,3,0,0,0
6,16,2.8,5,2,1,0,5,0,0,2,1,3,2,2,1,1
13,88,3.7,2,1,1,1,6,0,3,0,4,3,2,4,1,1
6,85,3.54,7,2,3,0,5,1,4,1,0,3,1,1,2,1
6,48,3.01,9,2,0,1,8,0,2,3,2,1,0,0,3,1
1,36,2.9,2,2,4,0,8,1,1,1,0,3,1,1,4,0
9,17,3.69,0,1,3,0,6,0,0,1,2,3,2,1,1,1
7,50,2.52,7,1,4,1,7,1,3,3,0,4,2,3,1,1
7,54,2.45,9,2,4,0,7,1,3,3,4,0,1,2,4,1
2,5,3.1,1,0,1,0,8,1,2,3,0,2,0,1,2,1
0,28,3.03,9,0,1,0,3,0,2,2,1,2,3,0,0,1
0,89,3.92,1,1,3,0,6,1,0,2,4,3,3,4,2,0
11,72,2.66,4,0,4,1,5,1,0,1,0,3,4,0,4,0
1,62,2.68,8,2,2,0,5,0,0,4,2,0,0,3,1,1
8,70,2.72,2,1,0,1,4,0,0,3,0,4,0,1,4,0
6,20,3.02,7,2,1,1,1,1,0,3,2,3,0,4,4,0
9,70,2.17,5,1,1,0,1,1,1,2,2,3,1,4,4,0
9,33,2.64,7,2,2,1,0,0,4,4,2,0,2,0,0,1
5,45,3.65,0,0,1,1,6,1,0,0,0,2,3,2,0,0
1,67,2.39,1,1,2,1,3,0,0,2,4,0,0,1,1,0
1,75,3.83,1,0,2,1,8,0,1,4,0,4,3,0,1,1
13,19,3.28,1,0,1,0,7,1,0,4,2,0,0,1,3,0
4,52,3.49,0,2,1,0,7,0,1,1,4,0,3,0,4,1
3,82,3.09,4,1,0,0,2,1,3,2,1,1,2,0,1,0
12,15,3.08,3,0,1,1,4,1,0,3,0,4,1,1,3,0
2,8,3.24,3,1,3,1,7,0,2,2,1,3,0,2,2,1
7,76,3.76,4,0,4,1,3,0,3,4,0,2,0,1,4,1
11,68,2.4,0,0,4,1,2,1,0,2,2,2,2,4,2,1
14,71,3.93,4,1,0,0,7,1,2,2,2,2,4,3,0,0
11,68,2.68,4,2,0,0,2,0,0,4,1,3,4,4,4,1
0,28,2.25,8,0,4,1,8,0,4,0,1,2,4,2,0,0
7,52,3.05,0,0,4,0,7,1,0,4,1,0,1,4,0,0
1,57,2.88,3,2,0,0,2,0,0,0,1,1,0,2,2,0
3,88,3.88,5,2,4,0,6,1,2,2,3,0,1,1,0,0
13,87,3.5,6,0,2,1,2,1,3,0,3,1,1,3,1,1
4,84,2.95,7,0,4,1,9,1,3,0,1,1,4,4,4,0
10,87,3.08,1,2,1,0,1,1,4,2,1,4,2,0,4,0
3,80,3.56,7,2,4,1,3,1,0,2,3,0,0,2,2,1
5,23,3.93,1,2,4,1,1,1,3,1,0,0,1,0,0,0
12,37,2.62,4,0,0,0,7,0,0,2,2,1,1,1,4,0
1,31,3.94,3,1,3,0,0,1,2,3,2,2,4,2,2,0
14,11,2.76,7,1,1,0,5,1,3,0,4,0,2,0,1,1
10,18,2.09,3,1,0,1,1,0,3,3,0,3,3,2,2,0
5,58,3.92,0,2,2,0,9,1,3,4,3,3,2,2,1,1
12,69,3.52,4,1,0,0,6,0,2,0,4,2,1,4,3,1
12,42,3.66,8,2,4,1,6,0,3,1,4,0,2,0,1,1
12,50,3.5,9,1,3,1,0,0,2,1,4,2,2,1,4,1
9,71,2.73,3,2,4,0,7,0,2,2,2,2,0,0,2,0
14,39,3.85,0,0,1,0,7,0,0,4,0,2,0,4,2,0
9,79,3.2,7,1,1,0,0,0,3,3,1,2,4,0,2,1
9,1,2.8,0,2,2,1,5,1,1,0,1,1,1,1,0,0
3,20,3.68,6,1,1,1,7,0,2,1,3,2,3,1,2,0
10,3,3.03,3,1,2,1,8,1,1,3,1,2,3,0,0,1
2,0,3.38,9,1,3,0,0,1,3,0,1,3,0,4,4,1
1,39,3.14,1,0,3,1,7,0,0,3,2,2,4,3,2,0
3,18,2.97,9,0,0,0,6,1,0,2,1,4,3,1,3,0
6,0,2.79,1,2,3,1,1,1,4,4,4,0,1,0,4,1
10,48,2.0,1,0,3,0,2,0,2,1,1,4,4,4,0,1
13,28,3.36,1,1,1,0,6,1,4,4,0,4,0,3,3,0
13,73,3.93,5,2,0,1,7,0,3,0,2,0,3,0,3,1
9,46,2.6,6,2,0,1,3,0,3,1,3,3,0,0,2,1
5,18,2.09,8,1,4,0,6,1,0,0,4,4,1,0,1,1
7,47,2.79,3,0,2,0,6,0,4,4,0,4,0,4,3,0
10,71,2.98,0,1,4,1,3,1,4,0,0,2,4,3,0,0
7,84,3.69,3,1,1,1,6,0,1,2,0,2,0,1,1,1
13,7,2.95,8,1,4,0,7,1,2,2,4,1,3,0,2,0
14,23,3.27,9,2,0,1,3,1,0,1,4,3,4,1,1,0
3,85,2.12,0,1,1,0,4,0,4,3,1,3,2,3,4,1
3,3,2.76,0,1,3,1,9,0,2,3,3,2,1,4,1,1
2,22,3.16,1,1,1,0,1,0,0,1,3,3,0,2,3,0
5,57,3.01,7,1,0,1,2,1,3,2,0,0,2,4,4,1
10,66,3.78,1,0,3,0,5,1,4,0,4,2,0,2,2,0
8,81,2.86,2,1,4,1,4,1,3,0,1,1,0,2,4,1
5,53,3.94,2,2,3,1,1,0,2,0,4,1,3,3,0,1
8,70,2.55,8,1,4,1,6,0,2,1,2,4,2,1,4,0
5,13,2.01,0,0,2,0,6,1,0,3,2,0,3,0,2,1
14,77,3.15,1,1,3,1,4,0,3,2,3,2,0,2,3,0
1,5,3.2,2,1,1,1,1,1,0,3,1,4,0,0,3,1
7,57,2.56,2,0,4,1,7,0,0,4,2,2,0,1,1,0
12,38,3.05,2,1,4,1,7,1,1,0,0,4,0,1,2,0
5,31,3.24,5,0,3,0,5,0,0,2,4,2,4,3,0,1
2,57,2.55,4,0,1,0,4,0,1,1,4,0,0,0,4,1
7,39,2.47,0,2,2,0,5,0,1,2,0,2,4,2,3,0
0,64,2.09,1,1,0,0,1,1,3,3,2,1,3,1,0,1
0,70,2.24,2,0,4,0,0,0,2,3,4,2,4,3,1,1
1,25,3.12,3,0,4,0,3,0,3,0,1,4,3,1,3,1
1,64,2.24,7,2,4,1,5,1,2,3,3,2,0,1,2,1
12,82,3.87,0,2,0,1,0,1,2,2,3,2,1,2,2,1
10,64,2.99,0,0,2,1,4,1,3,3,3,2,0,4,2,1
1,31,3.76,9,0,0,0,7,0,3,3,0,3,2,1,3,1
14,82,3.85,4,0,4,0,9,0,1,1,3,1,3,0,1,0
5,69,3.24,5,2,3,0,3,0,1,3,4,1,3,1,4,1
14,5,2.73,9,0,3,1,0,1,0,2,4,1,4,2,4,1
9,47,2.08,8,2,4,0,1,1,4,1,4,1,4,3,4,0
1,63,2.98,6,1,1,0,4,1,0,3,1,2,0,3,2,1
2,46,2.8,1,0,3,0,7,0,3,4,2,1,3,4,1,0
11,25,2.52,2,0,2,0,0,1,2,4,1,3,0,2,3,1
7,19,2.49,1,1,2,0,4,1,2,4,4,3,0,1,1,0
5,48,3.39,5,1,4,0,7,0,2,0,1,4,3,1,1,0
1,23,2.56,1,2,3,1,9,0,2,3,1,3,2,0,3,1
13,19,2.48,3,0,3,0,1,1,2,1,1,0,2,3,3,1
8,85,2.91,3,2,2,1,1,0,0,3,4,2,1,1,1,0
1,1,2.36,8,0,1,0,7,0,4,3,4,2,0,1,3,1
8,22,2.79,1,0,1,0,9,0,0,4,1,2,3,4,0,1
9,68,3.7,3,0,3,0,3,1,4,2,0,2,2,1,1,0
10,25,2.89,1,0,2,1,8,0,1,3,0,1,4,1,3,1
13,60,3.79,5,0,2,1,4,1,4,3,2,2,3,0,2,1
11,88,3.88,3,1,1,0,4,1,0,3,1,4,2,2,1,0
8,48,3.59,5,1,3,1,4,1,1,2,3,1,2,0,1,0
8,26,3.96,9,1,0,1,1,1,2,3,2,3,0,1,4,1
14,15,2.55,8,2,4,1,0,1,2,2,1,3,4,2,4,1
6,47,3.78,1,2,0,1,0,0,2,3,2,0,3,2,4,0
7,56,3.5,7,0,0,1,3,1,4,4,3,3,0,2,0,0
8,79,2.96,1,1,1,1,2,0,3,4,2,1,0,3,3,1
3,36,2.3,1,2,2,1,5,1,2,3,1,3,1,2,3,0
5,1,2.65,1,2,4,1,9,0,2,1,2,3,0,4,2,1
5,9,2.92,9,0,2,1,5,0,2,1,4,1,0,4,0,1
3,33,3.35,0,2,4,0,2,0,4,0,2,2,1,4,0,1
1,25,3.81,8,0,2,0,7,0,3,4,0,1,4,1,0,1
0,84,2.31,9,1,2,1,1,1,1,4,0,4,2,0,2,0
10,46,2.42,6,2,3,1,7,0,2,4,1,4,3,1,4,0
1,27,3.15,0,0,1,1,9,1,3,4,1,3,0,3,0,1
9,76,3.32,9,1,4,0,0,1,3,0,4,2,4,4,0,0
0,35,3.12,4,0,2,1,4,1,2,1,3,0,3,1,4,1
3,45,2.94,3,0,0,0,5,0,3,3,0,2,1,1,3,1
9,7,2.75,5,2,3,0,1,1,4,1,1,4,0,4,3,1
11,2,3.44,9,2,0,1,8,1,0,4,1,2,3,3,3,0
4,84,3.33,4,2,1,0,6,0,3,0,4,0,1,0,3,1
6,82,2.14,2,1,4,0,3,1,3,3,1,1,1,4,0,1
5,54,2.57,5,1,1,1,6,0,0,4,1,1,1,3,3,0
2,88,2.15,0,0,3,0,9,0,4,1,0,4,0,0,4,1
6,30,3.73,4,0,3,1,3,1,0,2,1,4,2,1,4,0
13,70,3.26,6,0,0,1,7,0,4,0,1,0,4,4,4,1
5,60,3.05,0,1,1,1,7,1,0,1,1,4,2,0,0,0
3,5,3.14,0,0,1,1,1,1,4,1,1,0,4,3,2,0
0,10,2.09,4,0,3,1,2,1,4,3,2,0,3,2,1,1
7,10,2.35,3,1,0,1,6,0,2,0,4,2,2,3,3,0
7,50,2.02,1,1,2,1,2,1,1,3,0,1,1,4,3,0
6,6,2.93,6,1,3,1,4,0,4,1,3,1,1,3,2,0
8,36,2.92,4,0,2,1,2,0,4,1,1,3,3,2,4,0
7,37,2.65,0,1,2,1,2,1,2,3,2,0,3,1,0,1
6,57,3.67,0,2,2,0,1,1,0,4,1,2,1,4,4,1
9,49,2.28,0,0,2,1,5,0,0,4,4,0,3,0,0,1
5,28,3.59,5,2,4,0,5,0,2,0,3,3,0,2,4,1
13,10,3.39,4,2,2,1,4,1,1,3,1,0,4,3,0,1
6,23,3.51,7,1,4,0,9,0,3,4,1,4,2,2,2,0
2,66,3.5,7,1,2,1,4,1,3,4,0,4,2,3,0,0
0,57,3.23,1,2,2,1,8,0,1,1,1,0,4,3,2,0
4,76,2.23,9,0,0,0,5,0,1,2,4,0,3,1,4,0
10,44,3.48,8,1,0,0,7,0,2,0,2,4,4,4,0,0
3,78,3.49,0,2,3,0,4,1,3,3,1,1,4,3,3,1
7,75,3.43,5,1,2,0,8,1,3,0,2,4,2,4,0,1
1,37,2.41,9,2,2,0,8,0,2,4,3,2,0,3,0,1
10,13,2.29,3,1,3,1,8,0,3,2,2,2,2,2,3,1
9,31,2.64,7,1,4,1,4,1,1,0,4,2,1,0,1,0
10,71,2.33,0,1,1,0,3,0,2,2,2,4,1,3,3,1
4,47,2.54,1,2,3,1,4,1,1,0,3,2,3,2,0,0
2,85,3.15,0,1,3,0,2,0,4,1,2,0,1,2,1,1
13,16,2.18,1,2,0,1,7,1,3,2,0,0,2,0,4,0
12,73,2.01,1,1,2,0,1,1,0,4,1,0,4,4,1,0
7,19,3.65,7,0,4,1,7,0,4,4,4,2,3,0,2,0
2,63,3.57,7,0,4,0,4,0,2,2,2,4,2,4,4,0
8,73,3.52,9,2,1,1,2,0,2,4,2,0,3,4,0,0
8,32,2.06,5,1,4,0,9,0,0,3,1,3,0,1,1,1
3,22,2.67,8,0,3,0,5,1,4,4,2,3,3,0,4,0
10,80,3.43,9,2,4,0,3,0,4,3,0,2,0,0,1,1
13,6,3.92,0,0,2,1,0,0,1,3,3,4,2,0,2,1
14,65,3.17,1,2,0,0,1,0,4,4,1,1,4,0,4,0
11,79,3.86,6,1,1,0,8,0,0,2,0,0,4,0,1,1
7,45,3.23,7,0,3,1,2,1,0,2,4,0,3,2,1,1
6,58,3.52,6,1,0,0,1,0,4,4,3,4,1,4,2,1
6,88,3.47,0,0,0,0,1,0,0,3,4,1,4,1,0,1
11,16,2.75,3,0,0,0,7,0,2,3,3,1,1,1,1,0
10,23,2.15,9,0,1,0,8,0,0,0,1,4,0,2,0,1
3,42,3.21,2,1,4,0,5,1,4,3,2,0,2,0,0,1
1,70,2.39,9,2,4,1,8,1,1,2,4,1,4,2,1,1
0,28,3.25,1,0,4,0,8,1,1,2,1,2,3,0,0,0
2,82,3.44,6,2,2,1,1,1,2,3,3,3,4,1,1,0
4,34,2.16,3,0,3,1,7,0,4,4,2,1,2,0,1,0
2,47,3.55,5,2,0,1,6,1,0,4,3,3,4,3,2,0
6,44,3.03,8,1,4,1,4,1,0,0,4,0,2,4,0,0
2,78,2.13,4,0,1,0,0,0,2,4,0,4,2,2,1,1
2,13,2.2,0,2,4,0,1,0,4,3,4,3,4,3,4,1
6,74,3.0,1,1,3,1,4,1,1,3,3,1,2,0,4,1
7,43,3.0,1,2,3,0,8,1,3,2,2,3,1,4,1,1
5,82,2.82,2,2,1,0,5,1,2,3,0,3,1,1,1,1
1,43,3.39,3,0,0,1,1,0,2,0,1,0,0,3,3,1
3,49,3.94,6,2,3,0,3,1,1,0,3,4,3,0,1,0
8,4,2.52,9,2,3,0,0,1,2,2,0,1,0,2,0,1
11,8,2.89,6,1,3,1,3,1,4,4,1,4,3,2,3,1
0,56,3.51,3,0,1,0,5,1,2,1,0,0,4,0,2,1
6,48,3.69,0,2,3,1,1,1,1,0,3,4,1,3,4,1
13,40,3.85,2,1,0,0,6,0,1,1,1,3,3,4,2,1
4,21,2.8,0,2,4,1,6,1,0,0,2,3,4,2,4,0
4,42,2.31,2,0,2,0,8,1,2,1,2,1,4,3,3,0
2,62,3.26,2,1,2,1,3,1,0,2,2,3,2,2,1,0
5,77,2.93,2,2,4,1,3,0,4,2,2,0,3,4,0,1
4,89,3.65,8,2,3,0,8,1,1,3,0,1,1,3,3,0
14,77,3.81,4,0,4,0,9,1,2,2,4,3,3,0,4,0
3,25,2.78,8,0,4,1,9,1,2,1,4,4,3,3,2,1
7,58,2.1,1,2,2,0,3,1,3,2,2,1,3,2,1,0
5,88,2.53,5,1,3,0,4,0,3,2,2,4,2,2,3,0
2,43,2.47,5,1,1,0,9,1,1,4,2,0,3,0,4,1
8,82,3.76,9,2,4,0,6,0,1,0,2,2,1,0,2,0
7,44,3.87,1,0,0,0,8,0,4,1,4,3,3,0,3,0
0,64,2.74,7,2,0,1,3,0,0,3,3,3,3,3,4,0
4,13,3.19,0,0,3,0,5,0,3,0,2,3,2,3,1,0
9,84,2.53,1,1,1,1,4,1,4,2,1,4,0,0,3,1
9,64,3.93,1,1,2,1,7,1,4,4,2,4,3,4,1,0
1,87,3.75,6,1,4,0,5,0,2,2,3,0,3,2,1,1
11,73,3.27,1,1,3,0,4,1,1,4,4,3,1,3,3,1
9,7,3.46,2,2,0,1,6,1,3,4,3,2,2,0,4,1
3,82,2.83,8,2,2,1,7,1,0,4,3,0,0,3,3,1
1,0,2.21,8,0,4,1,7,0,4,1,3,4,1,4,2,1
4,87,2.98,9,2,2,1,7,0,1,4,2,2,1,4,4,1
1,32,2.75,2,2,0,0,7,0,3,3,1,0,4,0,0,1
0,31,2.88,3,0,2,1,8,0,2,3,2,4,3,1,2,0
11,53,2.72,6,0,1,0,9,1,4,0,2,3,0,2,3,0
2,28,3.33,9,0,2,1,4,1,3,1,2,1,3,4,4,0
1,0,3.76,6,2,0,1,6,0,2,4,1,1,3,0,4,0
10,27,3.9,1,1,3,0,7,1,1,3,0,3,4,2,4,0
5,24,2.63,5,2,4,0,0,0,1,2,3,0,0,1,3,1
5,48,2.82,8,0,3,1,2,1,4,0,2,3,0,4,2,0
4,14,2.73,7,2,2,0,1,1,2,2,1,4,2,0,0,1
10,44,3.62,2,2,2,1,9,0,1,2,3,0,2,1,4,1
0,1,3.98,6,0,0,1,4,1,0,0,3,4,2,0,1,1
0,68,2.97,3,1,1,1,3,0,2,4,1,1,4,3,4,1
1,60,3.55,5,0,0,1,4,1,3,1,1,4,2,0,3,1
1,71,3.12,4,2,4,1,5,1,4,1,2,3,1,1,2,0
5,12,2.37,3,0,3,1,2,1,4,4,4,1,0,2,0,1
11,29,2.38,5,2,1,1,6,1,4,1,2,0,1,4,3,1
5,60,3.87,7,2,2,0,1,1,4,4,3,3,4,1,0,1
1,33,3.8,6,1,3,1,0,0,4,2,4,1,0,2,4,1
2,10,2.44,9,2,4,0,3,0,0,3,1,2,2,0,2,0
9,69,2.22,9,0,4,1,1,0,1,3,3,1,2,3,2,1
3,48,2.15,7,0,3,1,3,1,0,1,4,4,3,0,3,0
6,18,3.24,7,2,3,0,5,0,2,3,3,0,4,4,2,0
9,77,2.84,4,0,0,1,9,0,3,4,4,4,0,4,4,1
11,37,3.43,0,2,2,0,1,0,1,1,0,4,1,0,4,0
1,11,2.0,2,1,2,0,8,1,0,0,0,2,2,3,4,1
10,46,2.86,6,0,3,0,1,1,4,1,2,3,1,4,1,0
11,80,3.44,1,1,3,1,4,0,4,3,4,1,4,4,3,0
9,56,3.25,2,1,4,0,5,0,4,3,2,4,4,4,0,0
4,89,2.46,2,1,3,0,9,0,3,2,4,2,4,3,2,1
13,14,3.5,7,1,0,1,1,1,1,4,4,1,1,2,3,1
9,20,3.49,4,2,4,0,2,1,2,1,0,1,3,0,4,0
7,62,3.76,5,2,0,1,1,1,1,2,1,1,2,3,0,0
3,22,3.56,6,2,2,0,2,1,2,2,2,2,1,0,0,1
3,85,2.07,8,1,4,1,2,1,4,3,1,0,0,3,3,1
7,4,3.78,2,0,0,0,1,1,2,3,1,4,3,2,1,0
3,80,3.93,2,2,3,0,2,1,3,0,3,3,0,3,2,1
10,19,3.42,4,2,4,1,3,0,1,3,3,4,2,3,1,1
1,20,2.53,9,0,2,0,8,1,4,3,1,4,3,1,2,0
6,65,3.8,6,0,3,1,7,0,3,4,0,4,1,3,1,1
6,73,3.99,7,0,0,1,2,1,1,2,4,4,1,0,1,0
3,0,2.88,4,0,2,0,6,0,1,1,1,4,2,0,3,1
12,68,3.4,8,2,1,0,2,0,0,1,0,3,1,3,0,1
11,86,3.19,5,1,3,0,6,0,0,0,2,3,1,3,0,1
12,42,3.45,1,0,4,1,1,0,0,0,3,2,4,3,3,0
12,10,3.35,9,0,3,1,9,0,2,3,4,0,2,0,3,0
1,49,3.1,1,1,2,0,7,1,1,2,1,3,0,3,3,1
3,67,3.89,0,2,0,1,0,0,2,1,3,2,3,1,4,0
9,4,2.79,0,2,4,1,4,0,2,2,3,0,1,3,3,0
8,25,3.32,4,2,0,0,5,0,3,3,4,4,4,2,0,0
9,15,2.66,0,1,0,1,7,0,2,4,1,4,3,1,0,0
14,28,2.23,7,2,2,1,1,1,1,2,2,4,1,1,3,1
12,66,2.22,1,2,1,1,0,0,0,1,4,0,3,4,2,0
11,1,2.47,5,2,2,1,9,1,2,3,3,2,4,0,0,1
4,48,3.86,1,1,2,0,5,0,2,2,2,0,3,1,3,1
7,14,2.01,4,0,1,0,1,0,3,4,0,0,1,0,2,0
4,50,2.35,0,2,0,0,7,0,0,0,2,1,3,4,1,0
10,31,3.64,7,2,2,1,9,0,4,4,4,3,0,2,2,1
8,4,3.01,8,2,4,1,8,0,0,1,4,0,1,3,0,1
9,69,2.94,7,0,3,0,3,1,2,3,2,2,0,4,2,0
5,50,2.59,6,0,2,1,7,0,2,2,2,0,3,3,0,0
0,48,3.23,7,1,1,0,1,0,3,1,1,3,4,3,3,1
4,81,2.92,8,2,3,0,2,0,1,3,2,2,4,3,1,1
8,9,3.78,3,1,3,1,7,1,3,0,3,2,0,3,3,0
6,46,3.07,4,2,4,0,6,1,2,1,3,2,3,3,0,0
3,67,2.96,7,0,3,1,0,0,1,1,0,1,3,2,1,0
13,38,3.94,8,2,4,1,2,0,3,1,0,3,2,2,1,0
11,14,3.93,6,1,4,0,6,0,0,1,0,1,3,1,1,1
7,26,2.11,8,1,0,0,2,0,4,2,2,0,4,1,0,0
1,87,3.8,1,2,1,0,0,1,4,4,1,3,4,2,0,0
5,19,2.87,1,2,1,1,7,0,4,0,2,3,2,4,0,1
8,57,2.07,9,1,1,1,6,0,1,2,1,1,4,3,0,0
14,79,2.73,0,0,0,1,1,1,2,0,4,1,2,1,4,0
10,31,3.14,2,1,4,1,9,0,2,1,1,2,3,4,2,0
13,8,3.43,3,2,1,1,3,1,4,3,3,3,4,3,4,0
9,9,3.76,3,0,3,0,9,1,3,4,4,2,2,1,3,1
8,45,2.37,7,0,4,1,5,0,3,2,3,4,1,3,1,1
9,6,3.71,9,2,3,1,7,1,3,3,1,4,0,4,4,1
9,81,3.17,0,1,2,0,8,1,0,1,1,2,0,0,3,1
2,19,2.3,7,2,2,1,8,1,0,3,1,2,0,3,1,1
12,28,2.2,7,2,4,1,5,0,1,3,2,4,3,3,0,1
8,17,2.54,4,1,4,0,9,0,1,1,1,2,3,2,2,0
2,35,2.5,6,2,4,0,7,1,4,1,4,2,4,2,4,0
3,89,3.47,7,1,3,1,5,1,1,1,2,0,3,0,3,1
5,72,2.34,3,2,4,0,0,0,2,3,4,3,1,3,1,1
14,8,3.9,6,2,3,1,2,0,3,0,1,1,4,1,2,1
2,29,3.46,5,2,2,0,3,0,4,1,3,3,4,3,1,0
7,17,3.47,9,2,1,0,3,0,1,4,2,0,4,1,4,1
1,27,3.3,7,0,4,0,1,1,4,1,1,4,3,2,2,1
5,23,2.86,8,2,0,0,0,1,4,3,3,2,4,3,1,0
10,66,2.56,6,0,4,0,0,1,3,2,2,1,0,1,1,0
13,54,2.51,6,2,0,1,4,0,3,4,0,1,3,0,4,1
2,19,3.25,0,0,0,0,5,1,4,4,4,2,2,4,4,1
13,85,2.18,1,1,2,1,6,1,3,4,0,3,0,4,1,0
4,50,3.3,3,2,3,1,4,0,3,1,0,3,3,2,4,0
2,6,2.59,6,2,2,0,3,1,2,3,1,2,3,4,0,1
2,25,2.88,3,2,3,1,0,1,3,1,3,1,4,4,1,0
12,47,3.41,8,2,0,1,9,0,3,3,3,3,3,1,4,0
2,6,3.36,1,0,3,1,8,1,0,4,4,1,1,0,4,1
11,20,2.27,8,0,0,0,0,1,1,2,0,2,2,0,2,0
6,61,3.52,5,2,4,0,0,0,2,2,4,0,3,1,4,1
2,75,3.53,5,1,2,0,5,1,0,0,1,2,2,2,1,1
13,82,3.45,7,0,1,1,6,1,1,4,4,3,2,1,3,1
6,39,3.62,0,1,0,1,0,1,1,0,1,1,3,3,0,1
4,81,3.91,8,0,2,0,2,1,1,1,2,1,1,0,0,0
9,54,3.51,1,2,3,0,7,0,4,2,0,4,3,3,2,0
12,54,2.69,7,1,4,1,7,1,0,3,1,2,3,0,4,0
10,85,2.95,5,0,2,0,6,0,2,3,1,1,4,3,3,1
10,87,2.91,9,0,2,0,3,0,2,1,2,0,3,0,0,1
5,59,2.74,3,0,3,0,9,0,1,1,3,1,1,2,1,1
3,29,2.7,5,1,2,0,0,0,2,0,4,4,1,2,2,1
6,36,3.96,2,1,4,0,5,1,4,0,4,0,4,4,3,0
3,50,2.35,8,2,3,0,2,1,1,2,0,2,3,1,0,0
9,64,2.19,4,2,0,0,5,1,0,2,1,3,4,0,3,1
2,2,3.96,0,1,2,1,6,0,1,3,1,2,0,4,4,0
2,9,2.91,6,1,0,0,8,0,2,2,1,3,1,0,4,1
2,49,2.03,2,1,2,1,1,1,4,1,0,2,2,4,1,0
2,54,2.34,3,1,2,0,1,1,0,3,4,1,1,0,4,1
14,61,2.2,9,2,2,0,3,1,1,2,3,4,0,0,4,0
13,83,3.08,6,1,1,0,7,0,3,2,0,1,2,1,2,1
11,86,3.78,6,1,1,1,9,0,4,4,0,3,2,3,2,1
5,87,2.34,0,1,0,1,5,1,2,2,1,2,2,1,4,1
9,89,2.7,9,1,1,0,1,0,0,1,4,1,1,0,3,0
14,4,3.41,4,2,0,0,0,1,1,0,2,1,2,0,0,1
13,29,2.28,8,1,4,1,2,0,2,2,1,1,4,0,4,0
7,48,3.84,3,1,1,0,6,1,0,3,4,3,3,0,1,1
4,32,3.12,4,2,0,1,7,0,4,0,1,4,3,0,2,0
5,41,2.84,9,0,4,0,7,0,1,4,0,1,3,3,4,0
4,57,2.21,7,1,3,1,2,1,4,2,0,1,4,3,1,1
11,20,3.21,3,0,4,0,8,0,0,0,2,3,0,0,1,0
10,19,2.79,4,2,3,1,7,0,2,1,1,2,4,1,4,0
13,49,2.93,0,1,1,1,2,0,1,0,3,0,3,1,2,0
4,62,3.25,2,1,4,1,8,1,2,1,4,0,1,2,1,1
2,4,3.1,8,0,3,1,9,1,2,4,0,1,4,0,3,0
12,34,3.56,2,2,3,0,4,1,3,0,4,1,1,0,2,0
8,28,2.23,4,0,4,0,1,1,0,2,1,1,1,3,3,1
13,1,3.7,3,2,4,1,9,1,3,0,2,2,1,4,1,1
6,42,3.34,1,1,1,1,6,1,3,1,4,1,0,4,0,1
12,44,3.62,2,0,4,0,9,1,1,3,3,2,1,2,3,0
4,71,3.13,7,2,3,0,8,1,1,4,0,4,2,0,4,1
7,49,2.63,1,2,4,1,4,0,0,0,1,1,2,4,1,0
9,9,3.49,3,1,2,0,9,1,2,2,3,4,0,2,4,1
7,22,2.99,4,2,2,1,2,0,4,4,2,4,2,4,2,1
13,52,2.59,4,1,3,1,2,1,1,4,3,4,1,3,0,0
13,75,2.54,7,1,3,1,8,0,3,1,4,4,4,0,3,0
1,34,2.86,5,0,1,1,1,1,1,4,2,1,0,2,3,1
12,53,2.14,7,1,0,1,1,0,1,4,0,3,0,2,0,1
5,21,2.15,2,2,0,0,3,1,1,0,3,2,3,1,4,0
0,68,3.51,5,0,2,0,0,0,1,3,4,4,2,3,3,0
13,22,2.83,7,1,2,1,4,0,4,4,0,3,4,1,1,1
1,27,2.81,9,2,3,0,7,0,1,0,3,2,3,4,3,1
1,0,3.5,9,0,0,1,4,1,2,3,0,2,0,4,3,1
10,52,2.02,4,0,0,0,8,1,1,2,0,4,2,0,3,0
2,27,2.23,3,0,4,0,2,1,1,2,0,2,4,4,1,0
8,78,3.54,5,1,4,1,2,0,2,1,1,3,1,2,3,0
6,11,3.59,6,0,0,1,4,0,4,4,1,4,4,1,1,0
14,84,3.62,6,2,2,1,6,0,3,4,4,3,0,1,4,1
2,49,2.64,9,2,2,1,0,0,0,0,1,4,4,3,2,0
13,88,2.09,2,1,0,1,0,0,2,2,2,1,1,4,3,0
8,48,3.74,7,2,0,0,9,0,4,0,4,3,3,1,4,0
10,28,2.94,3,0,2,1,2,0,4,4,0,2,2,3,1,1
7,48,2.8,6,0,1,0,2,1,2,3,0,2,2,1,0,1
1,2,2.25,2,0,3,0,9,0,1,3,4,3,1,3,0,0
6,26,2.07,6,2,2,1,0,0,0,0,2,3,2,1,4,1
3,18,2.83,1,2,1,1,1,1,0,2,3,1,0,4,3,0
4,89,2.14,3,0,4,0,9,1,4,1,2,4,3,4,2,1
7,9,3.28,2,0,0,1,0,1,3,1,1,2,4,4,1,0
7,27,3.94,6,1,2,1,0,1,1,0,4,0,2,3,2,0
5,81,2.7,6,1,2,0,8,1,4,4,2,2,0,0,0,0
9,72,3.6,5,1,0,1,3,1,4,0,2,0,3,1,4,0
11,47,3.4,1,0,4,0,0,0,2,0,1,2,1,1,3,1
11,72,3.03,1,0,1,1,9,0,2,2,4,1,4,1,3,0
6,20,3.65,5,0,2,1,1,1,0,4,4,1,4,1,2,1
10,37,3.93,6,0,4,1,8,1,2,2,3,0,4,4,1,1
3,66,3.42,8,1,0,0,5,0,1,3,1,3,2,2,3,1
8,84,3.14,9,0,2,0,4,1,4,4,1,0,4,4,1,1
0,40,2.41,9,1,0,0,7,0,3,0,0,1,2,4,1,1
11,6,2.6,2,1,0,0,9,1,0,0,0,2,4,0,0,0
9,46,3.69,4,1,2,0,1,0,1,4,1,1,4,3,0,0
11,9,2.61,6,1,2,0,8,1,0,1,2,0,2,0,1,1
4,30,3.4,5,1,3,0,3,0,3,3,3,2,0,0,3,0
4,34,3.6,7,0,4,0,0,1,2,3,4,2,1,0,1,0
2,76,3.48,4,2,0,0,5,1,3,3,1,2,1,3,2,1
8,50,2.15,9,1,1,0,9,0,3,0,4,2,2,0,3,1
4,30,3.17,9,2,3,1,1,1,3,4,3,3,4,2,4,0
10,65,2.48,8,2,1,1,1,1,3,4,2,1,1,0,3,1
9,48,3.71,1,2,3,0,4,0,4,2,3,3,1,4,1,0
12,82,3.4,4,1,4,1,0,1,2,1,2,0,3,1,1,1
11,24,2.6,9,0,2,0,2,0,4,4,2,0,3,2,1,1
0,26,2.66,4,0,0,0,4,1,2,4,0,2,1,2,1,0
3,88,2.87,0,2,4,0,7,1,3,3,2,4,4,3,2,0
0,28,3.3,8,1,4,0,3,1,4,1,1,3,2,1,4,1
10,8,2.99,8,2,4,1,0,0,3,1,1,4,1,4,2,1
5,76,3.44,4,1,1,0,9,1,3,2,3,1,3,4,2,1
10,61,3.93,0,0,3,1,6,0,0,1,1,3,2,0,1,1
14,18,2.31,5,1,1,1,1,1,3,3,4,0,4,3,0,0
7,85,3.07,0,1,3,1,4,1,1,1,1,0,3,1,2,0
2,26,3.84,5,0,4,1,2,0,1,0,3,1,3,1,2,0
0,57,2.72,8,0,2,1,0,0,0,1,3,0,1,2,1,1
7,77,2.54,4,1,1,0,9,1,0,1,1,4,1,1,2,0
9,18,2.22,2,1,1,0,0,1,0,2,0,3,4,2,2,1
2,32,2.3,1,0,3,1,3,1,4,1,0,4,4,3,1,0
4,62,3.04,8,2,2,0,2,1,4,4,2,0,0,3,1,0
13,61,2.67,7,1,3,0,2,0,3,0,4,4,2,0,2,1
9,34,3.46,7,1,2,0,6,0,3,2,1,3,2,3,4,0
12,75,2.57,3,2,2,1,0,0,4,0,0,4,4,0,1,0
7,63,2.07,7,0,3,1,4,1,4,1,2,1,1,4,2,1
6,67,2.81,0,0,3,0,9,1,0,0,0,1,1,3,0,1
7,20,2.07,1,2,0,1,1,0,2,4,4,2,2,2,3,1
3,65,3.8,2,2,4,0,2,1,4,3,0,1,3,3,2,1
13,59,2.35,4,0,3,1,7,0,1,3,2,3,1,1,3,0
14,78,2.32,9,2,0,1,5,0,4,2,4,1,1,4,0,1
9,82,2.03,5,1,1,1,7,0,0,1,3,4,1,2,0,0
6,84,3.86,9,2,0,0,6,0,3,0,3,4,4,3,3,0
6,0,3.5,6,2,0,0,3,0,4,0,2,1,2,2,2,0
4,46,2.59,3,1,0,0,0,0,0,1,2,1,2,4,1,1
14,24,2.55,0,0,2,1,2,0,3,2,0,0,4,0,4,1
4,9,2.74,0,2,1,1,2,1,1,3,2,1,3,3,2,0
4,2,2.44,4,2,1,0,0,0,1,0,0,2,2,2,0,1
11,76,3.55,1,1,0,0,3,0,3,1,0,1,1,0,2,0
2,81,2.99,0,0,4,1,0,1,1,2,4,3,4,0,3,0
7,46,3.22,5,0,4,1,1,1,3,1,3,2,3,4,2,0
11,31,2.67,9,1,0,1,7,1,4,1,4,4,4,1,3,1
13,9,3.0,2,1,3,0,2,0,0,1,4,1,3,2,4,0
0,15,3.23,2,1,4,0,1,0,1,4,4,4,2,4,1,0
6,6,2.48,9,0,2,1,0,0,2,2,2,2,4,4,1,0
1,87,2.62,3,1,0,0,9,0,4,2,1,0,4,0,1,0
8,38,2.18,0,1,1,0,3,0,2,0,1,2,2,4,1,1
1,55,3.99,3,1,0,0,6,0,2,1,1,4,1,0,2,1
9,38,2.58,1,2,4,1,4,0,4,0,0,2,4,0,3,0
6,22,3.7,4,2,2,0,7,0,2,4,3,0,2,2,4,0
6,89,2.57,7,2,2,0,0,0,3,3,0,2,0,4,1,1
8,0,3.33,4,0,1,0,8,0,0,3,0,3,3,2,4,0
10,33,2.23,7,0,4,0,3,0,0,1,0,3,2,1,4,1
12,27,2.69,4,0,2,0,7,0,4,2,0,0,3,3,3,0
14,29,3.69,5,1,1,1,6,0,4,3,0,2,2,1,2,0
10,78,2.09,3,2,0,0,3,0,4,0,1,1,1,0,0,1
9,20,2.12,6,2,4,0,4,0,0,3,1,2,4,3,4,0
10,62,3.74,1,1,3,1,1,0,3,4,1,4,2,3,2,1
1,51,2.42,8,2,0,1,2,1,0,0,1,2,0,1,0,1
4,72,2.12,5,0,1,0,2,0,2,3,3,4,0,1,0,0
5,17,2.13,4,0,0,1,3,1,2,3,2,2,3,0,4,0
7,69,3.22,1,0,1,1,6,1,1,3,0,3,0,0,1,1
12,51,2.87,0,0,0,1,0,0,4,2,3,2,0,4,2,0
12,68,3.72,5,2,3,1,1,1,4,1,2,4,0,0,4,0
0,50,3.63,3,0,4,0,1,1,0,0,4,1,1,3,4,1
12,5,3.38,1,2,2,0,7,1,2,2,1,0,0,4,2,1
1,74,2.02,5,1,0,0,1,1,3,0,3,0,2,3,4,1
2,21,2.93,9,0,3,0,5,0,0,2,0,1,4,0,1,0
11,73,2.96,8,0,0,1,7,0,3,4,2,0,4,2,3,1
10,34,3.13,6,2,2,0,7,1,2,1,0,0,0,4,3,0
0,71,2.63,9,1,0,1,8,0,2,2,3,1,0,0,2,1
2,8,3.28,9,1,1,0,1,0,2,2,2,2,0,1,0,0
3,70,3.08,9,0,2,0,5,0,0,1,1,2,1,1,1,1
1,57,3.68,0,2,1,1,6,0,4,2,2,4,0,1,1,1
1,48,2.75,6,2,0,0,2,0,0,4,2,1,0,2,3,0
3,18,3.31,1,2,0,1,3,1,4,0,0,2,3,0,2,0
9,52,3.07,4,0,4,1,0,1,1,1,0,0,4,3,4,0
4,7,3.93,2,2,2,0,4,1,4,4,1,4,3,0,4,0
1,40,3.51,0,0,2,1,6,0,0,1,4,4,1,2,2,0
8,88,2.13,0,0,1,0,6,1,0,0,1,4,1,1,0,1
5,69,3.48,4,1,3,1,5,1,0,3,4,3,1,0,1,1
1,60,3.5,0,1,3,0,7,0,3,3,2,2,2,0,4,0
14,79,2.84,7,0,4,1,2,0,0,4,2,4,2,2,4,0
2,11,3.79,3,0,2,0,9,0,3,1,2,3,4,2,3,1
0,16,3.1,7,0,3,1,1,1,1,0,2,3,3,0,3,1
10,35,2.57,9,0,3,1,3,1,4,4,0,0,0,1,1,1
6,69,2.96,2,0,0,0,1,1,2,3,4,2,4,2,4,1
7,24,2.21,1,0,2,1,0,0,0,1,4,2,2,2,0,0
13,16,3.19,7,2,4,0,8,1,2,0,1,3,0,4,0,1
3,5,3.12,6,0,1,1,7,1,3,3,3,1,1,2,1,0
6,41,2.55,7,1,0,1,5,1,0,0,2,0,4,2,2,1
10,48,2.81,6,1,1,1,3,0,2,0,0,3,2,2,0,0
6,8,2.65,6,0,4,1,6,1,2,0,4,1,2,1,0,1
9,53,2.34,6,1,3,0,6,1,0,2,2,2,1,4,4,1
12,60,3.02,5,0,4,0,2,0,2,2,2,3,1,2,4,1
6,68,3.26,7,2,4,0,4,1,4,3,0,3,3,0,0,1
8,14,2.35,1,2,3,1,7,0,4,1,4,4,2,0,2,0
13,42,3.52,0,0,1,1,1,1,0,2,2,2,4,4,0,1
14,49,3.37,3,2,1,1,5,0,2,0,0,3,1,3,4,1
8,79,2.08,1,2,2,1,7,0,2,4,4,4,4,1,0,0
12,8,2.4,2,1,4,0,2,1,4,0,1,2,2,3,3,0
8,37,2.53,6,2,0,0,0,1,4,3,1,0,4,4,0,0
0,25,2.19,1,1,1,1,3,1,2,1,3,4,0,1,1,1
12,84,3.69,8,1,4,1,0,1,3,1,3,2,0,1,0,0
1,19,3.82,7,0,3,1,7,1,1,3,0,2,0,4,2,0
8,87,2.71,5,2,1,1,6,1,0,4,3,2,2,2,3,0
3,54,3.54,3,2,3,0,6,1,0,4,1,1,3,3,4,1
0,40,2.42,5,0,4,1,5,1,4,2,1,4,3,3,1,0
1,87,3.61,2,1,4,0,2,1,4,3,2,3,1,4,2,0
11,89,3.78,5,1,3,1,1,1,3,1,0,2,0,4,0,0
1,87,2.59,8,0,0,0,0,1,0,1,0,1,3,3,4,0
12,30,3.24,4,0,4,0,6,0,0,0,4,4,1,3,3,1
2,15,2.73,0,2,3,1,7,1,3,0,3,4,2,4,1,0
5,9,3.54,3,0,3,0,9,1,1,0,4,2,2,4,1,1
9,27,3.67,1,0,4,0,6,1,0,3,1,2,3,3,1,1
3,57,3.86,7,2,2,1,8,1,0,2,2,3,4,1,3,1
1,12,2.8,7,0,3,1,0,0,4,4,0,1,1,4,3,0
1,71,3.54,1,2,2,0,4,1,1,3,1,4,2,2,4,0
9,86,2.16,9,0,4,1,8,0,4,0,1,0,4,1,4,0
7,49,2.11,9,1,1,0,5,1,3,3,1,0,1,1,0,1
14,28,3.2,2,1,2,0,0,0,4,2,1,1,3,4,4,1
3,70,2.01,9,2,2,0,6,1,2,3,2,0,3,3,4,1
14,58,2.16,6,2,0,1,8,1,2,4,2,3,1,4,2,1
11,1,2.97,0,1,2,1,8,1,4,3,3,1,1,1,0,1
1,39,2.35,7,2,2,1,2,1,0,2,3,3,0,2,4,0
6,75,2.65,2,1,1,1,7,1,4,4,2,0,4,1,0,1
9,20,2.93,3,1,2,0,1,1,3,2,1,4,4,2,0,0
2,50,3.44,5,1,3,1,7,0,2,2,0,2,0,2,3,0
2,54,3.45,9,2,0,0,7,1,2,3,2,3,2,2,4,1
0,24,2.75,9,0,0,0,4,1,0,2,3,3,3,4,2,1
12,57,2.89,1,1,0,0,5,0,1,3,4,4,3,4,0,0
9,68,2.39,9,1,2,1,8,1,2,2,0,0,4,4,1,0
9,88,2.17,2,2,0,0,9,0,2,0,4,3,0,4,4,0
11,39,3.83,2,1,4,0,8,1,2,0,0,4,4,1,2,1
9,26,2.43,4,0,3,1,9,0,0,4,1,2,0,1,4,0
3,32,2.05,4,2,2,0,8,1,3,2,3,1,3,2,1,0
4,51,2.09,4,2,4,0,8,1,2,4,1,3,4,1,2,1
3,45,2.6,6,0,4,1,2,1,3,3,2,0,0,0,4,0
6,13,2.43,8,2,4,1,7,0,1,3,2,2,4,2,1,0
2,12,3.25,5,1,4,1,5,0,2,1,1,1,1,4,1,1
0,25,3.95,1,1,2,0,9,0,0,4,2,0,3,0,4,1
10,81,2.22,0,1,3,1,9,1,0,1,0,0,1,4,0,1
0,4,3.61,0,0,0,1,0,0,0,2,2,3,2,0,1,1
13,79,3.51,9,2,0,1,2,1,0,1,3,3,3,4,1,1
6,89,2.84,5,2,3,1,2,1,4,4,1,3,0,1,1,0
13,84,3.1,8,0,4,0,5,0,0,3,1,1,3,0,2,1
6,72,3.97,8,2,4,1,2,0,3,3,0,4,3,1,3,0
14,43,2.58,8,0,2,1,1,1,2,1,0,2,4,3,2,1
4,3,3.51,5,0,3,1,5,1,1,4,1,0,4,2,2,1
0,22,3.24,2,1,0,1,2,1,2,2,0,4,4,4,3,1
14,37,3.72,1,2,0,1,2,1,4,3,2,3,1,0,0,1
6,52,2.71,9,0,3,0,3,1,0,4,2,2,0,0,2,0
6,60,2.31,8,2,0,0,5,0,4,2,4,2,1,2,4,0
9,67,3.25,9,1,0,0,2,1,2,0,3,4,2,1,2,1
13,78,2.44,9,1,4,1,4,1,4,4,3,4,1,1,1,0
5,35,3.17,6,2,3,0,4,1,4,2,1,2,2,1,4,0
3,0,2.1,2,2,2,1,2,1,4,1,4,2,3,4,3,1
14,52,2.98,6,0,4,1,8,0,4,1,1,1,3,2,3,1
6,27,2.79,6,2,0,1,5,0,0,0,1,0,1,4,4,1
9,53,2.27,3,2,3,1,8,1,0,4,0,4,2,1,0,1
7,86,2.11,4,1,2,0,8,0,1,0,1,0,2,2,0,0
7,2,3.08,6,0,2,0,3,1,2,1,1,3,1,0,3,0
0,15,3.41,8,2,1,0,7,0,0,4,4,0,4,0,2,1
4,86,3.66,0,2,2,0,2,1,4,1,1,1,0,3,3,0
6,87,2.31,5,2,0,0,7,0,2,0,0,4,1,2,1,0
0,23,2.8,1,0,4,1,7,1,2,3,2,4,3,2,4,1
9,52,2.27,0,1,0,1,9,0,0,1,0,3,3,3,0,1
11,54,2.84,1,1,1,1,6,1,1,1,3,1,3,1,1,0
13,57,3.43,3,1,4,0,9,0,3,2,3,2,3,1,3,0
12,13,3.89,9,2,2,0,9,0,2,1,4,4,0,4,0,1
10,13,3.62,7,0,4,0,2,0,3,3,3,2,3,3,1,1
8,58,2.51,2,2,3,0,0,1,3,3,3,2,3,2,2,0
4,43,3.86,8,0,1,1,3,1,0,4,2,3,1,0,1,1
14,7,3.88,5,1,0,0,2,1,3,1,1,3,4,0,1,0
9,17,2.39,0,1,2,0,5,1,4,3,1,1,3,4,2,0
8,25,3.15,6,2,0,0,2,0,1,4,3,1,3,0,2,0
12,45,2.18,7,2,0,1,4,1,4,0,3,3,0,0,1,0
13,47,2.59,7,0,4,1,6,1,3,3,1,0,2,0,1,0
1,1,2.92,3,2,1,1,0,0,1,1,4,4,0,2,4,1
5,76,2.55,9,0,1,0,0,0,0,4,0,1,3,2,0,0
8,48,3.37,6,0,4,0,7,1,1,0,1,3,3,0,2,0
4,78,2.72,1,1,4,1,6,0,0,1,2,2,1,3,1,1
12,76,2.95,2,0,0,1,2,0,1,2,1,0,3,2,1,1
4,66,2.98,8,0,1,0,7,1,4,3,0,0,1,4,1,0
3,42,2.47,6,2,3,0,7,0,2,3,0,3,0,3,2,1
4,45,2.97,5,0,0,1,9,1,2,0,4,3,2,3,0,0
4,51,3.28,3,2,1,0,8,1,0,4,2,1,2,3,1,1
8,49,2.69,4,2,3,0,3,0,3,1,3,1,2,0,1,0
4,1,2.03,8,1,4,1,2,0,3,4,2,1,1,2,4,1
9,60,2.17,3,0,1,0,7,1,1,3,0,4,1,1,0,1
12,45,3.28,4,1,3,1,6,1,2,1,3,0,4,2,3,1
9,47,2.44,5,0,0,1,6,0,3,4,0,2,0,2,4,1
12,64,2.57,7,2,0,0,3,1,4,1,2,4,2,3,2,1
3,58,2.92,2,0,0,1,1,0,1,4,1,4,1,2,3,1
8,5,2.38,7,1,3,0,6,0,1,3,2,2,2,1,0,1
12,1,2.85,1,2,4,0,2,0,2,4,3,4,1,0,3,1
7,46,2.27,9,1,1,0,8,0,0,2,2,3,2,4,3,0
13,64,2.51,8,2,3,1,7,0,3,3,1,1,4,0,3,0
11,52,2.44,1,0,2,0,4,1,0,3,1,1,2,4,2,0
12,56,3.01,1,2,0,1,5,0,4,1,4,3,4,2,4,0
3,17,2.3,5,1,0,1,8,0,3,3,1,0,0,4,1,1
3,10,2.67,0,0,0,0,7,0,2,4,2,1,2,1,2,1
11,56,3.65,8,2,1,0,2,0,4,4,4,4,0,3,2,0
2,1,2.91,0,2,3,1,5,0,1,2,0,1,1,4,2,1
2,29,2.48,1,2,2,1,9,1,0,0,4,4,1,0,3,0
6,87,3.02,3,2,2,0,3,0,2,1,0,1,3,3,0,1
7,43,2.07,7,1,1,0,7,0,2,0,1,0,2,3,4,0
10,25,3.56,0,1,4,1,6,1,2,1,4,2,3,3,4,1
0,42,2.95,7,0,2,0,4,1,2,4,2,4,0,1,0,1
13,35,3.22,9,0,2,0,0,1,4,0,1,1,3,1,4,0
12,23,2.76,8,1,0,1,2,1,0,2,1,1,1,3,0,1
5,16,3.36,3,2,2,1,6,1,1,1,4,0,2,0,0,0
13,57,2.52,7,0,3,0,6,1,0,3,4,2,3,4,4,0
3,28,3.16,3,2,4,1,6,0,3,4,3,3,4,4,3,1
10,26,2.66,1,0,4,1,5,0,4,0,4,4,0,1,3,0
12,16,3.75,1,0,4,1,5,1,3,1,2,3,3,4,1,0
9,3,2.83,7,1,0,1,3,0,3,0,2,4,3,2,3,1
4,60,2.58,8,0,4,1,3,0,2,1,4,0,3,2,0,1
6,79,2.9,7,2,4,0,0,0,4,4,3,1,3,1,2,0
3,4,2.91,8,0,4,0,6,0,1,2,1,1,0,1,1,0
4,43,3.16,0,1,0,0,0,0,1,3,4,1,3,0,0,0
12,44,3.58,8,2,1,0,2,0,0,3,3,4,4,0,4,1
11,64,2.27,0,2,1,1,9,0,4,0,3,1,3,1,2,1
12,60,2.79,6,0,1,1,3,0,1,4,4,1,3,0,4,1
11,16,2.7,7,0,3,1,2,0,0,3,3,1,1,2,3,1
3,86,2.56,0,0,1,1,7,0,4,4,1,4,3,0,1,1
14,85,2.86,3,2,3,0,5,1,1,0,0,0,2,0,2,0
7,88,3.84,7,0,4,1,7,1,0,0,3,4,3,0,0,1
4,23,2.16,9,0,4,0,0,1,4,3,1,0,3,2,3,0
0,10,2.56,5,0,4,0,0,1,2,1,1,3,3,0,3,0
7,54,3.91,4,2,2,0,5,1,2,2,2,4,2,1,4,0
10,74,2.97,9,1,0,0,5,1,4,0,4,0,0,3,1,1
1,35,3.17,7,0,1,1,1,0,0,1,4,1,2,4,0,1
5,88,3.68,7,1,0,1,5,1,4,4,3,1,3,1,3,1
10,69,3.29,6,1,4,0,9,1,0,0,2,0,3,0,0,1
1,69,3.51,7,2,0,0,4,1,4,3,3,4,0,3,2,1
6,63,3.25,4,0,0,1,7,1,1,4,2,0,2,3,2,1
9,11,3.86,9,1,0,0,1,0,2,3,2,3,3,2,1,1
12,65,2.63,0,2,1,1,4,0,4,4,3,0,0,0,2,1
10,12,3.41,7,1,1,1,6,0,1,3,2,4,3,4,3,1
11,56,2.75,5,0,0,1,5,0,3,1,0,4,0,1,4,0
5,49,3.68,2,2,1,0,3,0,1,3,4,2,3,1,0,1
6,6,2.01,3,1,2,1,3,1,1,3,4,1,1,1,0,0
0,75,3.76,5,0,0,0,9,1,1,0,3,3,1,0,0,1
12,58,3.99,7,0,4,1,0,0,2,4,1,3,2,2,1,1
9,53,3.16,3,0,0,0,7,1,2,2,0,4,2,3,0,0
7,1,3.38,9,1,4,1,4,0,4,1,1,0,2,2,4,1
2,30,3.46,1,0,3,1,0,0,2,2,4,2,4,2,4,0
4,10,3.46,7,2,2,0,8,0,3,2,1,0,2,2,2,1
11,87,3.67,4,0,4,1,2,1,3,3,2,3,4,1,3,0
11,28,2.86,8,0,0,1,6,0,4,3,1,2,1,4,3,0
12,17,3.72,8,2,4,1,6,1,3,2,2,1,3,1,1,1
8,24,2.33,3,1,3,0,1,0,4,1,0,0,0,2,3,0
0,11,2.72,3,2,0,0,2,0,0,3,2,2,0,4,2,0
8,88,3.06,7,0,3,1,1,0,0,4,1,3,2,1,0,0
1,81,3.05,9,1,3,1,8,1,4,2,0,4,2,2,1,0
1,55,3.43,5,1,4,0,7,1,2,0,2,2,2,4,0,1
7,0,2.09,6,0,2,0,2,0,3,1,1,2,0,1,0,0
10,19,2.71,8,0,4,0,0,1,2,2,1,1,4,3,0,1
10,77,3.58,7,1,2,1,8,1,4,1,1,3,0,2,2,1
6,72,3.99,5,1,3,0,7,1,4,1,0,2,3,4,1,0
11,81,2.32,6,1,1,1,4,1,1,2,3,1,1,1,1,0
2,19,3.25,1,0,4,0,1,1,3,2,3,3,1,2,3,1
5,61,2.25,9,0,2,1,3,1,4,3,1,0,3,3,4,0
13,21,3.7,4,0,4,0,9,0,0,1,2,0,1,4,0,0
13,71,2.94,9,2,4,1,6,0,4,0,1,2,0,2,3,0
0,74,3.38,7,1,2,0,4,0,3,0,2,4,1,4,3,1
13,52,3.39,6,2,1,1,9,0,1,0,2,1,4,0,2,1
7,42,3.34,6,2,0,1,9,0,3,0,2,1,1,4,1,0
7,5,2.92,6,0,2,0,6,1,2,2,2,0,2,2,1,0
10,45,2.58,7,0,1,0,6,0,3,4,0,3,1,3,0,0
12,72,3.08,8,2,3,1,1,0,0,1,4,3,4,2,4,1
1,24,3.63,0,2,3,0,1,0,3,4,4,0,4,4,2,0
5,19,3.85,4,0,3,0,9,0,3,1,2,0,1,3,3,0
4,18,3.28,1,1,1,1,7,1,0,3,2,0,3,3,3,1
7,48,3.95,6,2,0,0,2,0,3,1,2,1,2,0,1,1
10,21,3.38,1,2,2,1,3,1,4,2,3,3,3,1,3,0
6,41,3.93,6,2,3,1,3,0,2,0,1,1,2,3,4,1
0,11,2.44,5,2,2,1,7,1,2,2,4,3,1,1,1,0
12,68,3.35,7,1,3,1,7,0,4,4,0,3,0,3,0,1
12,77,2.46,2,0,0,1,0,0,1,3,3,4,4,4,4,0
0,33,2.96,7,2,2,0,5,1,2,4,3,3,3,0,1,1
11,20,2.76,3,0,3,1,5,0,4,3,2,4,3,4,0,1
13,72,2.08,7,2,3,0,0,1,2,3,3,3,3,2,3,0
2,8,3.64,4,1,4,1,5,0,2,1,1,3,2,0,3,0
4,57,2.46,8,0,0,1,0,0,3,0,0,2,1,0,4,0
1,82,2.91,9,2,0,1,3,1,1,0,3,1,1,1,2,1
9,31,3.74,1,2,4,0,6,0,3,0,2,2,2,4,2,1
1,66,2.01,6,1,1,0,1,1,0,4,0,3,4,1,0,1
10,42,3.4,5,1,0,1,8,1,4,2,2,0,1,3,1,1
4,66,2.23,5,1,2,0,1,1,0,1,2,3,1,1,0,0
5,63,3.85,3,0,1,0,3,1,1,3,4,1,4,4,3,0
8,62,3.26,7,0,1,1,2,0,4,2,2,4,0,3,1,1
9,16,3.44,0,0,0,1,3,0,4,2,4,0,0,1,4,1
12,8,2.88,8,2,1,0,0,0,3,1,4,3,4,0,0,0
1,57,2.75,9,1,1,1,6,1,4,2,4,2,4,3,0,1
6,56,3.03,4,0,2,0,2,1,3,4,0,3,1,1,2,1
7,3,2.88,7,0,3,1,5,0,3,3,1,1,3,4,1,1
4,6,2.9,3,0,0,0,4,0,3,0,2,3,3,3,3,0
14,14,3.12,1,0,2,1,5,1,1,0,2,2,3,2,0,1
4,38,2.84,2,2,3,0,9,1,3,4,1,0,2,3,0,1
14,58,2.27,8,2,1,1,9,0,3,3,4,2,1,0,0,1
6,32,3.17,5,1,2,0,6,1,4,0,0,1,1,1,2,1
11,12,2.55,7,2,1,0,4,1,0,1,4,3,0,4,3,0
12,38,2.04,8,2,0,0,2,1,3,0,2,2,0,0,1,1
14,81,3.22,7,0,1,1,7,1,1,3,3,2,3,1,1,0
14,8,2.59,7,1,1,0,8,0,3,0,3,0,4,4,4,1
1,29,3.8,3,1,0,1,2,1,3,0,3,4,0,3,4,0
8,71,3.1,5,1,4,0,4,1,0,1,2,1,0,2,4,0
3,89,3.36,4,0,4,1,3,1,1,0,2,2,3,2,3,0
8,7,2.03,7,1,2,0,4,0,4,1,4,1,3,3,2,0
13,66,3.56,6,0,2,1,7,1,1,0,0,0,4,2,1,0
7,3,3.37,1,0,2,1,0,1,3,0,1,3,0,2,2,1
0,9,3.32,8,0,3,1,9,1,4,4,0,0,4,4,4,1
12,33,2.85,2,1,2,0,6,1,1,1,3,2,1,4,0,0
2,80,3.84,0,2,0,0,0,0,2,1,0,2,3,1,2,1
7,67,3.58,7,0,1,1,6,0,1,2,4,1,4,1,4,0
6,20,2.79,7,0,1,1,7,0,1,1,0,4,1,2,3,1
14,43,3.79,0,0,4,0,1,0,1,4,4,0,4,2,4,0
9,15,2.1,1,2,1,0,8,0,2,4,1,0,0,1,1,1
0,74,3.87,9,1,0,1,8,1,2,2,4,4,1,3,1,1
4,15,3.3,4,2,0,0,3,1,0,0,0,4,1,2,0,0
3,77,2.12,0,0,2,0,1,1,0,0,4,1,3,1,3,0
14,72,2.74,5,0,4,1,2,0,3,0,4,4,4,0,3,1
11,61,2.57,6,0,4,1,5,0,4,3,2,2,4,1,0,1
10,57,3.58,3,0,0,1,7,0,0,0,4,4,0,0,1,0
2,29,2.96,4,2,1,1,3,0,0,3,1,3,2,1,1,1
4,48,3.16,3,0,3,0,7,1,4,2,1,0,3,1,2,1
4,37,2.18,9,0,1,1,9,0,4,1,2,1,4,4,3,0
7,17,3.11,0,1,1,1,4,0,0,3,3,1,4,0,3,1
5,19,2.23,8,2,3,1,3,0,4,1,1,0,2,3,0,1
13,69,2.97,1,1,4,0,5,0,2,4,4,0,3,1,2,0
6,67,2.83,1,2,0,0,7,1,1,0,2,2,0,4,1,1
8,45,3.81,5,2,1,1,8,0,1,1,2,3,2,3,2,1
6,63,3.78,9,1,4,1,5,0,3,0,3,2,3,2,1,1
4,7,2.98,3,1,1,1,9,1,0,2,2,2,1,4,3,0
8,10,3.5,0,1,3,1,3,1,0,3,3,0,4,1,4,0
3,34,3.87,6,0,3,1,1,1,0,0,3,0,3,0,3,1
2,39,3.42,4,1,1,1,7,1,4,0,4,2,0,3,1,1
4,14,2.63,2,0,0,0,3,1,4,0,2,0,1,3,0,0
3,70,3.12,0,1,0,0,2,0,4,4,2,2,4,0,1,0
2,31,3.57,3,1,1,1,6,1,3,1,2,4,1,3,0,0
8,41,3.05,4,2,0,1,1,1,4,1,4,0,0,4,4,0
6,6,2.96,7,2,2,1,8,0,2,1,3,1,3,0,2,0
12,84,3.54,4,0,2,0,6,0,4,0,2,3,2,1,2,0
14,40,2.51,4,1,0,0,1,1,0,3,3,2,1,0,2,1
8,29,2.17,8,1,4,1,0,0,4,3,3,1,0,1,2,1
8,3,3.59,2,2,1,0,2,0,2,0,1,0,2,4,1,0
4,36,3.26,7,0,4,1,7,1,2,0,1,1,1,1,4,1
12,16,2.69,3,0,3,0,9,1,2,2,3,0,2,4,1,0
2,39,3.63,9,2,1,1,7,1,2,1,1,0,1,0,2,1
3,84,2.99,2,0,4,1,0,0,4,0,2,3,3,4,1,1
13,34,2.34,2,2,3,0,8,0,3,3,3,0,3,1,0,0
9,55,3.54,0,1,1,0,3,1,3,4,2,3,3,1,0,0
5,20,2.29,4,0,0,0,1,0,1,0,3,3,3,4,2,0
10,33,3.03,5,2,3,1,0,1,0,3,1,3,3,3,4,1
9,7,2.14,6,2,2,1,4,0,2,0,4,3,3,3,4,1
13,31,3.22,2,2,3,1,3,0,1,4,1,2,3,2,0,1
5,82,2.04,6,1,4,1,9,1,4,4,4,2,3,0,1,0
9,29,2.54,1,2,0,1,1,1,3,2,2,0,1,1,4,0
7,58,2.54,0,2,3,0,4,1,0,0,1,4,1,3,3,1
4,87,3.06,0,1,2,1,0,0,3,0,2,1,3,0,0,1
12,5,3.11,7,0,3,0,3,1,1,4,4,3,3,3,1,0
11,89,2.55,4,0,1,0,9,0,1,3,0,2,3,1,0,0
9,38,2.83,3,0,4,0,9,1,4,3,2,0,4,4,3,0
8,7,3.84,9,2,0,0,9,0,3,3,2,2,2,0,4,1
7,81,2.34,6,1,3,1,8,1,1,2,1,4,1,4,2,0
10,55,2.99,8,2,3,0,5,0,0,0,3,1,0,2,1,0
13,14,3.71,0,1,1,0,6,1,3,0,3,0,0,0,1,0
10,68,3.94,5,0,1,1,3,1,4,3,1,2,3,3,0,0
8,14,3.64,6,2,3,1,2,0,2,1,0,4,1,4,1,0
9,75,3.87,9,2,4,1,9,0,1,4,1,0,2,1,1,1
14,40,2.35,1,1,4,1,6,1,3,0,2,2,3,4,4,1
12,74,3.84,1,1,0,1,8,1,0,3,0,4,4,1,0,1
3,72,2.74,4,0,0,1,5,1,3,4,1,0,0,2,1,1
1,85,2.7,6,2,2,1,4,0,2,3,0,3,0,1,4,1
3,51,2.26,5,1,3,1,8,1,3,1,1,2,3,4,0,0
5,71,3.48,3,2,4,0,6,1,2,1,1,1,3,2,0,1
9,30,2.84,8,2,1,1,3,1,1,4,4,4,0,2,3,1
11,77,3.1,9,2,2,0,1,1,1,4,1,2,2,2,3,1
6,79,3.45,2,1,3,1,0,1,2,1,3,0,4,2,0,1
3,75,2.37,7,2,0,0,2,0,1,1,1,4,2,2,1,0
5,61,3.33,4,1,1,0,1,1,4,1,4,2,3,3,0,1
5,11,3.0,2,2,3,0,3,0,4,1,4,4,4,0,4,1
5,28,2.28,3,2,1,1,9,1,4,2,3,4,2,1,4,1
2,38,2.21,8,0,1,1,2,0,1,0,3,3,1,2,4,1
5,57,2.32,5,1,3,1,3,0,3,1,1,3,1,1,1,0
2,28,2.72,5,0,2,0,3,1,1,3,2,1,4,3,3,1
4,43,3.39,0,2,3,1,3,0,3,3,2,3,0,0,0,1
12,81,3.72,5,0,2,0,3,0,2,3,3,1,2,2,2,1
5,78,2.34,8,2,1,0,1,0,4,4,4,1,2,3,4,0
12,7,3.63,7,2,1,1,7,1,4,4,3,4,3,1,1,1
9,75,3.32,0,0,1,1,6,1,2,2,0,1,3,1,2,0
13,59,3.74,5,1,1,0,9,1,0,2,0,2,1,1,3,1
7,63,3.31,2,2,2,0,4,1,2,1,1,0,0,2,4,1
8,12,2.77,2,2,2,0,7,0,3,3,0,2,4,2,0,0
9,2,2.62,6,0,0,0,4,0,0,4,2,2,1,0,3,1
5,11,2.36,4,2,1,1,3,0,4,2,3,4,3,3,2,0
5,82,2.38,3,2,2,1,2,1,1,4,4,4,4,3,3,0
4,58,2.29,2,0,0,0,3,1,2,2,2,0,1,4,0,1
5,12,3.9,9,1,4,1,1,0,1,1,4,4,1,0,1,0
13,50,2.02,1,2,2,0,5,1,1,2,1,2,0,1,1,0
0,44,3.39,1,2,0,0,0,0,1,1,3,0,2,0,4,1
9,12,2.74,7,2,0,1,9,1,4,4,0,4,2,4,3,0
7,60,3.36,8,0,1,0,8,0,0,3,3,3,0,1,0,1
12,76,2.37,8,2,0,0,2,0,1,3,2,1,1,0,3,0
8,59,3.5,9,1,4,1,2,0,0,3,2,1,0,3,1,0
4,86,3.23,2,1,3,0,8,1,1,3,2,2,3,1,4,1
0,16,3.09,7,1,2,0,4,0,4,0,0,0,4,1,2,0
4,36,3.82,6,2,4,1,8,0,1,2,1,0,0,3,1,0
10,74,2.07,2,2,2,1,9,0,1,1,4,1,1,2,1,0
0,27,3.23,3,1,2,1,8,1,1,1,2,3,4,2,4,0
11,63,2.43,3,2,1,0,0,1,0,1,1,2,3,0,0,0
14,54,2.99,7,0,2,0,2,1,0,0,0,3,1,0,4,1
0,31,2.98,9,0,2,1,3,0,4,2,1,0,2,2,3,1
13,43,2.71,6,0,2,0,9,0,0,2,1,1,0,4,4,1
6,70,3.67,4,1,3,1,3,0,1,2,3,1,1,4,0,0
2,59,2.01,5,1,3,1,8,1,4,3,4,0,3,0,3,0
0,89,3.09,5,0,0,0,0,1,2,2,3,3,0,4,0,1
5,21,4.0,9,1,1,0,5,1,0,4,4,3,1,4,2,1
14,47,3.34,1,1,2,0,5,1,1,0,3,3,4,3,1,1
9,70,3.5,6,1,2,0,9,0,3,0,4,3,0,3,3,1
3,46,3.56,0,1,1,1,5,0,0,3,1,2,2,0,0,0
3,37,3.07,8,1,4,1,3,0,2,0,0,0,2,0,4,0
6,76,2.31,5,0,4,1,8,0,3,4,0,0,1,2,4,0
12,62,3.02,5,2,4,0,1,1,3,0,0,4,3,3,0,1
3,50,3.36,7,0,4,0,3,0,0,2,3,3,1,1,0,0
9,6,3.71,5,1,0,0,3,1,3,0,3,0,0,2,2,1
13,38,3.39,0,1,3,1,1,1,3,4,1,0,4,0,2,1
10,36,2.37,5,0,0,0,3,1,0,1,0,1,0,1,0,1
8,62,3.97,7,0,3,0,0,1,2,0,2,1,3,0,3,0
11,87,3.26,8,0,1,0,1,0,3,0,2,2,1,2,2,0
5,65,2.36,4,2,3,1,5,0,3,2,4,1,2,0,2,1
6,32,3.04,4,2,1,0,3,0,3,4,0,0,1,2,3,1
3,19,2.76,0,0,3,1,5,0,1,4,0,1,4,4,0,1
7,58,3.59,7,2,3,0,2,1,3,4,0,3,3,4,1,0
13,57,3.63,9,1,4,0,3,0,2,4,2,0,0,2,3,1
14,21,2.9,6,1,3,1,0,0,1,1,4,3,1,0,4,1
11,36,3.06,5,0,0,0,5,0,0,1,2,4,0,4,1,0
1,16,3.93,7,1,0,0,1,1,1,3,2,0,2,0,3,0
5,16,3.8,9,0,1,1,8,1,1,3,2,4,4,1,3,1
14,50,3.93,1,1,3,0,1,0,4,1,1,4,3,4,3,1
11,89,3.62,1,2,0,1,6,0,1,3,3,4,2,2,0,0
4,88,2.41,2,1,0,1,3,1,3,3,0,1,0,4,2,1
7,55,2.8,2,1,4,1,3,1,1,0,2,0,0,0,2,0
10,31,2.58,9,1,4,0,0,1,4,1,1,3,4,3,0,0
1,53,3.39,4,0,3,1,6,0,2,4,0,2,4,2,0,0
1,36,2.24,4,2,4,0,5,0,4,2,3,4,2,2,3,1
12,61,3.85,2,0,0,1,5,0,4,1,1,1,0,2,0,1
7,35,3.78,6,1,4,0,0,0,1,2,0,2,3,2,0,1
0,12,3.86,2,1,4,0,4,0,0,3,1,1,1,1,2,1
6,47,2.14,9,2,2,1,6,1,1,4,2,4,3,3,1,0
8,27,2.08,3,2,2,0,2,1,4,1,2,1,2,3,2,0
5,38,2.87,0,2,2,1,8,1,1,2,4,4,4,3,0,0
11,40,3.51,2,1,3,1,8,1,0,3,1,4,3,2,4,1
6,46,2.55,0,0,1,1,0,0,2,3,4,2,4,1,3,0
10,18,3.8,3,2,0,1,1,1,4,2,3,1,1,1,1,1
0,76,3.45,8,2,4,0,2,1,3,4,2,0,1,1,0,1
13,60,2.25,0,0,1,1,5,0,1,1,3,1,2,0,3,0
1,86,3.83,3,0,1,1,2,1,3,1,2,2,3,0,2,1
1,81,2.46,9,0,0,1,7,0,1,4,0,1,0,3,0,1
10,19,3.47,9,0,4,0,8,0,2,2,2,3,4,3,3,0
14,76,3.72,3,0,3,1,7,1,1,2,4,2,0,4,0,1
7,39,2.25,6,1,2,1,5,1,1,2,1,3,0,2,2,1
5,89,2.11,5,2,0,0,1,0,0,4,3,2,4,3,1,0
14,52,3.53,4,1,4,0,3,0,2,4,0,4,4,4,1,1
12,5,3.03,7,0,4,1,5,0,2,1,4,4,4,3,3,1
8,7,3.21,4,0,2,1,7,1,2,0,3,3,4,3,3,1
6,71,3.17,5,2,2,1,8,1,1,1,3,4,2,3,1,0
14,50,2.71,2,1,1,0,0,0,0,4,2,1,4,4,1,1
14,69,3.02,5,0,1,1,7,0,3,4,2,1,0,2,0,1
0,87,2.02,4,1,2,1,4,0,0,1,2,0,4,3,1,0
9,57,2.91,0,1,2,1,2,1,4,1,4,0,1,3,2,0
9,87,2.52,2,0,3,1,1,0,0,3,0,3,3,2,0,0
3,61,2.42,4,2,1,0,8,1,4,1,3,1,2,3,1,0
9,59,3.19,0,1,4,1,5,0,0,0,0,4,3,4,0,1
11,7,2.71,7,2,2,0,8,0,4,1,0,1,0,2,0,0
11,56,2.64,4,2,3,1,3,1,3,0,1,2,2,2,0,0
1,56,2.56,9,1,2,1,3,0,1,4,2,2,3,0,2,1
14,77,3.02,4,0,2,1,1,1,4,3,0,4,2,3,1,0
2,7,2.67,5,1,3,1,8,1,3,1,4,4,3,4,1,0
7,73,2.86,5,2,4,0,1,0,2,4,1,0,4,4,3,1
6,11,2.78,1,0,3,1,4,1,0,0,4,0,2,4,4,1
3,70,3.63,6,1,2,0,9,0,0,0,0,4,2,4,0,1
6,42,2.58,1,1,1,0,3,0,0,4,2,4,3,1,0,0
1,86,3.44,4,0,4,1,5,0,4,2,1,4,1,4,4,1
9,7,2.34,8,0,2,1,3,1,2,0,3,2,2,1,0,1
11,52,3.8,1,0,1,0,3,1,4,0,2,1,3,2,2,0
14,25,3.92,1,2,2,0,0,1,0,4,0,2,0,4,4,0
6,71,2.31,5,1,1,1,7,1,1,3,3,3,0,3,1,1
14,35,3.75,6,2,0,0,8,0,3,2,0,4,4,4,0,0
10,8,2.11,9,2,3,1,7,0,0,0,3,1,0,2,3,0
9,78,2.98,5,2,2,1,7,0,2,1,0,2,0,1,2,1
8,6,3.52,7,1,4,1,7,1,3,4,0,2,2,4,2,1
3,36,3.09,9,0,0,1,0,1,1,4,4,3,3,2,0,0
5,82,2.19,5,2,1,1,2,1,0,1,2,2,1,2,2,1
8,22,2.91,0,2,0,1,0,1,3,1,0,1,1,3,3,0
11,68,3.24,1,0,2,0,6,1,0,1,1,3,2,2,1,1
8,73,2.67,1,2,1,1,7,0,1,2,4,4,4,3,2,1
5,60,2.12,4,1,3,0,7,1,0,0,3,2,3,2,1,0
6,16,2.24,5,2,2,0,7,0,2,4,3,2,2,0,1,1
10,72,3.11,5,1,2,0,8,1,2,4,1,0,1,4,1,1
2,44,2.03,9,1,3,0,9,0,2,0,1,1,3,4,2,0
10,48,2.39,8,0,1,0,6,1,0,0,4,4,0,1,2,1
2,53,3.18,2,2,2,0,4,1,1,3,2,0,0,1,1,0
12,84,2.63,0,2,0,1,2,0,2,3,1,4,2,4,3,0
5,41,3.49,7,1,0,0,6,1,3,0,3,1,3,2,2,0
10,19,3.09,4,0,4,0,3,0,0,2,3,0,3,4,2,1
2,36,3.11,3,1,1,0,0,1,3,4,4,2,2,2,1,0
1,0,2.55,0,2,0,0,7,1,1,2,2,1,0,0,0,0
9,20,2.05,6,1,0,0,4,1,0,0,3,0,0,0,1,0
8,62,2.17,9,2,0,1,3,1,1,4,0,0,3,3,4,1
2,35,2.53,5,1,0,0,4,1,4,2,0,2,0,3,0,0
3,27,3.23,7,2,3,0,4,1,2,1,3,1,0,3,4,0
4,34,3.6,7,1,0,0,8,0,3,3,1,1,3,3,3,0
14,45,2.73,3,1,0,1,0,0,4,3,4,3,4,2,1,1
8,71,3.38,5,2,1,0,0,0,1,4,4,3,4,1,1,0
1,8,3.39,3,1,4,0,8,0,1,3,2,2,2,1,1,0
3,33,2.41,0,1,1,1,6,1,1,0,2,0,4,2,3,0
12,3,2.63,4,2,0,0,4,1,2,0,2,4,3,4,3,0
9,33,3.67,0,1,3,1,2,1,2,2,3,0,1,4,3,0
14,34,3.28,3,2,0,1,9,0,2,3,1,4,3,0,2,1
5,87,3.22,7,1,1,0,4,1,4,1,2,0,3,4,4,0
13,77,3.67,6,0,1,1,8,1,0,0,0,2,0,1,0,1
13,71,3.98,4,1,4,0,1,1,4,1,1,0,4,3,4,0
8,41,2.16,7,1,0,0,0,1,4,2,1,2,4,4,0,0
8,30,3.47,6,1,3,0,6,1,0,4,3,2,4,4,0,1
10,1,3.44,0,1,4,0,6,0,3,3,1,2,2,0,4,1
9,68,3.46,6,0,3,0,6,0,4,2,2,0,4,3,4,1
4,60,3.83,1,1,3,0,0,0,0,2,2,2,4,0,3,0
12,0,3.1,9,2,1,0,7,1,3,0,3,4,2,3,0,0
5,45,2.63,2,1,3,1,5,0,0,2,0,2,3,2,0,0
8,62,2.15,3,1,4,1,7,0,4,3,4,2,3,4,3,1
0,76,3.66,9,2,2,0,1,0,1,0,4,0,4,3,2,1
13,42,2.28,5,0,2,0,3,1,1,2,4,3,0,1,4,0
6,52,3.07,5,0,0,0,0,0,0,2,4,3,0,4,3,0
4,41,2.57,8,1,4,1,8,0,2,1,4,3,4,3,2,1
2,86,3.92,9,0,0,0,6,1,2,2,1,4,3,1,2,0
9,2,2.71,6,1,2,0,3,1,0,2,3,1,0,0,4,1
8,16,2.2,1,0,2,0,0,0,1,0,0,1,4,2,1,1
12,52,3.54,2,1,0,0,4,1,0,3,4,0,2,0,0,0
14,43,3.09,6,2,0,1,3,0,4,1,0,2,1,1,1,1
4,54,2.96,4,0,2,1,3,1,2,1,3,1,3,0,1,1
13,4,2.22,3,1,2,0,2,0,3,2,1,3,3,2,1,1
11,22,3.43,1,1,2,1,0,1,0,3,4,2,3,2,1,0
11,18,2.03,1,2,3,1,7,1,1,0,1,2,3,2,4,0
10,54,2.73,9,0,2,1,9,0,3,2,2,0,2,4,1,0
6,61,2.59,1,0,1,1,0,1,4,1,0,1,1,3,0,0
2,52,3.26,2,0,2,1,7,1,1,1,1,2,0,4,2,1
0,76,2.16,8,1,4,1,4,1,1,0,3,2,2,4,3,0
8,68,2.34,6,1,3,1,2,0,4,4,0,2,4,0,1,1
11,70,2.24,9,2,2,1,9,0,0,0,2,3,3,2,1,0
2,81,3.76,1,2,2,0,4,1,0,0,0,1,4,0,4,1
12,25,3.39,9,2,3,1,6,1,2,2,3,3,2,0,1,1
11,59,3.03,7,0,1,0,3,0,2,1,0,0,0,2,4,1
9,61,3.64,6,1,4,0,6,1,3,3,3,4,4,4,3,0
14,63,2.07,2,1,2,0,4,0,2,4,0,0,1,2,3,1
5,25,3.31,8,2,0,1,0,0,1,2,3,3,4,0,1,0
0,2,3.69,4,1,2,1,8,0,2,1,3,3,0,4,1,1
10,62,2.94,6,0,1,1,8,1,1,3,0,1,4,1,2,0
11,31,3.3,3,1,3,1,0,1,4,4,3,3,4,0,3,1
5,39,2.98,1,1,2,1,0,0,3,3,2,2,2,1,3,0
5,47,3.5,1,2,0,1,9,0,3,3,3,2,1,1,2,1
5,70,2.74,9,2,1,1,2,0,3,0,4,1,0,3,4,0
4,8,3.5,2,2,3,1,3,0,4,0,4,1,4,1,4,0
11,79,3.32,8,2,0,0,2,0,1,4,4,1,3,0,1,1
12,15,2.54,8,1,2,1,8,1,3,2,3,4,1,0,2,1
5,15,3.04,5,2,2,1,1,0,4,4,2,2,1,1,0,1
0,83,2.42,7,0,3,1,8,0,4,4,4,2,4,2,1,1
14,9,3.22,1,0,2,1,5,0,3,0,2,0,0,0,4,0
1,76,3.38,6,2,1,0,5,1,0,3,4,1,3,2,4,1
4,85,2.64,2,1,2,0,1,1,0,2,4,0,3,2,4,0
5,2,2.41,4,0,4,0,8,1,0,3,1,4,4,0,4,0
8,74,2.03,2,1,1,0,8,1,0,4,4,0,2,2,2,1
6,5,2.32,4,2,4,1,2,1,0,4,1,3,2,4,2,0
14,75,2.09,2,2,4,1,2,1,3,1,3,0,0,0,4,1
14,53,3.63,3,1,4,0,4,0,1,2,0,2,3,1,0,0
11,24,2.9,2,1,4,0,1,1,0,1,0,4,0,3,2,1
14,33,3.51,6,1,2,0,3,0,3,3,0,1,4,3,1,0
5,71,2.87,2,2,1,1,4,0,1,3,2,3,4,0,1,1
3,85,3.18,3,1,2,1,5,1,1,4,1,0,3,3,0,1
5,8,2.3,2,1,2,1,8,1,2,2,3,0,2,0,4,1
14,27,3.86,4,1,0,1,6,1,1,4,1,1,1,0,0,1
0,7,3.67,4,1,1,1,2,0,0,3,1,4,2,1,4,0
10,8,2.97,7,2,3,1,4,1,2,2,1,1,3,4,4,0
11,30,3.84,1,0,0,1,3,1,3,4,4,2,3,4,0,1
5,7,2.15,6,1,3,0,9,1,0,1,2,3,1,1,4,1
2,25,3.86,5,0,1,0,7,0,4,2,1,3,2,3,2,0
3,34,2.45,0,0,3,0,4,0,3,1,3,3,2,1,2,1
7,23,2.76,7,2,2,1,8,0,1,3,3,1,0,0,0,0
3,25,2.34,9,1,4,1,6,0,2,2,2,3,2,0,0,1
6,51,3.6,7,2,3,1,7,1,1,4,4,3,3,4,4,1
8,51,2.27,1,1,2,0,7,0,2,0,1,4,4,3,0,1
9,17,3.59,1,0,2,1,3,0,0,0,0,3,1,4,0,0
3,26,3.35,3,0,4,0,7,0,1,3,2,2,3,1,2,0
13,56,3.77,7,2,3,1,4,1,1,2,1,0,1,3,4,0
11,4,3.21,4,1,4,1,4,0,0,0,0,4,4,1,0,1
8,61,3.01,2,1,1,1,8,1,0,4,4,3,2,1,4,0
4,61,3.69,9,1,2,1,2,1,2,0,2,1,0,0,0,0
0,83,3.13,6,0,0,1,1,0,2,1,0,0,4,4,2,0
11,42,3.93,4,1,4,1,8,1,3,0,4,2,3,3,1,1
7,86,2.98,3,2,4,0,5,0,4,3,2,2,0,0,2,0
6,25,3.6,6,2,4,1,1,0,1,2,4,3,4,3,3,1
2,53,3.19,2,2,4,0,7,1,2,1,2,1,2,2,4,0
12,78,2.79,4,2,1,0,8,0,1,0,4,0,3,2,2,1
9,75,2.46,2,0,2,1,8,1,1,1,3,3,2,2,0,1
10,88,3.66,0,1,0,1,4,1,4,3,2,1,0,0,1,1
10,21,3.85,1,1,3,1,7,0,0,0,0,0,4,2,4,0
12,55,2.62,1,1,2,0,8,1,4,3,2,2,0,2,4,0
8,65,3.03,3,0,4,1,7,1,4,2,0,3,1,0,2,0
12,2,2.57,9,1,4,1,7,0,3,4,2,2,2,0,4,1
6,7,3.29,3,2,3,0,6,0,4,0,4,0,1,2,0,1
5,32,2.02,2,0,1,0,9,1,1,3,4,3,0,0,1,1
3,11,3.68,7,2,2,1,1,1,2,1,3,3,4,4,0,1
11,16,3.16,4,0,2,1,1,1,2,1,0,3,3,4,0,1
3,63,2.27,4,0,3,1,3,1,4,4,4,0,1,0,3,0
0,80,2.34,9,2,4,0,1,0,2,3,2,4,3,1,2,1
9,49,2.71,1,2,1,0,1,0,0,2,4,0,3,1,3,0
14,87,2.53,5,2,2,1,9,0,4,3,0,2,4,0,2,0
7,55,2.88,0,1,4,1,8,1,0,1,4,3,4,1,3,0
10,79,3.57,8,1,0,0,1,1,2,4,3,1,0,1,0,1
12,68,2.35,1,0,3,0,3,1,3,4,2,2,4,1,2,0
9,70,2.16,1,0,1,0,1,1,4,4,3,0,3,4,3,0
14,51,3.95,4,0,4,0,4,1,2,4,3,3,4,4,0,0
5,5,2.22,3,0,4,1,6,0,1,4,0,0,1,1,0,0
10,14,3.77,9,0,3,0,4,1,1,3,3,0,4,2,3,1
3,81,2.5,3,2,0,0,6,1,1,4,4,0,3,4,3,0
13,24,3.88,0,0,4,0,5,1,0,2,0,1,2,4,2,0
6,74,2.42,9,0,3,1,1,1,1,2,4,0,1,0,3,0
1,19,3.61,5,1,2,1,3,0,1,0,0,2,0,2,2,0
10,69,2.51,6,0,3,0,3,1,1,3,3,0,0,3,3,1
12,5,3.7,7,1,1,0,4,1,4,3,4,4,0,2,1,1
4,39,3.41,3,0,2,1,7,1,2,2,0,2,3,2,4,0
8,14,2.88,1,0,2,0,1,0,0,1,0,4,3,0,3,0
2,61,3.82,2,0,3,1,5,0,2,0,4,3,2,2,4,1
5,27,3.14,7,2,2,0,9,1,2,2,1,2,2,3,0,1
1,84,3.52,6,0,1,0,9,0,4,2,0,0,3,1,3,1
5,64,3.23,9,2,1,1,3,0,0,3,3,2,0,1,3,1
13,8,3.53,8,1,4,1,9,0,2,4,2,0,0,2,3,0
10,38,3.46,3,2,1,0,3,1,3,2,1,3,3,1,0,1
0,0,3.48,8,0,1,1,4,1,3,3,4,0,0,3,1,0
3,56,3.71,5,0,1,1,3,0,3,0,0,4,1,4,0,1
1,0,2.31,4,0,0,1,3,1,2,2,1,2,1,3,3,0
10,5,2.24,0,0,4,1,9,0,0,4,3,0,4,1,1,0
4,26,3.44,1,1,4,0,0,1,3,3,2,3,0,3,4,0
11,42,2.07,2,1,0,1,9,1,2,1,2,2,2,4,4,1
14,71,2.37,9,2,0,1,6,1,1,4,0,4,1,0,0,1
2,14,3.99,4,2,2,0,0,1,3,0,2,3,2,4,0,1
5,87,2.35,3,2,0,0,1,0,2,1,2,4,2,2,0,1
8,6,3.9,7,1,3,0,2,1,3,1,1,2,4,0,0,1
5,2,3.41,7,1,4,1,3,1,1,4,3,4,4,2,0,0
0,76,3.23,6,2,0,1,1,0,1,0,4,0,3,0,0,0
1,25,3.18,3,2,3,1,1,0,4,3,3,0,0,2,4,1
14,33,3.29,7,2,1,0,6,1,2,2,3,4,1,0,2,1
3,84,3.86,0,0,3,1,2,0,0,0,2,0,2,4,3,1
3,0,3.17,9,1,2,0,6,1,2,4,4,4,3,4,2,1
0,42,2.11,7,2,1,0,3,1,1,0,4,3,4,2,4,0
12,11,3.81,7,0,0,1,3,1,2,2,0,0,4,1,2,1
6,22,2.59,3,0,2,1,0,0,4,0,3,3,1,4,0,0
3,82,3.37,3,0,3,0,3,0,1,3,3,1,0,4,2,0
13,16,3.47,2,2,2,0,5,1,0,4,1,3,4,0,4,1
1,42,2.82,7,0,1,0,6,0,2,4,2,3,1,1,4,1
9,4,3.05,8,1,2,0,5,0,1,4,0,2,2,0,1,0
6,31,2.92,7,2,2,1,2,0,3,4,2,3,2,0,2,1
13,61,2.59,9,0,3,0,6,0,3,2,1,3,3,3,0,1
7,2,3.83,1,2,4,0,1,0,2,2,4,2,4,0,2,1
3,17,2.63,7,0,0,1,6,0,3,0,2,1,2,1,1,0
14,9,2.6,7,2,2,1,7,0,2,1,3,0,4,1,2,1
2,43,2.26,6,1,3,0,2,1,3,0,0,3,0,2,0,1
4,89,3.75,7,0,0,1,2,1,0,0,1,2,2,3,0,0
3,14,3.81,5,2,2,1,1,1,2,2,3,0,1,2,0,0
8,35,2.13,4,1,0,0,4,1,4,1,3,3,4,3,4,1
9,28,2.45,1,1,0,1,8,1,3,2,0,0,4,4,1,0
0,59,2.23,4,0,0,1,7,1,0,3,4,4,3,1,2,0
3,54,3.06,7,0,0,1,0,1,3,1,0,3,2,2,0,0
7,6,3.62,0,1,0,1,9,0,2,2,4,2,0,2,3,1
5,68,2.25,7,0,4,0,2,0,0,2,0,4,4,1,3,1
11,23,3.71,9,2,3,0,2,0,3,0,2,3,4,3,4,0
4,39,3.76,7,1,2,0,2,1,0,4,1,3,3,4,2,0
7,65,2.52,1,1,4,0,8,1,4,1,3,4,0,1,3,0
12,28,3.03,7,2,3,0,8,0,2,4,3,3,4,3,0,1
12,40,2.91,9,1,1,1,2,0,0,4,0,3,1,1,3,1
13,14,3.15,9,2,2,0,4,1,2,1,4,0,4,1,0,1
13,42,2.51,2,2,2,1,5,1,1,2,2,3,3,0,1,1
2,82,3.16,9,0,4,1,7,0,1,3,4,3,0,1,4,1
11,58,2.64,8,1,4,1,5,0,4,3,1,1,4,4,1,1
5,66,3.28,2,0,3,0,0,1,2,2,0,0,1,0,1,0
1,29,3.86,4,0,4,1,5,1,3,1,3,2,1,4,0,1
6,84,3.74,8,0,3,0,2,0,2,0,2,2,2,1,4,1
3,15,2.31,7,2,2,0,5,0,2,1,4,3,2,0,4,1
1,6,3.82,7,0,2,1,3,1,3,2,0,2,3,2,1,0
9,51,3.46,4,0,0,1,2,0,1,3,1,3,2,0,1,1
10,78,3.92,9,1,3,1,7,1,4,3,2,4,0,3,0,1
11,65,3.61,0,0,2,1,6,1,2,3,2,2,4,0,1,1
7,23,3.07,0,0,2,0,2,0,1,0,4,3,2,2,3,0
7,10,2.25,1,0,2,1,9,0,0,0,2,4,4,4,3,1
3,42,2.77,9,0,0,1,3,0,4,0,0,0,2,0,3,0
5,28,3.81,0,1,1,0,5,1,4,4,0,1,2,0,1,0
14,11,2.85,2,0,3,1,8,0,1,0,1,1,4,4,4,0
14,48,2.15,4,0,2,0,2,0,1,1,0,2,3,0,2,0
8,54,2.51,1,2,0,0,0,1,3,4,2,1,0,1,3,1
1,74,2.04,0,1,2,0,9,1,3,0,0,3,2,3,0,1
1,46,3.44,1,1,4,0,9,0,3,4,0,1,1,4,2,0
6,87,3.12,2,1,2,0,0,0,1,3,4,1,0,3,0,1
4,48,3.75,5,1,1,1,1,0,1,2,4,4,0,4,3,0
7,76,3.66,4,0,4,1,9,1,4,3,2,1,2,2,1,1
2,21,2.08,0,1,1,1,2,1,2,3,4,3,0,1,2,1
10,67,2.42,5,0,2,1,9,0,4,2,0,1,3,1,3,0
13,84,3.24,9,1,4,1,0,1,1,0,3,2,3,0,1,1
2,8,2.84,3,0,2,1,8,0,3,1,4,3,0,3,1,0
2,78,3.11,9,2,2,1,0,1,2,3,0,0,1,2,0,0
10,82,2.9,2,2,4,0,7,1,4,1,4,1,1,4,4,0
10,48,2.38,8,2,4,1,1,0,3,2,2,4,4,0,4,0
9,53,2.63,0,2,1,0,0,0,2,1,1,3,1,4,1,1
9,56,2.05,6,0,0,1,0,0,0,1,3,1,3,1,2,0
13,41,2.83,8,0,1,0,2,0,2,2,2,0,3,3,3,0
7,53,3.02,4,2,1,0,9,1,0,4,4,3,4,0,0,0
9,29,3.23,2,2,0,0,8,0,4,4,3,2,4,4,1,0
9,88,3.45,1,0,2,0,7,0,4,4,4,1,3,4,4,0
1,42,3.22,4,2,4,1,4,1,3,0,2,1,2,3,4,0
3,58,2.82,0,2,4,0,2,1,4,2,0,4,4,4,3,0
13,86,2.95,6,0,4,1,1,0,4,1,1,4,0,1,0,1
6,38,3.8,2,2,4,0,9,1,3,4,3,3,3,1,3,0
3,30,2.27,2,0,4,0,6,1,4,2,3,4,2,1,1,0
5,86,2.45,4,0,2,1,2,1,1,2,0,2,3,2,4,0
6,68,2.97,8,0,0,1,0,1,0,2,1,0,3,2,3,0
10,1,2.17,8,0,2,1,8,0,4,4,1,0,0,3,0,1
11,84,2.88,3,0,4,0,9,1,4,4,3,3,2,0,2,0
3,52,3.13,7,2,3,1,6,1,3,2,2,4,3,3,2,0
4,35,2.77,1,2,4,0,2,1,0,4,2,2,4,4,2,1
10,17,3.94,3,1,1,1,8,1,0,1,2,1,3,1,1,1
14,16,2.76,4,0,4,1,1,1,4,2,0,3,1,2,2,1
12,38,3.37,6,1,0,1,3,1,1,3,3,4,1,2,4,0
8,18,3.09,9,1,4,1,8,1,0,3,4,0,1,0,2,0
4,1,3.1,0,0,3,1,2,1,0,0,1,0,1,2,3,1
3,26,3.13,3,1,0,0,0,0,1,3,4,0,0,2,1,0
7,1,2.98,9,2,4,0,6,0,1,1,2,0,0,2,2,1
8,5,2.29,5,0,0,1,2,1,2,2,3,0,4,0,0,0
3,10,2.28,5,0,3,0,0,1,2,4,3,3,2,1,3,0
4,55,3.33,0,0,4,1,6,1,4,1,2,1,2,1,2,1
14,10,2.67,1,1,4,1,1,1,3,1,4,3,4,4,0,0
4,52,3.86,8,1,1,0,1,0,2,4,1,1,4,3,1,1
12,85,2.05,8,1,1,0,4,1,3,4,0,4,4,4,2,0
2,67,2.62,7,0,2,1,9,0,3,2,2,2,2,1,4,0
13,64,3.82,7,1,3,1,0,1,2,1,3,3,1,0,3,1
8,11,2.87,1,1,3,0,4,1,0,0,2,4,0,4,1,1
12,7,2.26,4,1,0,0,2,1,0,0,1,3,2,2,4,1
13,40,2.91,5,1,2,1,6,0,0,2,1,0,4,3,0,0
12,31,2.88,1,0,3,1,9,1,0,4,1,0,4,4,1,1
7,32,3.81,5,1,4,1,2,0,0,2,3,3,4,4,2,1
13,6,3.98,1,0,0,0,7,1,1,1,1,1,2,1,3,0
3,84,2.58,1,1,0,0,0,1,2,3,1,0,2,0,0,0
13,72,2.45,4,2,1,0,8,1,0,1,3,4,4,3,2,0
5,69,3.51,8,1,1,1,3,0,0,1,3,4,1,2,1,1
14,45,2.49,9,1,1,1,0,0,2,0,1,3,3,3,1,1
14,86,2.54,9,1,0,1,6,0,1,1,4,1,1,0,3,0
12,1,2.55,6,0,1,0,3,0,4,4,0,1,0,3,2,0
8,51,3.76,0,0,0,0,4,1,4,1,3,2,1,1,4,0
14,74,2.86,9,2,4,1,3,1,3,4,4,0,4,1,0,1
5,13,2.7,8,2,1,0,3,1,0,0,1,0,4,2,3,1
4,20,2.55,2,1,4,1,9,0,3,1,1,1,0,1,3,1
9,0,3.25,3,1,4,0,7,0,3,4,3,0,2,3,4,0
5,66,3.71,7,0,2,0,4,1,0,4,3,1,0,0,3,0
13,51,2.37,0,2,3,1,8,1,0,3,3,4,0,0,1,1
2,77,3.24,5,1,3,1,1,0,2,0,4,3,1,4,2,0
13,38,3.02,6,0,0,0,4,1,0,2,1,3,0,3,4,0
1,29,2.88,2,2,1,0,0,1,1,4,2,1,1,4,4,0
9,49,2.06,7,0,0,0,0,1,4,4,4,2,0,0,0,1
14,57,2.68,6,1,1,1,6,1,0,2,3,4,1,0,3,1
13,41,3.44,1,2,0,1,1,0,4,0,4,4,2,3,3,0
9,28,3.64,6,0,4,1,2,0,2,1,3,0,3,3,2,0
1,31,2.57,8,0,3,0,4,1,0,1,2,1,1,1,3,0
4,63,2.97,2,0,1,0,3,0,2,2,0,1,4,3,0,1
9,30,2.44,1,2,1,1,4,1,4,2,0,2,3,0,3,1
2,79,2.41,3,1,2,1,1,0,4,2,4,4,4,4,1,0
1,11,2.99,4,0,1,1,8,1,0,0,4,3,1,2,1,1
5,15,2.15,1,2,0,0,9,1,3,1,2,4,4,2,0,0
12,12,2.61,7,2,4,1,5,1,4,2,1,1,4,2,2,1
8,46,3.08,2,0,2,0,5,1,2,4,3,3,0,1,4,0
10,22,2.84,2,0,2,0,7,0,1,0,3,3,2,3,4,0
9,12,2.12,7,0,2,1,0,0,0,1,4,4,4,2,1,0
1,26,2.66,1,1,2,0,3,1,3,0,4,1,2,2,0,1
13,66,3.32,5,0,2,1,9,0,4,0,3,4,1,3,4,0
14,51,2.54,6,1,1,0,2,1,4,2,3,2,2,4,2,1
0,70,2.84,8,2,0,1,0,0,1,1,2,4,4,0,2,0
14,54,3.45,2,2,4,0,9,0,1,0,1,2,1,0,0,1
12,63,3.89,0,0,2,0,9,1,1,0,4,0,4,0,1,0
7,14,2.01,6,1,1,1,9,0,4,1,1,3,2,1,3,0
11,19,2.05,6,2,0,0,1,0,2,3,3,4,3,0,4,1
1,3,2.86,9,0,1,1,7,1,0,1,0,3,2,2,3,0
5,62,2.1,1,2,4,1,1,0,0,2,2,0,1,3,3,1
2,33,3.71,4,2,2,0,4,0,4,1,3,1,1,2,3,1
7,43,2.81,1,2,2,0,2,1,4,1,1,3,0,4,1,1
6,58,2.86,7,2,4,0,6,0,4,1,4,2,3,4,1,0
0,73,2.15,1,2,1,1,5,0,4,2,2,3,0,4,0,1
11,58,2.02,6,1,3,0,3,0,0,3,3,4,1,4,3,0
4,48,2.48,8,0,2,1,5,0,3,1,1,4,4,2,4,1
1,45,3.74,7,0,1,0,5,0,1,3,1,1,4,3,3,0
5,0,3.86,9,1,0,0,1,0,0,4,2,2,1,3,3,0
3,63,2.56,8,1,0,0,2,0,2,2,0,4,2,1,1,1
14,13,2.65,3,2,2,0,5,1,4,3,2,3,0,3,2,0
1,11,3.26,3,2,0,0,8,1,2,4,3,3,2,0,3,1
2,5,3.22,3,0,3,0,5,0,4,0,3,2,3,1,1,1
9,48,2.13,6,1,3,0,3,1,0,0,1,3,0,4,4,0
8,79,2.47,8,2,3,0,8,1,0,4,2,4,0,0,0,0
3,55,3.39,4,2,0,1,5,1,3,1,3,1,3,2,4,1
8,3,2.09,3,0,2,0,0,0,1,4,4,4,4,0,4,1
1,74,2.86,1,2,3,0,8,1,1,2,4,0,1,1,2,1
2,23,3.95,3,1,4,0,1,0,1,2,0,4,4,2,2,1
5,89,2.75,1,0,1,0,5,1,0,3,4,2,4,0,0,0
8,58,3.14,5,1,2,1,6,0,4,2,1,4,4,2,3,0
4,67,3.14,4,2,1,1,8,0,4,3,3,3,4,4,4,0
13,21,3.79,8,2,4,0,3,1,1,4,1,4,2,1,4,1
9,0,2.48,4,2,4,0,5,0,4,3,1,1,1,2,1,1
3,8,2.35,9,2,0,1,5,0,0,2,0,1,0,3,1,0
13,51,2.09,4,2,4,0,7,1,1,3,1,0,1,1,2,1
3,10,3.03,7,0,4,0,2,1,2,0,0,1,3,3,3,1
1,33,2.5,6,0,1,1,5,0,1,2,0,2,0,2,4,0
0,20,2.6,3,0,1,1,1,0,0,0,2,0,3,1,2,0
6,44,3.36,9,0,1,1,2,1,4,1,0,2,2,0,3,0
6,16,3.2,1,0,1,0,9,1,1,3,0,4,2,3,4,1
13,60,2.88,3,0,0,1,4,0,2,4,0,2,1,1,2,0
2,86,3.47,8,2,3,0,3,1,1,1,4,4,4,2,3,0
1,27,3.92,9,1,0,1,4,0,4,0,4,1,1,2,3,0
4,83,2.7,3,0,2,0,4,0,3,1,0,2,0,2,4,0
0,4,2.12,2,0,4,0,1,1,3,4,2,0,3,0,2,0
7,88,3.69,8,0,4,1,8,0,0,2,4,1,2,0,3,0
7,32,2.4,4,1,3,0,4,0,3,4,0,3,0,4,2,1
5,26,3.41,9,1,0,0,7,1,3,3,1,4,0,4,0,0
2,50,2.59,9,2,1,0,9,1,3,4,4,3,4,1,4,1
13,51,3.1,0,0,4,1,7,1,2,2,1,2,4,0,0,1
5,55,2.49,6,0,1,1,7,0,4,0,4,4,2,3,1,0
12,43,3.55,3,0,0,1,9,0,0,2,1,4,1,1,0,0
8,30,3.47,1,0,0,1,2,1,4,3,1,4,4,4,2,1
7,24,2.88,4,1,2,0,2,0,2,0,1,4,1,1,1,0
5,41,2.24,2,1,1,0,9,0,0,0,2,0,2,4,2,0
12,80,3.24,9,2,1,1,8,0,0,4,4,4,4,3,4,1
3,19,3.84,5,0,4,1,1,1,0,0,0,0,4,4,4,0
3,14,2.93,0,1,0,1,0,0,2,1,0,1,2,4,4,0
3,80,2.36,0,2,0,0,9,1,4,3,1,1,2,4,4,1
13,44,2.54,0,1,3,1,6,1,0,0,3,3,1,3,4,1
14,86,3.07,9,0,1,0,4,0,2,2,3,4,3,1,0,0
2,22,3.24,9,1,1,0,0,1,0,3,0,0,1,3,3,0
9,13,2.82,3,0,1,1,4,0,4,0,2,2,2,3,0,0
4,59,3.23,7,0,2,1,2,1,1,2,3,3,2,2,4,1
14,24,2.7,2,2,0,0,9,0,1,1,0,2,4,2,3,0
6,82,2.57,1,2,2,1,6,0,1,2,2,2,0,0,3,1
8,18,2.88,4,0,2,0,7,1,2,1,4,3,0,1,4,1
13,21,3.04,3,0,1,1,5,0,2,0,4,0,1,3,3,0
11,59,2.2,2,0,1,1,0,1,1,4,0,1,4,2,0,0
2,35,2.53,0,0,3,1,9,1,4,0,4,3,4,2,1,1
11,39,3.21,3,1,4,1,1,0,0,1,2,3,1,3,3,0
10,31,2.7,3,1,0,0,9,1,3,4,3,2,3,3,3,1
7,26,2.91,3,2,2,1,9,1,3,4,3,0,3,1,1,0
14,47,3.86,1,1,3,0,4,1,0,0,4,2,3,0,0,1
9,76,3.22,0,2,2,0,9,0,4,3,3,0,1,3,0,0
6,86,2.99,2,0,1,0,0,0,0,4,1,0,3,2,3,0
1,73,3.0,4,0,2,0,4,1,2,3,4,0,4,2,1,0
10,54,3.93,4,1,4,0,6,0,4,2,2,4,1,0,4,0
13,85,2.52,2,2,2,0,5,0,3,1,1,4,4,3,2,0
7,55,2.42,9,0,4,0,9,0,3,0,1,3,0,3,0,1
8,78,2.95,1,1,1,0,9,0,3,0,0,3,4,1,3,1
9,41,2.07,8,1,1,0,6,1,1,2,3,4,0,1,4,1
1,39,2.21,4,2,0,0,0,1,0,0,1,1,1,3,3,0
7,1,3.76,0,0,4,0,1,1,0,4,0,3,3,4,2,0
10,11,2.68,9,0,4,1,1,0,0,3,4,3,1,4,1,1
13,34,2.76,1,2,1,0,1,0,2,0,4,0,1,1,1,0
10,41,2.13,6,0,4,1,4,1,0,4,2,4,2,1,0,0
6,74,3.03,6,1,1,1,8,1,1,2,1,0,4,1,2,0
14,87,2.29,9,2,4,0,2,0,2,0,1,0,3,3,0,1
6,39,3.75,1,1,1,0,6,1,1,4,0,1,3,3,1,0
4,18,3.76,3,1,0,0,3,0,3,2,1,4,2,4,1,1
12,80,2.86,8,0,1,1,3,1,2,0,1,2,3,3,2,1
12,56,3.5,8,0,0,0,9,0,1,0,1,4,3,3,0,0
5,42,3.28,7,1,3,0,2,0,3,0,4,4,2,1,2,1
7,50,3.8,7,2,0,0,9,0,4,3,1,0,4,3,2,0
2,48,3.92,3,2,4,0,9,1,2,3,2,1,4,4,2,0
0,2,2.86,9,1,4,0,9,1,4,4,1,4,3,1,3,1
12,30,3.02,3,1,0,0,3,0,0,2,3,2,3,4,0,0
12,15,3.71,4,1,4,1,2,1,3,0,2,3,0,2,3,0
11,89,2.19,0,0,4,0,6,0,1,2,4,4,0,1,3,1
13,43,3.44,6,1,4,0,3,1,0,1,0,1,0,0,2,0
10,68,3.85,6,2,1,1,3,0,1,2,4,3,4,1,4,0
13,62,2.14,7,1,4,1,8,0,3,3,3,1,4,3,4,1
6,24,2.18,0,0,0,0,4,0,0,3,1,1,4,3,2,0
2,20,3.32,0,2,1,0,1,1,2,4,4,0,4,1,0,0
10,3,2.86,1,2,3,0,6,0,3,2,0,2,3,3,4,1
6,50,3.38,8,0,4,1,9,0,4,4,3,4,4,4,0,0
4,71,2.21,5,1,4,1,6,0,1,1,2,4,3,2,3,1
14,4,2.47,0,0,1,0,1,1,2,0,1,0,2,2,3,1
6,39,2.33,9,1,1,0,8,0,3,3,3,2,2,0,4,0
14,25,2.82,7,2,4,0,2,1,0,3,4,0,4,1,0,0
3,87,2.03,5,0,1,1,7,0,4,1,1,2,3,0,4,0
1,9,2.04,9,2,2,0,3,1,4,1,1,1,0,2,2,1
9,49,2.53,5,1,2,0,1,1,3,0,4,4,1,3,2,1
8,73,3.65,0,2,2,1,7,0,4,4,0,1,2,2,1,1
2,3,3.58,3,2,2,1,1,1,0,0,2,3,3,0,0,0
9,28,3.62,2,0,2,1,3,0,2,0,0,2,1,1,1,1
1,89,2.88,1,1,0,0,7,1,0,2,3,2,0,2,4,1
11,50,2.04,8,1,0,0,1,0,1,0,4,3,0,3,4,0
0,68,2.71,9,2,0,0,3,1,4,1,0,2,0,4,3,1
6,51,3.26,7,0,3,1,2,1,3,4,2,1,3,4,4,1
3,70,3.45,0,1,2,1,4,0,4,1,1,4,3,4,2,1
5,70,3.69,8,1,4,0,8,0,1,2,1,0,3,1,4,1
0,82,3.68,4,0,3,0,6,1,2,1,2,4,2,3,1,0
9,5,2.8,4,0,4,1,1,1,0,0,0,4,0,3,2,1
14,39,2.03,3,2,4,0,7,0,2,1,1,2,2,2,4,1
5,6,2.94,5,2,1,1,4,1,2,0,4,2,1,2,3,0
8,18,2.16,5,0,3,0,2,0,0,2,0,0,3,2,3,1
1,31,3.42,0,2,0,1,5,0,0,2,1,1,4,3,1,0
10,61,3.9,5,0,2,1,5,1,1,1,3,1,1,3,2,0
13,71,3.34,4,1,0,1,2,0,4,2,1,2,3,0,4,1
1,54,3.3,2,2,1,1,9,0,0,1,0,0,4,1,2,1
11,45,2.25,5,2,0,0,7,1,1,0,0,2,1,3,0,0
4,31,2.7,9,0,0,1,2,1,3,3,0,0,4,2,1,1
1,57,2.95,9,2,1,0,1,1,2,4,1,0,3,1,1,1
13,85,2.49,6,2,2,0,5,0,2,4,2,0,2,1,1,1
14,36,2.97,9,2,3,1,7,1,1,3,1,0,0,4,2,0
6,73,2.38,2,0,4,1,3,1,3,4,0,2,3,1,0,1
2,74,3.07,9,2,2,0,0,0,2,0,1,2,4,0,3,1
4,0,3.38,3,1,4,1,7,0,0,2,3,2,0,4,4,0
5,14,3.27,6,2,3,0,1,0,4,4,1,3,4,0,3,0
3,88,2.13,8,0,3,0,0,0,2,2,1,3,0,1,1,1
1,1,3.63,7,0,0,0,3,0,1,4,2,0,1,0,4,1
8,73,3.11,3,0,1,0,1,0,0,0,1,4,0,4,1,0
3,42,3.68,7,2,4,1,2,1,1,0,3,4,3,3,2,0
5,82,3.34,0,1,4,1,8,1,0,2,1,3,4,0,4,1
13,64,3.85,9,2,4,1,1,1,4,3,1,1,0,2,1,1
0,35,2.47,3,2,1,1,1,1,0,0,3,0,3,0,2,1
13,78,2.1,0,2,0,0,2,1,1,3,1,2,0,3,0,1
3,26,3.3,0,0,1,1,9,1,2,4,2,1,0,4,2,1
1,52,2.25,6,2,3,1,5,0,4,4,0,4,3,0,0,0
4,43,2.18,5,2,2,1,7,0,3,1,2,1,2,1,3,1
5,64,2.33,9,1,2,0,3,0,3,0,3,2,3,0,2,0
8,66,2.21,1,2,4,0,7,1,1,4,0,3,2,4,2,1
9,86,2.8,7,1,4,0,9,1,2,3,4,3,3,0,3,1
0,17,3.81,1,1,0,1,5,0,4,0,2,0,3,0,0,0
10,3,3.14,6,2,0,1,1,0,0,2,1,0,0,0,2,1
4,24,2.1,8,1,1,0,1,1,2,2,2,2,2,3,3,1
5,38,3.29,3,2,4,0,1,0,1,1,2,3,0,2,3,1
2,86,3.64,4,1,4,0,2,0,3,0,0,4,2,0,0,1
7,33,2.59,0,2,1,0,1,1,2,4,0,4,0,3,3,0
7,42,2.69,5,1,1,1,4,0,3,2,1,0,4,1,4,0
12,28,2.36,5,0,0,1,9,0,1,2,1,3,2,0,0,0
3,24,3.32,7,2,4,0,3,1,4,4,3,2,2,0,2,0
13,41,2.11,5,2,3,0,4,1,0,3,1,4,0,2,3,0
4,42,2.09,8,1,1,0,0,1,0,3,2,2,0,1,0,0
2,52,3.66,7,2,1,1,9,1,1,2,4,1,2,4,1,1
8,69,2.21,0,1,3,0,2,0,0,0,4,0,2,3,3,0
11,55,2.13,5,1,3,1,0,0,4,2,0,0,4,1,3,0
6,36,2.55,4,1,2,1,1,1,3,4,2,4,0,1,2,1
7,73,2.18,9,0,2,0,7,1,3,1,3,3,1,2,4,0
11,9,3.49,5,2,1,0,3,0,0,0,2,1,0,1,2,1
3,70,3.23,2,0,4,1,8,1,1,2,4,1,2,1,4,0
0,16,2.76,1,0,0,0,2,1,0,4,0,3,2,3,4,1
12,81,3.42,2,0,0,0,0,1,1,2,0,1,0,0,2,0
6,52,3.22,3,2,2,1,2,1,2,1,0,1,1,3,4,1
13,20,2.38,3,1,3,1,4,1,0,2,2,2,4,1,4,1
5,87,3.75,4,0,4,1,9,1,4,1,4,4,3,3,0,1
6,34,3.97,6,2,1,0,4,0,0,1,0,3,0,2,2,1
11,5,2.13,6,0,1,1,3,1,2,3,4,2,0,3,4,0
3,57,2.1,0,2,0,1,5,0,3,3,4,1,4,4,4,0
11,65,3.29,7,1,3,0,3,0,3,4,3,1,3,0,4,0
1,80,2.93,8,1,2,0,1,1,1,2,2,1,4,4,4,1
12,45,3.21,8,1,0,0,3,0,1,1,2,2,2,0,2,0
7,3,2.6,7,0,3,1,9,1,3,1,3,2,2,0,1,1
2,30,2.7,0,0,1,0,8,1,3,1,3,2,2,1,0,0
12,75,3.03,1,1,2,0,2,0,4,2,0,3,2,0,1,1
7,52,3.14,0,2,1,0,2,1,2,4,4,1,2,2,1,1
3,83,2.71,7,0,1,0,5,1,2,3,2,3,0,1,2,0
0,10,2.78,3,1,1,1,0,0,0,2,1,1,2,3,0,1
3,6,2.47,5,2,3,1,8,1,2,0,1,3,4,1,4,0
2,62,2.74,2,1,1,0,5,0,1,0,0,0,3,2,1,0
6,49,2.72,1,1,4,1,6,1,3,3,1,3,1,3,0,1
5,57,3.7,9,2,4,1,2,0,2,3,4,3,1,0,3,0
9,60,3.53,1,0,3,1,9,0,1,3,4,4,1,4,2,0
5,10,3.11,7,2,4,0,4,1,0,3,0,1,3,3,2,1
8,75,3.98,0,0,4,1,9,1,3,1,0,2,3,0,2,1
11,65,2.46,3,1,3,0,8,1,4,3,2,4,4,4,1,0
11,38,2.23,0,1,0,0,8,1,0,3,2,0,4,4,2,0
3,33,3.8,8,1,1,1,3,1,3,3,1,4,0,3,2,0
4,71,2.54,3,2,4,0,3,1,3,1,1,0,4,4,1,0
1,44,2.29,3,0,2,1,6,1,4,4,0,0,3,0,3,0
10,8,3.62,1,2,3,0,4,1,4,4,1,0,0,1,3,0
6,20,3.73,9,1,4,1,4,0,4,3,4,3,3,2,3,1
11,54,2.36,0,1,2,0,6,1,1,3,3,4,2,0,1,1
1,38,3.75,5,2,1,1,5,0,4,1,4,3,1,1,4,1
4,84,2.89,6,1,2,0,9,1,4,1,3,0,0,1,4,1
5,8,2.15,2,2,1,0,6,1,2,1,4,1,2,0,1,0
10,68,3.8,6,2,3,1,6,0,1,0,3,4,3,1,1,1
4,84,3.99,8,1,0,1,8,0,0,3,1,3,4,4,3,1
11,23,2.48,5,0,3,1,2,0,2,1,2,1,0,0,4,1
10,81,3.45,8,1,3,0,6,1,0,0,0,0,1,1,2,1
7,76,2.93,7,2,4,1,3,1,4,3,3,4,1,1,3,1
0,45,2.07,0,0,3,0,4,0,4,1,1,2,2,4,1,0
8,14,3.25,9,1,4,1,2,1,4,3,2,4,3,0,4,1
6,41,2.09,5,2,1,0,0,1,1,1,0,0,1,3,3,1
11,42,3.2,6,0,1,0,0,1,1,1,1,0,3,4,3,0
0,30,2.16,1,1,4,0,9,1,1,4,3,3,3,0,0,1
0,43,3.06,3,1,2,1,4,0,1,4,3,1,0,4,1,1
8,66,2.81,1,2,4,1,1,1,4,3,1,0,2,0,1,0
8,81,2.53,0,2,0,0,8,1,1,2,0,1,4,2,2,1
14,46,3.31,4,0,3,1,7,0,0,1,2,4,4,2,4,0
14,16,2.35,0,2,1,0,6,1,1,4,2,3,0,3,4,1
6,68,3.44,6,0,1,1,1,1,4,1,3,2,0,0,3,0
7,30,2.89,2,0,3,0,5,0,2,2,2,1,2,1,3,0
1,24,2.69,0,0,4,0,4,0,1,2,3,3,2,2,1,1
1,50,2.48,5,0,4,1,6,0,4,0,2,1,4,2,0,1
12,52,3.78,8,2,2,0,4,0,0,4,1,0,3,2,3,1
9,39,3.3,0,0,3,0,6,0,3,1,4,4,2,0,4,0
0,42,3.56,4,1,1,0,1,1,1,0,0,2,0,3,0,1
5,88,3.64,6,1,1,0,0,1,1,3,4,1,0,0,0,0
1,9,3.7,7,2,4,1,2,1,0,2,1,4,4,1,3,1
8,2,3.45,8,1,2,1,9,1,1,0,2,3,4,4,0,1
6,33,3.51,2,1,4,1,5,0,4,1,1,0,2,1,0,0
2,11,2.42,2,1,2,0,3,1,2,3,2,4,1,4,4,1
13,9,3.29,3,2,0,0,6,0,0,3,0,3,4,0,3,0
4,78,3.11,0,0,0,1,4,0,0,0,2,4,3,3,0,0
14,50,2.41,9,0,0,1,2,1,1,3,0,0,2,2,3,1
3,67,3.97,3,1,4,0,3,0,4,1,2,3,1,4,0,1
3,0,3.29,5,1,4,1,2,0,1,3,2,2,2,0,2,1
0,57,3.53,5,0,0,0,5,0,4,2,4,3,0,0,2,0
12,30,3.47,2,1,0,1,4,1,4,4,4,4,1,3,3,0
13,68,2.17,1,2,3,1,6,1,3,2,4,1,1,3,1,0
14,70,2.13,7,1,3,0,1,0,4,3,0,2,1,4,2,0
0,46,2.85,8,2,0,0,6,1,4,3,3,4,4,2,0,1
11,24,2.8,2,2,2,1,0,0,2,0,1,3,4,1,0,1
11,8,3.44,6,0,0,1,5,0,2,2,2,3,4,4,2,1
6,61,3.15,3,1,0,1,6,0,1,2,0,1,2,3,1,0
5,18,3.34,5,1,1,1,9,1,4,2,0,0,2,2,1,0
14,50,3.37,2,2,3,1,4,1,3,4,4,3,2,1,2,0
8,27,3.94,4,2,3,1,6,1,1,4,2,1,2,1,2,0
12,14,3.42,5,1,3,0,8,1,4,4,2,2,0,2,1,1
2,62,2.48,4,1,1,1,2,1,2,2,3,4,4,2,4,0
1,65,2.77,8,2,2,0,5,1,2,2,4,0,1,3,4,1
0,57,3.3,6,2,0,1,1,1,0,0,1,3,3,1,3,1
12,57,2.76,8,2,3,0,7,1,0,3,2,0,0,4,1,0
13,5,2.05,5,2,2,1,0,0,1,0,3,4,3,2,2,0
4,38,2.74,3,0,3,0,7,0,1,2,1,2,1,0,2,0
4,4,2.66,5,2,1,0,2,0,0,3,3,0,4,0,1,0
3,71,2.03,3,0,0,1,0,0,4,1,2,4,3,0,1,1
11,24,3.1,0,1,1,1,0,0,2,1,2,1,2,1,0,0
4,4,3.05,0,0,4,1,0,1,2,1,0,4,2,2,4,1
5,18,2.28,0,2,1,1,8,1,4,0,2,1,2,4,1,1
2,62,3.42,5,1,4,0,9,1,0,1,1,3,3,3,0,0
8,44,2.89,3,0,1,0,2,1,2,1,1,4,3,2,1,0
0,76,3.59,7,2,3,1,6,1,2,2,4,2,4,4,2,0
9,57,3.44,3,0,1,1,9,0,4,1,4,4,3,0,2,1
9,68,3.69,8,1,1,0,2,1,0,4,3,0,2,1,4,0
7,60,3.12,5,0,4,1,4,1,3,4,2,4,0,4,4,0
11,57,3.95,6,2,0,1,8,1,3,2,4,2,4,3,4,1
7,89,3.06,5,1,1,1,7,1,4,0,2,0,2,2,4,1
14,25,3.02,8,0,4,1,8,1,4,1,4,4,0,4,2,0
4,11,3.69,3,1,2,1,9,1,4,0,1,4,4,2,1,0
4,19,3.22,0,1,2,1,5,1,0,1,4,4,3,2,0,1
11,88,2.27,8,2,0,0,9,1,3,1,1,3,0,1,0,0
12,53,2.86,5,1,4,0,9,1,4,4,1,0,1,2,1,1
13,13,3.73,5,0,1,1,7,0,0,4,4,2,4,1,4,0
8,48,3.27,6,1,0,1,4,0,0,3,4,1,1,2,2,1
10,10,2.69,3,1,0,0,5,0,0,4,4,4,4,3,1,0
10,70,2.12,6,2,4,1,7,0,0,0,1,4,4,4,3,1
7,22,3.84,8,2,2,1,9,1,4,3,0,1,3,1,3,1
7,55,2.36,6,2,0,0,5,1,2,0,4,1,3,0,4,0
6,58,3.46,7,2,0,1,3,0,2,1,4,1,0,1,0,0
1,62,3.63,2,2,1,1,3,0,0,3,1,3,1,3,1,1
10,27,2.65,3,1,4,0,5,0,3,2,0,0,4,0,4,1
13,41,3.57,3,2,3,1,2,1,0,4,0,2,1,3,0,0
11,46,2.92,1,1,2,0,3,0,4,2,2,0,3,4,2,0
9,85,3.1,5,1,3,0,7,0,2,4,4,0,1,1,1,0
5,38,2.87,4,1,2,1,8,0,2,4,4,4,4,2,3,0
5,23,2.32,2,2,1,1,2,0,3,3,3,4,4,4,2,0
11,63,3.23,8,0,2,1,6,1,2,3,3,1,2,1,1,1
11,71,3.02,8,1,2,1,3,1,0,1,1,1,1,1,2,1
6,3,2.52,2,1,1,0,6,1,1,3,4,4,3,1,4,1
0,35,2.7,7,0,4,0,8,0,4,2,0,0,4,0,0,1
11,22,2.06,4,0,1,1,2,0,2,3,4,3,3,2,0,1
1,9,2.62,2,1,4,1,7,0,0,0,3,2,4,2,0,0
0,78,3.78,2,0,0,1,8,1,0,0,0,1,1,3,2,1
10,22,3.63,2,2,0,0,3,1,0,1,3,3,0,1,3,1
13,55,3.28,3,2,4,1,0,0,2,3,3,2,4,0,3,0
8,82,2.94,7,0,3,0,6,0,3,0,3,4,3,2,3,1
3,28,2.89,7,0,1,0,5,0,3,1,1,3,0,0,1,1
10,10,2.89,9,1,3,0,6,1,2,2,1,0,4,3,3,0
8,72,3.31,9,1,1,0,1,1,2,1,1,3,3,4,3,1
1,13,2.84,6,1,0,1,6,1,3,0,0,4,2,1,0,1
8,69,2.91,9,1,3,1,6,0,3,0,4,0,0,0,4,1
0,12,3.37,0,1,4,1,0,0,0,0,2,2,3,1,3,1
8,31,2.74,4,1,3,1,0,1,3,4,4,1,3,0,4,1
12,60,2.58,3,2,3,0,3,0,0,3,2,4,1,0,0,0
4,51,3.89,8,1,1,0,3,1,4,3,2,4,4,2,0,0
1,61,2.29,0,1,4,0,6,0,2,0,0,0,3,4,0,1
4,11,2.1,2,2,4,1,1,1,3,1,2,1,4,4,1,0
12,44,3.4,2,0,3,1,5,1,4,1,4,0,3,1,3,1
5,36,2.17,4,0,3,1,0,0,4,2,2,2,4,1,4,0
2,86,2.06,8,1,3,0,2,0,3,1,4,3,0,2,4,0
12,6,3.28,0,0,3,1,0,0,0,2,2,1,4,0,3,0
7,40,2.1,7,1,3,1,5,1,2,1,0,1,4,2,3,1
1,73,3.3,5,1,3,1,5,1,3,3,2,4,4,3,3,0
4,5,2.84,2,2,0,0,9,1,2,4,0,3,3,0,4,1
6,69,2.54,9,0,0,0,3,1,4,0,3,4,0,0,3,0
6,20,3.0,9,0,4,1,9,1,2,3,3,3,0,2,0,1
11,39,2.83,3,0,4,0,5,0,0,1,2,1,1,2,4,0
13,32,3.38,6,2,2,0,7,0,4,4,1,0,4,4,3,0
13,0,2.98,3,0,1,1,0,0,2,4,0,1,3,2,4,1
14,10,2.27,8,0,0,1,5,0,3,2,2,4,1,1,4,1
5,83,2.89,6,2,0,1,6,0,2,0,2,4,1,1,3,1
6,81,2.49,9,1,4,1,2,0,0,4,4,0,3,1,1,1
14,6,2.52,6,0,3,0,3,0,4,3,2,2,4,2,1,0
2,47,3.17,3,0,0,0,7,0,0,4,0,4,2,1,1,1
0,43,3.25,6,0,2,1,2,1,3,3,3,2,2,3,1,0
6,62,2.73,4,0,0,0,4,0,0,2,3,2,1,3,2,0
14,16,2.91,9,0,0,0,2,1,1,4,2,4,2,0,1,1
2,83,3.86,3,2,3,1,5,1,0,3,4,1,2,3,1,0
9,74,2.57,9,0,1,0,8,0,0,3,3,0,1,2,1,1
10,1,2.03,5,2,3,0,0,1,2,2,3,2,0,1,1,1
7,57,2.49,6,0,2,1,6,0,3,4,1,4,4,2,1,1
3,62,2.81,4,2,2,1,4,0,4,2,3,2,0,1,3,0
0,38,3.28,2,0,1,0,3,0,3,2,3,1,2,4,4,0
0,79,3.47,4,2,2,1,4,0,3,3,3,3,1,1,2,1
3,42,3.89,3,0,4,1,2,0,2,1,0,0,1,3,2,0
6,68,2.97,1,1,2,1,8,0,4,4,3,0,3,2,2,0
4,24,3.72,1,0,1,1,5,1,0,2,0,0,3,3,2,0
4,26,3.1,5,2,0,1,7,0,0,3,2,1,3,3,4,0
11,18,3.27,0,2,2,0,6,1,2,2,1,1,1,3,3,0
11,41,2.32,5,0,2,1,6,1,2,0,3,0,2,2,1,1
11,16,3.7,6,1,1,0,0,1,4,4,3,2,0,1,0,0
5,88,3.25,6,0,1,0,0,0,4,3,1,1,4,4,2,1
11,79,3.08,7,0,0,1,9,1,0,3,4,0,4,0,2,1
4,43,2.5,4,0,4,0,6,0,3,4,1,4,1,3,2,1
11,65,2.31,5,1,2,1,0,0,0,2,1,1,2,3,4,1
3,29,3.33,3,1,1,0,6,1,2,4,0,0,3,2,2,1
9,6,3.82,7,1,0,0,7,0,3,2,1,3,0,4,4,1
3,17,3.93,8,2,2,0,4,1,3,2,3,3,0,0,0,0
12,10,3.77,8,2,4,1,2,1,1,1,2,4,1,4,3,0
8,53,2.09,4,1,4,0,2,0,0,4,2,1,1,4,0,1
0,41,2.29,8,1,4,1,9,1,1,2,3,2,1,1,0,1
14,68,3.72,6,0,2,1,8,0,4,2,4,1,1,3,1,0
13,75,3.19,9,2,4,0,3,1,4,3,2,4,1,0,0,1
9,84,3.94,5,1,0,1,9,0,4,2,0,1,0,4,4,1
12,32,2.34,5,0,1,1,0,1,1,4,4,2,2,1,2,0
9,49,2.82,2,0,4,1,3,0,4,1,2,4,1,3,4,1
0,15,2.09,5,2,2,0,6,0,1,1,2,0,3,2,3,1
12,74,2.37,8,0,1,1,4,1,2,2,3,1,1,1,1,0
0,62,3.62,2,1,2,0,5,0,4,1,2,0,0,4,4,0
4,85,2.02,9,2,4,1,8,1,4,3,3,3,0,2,2,0
10,70,3.38,4,1,4,0,6,0,0,4,0,1,4,2,3,1
8,37,2.2,3,0,0,1,4,1,4,3,0,1,3,1,4,0
13,20,2.37,2,2,0,0,9,0,2,1,3,4,1,3,1,1
8,58,2.67,3,1,0,0,8,0,1,4,3,4,3,3,3,0
14,8,3.57,1,1,1,0,6,0,4,0,4,3,1,4,3,1
5,80,2.39,6,1,3,1,1,1,2,1,2,2,1,0,4,0
12,55,3.37,4,2,4,0,0,0,4,0,1,0,2,0,3,1
7,67,2.98,4,0,0,1,9,0,4,4,0,2,2,4,0,0
12,28,3.45,4,1,3,0,0,0,4,2,3,3,1,0,0,0
14,31,2.43,5,0,3,0,7,0,1,4,2,2,2,0,3,1
4,85,2.03,8,2,0,1,3,1,4,1,3,1,0,1,2,1
10,55,4.0,9,2,1,1,8,1,4,2,3,0,0,2,0,1
0,58,3.32,2,0,3,1,0,1,1,2,0,4,0,3,2,0
13,80,2.29,0,1,3,0,4,1,2,1,2,1,2,2,0,0
7,86,2.16,9,1,1,1,8,1,0,0,4,0,4,1,3,1
0,47,3.79,1,1,3,1,5,0,2,3,3,1,3,3,4,1
13,34,3.61,5,1,0,0,1,0,0,1,3,3,3,3,2,0
6,84,3.56,9,2,0,1,3,1,2,2,0,4,0,1,3,0
6,34,2.92,8,1,4,0,1,0,2,0,0,4,4,3,3,1
3,20,2.32,5,1,2,1,9,1,3,0,2,4,1,4,1,1
14,81,2.95,9,2,3,1,4,1,1,3,3,1,2,0,4,0
0,31,2.72,9,0,1,1,4,1,3,1,3,3,3,0,1,1
14,74,2.8,5,1,3,0,4,1,2,1,2,3,3,3,4,1
5,89,2.02,0,0,1,0,1,0,0,4,3,1,1,4,0,0
10,35,3.02,0,0,2,0,6,1,1,4,4,3,3,4,3,1
13,66,2.89,6,0,4,1,4,1,0,4,2,4,0,2,4,0
1,16,2.91,9,1,4,0,5,0,4,1,2,1,3,0,2,1
